Iteration	Posterior	Likelihood	Prior	rate_log_sd	rate_loss	rate_neo	root_freqs[1]	root_freqs[2]	tree_length
0	-1252.01	-1463.338	211.3278	0.8639259	6.023031	1.050382	0.738972	0.261028	2.684275
6	-1238.188	-1450.464	212.2753	1.031058	5.996913	1.050382	0.751614	0.248386	1.977248
12	-1240.957	-1452.55	211.5931	0.8745176	4.475779	2.362902	0.649546	0.350454	2.206516
18	-1241.992	-1453.202	211.2103	0.6935328	6.008623	1.9218	0.709285	0.290715	2.457197
24	-1247.687	-1458.15	210.4631	0.7025941	5.259882	1.9218	0.668979	0.331021	3.025559
30	-1242.362	-1453.056	210.694	0.6616933	6.380896	1.462206	0.808398	0.191602	2.929756
36	-1244.29	-1454.846	210.5555	0.6810167	6.242771	1.368172	0.801414	0.198586	3.063843
42	-1240.394	-1451.384	210.9899	0.5872691	6.809712	1.109705	0.778995	0.221005	2.914914
48	-1236.6	-1447.14	210.5395	0.5605937	5.565757	1.166453	0.726842	0.273158	3.342858
54	-1238.926	-1449.384	210.458	0.7614553	5.565757	1.172691	0.676881	0.323119	3.269285
60	-1237.208	-1448.062	210.8536	0.6920215	6.782281	1.066432	0.788824	0.211176	2.961991
66	-1246.769	-1458.592	211.8229	0.9572591	6.052006	1.190904	0.788824	0.211176	2.229164
72	-1250.697	-1461.85	211.1522	0.7150536	5.008893	1.720612	0.743485	0.256515	2.719434
78	-1258.088	-1468.35	210.2619	0.6848354	5.008893	2.052268	0.71403	0.28597	3.151378
84	-1245.671	-1456.156	210.4847	0.7424365	5.008893	1.736048	0.71403	0.28597	3.099895
90	-1245.913	-1455.673	209.7593	0.5727029	5.320701	2.021686	0.729082	0.270918	3.473724
96	-1236.283	-1446.431	210.1481	0.7109979	4.438677	2.021686	0.636763	0.363237	3.312891
102	-1231.737	-1441.367	209.6294	0.7503361	4.267158	1.273026	0.692908	0.307092	3.922571
108	-1241.215	-1450.744	209.5292	0.7941223	3.966583	1.47028	0.772326	0.227674	3.922571
114	-1239.737	-1450.375	210.6387	0.7064843	5.52463	1.817643	0.734322	0.265678	2.91444
120	-1234.959	-1445.703	210.7439	0.6552533	5.52463	1.666992	0.690779	0.309221	2.941305
126	-1249.839	-1458.937	209.0975	0.4465721	5.52463	1.355732	0.690779	0.309221	4.155478
132	-1244.225	-1455.23	211.0051	0.7993928	7.51204	1.223638	0.806368	0.193632	2.624866
138	-1240.622	-1451.643	211.0213	0.6817615	6.68744	1.397573	0.788638	0.211362	2.706646
144	-1227.173	-1438.331	211.1584	0.7207103	6.68744	1.41873	0.746922	0.253078	2.588044
150	-1233.897	-1444.831	210.9347	0.8772558	7.107881	1.5999	0.771301	0.228699	2.491106
156	-1221.335	-1432.381	211.0465	0.8467544	9.559538	1.058591	0.820764	0.179236	2.432315
162	-1227.498	-1439.209	211.7105	0.9918717	7.390694	1.058591	0.775991	0.224009	2.167186
168	-1223.456	-1434.845	211.389	1.000967	6.928395	1.542414	0.770773	0.229227	2.173232
174	-1238.783	-1449.247	210.4644	0.823857	6.703638	2.067514	0.727205	0.272795	2.686802
180	-1264.917	-1477.46	212.5432	1.074793	6.083193	1.156523	0.784733	0.215267	1.680507
186	-1254.163	-1467.041	212.8786	1.321135	4.761137	0.9106493	0.781575	0.218425	1.685445
192	-1260.806	-1473.278	212.4716	1.186603	5.274543	1.781331	0.745858	0.254142	1.455116
198	-1267.957	-1480.378	212.4205	1.009717	5.274543	1.781331	0.746574	0.253426	1.624026
204	-1239.852	-1451.489	211.637	0.9241926	6.130573	1.783687	0.750389	0.249611	2.071641
210	-1237.089	-1448.38	211.2911	0.9443632	6.671742	2.077735	0.774964	0.225036	2.087606
216	-1232.351	-1444.189	211.8386	1.028332	5.448313	1.788171	0.780257	0.219743	1.979447
222	-1234.458	-1446.218	211.76	0.9312027	4.785189	1.18709	0.70048	0.29952	2.49935
228	-1234.566	-1445.579	211.0127	0.8283905	5.646661	1.725446	0.70048	0.29952	2.629111
234	-1244.112	-1454.904	210.7918	0.9344166	6.594131	1.564062	0.716563	0.283437	2.629111
240	-1256.451	-1466.491	210.0406	0.724168	6.594519	1.127686	0.715102	0.284898	3.415804
246	-1256.259	-1466.899	210.6396	0.9541614	6.000798	1.127686	0.737758	0.262242	3.006368
252	-1247.045	-1459.482	212.4365	1.261904	6.803548	0.9144606	0.749708	0.250292	1.674814
258	-1244.736	-1456.519	211.7823	1.038108	7.124486	0.9144606	0.786672	0.213328	2.220634
264	-1242.912	-1455.14	212.2278	0.9853216	5.219636	1.066701	0.786672	0.213328	2.159426
270	-1254.704	-1466.441	211.7364	0.8797283	6.905045	1.072845	0.718854	0.281146	2.279454
276	-1260.35	-1471.939	211.5893	1.022445	7.738189	1.946061	0.796879	0.203121	1.734655
282	-1254.21	-1465.686	211.4762	0.8954199	7.738189	1.946061	0.769741	0.230259	1.900278
288	-1241.519	-1452.611	211.092	0.894511	5.527245	1.767057	0.755455	0.244545	2.541057
294	-1240.659	-1451.984	211.3247	1.038048	5.527245	2.433887	0.668157	0.331843	2.058324
300	-1246.791	-1458.323	211.5314	0.8657132	5.620214	1.643748	0.76822	0.23178	2.319137
306	-1240.127	-1451.012	210.8859	0.7824341	5.620214	1.686722	0.731566	0.268434	2.755117
312	-1247.437	-1458.624	211.1875	0.7736082	6.313196	1.141619	0.731566	0.268434	2.73151
318	-1246.028	-1457.095	211.0672	0.8941882	7.448133	1.222192	0.832133	0.167867	2.536297
324	-1241.975	-1453.157	211.1815	0.8941882	7.448133	1.222192	0.751233	0.248767	2.464892
330	-1245.785	-1456.627	210.8427	0.9892029	6.548184	1.094217	0.758695	0.241305	2.804247
336	-1246.266	-1458.044	211.7774	0.812964	5.416471	1.198189	0.715996	0.284004	2.447201
342	-1251.637	-1463.083	211.4457	0.886645	5.416471	1.288039	0.729686	0.270314	2.560766
348	-1248.404	-1459.933	211.529	0.9447651	6.333138	1.288039	0.794959	0.205041	2.330174
354	-1250.493	-1461.897	211.4043	0.8619203	6.930168	1.496117	0.710558	0.289442	2.274516
360	-1256.113	-1467.433	211.3197	0.866857	8.955001	1.385348	0.798908	0.201092	2.128909
366	-1271.306	-1482.987	211.6818	0.9199393	8.955001	1.385348	0.78673	0.21327	1.851503
372	-1248.357	-1459.87	211.5126	0.9880968	5.088021	0.9618411	0.828719	0.171281	2.696647
378	-1233.472	-1444.821	211.3487	0.7775381	7.016743	0.8309143	0.79586	0.20414	2.728268
384	-1242.724	-1453.768	211.0438	0.7737553	7.206926	0.8235371	0.79586	0.20414	2.896935
390	-1249.008	-1460.007	210.9989	0.7212168	7.206926	1.19759	0.794328	0.205672	2.728849
396	-1251.862	-1462.662	210.7999	0.6681283	7.206926	1.19759	0.768386	0.231614	2.882265
402	-1255.322	-1465.166	209.8435	0.687372	4.340152	1.596941	0.560289	0.439711	3.68014
408	-1247.614	-1458.096	210.4822	0.6970307	5.3625	2.126301	0.727058	0.272942	2.929509
414	-1254.159	-1465.048	210.8889	0.7139707	6.488338	1.566569	0.730085	0.269915	2.718463
420	-1255.815	-1466.582	210.7678	0.8609621	6.643478	1.250832	0.699214	0.300786	2.830305
426	-1255.16	-1466.188	211.0285	0.7812749	6.643478	1.250832	0.626012	0.373988	2.719908
432	-1245.329	-1455.402	210.0735	0.799069	5.834563	2.062217	0.747003	0.252997	3.062907
438	-1247.032	-1458.143	211.1112	0.9320074	5.208562	2.062217	0.679957	0.320043	2.446108
444	-1259.209	-1471.228	212.019	1.207636	5.235857	1.618257	0.647431	0.352569	1.850701
450	-1253.436	-1465.06	211.6235	1.113778	5.235857	1.618257	0.704498	0.295502	2.176476
456	-1251.348	-1463.386	212.0374	1.024829	4.972867	1.498794	0.738678	0.261322	2.067056
462	-1240.227	-1451.542	211.3152	0.8430732	5.834183	1.457243	0.671814	0.328186	2.520062
468	-1244.57	-1455.911	211.3413	0.891941	5.898856	1.457243	0.671814	0.328186	2.463185
474	-1250.049	-1460.541	210.4917	0.6409492	6.354935	1.287344	0.726764	0.273236	3.14906
480	-1247.007	-1458.163	211.156	0.7294374	6.24454	0.9670577	0.797705	0.202295	2.889422
486	-1239.009	-1449.72	210.7108	0.6668804	8.069486	0.9175741	0.765584	0.234416	2.996339
492	-1251.424	-1462.468	211.044	0.8290517	7.024066	0.6469926	0.702412	0.297588	3.020306
498	-1250.806	-1461.799	210.9928	0.7129933	5.870788	0.9804095	0.724737	0.275263	3.043109
504	-1251.594	-1462.357	210.7627	0.8349763	7.278422	0.9026783	0.734775	0.265225	2.967298
510	-1242.764	-1452.962	210.1982	0.7228973	5.627235	1.837333	0.665802	0.334198	3.145248
516	-1248.019	-1459.361	211.3419	0.8180207	5.038803	1.684642	0.729949	0.270051	2.548443
522	-1243.835	-1454.868	211.0328	0.8282972	6.191395	2.020514	0.75311	0.24689	2.419844
528	-1253.825	-1463.916	210.0905	0.6252664	6.191395	1.530076	0.714049	0.285951	3.307368
534	-1254.157	-1465.673	211.5166	1.101659	5.446731	1.674436	0.731708	0.268292	2.192428
540	-1253.882	-1465.621	211.738	0.9178487	5.446731	1.304351	0.712974	0.287026	2.344156
546	-1250.572	-1462.083	211.5113	0.9306442	5.643686	1.304351	0.764044	0.235956	2.447294
552	-1247.066	-1458.109	211.0429	0.8394474	4.724642	1.609186	0.782388	0.217612	2.806071
558	-1248.323	-1459.777	211.4545	0.7633902	4.724642	1.609186	0.730076	0.269924	2.60024
564	-1239.842	-1451.257	211.4142	0.7948067	4.754853	1.609186	0.703488	0.296512	2.60024
570	-1246.236	-1457.645	211.4089	0.8056136	4.659478	1.641962	0.715302	0.284698	2.60024
576	-1240.661	-1450.161	209.4997	0.544298	4.986721	2.172151	0.623833	0.376167	3.644934
582	-1239.649	-1450.99	211.3407	0.8633284	5.643161	1.045899	0.759248	0.240752	2.736968
588	-1237.466	-1448.842	211.3751	0.9033635	6.294491	1.379325	0.860044	0.139956	2.413055
594	-1238.508	-1449.494	210.9852	0.6727162	8.174989	1.368484	0.784937	0.215063	2.562586
600	-1238.075	-1449.575	211.5002	0.6516218	6.731908	1.368484	0.750792	0.249208	2.436047
606	-1225.941	-1437.121	211.1801	0.5763357	8.747883	1.368484	0.827662	0.172338	2.436047
612	-1228.816	-1439.965	211.1494	0.7200392	8.712475	1.238112	0.751928	0.248072	2.436047
618	-1229.345	-1440.508	211.1627	0.8573222	7.128533	1.428996	0.718652	0.281348	2.436047
624	-1241.025	-1452.351	211.3263	0.9183182	5.23491	1.545429	0.766354	0.233646	2.522326
630	-1246.722	-1458.572	211.8501	0.7394758	5.23491	1.47799	0.756666	0.243334	2.336095
636	-1228.155	-1438.377	210.2219	0.7428892	5.23491	1.47799	0.725261	0.274739	3.32497
642	-1233.726	-1443.948	210.2213	0.6099593	5.24117	1.663994	0.704387	0.295613	3.32497
648	-1247.968	-1458.16	210.1912	0.6712268	5.24117	1.618452	0.612395	0.387605	3.32497
654	-1255.055	-1465.001	209.9459	0.6483891	6.129882	1.495143	0.708261	0.291739	3.402264
660	-1263.476	-1474.044	210.5687	0.7854406	7.66594	1.351504	0.811349	0.188651	2.817361
666	-1261.802	-1472.716	210.9136	0.725762	6.593199	1.351504	0.788947	0.211053	2.780505
672	-1246.209	-1456.549	210.3404	0.6615689	5.287948	1.434592	0.73694	0.26306	3.313924
678	-1263.932	-1474.17	210.238	0.6936192	5.084693	1.607409	0.769536	0.230464	3.313924
684	-1260.9	-1471.999	211.0984	0.7483297	5.084693	1.607409	0.694152	0.305848	2.766022
690	-1255.556	-1466.8	211.2439	0.8952856	5.084693	1.765041	0.694152	0.305848	2.520414
696	-1261.763	-1472.494	210.7311	0.639828	4.179407	2.039478	0.575047	0.424953	3.051898
702	-1243.071	-1454.079	211.0077	0.507874	7.578802	1.353889	0.667761	0.332239	2.728259
708	-1237.444	-1446.892	209.4478	0.5341659	4.723498	1.353889	0.748357	0.251643	4.032517
714	-1252.702	-1463.899	211.1966	0.8956434	5.58905	1.066486	0.694675	0.305325	2.80149
720	-1247.537	-1458.352	210.8158	0.6122239	7.027191	1.362647	0.72622	0.27378	2.846295
726	-1246.681	-1457.945	211.264	0.5669884	6.19273	1.10858	0.768808	0.231192	2.846295
732	-1241.416	-1452.515	211.0988	0.6005577	6.171561	1.307132	0.747842	0.252158	2.824582
738	-1240.776	-1451.482	210.7062	0.6823196	6.010657	1.395374	0.726631	0.273369	2.993054
744	-1235.66	-1447.55	211.89	0.7650344	6.010657	1.171111	0.77496	0.22504	2.326878
750	-1238.721	-1449.994	211.2729	0.7650344	6.301544	0.7743085	0.736299	0.263701	2.918721
756	-1237.729	-1448.638	210.9088	0.745421	6.586489	1.073183	0.730834	0.269166	2.918721
762	-1246.566	-1457.469	210.9032	0.5830503	6.060762	1.073183	0.814099	0.185901	3.092358
768	-1243.656	-1454.34	210.6837	0.6205236	6.060762	1.231223	0.696616	0.303384	3.116103
774	-1248.697	-1459.791	211.094	0.8043123	6.743691	1.231223	0.761034	0.238966	2.662193
780	-1249.272	-1461.652	212.3798	0.9413232	4.865046	1.164225	0.754601	0.245399	2.094687
786	-1238.907	-1450.913	212.0054	0.9578391	5.9348	1.212467	0.782374	0.217626	2.116463
792	-1240.975	-1452.809	211.8344	0.8485547	4.514946	1.212467	0.792317	0.207683	2.54092
798	-1237.325	-1448.686	211.3602	0.8120336	4.514946	1.241646	0.739753	0.260247	2.839277
804	-1234.657	-1445.677	211.0206	0.8049107	4.593929	1.669177	0.757596	0.242404	2.839277
810	-1239.771	-1450.164	210.3927	0.7364862	4.150865	1.827457	0.591435	0.408565	3.276892
816	-1247.016	-1458.887	211.8709	0.9279125	4.129525	1.66271	0.710978	0.289022	2.328521
822	-1242.422	-1454.533	212.1108	1.269027	4.129525	2.182471	0.735773	0.264227	1.732193
828	-1240.849	-1452.577	211.7284	1.10215	4.957438	1.706332	0.735773	0.264227	2.126914
834	-1251.115	-1463.897	212.7824	1.254018	9.074162	0.5978196	0.807281	0.192719	1.391431
840	-1256.354	-1467.657	211.303	0.9852991	4.956141	2.398323	0.666969	0.333031	2.219247
846	-1248.145	-1459.087	210.9423	0.6895484	4.387539	1.427701	0.644273	0.355727	3.097916
852	-1245.693	-1456.879	211.1858	0.9255479	5.38362	1.306147	0.659821	0.340179	2.693413
858	-1242.447	-1453.542	211.0952	0.7527109	5.336556	1.213096	0.641975	0.358025	2.908952
864	-1245.602	-1455.692	210.0896	0.6983634	7.953084	1.164322	0.61801	0.38199	3.217823
870	-1251.241	-1461.132	209.8916	0.5349783	6.348949	1.67624	0.729749	0.270251	3.395878
876	-1246.762	-1457.502	210.7399	0.6048013	6.348949	0.8915839	0.729749	0.270251	3.245683
882	-1233.283	-1444.216	210.9323	0.7399721	6.462826	1.055437	0.691709	0.308291	2.934843
888	-1235.085	-1445.876	210.7907	0.8252198	7.225961	1.228155	0.772921	0.227079	2.773944
894	-1245.634	-1456.328	210.6947	0.6821517	6.700961	1.228155	0.759018	0.240982	2.986428
900	-1239.322	-1449.473	210.1514	0.6208912	5.870405	1.228155	0.736168	0.263832	3.458621
906	-1242.548	-1453.214	210.6658	0.7863326	4.895862	1.353458	0.720116	0.279884	3.149007
912	-1243.371	-1453.908	210.5367	0.8179949	4.983861	1.005274	0.713361	0.286639	3.374219
918	-1251.805	-1462.379	210.5737	0.6528489	6.334486	1.005274	0.755166	0.244834	3.247505
924	-1251.914	-1462.329	210.4148	0.6319603	7.078692	1.021422	0.658141	0.341859	3.247505
930	-1245.525	-1456.191	210.6665	0.7824078	6.044677	1.021422	0.741487	0.258513	3.146671
936	-1241.603	-1453.123	211.5198	0.9408231	7.710269	1.021422	0.747057	0.252943	2.305079
942	-1247.271	-1458.96	211.6891	0.999369	6.329201	0.8821565	0.770943	0.229057	2.438213
948	-1249.794	-1461.932	212.1385	1.066965	8.397748	0.8834894	0.792801	0.207199	1.821592
954	-1250.437	-1461.388	210.9505	0.7355686	5.529389	1.368752	0.634287	0.365713	2.898618
960	-1243.54	-1454.899	211.3588	0.8367587	8.267999	0.8028521	0.770719	0.229281	2.553004
966	-1242.811	-1454.473	211.6614	0.8766587	8.267999	1.014895	0.755928	0.244072	2.191163
972	-1243.396	-1455.01	211.6139	0.9945174	7.10364	1.326956	0.760307	0.239693	2.113403
978	-1242.596	-1453.976	211.3796	0.9506265	7.10364	1.145298	0.740103	0.259897	2.391833
984	-1239.424	-1450.521	211.0967	0.7184199	7.10364	1.145298	0.798275	0.201725	2.712285
990	-1251.269	-1462.674	211.4048	0.9842504	7.716556	1.825175	0.803125	0.196875	1.941598
996	-1256.714	-1467.795	211.0813	0.8144985	8.478635	1.026452	0.782832	0.217168	2.566363
1002	-1238.301	-1450.198	211.8965	0.8049997	7.10364	1.153706	0.759024	0.240976	2.148866
1008	-1234.257	-1445.259	211.0018	0.8489805	8.000441	1.987035	0.739042	0.260958	2.195467
1014	-1232.883	-1444.944	212.0616	0.7584466	6.402717	1.455223	0.751071	0.248929	2.009108
1020	-1257.766	-1469.231	211.4648	0.5949796	6.400306	1.191445	0.771842	0.228158	2.631242
1026	-1252.306	-1462.901	210.5947	0.7707141	4.627045	1.373255	0.742252	0.257748	3.237687
1032	-1229.232	-1439.908	210.6757	0.6372945	5.006229	0.8985183	0.707382	0.292618	3.459879
1038	-1243.082	-1453.394	210.3119	0.8508381	5.566717	0.8985183	0.806023	0.193977	3.459879
1044	-1252.216	-1462.448	210.2323	0.5491685	5.045062	1.463267	0.675438	0.324562	3.469426
1050	-1243.751	-1453.313	209.5614	0.6332835	4.470439	1.395762	0.72927	0.27073	3.935603
1056	-1244.414	-1454.666	210.2524	0.6719896	4.4473	1.395762	0.681002	0.318998	3.518282
1062	-1241.785	-1453.399	211.6137	0.8482372	4.722433	1.463267	0.727545	0.272455	2.514336
1068	-1246.78	-1457.499	210.7187	0.769901	4.722433	1.463267	0.769475	0.230525	3.106837
1074	-1251.87	-1463.385	211.5147	0.8895298	4.856627	1.857306	0.772521	0.227479	2.357368
1080	-1245.651	-1457.471	211.82	0.8633792	5.89866	1.409976	0.761649	0.238351	2.199536
1086	-1247.416	-1459.561	212.1451	0.9897262	5.487609	1.102744	0.719194	0.280806	2.142072
1092	-1244.212	-1457.167	212.9548	1.231332	4.718237	0.9828206	0.734197	0.265803	1.650417
1098	-1255.349	-1468.282	212.9328	1.344665	4.718237	0.9828206	0.758685	0.241315	1.584345
1104	-1263.301	-1475.183	211.8817	1.154313	7.107643	1.539728	0.751814	0.248186	1.713228
1110	-1251.632	-1463.797	212.1649	1.235458	4.718237	2.348375	0.754215	0.245785	1.521592
1116	-1255.142	-1466.981	211.8385	1.188396	4.718237	2.448665	0.648425	0.351575	1.753923
1122	-1241.278	-1453.176	211.8982	0.9632321	8.56332	1.30051	0.783573	0.216427	1.766651
1128	-1240.475	-1451.924	211.4491	1.166314	7.018003	1.30051	0.833155	0.166845	2.134734
1134	-1258.458	-1471.183	212.725	1.166314	7.018003	0.6666664	0.823766	0.176234	1.71562
1140	-1246.623	-1458.368	211.7457	0.9034083	6.16204	1.759325	0.790176	0.209824	2.018939
1146	-1243.374	-1455.417	212.0432	1.198323	5.206503	1.786693	0.774899	0.225101	1.768406
1152	-1233.277	-1444.848	211.5712	1.11528	5.443636	2.089561	0.738442	0.261558	1.979575
1158	-1225.843	-1437.704	211.861	1.085591	5.805373	1.536564	0.721405	0.278595	1.979575
1164	-1249.683	-1461.877	212.1946	1.167121	6.584397	0.955449	0.72845	0.27155	1.91199
1170	-1245.625	-1457.116	211.4907	0.932195	5.634263	1.229881	0.685868	0.314132	2.49977
1176	-1250.126	-1461.417	211.2907	0.8443706	5.634263	1.229881	0.743886	0.256114	2.678101
1182	-1244.635	-1455.438	210.8024	0.9230452	7.683496	1.55306	0.696282	0.303718	2.49283
1188	-1234.317	-1445.2	210.8829	0.6894031	7.683496	1.261413	0.772597	0.227403	2.727015
1194	-1245.607	-1455.662	210.0554	0.6677028	4.675241	1.502792	0.717755	0.282245	3.548297
1200	-1238.66	-1449.638	210.9788	0.6952724	6.02826	1.502792	0.753136	0.246864	2.768669
1206	-1238.672	-1449.259	210.5872	0.8142615	7.309767	1.502792	0.743021	0.256979	2.761703
1212	-1239.443	-1450.294	210.8509	0.7252726	6.308002	1.562725	0.698855	0.301145	2.761703
1218	-1239.24	-1450.369	211.1291	0.9320274	6.152335	1.398453	0.772742	0.227258	2.560604
1224	-1239.032	-1449.302	210.2705	0.7254512	7.016696	1.843692	0.731019	0.268981	2.905089
1230	-1241.121	-1451.708	210.5867	0.7543896	4.854513	1.347129	0.728169	0.271831	3.224861
1236	-1252.625	-1464.193	211.5679	0.9075223	5.679817	1.347129	0.774289	0.225711	2.398667
1242	-1249.638	-1460.971	211.3329	0.7810093	5.679817	1.150661	0.749723	0.250277	2.726635
1248	-1245.508	-1456.277	210.7687	0.802703	6.38078	1.951729	0.7195	0.2805	2.598676
1254	-1254.639	-1464.776	210.1375	0.8242832	4.749125	1.598706	0.702157	0.297843	3.35593
1260	-1258.977	-1469.436	210.4589	0.615058	6.181151	1.157416	0.760143	0.239857	3.273919
1266	-1256.698	-1466.926	210.2282	0.5913405	7.812091	1.056809	0.770345	0.229655	3.273919
1272	-1254.018	-1464.413	210.3953	0.828313	7.812091	1.210418	0.71307	0.28693	2.949858
1278	-1239.019	-1449.807	210.7871	0.994779	5.996032	1.243558	0.78818	0.21182	2.832039
1284	-1243.954	-1453.696	209.7424	0.5841635	5.435487	1.464555	0.675255	0.324745	3.672087
1290	-1239.739	-1450.882	211.1433	0.8330788	6.416063	0.7249879	0.814688	0.185312	2.976686
1296	-1234.099	-1443.847	209.7477	0.6003141	6.416063	1.011851	0.732461	0.267539	3.745511
1302	-1234.972	-1446.279	211.3064	0.8044537	6.433372	1.039321	0.744174	0.255826	2.681542
1308	-1251.924	-1463.077	211.1529	0.8951347	6.384097	1.881253	0.673984	0.326016	2.32588
1314	-1238.14	-1450.181	212.0412	0.9560876	6.011374	1.317046	0.805623	0.194377	2.024068
1320	-1235.026	-1446.881	211.8544	0.9560876	6.011374	1.317046	0.797066	0.202934	2.146916
1326	-1236.164	-1447.298	211.134	0.7136545	7.256023	1.472506	0.803005	0.196995	2.506969
1332	-1234.954	-1446.433	211.4786	0.8751607	5.447778	1.472506	0.794846	0.205154	2.451999
1338	-1237.154	-1449.345	212.1916	0.9877361	6.025607	0.989833	0.721628	0.278372	2.096428
1344	-1238.696	-1450.817	212.1213	1.263791	6.025607	1.23377	0.772542	0.227458	1.806094
1350	-1234.004	-1446.708	212.7041	1.197794	6.025607	1.271215	0.762937	0.237063	1.407061
1356	-1231.696	-1442.491	210.7956	1.065571	6.359707	1.130837	0.775739	0.224261	2.791961
1362	-1232.898	-1443.914	211.0165	0.8180659	6.445192	1.138562	0.74712	0.25288	2.791961
1368	-1244.444	-1455.182	210.7376	0.9058448	7.332255	1.138562	0.774446	0.225554	2.791961
1374	-1238.813	-1449.491	210.6777	0.7208896	7.61522	1.675106	0.774446	0.225554	2.651522
1380	-1241.59	-1452.542	210.9517	0.8851377	6.020445	1.544353	0.7336	0.2664	2.651522
1386	-1242.245	-1452.365	210.1199	0.7366237	6.206688	1.384042	0.717027	0.282973	3.28695
1392	-1240.91	-1452.283	211.3725	0.7206149	4.868494	1.309216	0.775256	0.224744	2.78965
1398	-1244.921	-1456.041	211.1201	0.6866094	4.868494	1.715327	0.73028	0.26972	2.782898
1404	-1239.635	-1450.788	211.1523	0.7212949	6.449189	1.388945	0.80576	0.19424	2.638659
1410	-1236.792	-1447.775	210.9834	0.6891015	6.352682	1.388945	0.776456	0.223544	2.775532
1416	-1245.087	-1455.273	210.1859	0.5649993	6.700582	1.388945	0.750105	0.249895	3.280784
1422	-1243.279	-1453.562	210.283	0.6531335	6.418237	1.452535	0.715201	0.284799	3.179842
1428	-1251.285	-1462.785	211.5003	0.8481005	6.227279	1.452535	0.715201	0.284799	2.343121
1434	-1251.509	-1462.678	211.1695	0.8465716	5.441123	1.452535	0.76971	0.23029	2.672196
1440	-1247.084	-1458.083	210.9992	0.8165392	6.428218	2.410615	0.766415	0.233585	2.279503
1446	-1245.417	-1456.807	211.3902	0.8663582	6.428218	1.655461	0.767021	0.232979	2.279503
1452	-1246.349	-1457.654	211.3045	0.8135423	5.371763	1.340466	0.798935	0.201065	2.674177
1458	-1241.247	-1452.033	210.7856	0.8660678	5.980767	2.318203	0.776176	0.223824	2.479992
1464	-1244.391	-1455.575	211.1838	0.7050264	9.33039	0.9453552	0.770907	0.229093	2.529649
1470	-1239.328	-1450.47	211.1422	0.6524078	7.327382	1.405665	0.738152	0.261848	2.562414
1476	-1238.325	-1449.886	211.5612	0.7258421	6.665849	1.405665	0.75775	0.24225	2.341412
1482	-1241.34	-1452.101	210.7613	0.5948462	5.288646	1.343029	0.670575	0.329425	3.146472
1488	-1249.719	-1460.328	210.6095	0.7928593	5.288646	1.343029	0.712677	0.287323	3.118992
1494	-1244.384	-1456.121	211.7369	0.8042971	5.288646	1.309948	0.712026	0.287974	2.440191
1500	-1235.294	-1446.099	210.805	0.6693612	5.973921	1.309948	0.787728	0.212272	2.987576
1506	-1232.388	-1443.78	211.392	0.8813832	5.073151	1.537425	0.669326	0.330674	2.535549
1512	-1229.018	-1441.235	212.2166	0.9875175	5.151326	1.564836	0.669326	0.330674	1.907257
1518	-1225.68	-1437.152	211.4722	0.8988776	6.46173	0.8067649	0.753031	0.246969	2.669858
1524	-1239.828	-1451.94	212.1117	1.073096	6.846604	0.6353308	0.780336	0.219664	2.242705
1530	-1239.681	-1451.853	212.1717	0.9565916	6.846604	0.7076411	0.718512	0.281488	2.216571
1536	-1250.079	-1461.687	211.6081	1.108243	7.569189	0.595857	0.74206	0.25794	2.480593
1542	-1270.568	-1481.453	210.8848	0.8527997	4.094431	2.378097	0.735438	0.264562	2.735849
1548	-1248.176	-1459.298	211.1221	0.7764276	5.462875	1.382193	0.735438	0.264562	2.773743
1554	-1244.401	-1455.942	211.5409	0.679474	12.76714	0.7736353	0.87182	0.12818	2.121753
1560	-1237.493	-1448.782	211.2884	0.679474	12.16153	0.7421927	0.810649	0.189351	2.3602
1566	-1242.023	-1452.864	210.8405	0.723288	10.03709	0.7421927	0.771962	0.228038	2.801613
1572	-1253.479	-1464.985	211.5061	0.5483007	10.03709	0.7421927	0.771962	0.228038	2.499205
1578	-1247.066	-1458.346	211.2802	0.8942782	10.8883	0.6988196	0.779455	0.220545	2.377171
1584	-1255.168	-1465.831	210.6629	0.6176638	11.04482	0.6988196	0.813534	0.186466	2.914646
1590	-1248.304	-1460.001	211.6961	0.7120472	9.643992	0.6988196	0.818364	0.181636	2.350728
1596	-1231.788	-1443.341	211.5532	0.8578174	11.79961	0.7530553	0.834407	0.165593	2.09737
1602	-1240.703	-1451.34	210.6367	0.6763305	10.40988	0.7530553	0.777865	0.222135	2.910516
1608	-1233.308	-1443.747	210.4383	0.7328431	9.076483	0.7530553	0.725796	0.274204	3.124403
1614	-1257.141	-1468.099	210.9573	0.8626404	6.085168	0.907345	0.817512	0.182488	2.989296
1620	-1245.527	-1457.444	211.9166	1.141974	9.236254	0.7392366	0.826096	0.173904	1.936526
1626	-1246.056	-1457.969	211.9133	0.9904179	9.236254	1.1027	0.824004	0.175996	1.775787
1632	-1255.188	-1466.911	211.7228	1.008211	6.325057	1.786088	0.728636	0.271364	1.927042
1638	-1253.66	-1465.629	211.9691	0.9681402	6.325057	0.9480213	0.780134	0.219866	2.235732
1644	-1232.845	-1445.435	212.59	1.294987	6.174471	0.9716007	0.738421	0.261579	1.599993
1650	-1260.76	-1471.993	211.2337	1.031396	5.906405	0.9233277	0.779227	0.220773	2.735384
1656	-1251.74	-1462.538	210.7975	0.8398494	5.167393	1.453148	0.730888	0.269112	2.946764
1662	-1248.266	-1459.208	210.9419	0.7514029	5.575489	1.453148	0.734645	0.265355	2.847755
1668	-1247.529	-1458.224	210.6952	0.8625183	4.833385	1.453148	0.734645	0.265355	3.050832
1674	-1238.461	-1448.68	210.2185	0.7274168	5.042058	1.4041	0.68577	0.31423	3.400043
1680	-1242.345	-1452.918	210.5723	0.7693345	4.12947	1.4041	0.721144	0.278856	3.329406
1686	-1259.138	-1469.263	210.1253	0.666517	4.492649	1.551758	0.732737	0.267263	3.519661
1692	-1255.204	-1465.74	210.5358	0.7862394	5.937108	1.450753	0.794471	0.205529	3.018194
1698	-1254.565	-1465.891	211.3254	0.7545493	7.891243	0.8904025	0.737769	0.262231	2.607287
1704	-1251.226	-1462.514	211.2874	0.5195764	8.080723	0.9447634	0.730993	0.269007	2.717423
1710	-1249.592	-1459.935	210.3428	0.5089611	8.080723	1.326333	0.713767	0.286233	3.083869
1716	-1234.397	-1445.46	211.0633	0.7729094	8.080723	1.123475	0.746798	0.253202	2.591868
1722	-1228.654	-1439.712	211.0575	0.7807473	5.87881	1.258106	0.715523	0.284477	2.807652
1728	-1236.809	-1448.02	211.2116	0.8032232	5.87881	1.258106	0.693941	0.306059	2.699768
1734	-1243.1	-1454.511	211.4115	0.8436431	6.230527	1.258106	0.722025	0.277975	2.498826
1740	-1231.88	-1443.524	211.6437	0.7777487	6.230527	1.282639	0.762764	0.237236	2.38131
1746	-1241.823	-1452.466	210.6431	0.6445194	6.230527	1.544777	0.705609	0.294391	2.9553
1752	-1245.392	-1455.694	210.302	0.7361414	5.831406	1.349759	0.772607	0.227393	3.249078
1758	-1246.186	-1455.987	209.8014	0.7519309	5.006011	1.521224	0.707247	0.292753	3.583826
1764	-1232.552	-1442.705	210.1532	0.5803383	5.006011	1.542647	0.707247	0.292753	3.469781
1770	-1233.486	-1444.347	210.8607	0.8505035	5.480749	1.493164	0.679752	0.320248	2.833642
1776	-1226.933	-1437.477	210.5437	0.9046761	5.469993	1.293121	0.732627	0.267373	3.087118
1782	-1228.289	-1440.121	211.8321	0.8574394	6.186024	1.740721	0.765751	0.234249	1.99629
1788	-1224.022	-1434.47	210.4478	0.8061076	4.920702	1.735209	0.686826	0.313174	3.099123
1794	-1227.153	-1438.521	211.3681	0.8930644	4.920702	1.369718	0.735976	0.264024	2.647865
1800	-1235.623	-1446.107	210.4835	0.8391967	4.920702	2.09406	0.691436	0.308564	2.927022
1806	-1234.33	-1444.841	210.5103	0.7702222	4.573443	1.45548	0.679669	0.320331	3.26002
1812	-1235.954	-1447.852	211.8972	0.8675713	5.769679	1.45548	0.818385	0.181615	2.144858
1818	-1232.273	-1443.91	211.6362	0.7771202	5.906944	1.45548	0.747656	0.252344	2.34912
1824	-1234.172	-1445.451	211.2788	1.036174	4.775934	1.019947	0.747656	0.252344	2.828311
1830	-1247.143	-1458.812	211.6688	1.082843	5.652242	1.142015	0.747656	0.252344	2.33834
1836	-1241.512	-1453.467	211.9544	1.062566	5.652242	1.193836	0.770565	0.229435	2.137809
1842	-1247.839	-1459.17	211.3307	0.8740694	6.289702	1.193836	0.813571	0.186429	2.555917
1848	-1240.615	-1451.961	211.346	0.8666292	5.435074	1.443325	0.706712	0.293288	2.555917
1854	-1250.428	-1462.143	211.7142	0.8976851	4.90957	1.123502	0.799458	0.200542	2.562053
1860	-1246.047	-1456.937	210.8904	0.8647813	4.949643	0.9619853	0.771375	0.228625	3.169397
1866	-1245.987	-1456.621	210.6338	0.8389675	6.307264	1.996553	0.714666	0.285334	2.653637
1872	-1239.911	-1451.419	211.5083	0.9217279	4.886401	1.299592	0.730746	0.269254	2.584364
1878	-1233.027	-1444.054	211.0269	0.5787878	6.807802	1.779907	0.765362	0.234638	2.584364
1884	-1251.789	-1462.474	210.6843	0.7612721	6.807802	1.462999	0.637299	0.362701	2.817341
1890	-1253.649	-1463.442	209.7931	0.636329	4.679174	2.105644	0.769083	0.230917	3.493895
1896	-1245.418	-1455.559	210.1409	0.6061284	4.679174	1.550334	0.684533	0.315467	3.513633
1902	-1242.704	-1453.01	210.3058	0.5551714	4.307107	1.550334	0.711903	0.288097	3.513633
1908	-1239.286	-1449.189	209.9033	0.6615811	4.912746	1.275294	0.635368	0.364632	3.703027
1914	-1233.92	-1443.545	209.6257	0.4957603	5.116062	1.477416	0.635368	0.364632	3.834362
1920	-1241.461	-1451.569	210.1085	0.5927735	5.135558	1.377597	0.696077	0.303923	3.539916
1926	-1230.436	-1440.342	209.9059	0.66567	5.943125	1.581536	0.683381	0.316619	3.405397
1932	-1258.737	-1468.97	210.2337	0.9753791	3.805614	3.344845	0.684846	0.315154	2.85596
1938	-1254.394	-1465.31	210.9164	0.7864892	3.805614	2.562086	0.656529	0.343471	2.761248
1944	-1257.217	-1468.455	211.2386	0.8558477	5.86708	1.191342	0.721632	0.278368	2.687794
1950	-1242.208	-1453.376	211.1677	0.6572416	6.697282	1.014301	0.767833	0.232167	2.835061
1956	-1241.884	-1451.252	209.3681	0.6023128	5.419735	1.22876	0.689224	0.310776	3.987701
1962	-1235.663	-1446.322	210.6589	0.6695614	5.331728	1.557661	0.725918	0.274082	3.059591
1968	-1230.103	-1440.939	210.836	0.6679305	6.364828	1.557661	0.752835	0.247165	2.799951
1974	-1234.511	-1445.579	211.0671	0.7626565	4.215825	1.557661	0.746976	0.253024	2.954584
1980	-1246.282	-1458.193	211.9111	0.9701932	4.215825	0.9348012	0.774462	0.225538	2.639783
1986	-1245.173	-1456.407	211.2346	0.7748713	4.215825	0.9348012	0.786533	0.213467	3.166676
1992	-1239.879	-1450.835	210.9559	0.7445919	5.982719	0.9348012	0.747043	0.252957	3.058137
1998	-1240.297	-1451.835	211.538	0.7780604	4.290395	1.435724	0.813251	0.186749	2.699149
2004	-1240.948	-1451.586	210.6387	0.5950713	5.544483	1.435724	0.798968	0.201032	3.136367
2010	-1234.876	-1445.711	210.834	0.7062082	5.667797	1.435724	0.814669	0.185331	2.934043
2016	-1233.053	-1443.968	210.9147	0.7634608	5.667797	1.457178	0.748068	0.251932	2.84082
2022	-1254.446	-1466.096	211.6499	0.9984974	6.604288	1.495274	0.774217	0.225783	2.072889
2028	-1261.657	-1472.975	211.3187	0.7137404	7.284865	1.495274	0.791884	0.208116	2.376419
2034	-1250.589	-1461.741	211.1523	0.7918029	4.813862	1.553571	0.725524	0.274476	2.776531
2040	-1246.126	-1457.921	211.7953	0.8096117	4.813862	1.400276	0.725524	0.274476	2.438096
2046	-1249.193	-1460.661	211.4677	0.8182936	4.001001	1.400276	0.739312	0.260688	2.791992
2052	-1245.975	-1457.454	211.4788	0.7539333	4.041884	2.239337	0.703389	0.296611	2.485299
2058	-1252.404	-1462.665	210.2609	0.7909074	3.723546	1.489286	0.605787	0.394213	3.542567
2064	-1253.131	-1464.01	210.8792	0.6361858	3.975429	1.198586	0.699492	0.300508	3.356495
2070	-1260.074	-1469.727	209.6531	0.6218003	4.427916	1.3848	0.608148	0.391852	3.90206
2076	-1260.873	-1471.897	211.0239	0.691679	5.048191	1.3848	0.627842	0.372158	2.950995
2082	-1270.044	-1481.237	211.1936	0.740958	4.083077	1.481455	0.705906	0.294094	2.950995
2088	-1264.64	-1474.988	210.348	0.714662	5.05347	1.295055	0.692387	0.307613	3.38063
2094	-1265.842	-1475.984	210.1422	0.7231265	4.076829	1.717827	0.669462	0.330538	3.487489
2100	-1266.391	-1477.263	210.872	0.8996076	4.029667	2.041238	0.748413	0.251587	2.839656
2106	-1253.813	-1464.445	210.6319	0.7897009	4.029667	1.942972	0.697829	0.302171	3.085025
2112	-1249.03	-1460.066	211.0356	0.8477416	3.265041	1.743295	0.682221	0.317779	3.050042
2118	-1254.566	-1465.903	211.3366	0.8713779	3.265041	1.743295	0.662837	0.337163	2.85463
2124	-1243.869	-1455.489	211.6206	0.6259872	7.739224	0.8758902	0.8125	0.1875	2.531965
2130	-1252.316	-1463.605	211.2894	0.6504654	7.739224	1.55505	0.773809	0.226191	2.349964
2136	-1240.493	-1452.464	211.9719	0.9583981	6.446278	1.39487	0.741452	0.258548	1.95959
2142	-1240.609	-1452.802	212.1935	0.9506583	6.306565	1.331341	0.827071	0.172929	1.870551
2148	-1250.314	-1462.028	211.7147	1.11558	5.740359	2.146864	0.647972	0.352028	1.808478
2154	-1251.014	-1463.517	212.5028	1.027716	5.706986	1.124902	0.743793	0.256207	1.826166
2160	-1240.459	-1452.316	211.8562	0.9506768	7.571879	1.124143	0.740938	0.259062	2.034415
2166	-1244.361	-1456.049	211.6884	0.9412835	5.035769	1.384234	0.740938	0.259062	2.39064
2172	-1244.331	-1455.77	211.439	0.8262476	5.453175	1.29627	0.770608	0.229392	2.592227
2178	-1261.128	-1471.971	210.8431	0.9444137	5.91775	1.021333	0.69755	0.30245	2.962638
2184	-1255.915	-1467.047	211.1322	0.8278247	5.199526	1.865222	0.733462	0.266538	2.572878
2190	-1241.738	-1452.002	210.2647	0.7005712	4.614486	1.358722	0.742341	0.257659	3.481695
2196	-1250.989	-1461.523	210.5337	0.834692	4.800492	1.662367	0.710479	0.289521	3.08039
2202	-1245.077	-1455.603	210.5254	0.6691787	4.517243	1.883684	0.736249	0.263751	3.14901
2208	-1243.072	-1453.915	210.8435	0.7569114	4.574918	1.352616	0.672097	0.327903	3.117223
2214	-1244.253	-1454.981	210.7274	0.7700546	4.574918	1.238252	0.74151	0.25849	3.234136
2220	-1240.016	-1449.715	209.6988	0.7716366	4.574918	2.789752	0.689991	0.310009	3.286611
2226	-1252.604	-1464.305	211.701	0.8423246	6.151263	1.057358	0.672885	0.327115	2.44267
2232	-1252.748	-1463.463	210.7152	0.7631002	5.063809	2.214315	0.691297	0.308703	2.767866
2238	-1243.052	-1454.771	211.7185	0.8236923	4.557641	1.092804	0.691297	0.308703	2.686398
2244	-1248.639	-1459.639	211	0.43097	6.241802	1.153969	0.795225	0.204775	3.055337
2250	-1240.814	-1451.959	211.1456	0.6743821	6.721232	1.153969	0.79607	0.20393	2.754765
2256	-1233.076	-1443.908	210.8322	0.7333851	6.721232	1.553832	0.823864	0.176136	2.715102
2262	-1229.965	-1441.52	211.5542	0.8509969	5.582362	1.716661	0.73584	0.26416	2.288835
2268	-1235.816	-1448.155	212.3388	1.169156	5.609133	1.350475	0.702368	0.297632	1.725251
2274	-1251.905	-1462.74	210.8354	0.7348066	5.669378	1.345439	0.763103	0.236897	2.958098
2280	-1252.71	-1464.75	212.0399	1.046951	6.994038	0.9122078	0.688714	0.311286	2.066407
2286	-1241.242	-1452.528	211.2866	0.8836854	9.292173	1.12855	0.781368	0.218632	2.242618
2292	-1240.858	-1451.848	210.9901	1.048163	7.686435	0.9718796	0.775106	0.224894	2.604511
2298	-1256.46	-1467.509	211.0484	0.8202444	5.536347	1.139194	0.69524	0.30476	2.904351
2304	-1239.459	-1450.711	211.2525	0.9425302	5.533237	1.180898	0.69524	0.30476	2.683321
2310	-1234.948	-1445.776	210.8277	0.8497045	5.891077	1.180898	0.69524	0.30476	2.943424
2316	-1229.126	-1439.684	210.5574	0.811919	5.891077	1.623717	0.728158	0.271842	2.921521
2322	-1239.079	-1450.475	211.3956	0.8694361	6.855401	1.623717	0.779586	0.220414	2.227161
2328	-1242.631	-1454.098	211.4669	1.0563	7.156095	1.623717	0.809922	0.190078	2.016468
2334	-1243.155	-1453.965	210.8105	0.9286337	7.156095	1.313793	0.755039	0.244961	2.663602
2340	-1248.903	-1459.92	211.0169	0.7980987	6.290049	1.718341	0.717932	0.282068	2.551484
2346	-1241.177	-1453.221	212.0436	1.130774	6.052058	1.426029	0.717932	0.282068	1.840096
2352	-1262.056	-1474.078	212.0212	1.130774	7.313639	1.288781	0.798375	0.201625	1.737574
2358	-1262.415	-1475.302	212.8871	1.357512	5.015513	1.288781	0.769283	0.230717	1.331754
2364	-1255.606	-1468.26	212.6543	1.290621	4.684625	1.796146	0.700172	0.299828	1.354117
2370	-1267.7	-1480.198	212.4981	1.273315	5.367613	2.087224	0.757156	0.242844	1.195688
2376	-1258.162	-1470.459	212.2967	1.250294	4.386434	2.340367	0.757156	0.242844	1.490236
2382	-1247.755	-1460.123	212.3677	1.250294	5.723955	1.531361	0.815656	0.184344	1.525678
2388	-1236.113	-1448.233	212.1196	1.177424	5.723955	1.531361	0.764423	0.235577	1.756693
2394	-1232.388	-1444.118	211.7302	1.133257	7.13397	1.622549	0.775655	0.224345	1.789284
2400	-1243.716	-1455.676	211.9604	1.027627	7.667553	1.164751	0.76589	0.23411	1.875274
2406	-1253.246	-1465.214	211.9683	1.009891	7.667553	1.164751	0.732904	0.267096	1.882025
2412	-1244.678	-1456.952	212.2739	1.094445	7.667553	1.088295	0.734768	0.265232	1.658781
2418	-1242.31	-1454.312	212.0021	0.9212145	9.282934	1.088295	0.812331	0.187669	1.766024
2424	-1240.846	-1452.173	211.3271	0.6136244	10.47266	1.095447	0.754371	0.245629	2.288834
2430	-1233.45	-1445.391	211.9411	0.759912	10.48713	1.119894	0.834263	0.165737	1.766884
2436	-1237.205	-1449.08	211.8746	0.815617	9.559501	1.300735	0.834263	0.165737	1.766884
2442	-1241.693	-1452.832	211.1389	0.6608786	8.566018	1.163016	0.770523	0.229477	2.536878
2448	-1240.186	-1451.388	211.2011	0.8386631	7.895883	0.9909829	0.720403	0.279597	2.566326
2454	-1238.408	-1449.366	210.9577	0.8062502	5.986618	1.86036	0.729184	0.270816	2.571332
2460	-1241.416	-1452.626	211.2094	0.7705438	5.986618	1.86036	0.736164	0.263836	2.436363
2466	-1235.765	-1446.748	210.9834	0.7389682	7.376224	1.781264	0.728293	0.271707	2.436363
2472	-1250.112	-1460.136	210.0239	0.7218952	7.497423	1.225292	0.735759	0.264241	3.263947
2478	-1242.13	-1453.331	211.2006	1.009592	6.784009	1.225292	0.763905	0.236095	2.466146
2484	-1235.147	-1446.844	211.6973	0.9418467	6.463018	1.438667	0.773142	0.226858	2.12759
2490	-1239.444	-1450.967	211.523	0.9661746	6.299258	2.111993	0.704792	0.295208	1.962303
2496	-1240.693	-1452.913	212.2208	0.9207806	5.649983	1.048265	0.774675	0.225325	2.144117
2502	-1228.015	-1440.003	211.9885	0.9122499	7.20897	1.302604	0.759283	0.240717	1.917516
2508	-1218.94	-1430.139	211.1989	0.7634245	7.414528	1.170366	0.755057	0.244943	2.568119
2514	-1229.895	-1440.92	211.0251	0.6388793	7.414528	1.145569	0.739777	0.260223	2.765412
2520	-1245.194	-1455.963	210.7689	0.7448996	6.622717	1.178156	0.802271	0.197729	2.940626
2526	-1236.615	-1447.405	210.7899	0.8137412	6.622717	1.178156	0.697986	0.302014	2.886359
2532	-1246.69	-1457.481	210.7903	0.8399933	7.140942	0.9478915	0.800364	0.199636	2.935976
2538	-1244.784	-1456.177	211.3932	0.8155607	5.452358	1.070845	0.806336	0.193664	2.749478
2544	-1241.886	-1452.694	210.8086	0.8155607	5.452358	1.070845	0.801623	0.198377	3.102132
2550	-1248.799	-1458.979	210.1802	0.8408405	8.59789	0.9447719	0.67671	0.32329	3.134261
2556	-1237.873	-1448.769	210.8957	0.6358859	7.842101	1.021246	0.719015	0.280985	2.865686
2562	-1265.718	-1476.242	210.524	0.6047802	5.621457	1.857692	0.624375	0.375625	3.014543
2568	-1270.372	-1480.85	210.4777	0.7105913	5.621457	1.857692	0.708792	0.291208	2.978851
2574	-1258.746	-1469.891	211.1459	0.8418682	4.875444	1.64018	0.760641	0.239359	2.701916
2580	-1260.32	-1471.09	210.7698	0.8763486	4.875444	1.446782	0.74769	0.25231	2.993433
2586	-1242.994	-1454.411	211.4173	1.128683	3.836612	2.186879	0.680829	0.319171	2.349854
2592	-1260.194	-1472.347	212.153	1.250207	4.023689	2.065257	0.712257	0.287743	1.786155
2598	-1264.791	-1477.844	213.053	1.27317	3.505224	1.222285	0.712257	0.287743	1.677817
2604	-1255.245	-1465.533	210.2874	0.7300585	3.653084	2.045691	0.666453	0.333547	3.366023
2610	-1242.017	-1452.17	210.1535	0.728111	4.433373	2.045691	0.736091	0.263909	3.292412
2616	-1247.346	-1457.572	210.2253	0.8763776	4.364781	0.9737999	0.703329	0.296671	3.647395
2622	-1239.794	-1451.186	211.3913	0.7202478	4.193372	1.168376	0.690729	0.309271	2.975356
2628	-1240.186	-1450.701	210.5156	0.8891057	5.224775	0.860899	0.709739	0.290261	3.395231
2634	-1244.192	-1455.011	210.8193	0.8660555	5.224775	1.061148	0.709739	0.290261	3.107174
2640	-1261.168	-1471.797	210.6295	0.811339	4.505715	1.815637	0.731014	0.268986	3.029498
2646	-1246.375	-1457.457	211.082	0.8130384	4.505715	1.200282	0.722768	0.277232	3.029498
2652	-1253.893	-1464.2	210.307	0.943833	5.541039	2.170513	0.644406	0.355594	2.843183
2658	-1254.743	-1465.108	210.3654	0.8325008	5.071205	1.82882	0.650804	0.349196	3.071439
2664	-1256.915	-1467.529	210.6146	0.7620247	7.26513	1.201228	0.680643	0.319357	2.928288
2670	-1249.606	-1460.096	210.49	0.8209589	5.978813	1.112226	0.759344	0.240656	3.186634
2676	-1241.559	-1452.53	210.9707	0.9851409	6.433596	1.112226	0.778937	0.221063	2.734248
2682	-1248.852	-1460.917	212.0643	1.037141	5.770014	0.8096202	0.77682	0.22318	2.313653
2688	-1246.962	-1458.766	211.8036	0.9876307	5.9066	1.357617	0.78588	0.21412	2.154819
2694	-1243.538	-1454.016	210.4782	0.7943801	5.329582	1.01326	0.771757	0.228243	3.362252
2700	-1252.065	-1462.665	210.6001	0.7798008	5.89973	1.356562	0.762714	0.237286	3.032613
2706	-1239.87	-1450.526	210.6567	0.8450013	6.211458	1.494351	0.79223	0.20777	2.850844
2712	-1244.464	-1455.567	211.1022	0.8617498	6.320657	1.994743	0.820483	0.179517	2.345227
2718	-1242.364	-1453.106	210.7422	0.9370972	5.211118	1.994743	0.691879	0.308121	2.695919
2724	-1251.036	-1461.796	210.76	0.8929722	5.794799	1.785405	0.700096	0.299904	2.698011
2730	-1246.969	-1458.085	211.1158	0.9319795	5.547026	1.785405	0.710639	0.289361	2.492266
2736	-1253.478	-1463.603	210.1253	0.7052511	5.964157	1.280457	0.713725	0.286275	3.385304
2742	-1249.486	-1459.55	210.0635	0.6785426	7.276849	1.280457	0.727475	0.272525	3.265133
2748	-1248.153	-1458.046	209.8921	0.7846938	7.276849	1.440189	0.748857	0.251143	3.228935
2754	-1251.832	-1461.977	210.1451	0.7871819	7.928338	0.8099261	0.748857	0.251143	3.347998
2760	-1262.14	-1473.548	211.4086	1.033617	5.415115	1.919441	0.692995	0.307005	2.210436
2766	-1258.106	-1469.978	211.8716	1.033617	5.415115	1.393039	0.743855	0.256145	2.143579
2772	-1251.577	-1462.074	210.4969	0.7227314	5.451692	1.401165	0.679152	0.320848	3.174767
2778	-1255.605	-1465.858	210.2527	0.7071227	4.827004	1.401165	0.715519	0.284481	3.428922
2784	-1256.855	-1467.145	210.2908	0.7042015	4.827004	1.717039	0.752777	0.247223	3.275652
2790	-1261.518	-1473.76	212.2415	1.275386	5.25113	1.991759	0.656101	0.343899	1.469038
2796	-1252.812	-1464.988	212.1754	1.192645	5.25113	2.257517	0.722913	0.277087	1.469038
2802	-1249.033	-1461.083	212.0503	1.227544	5.25113	1.807112	0.650037	0.349963	1.725436
2808	-1265.743	-1477.746	212.0032	1.04219	5.25113	1.807112	0.635765	0.364235	1.886201
2814	-1253.999	-1464.279	210.2802	0.5797367	6.980519	1.188551	0.691084	0.308916	3.278395
2820	-1263.858	-1474.661	210.8031	0.71455	6.967635	1.49695	0.755752	0.244248	2.737013
2826	-1255.887	-1466.971	211.0835	0.7273271	6.967635	1.473575	0.755575	0.244425	2.567008
2832	-1252.557	-1463.875	211.3173	0.7819621	5.738527	1.467018	0.767298	0.232702	2.567008
2838	-1247.184	-1458.85	211.6652	0.7735133	6.287984	1.002469	0.761785	0.238215	2.521743
2844	-1244.55	-1455.988	211.4378	0.8948833	6.477861	1.066884	0.766015	0.233985	2.521561
2850	-1252.066	-1463.394	211.3279	0.9461217	5.489025	1.066884	0.73135	0.26865	2.705954
2856	-1253.516	-1464.195	210.679	0.9101919	5.527119	1.737531	0.696296	0.303704	2.797404
2862	-1240.716	-1450.789	210.0734	0.7042765	5.527119	1.737531	0.689929	0.310071	3.28321
2868	-1251.237	-1461.656	210.4183	0.6951163	5.019851	1.251778	0.745296	0.254704	3.377507
2874	-1254.905	-1465.881	210.9759	0.6916367	5.540037	1.285366	0.696056	0.303944	2.948745
2880	-1269.914	-1479.93	210.0165	0.5331454	4.324226	1.505318	0.757397	0.242603	3.710112
2886	-1262.762	-1472.748	209.9855	0.472505	4.316811	1.467162	0.768436	0.231564	3.780621
2892	-1248.082	-1459.588	211.5065	0.7968244	6.141987	1.624904	0.701657	0.298343	2.305519
2898	-1245.292	-1455.819	210.5269	0.7872936	7.472138	1.254471	0.767355	0.232645	2.913001
2904	-1252.947	-1464.317	211.3697	0.9785714	6.66503	1.641249	0.806907	0.193093	2.192443
2910	-1253.918	-1464.195	210.2776	0.6898851	7.939498	1.874873	0.656691	0.343309	2.798006
2916	-1251.897	-1462.586	210.6894	0.6968757	6.911572	1.874873	0.630142	0.369858	2.66904
2922	-1244.429	-1454.714	210.285	0.6392615	6.498261	1.081544	0.636223	0.363777	3.360036
2928	-1258.905	-1470.138	211.2328	0.7254779	6.100653	1.209494	0.784722	0.215278	2.727008
2934	-1262.613	-1473.59	210.9768	0.7510339	5.890887	1.1456	0.786922	0.213078	2.932038
2940	-1263.72	-1474.45	210.7301	0.6402146	6.092804	1.088664	0.758316	0.241684	3.148118
2946	-1260.171	-1469.996	209.8244	0.5769068	5.792424	2.00082	0.758316	0.241684	3.369195
2952	-1252.057	-1462.46	210.4026	0.6995223	7.556239	1.787807	0.729842	0.270158	2.794926
2958	-1248.851	-1458.605	209.7535	0.8581513	7.556239	2.312332	0.682106	0.317894	2.908651
2964	-1235.67	-1445.987	210.3167	0.6091665	8.46805	1.060685	0.684854	0.315146	3.135949
2970	-1231.504	-1442.485	210.9815	0.6824667	8.28889	1.075587	0.683622	0.316378	2.701675
2976	-1244.546	-1456	211.4539	0.7581238	8.28889	1.075587	0.749129	0.250871	2.360006
2982	-1242.825	-1453.662	210.8373	0.6691729	6.530688	1.399599	0.731218	0.268782	2.846828
2988	-1239.954	-1450.098	210.1438	0.6525443	6.530688	1.399599	0.667688	0.332312	3.271429
2994	-1243.516	-1454.87	211.3537	0.7350093	5.04222	1.216707	0.681985	0.318015	2.809672
3000	-1251.36	-1462.162	210.8014	0.8114627	7.188278	1.020737	0.760513	0.239487	2.896037
3006	-1248.821	-1458.838	210.0172	0.6055381	6.992621	1.294366	0.796019	0.203981	3.363613
3012	-1249.312	-1460.236	210.924	0.792981	4.701127	1.115393	0.669047	0.330953	3.146057
3018	-1255.709	-1466.194	210.4853	0.8230027	5.161791	1.050347	0.669047	0.330953	3.346569
3024	-1268.459	-1479.832	211.3728	0.7832792	5.161791	1.409436	0.73331	0.26669	2.652151
3030	-1267.734	-1479.64	211.906	0.9501629	4.565373	1.37693	0.720791	0.279209	2.337164
3036	-1264.961	-1476.6	211.6384	1.086505	4.741182	1.34509	0.720791	0.279209	2.403195
3042	-1247.95	-1458.523	210.573	0.6747871	7.572583	1.047286	0.734067	0.265933	3.052972
3048	-1262.861	-1472.611	209.7492	0.6642232	7.572583	1.047286	0.732896	0.267104	3.544843
3054	-1261.226	-1472.259	211.033	0.681772	5.896887	1.219993	0.806361	0.193639	2.899459
3060	-1266.168	-1477.71	211.5419	0.7338762	5.896887	0.9468526	0.759862	0.240138	2.715146
3066	-1248.159	-1458.979	210.8198	0.7991612	5.896887	1.261237	0.789222	0.210778	2.9361
3072	-1254.756	-1466.135	211.3789	0.8572687	6.316708	1.183052	0.718703	0.281297	2.538431
3078	-1260.592	-1471.352	210.7604	0.6496734	6.889743	1.132225	0.801472	0.198528	2.992655
3084	-1257.194	-1468.329	211.1348	0.6328635	6.065134	1.132225	0.740052	0.259948	2.889807
3090	-1255.041	-1466.15	211.1088	0.7694245	5.961916	1.29739	0.721846	0.278154	2.750982
3096	-1246.113	-1457.492	211.3791	0.9255493	4.625173	1.712021	0.718683	0.281317	2.521287
3102	-1248.874	-1459.896	211.0217	0.8729632	3.365815	2.231556	0.760855	0.239145	2.845477
3108	-1253.704	-1465.766	212.0621	0.9696074	3.362151	1.447662	0.6303	0.3697	2.451187
3114	-1240.051	-1450.782	210.7311	0.805672	4.88744	1.484867	0.699964	0.300036	3.039889
3120	-1249.886	-1461.012	211.1267	0.7811264	5.727875	1.400048	0.747364	0.252636	2.718167
3126	-1240.124	-1451.419	211.2949	0.9669323	4.451868	1.400048	0.637701	0.362299	2.718167
3132	-1232.492	-1442.901	210.4088	0.6375971	5.37409	1.484867	0.68369	0.31631	3.251972
3138	-1242.244	-1452.246	210.0016	0.7152779	3.553596	2.590805	0.664416	0.335584	3.396278
3144	-1258.01	-1469.607	211.5976	0.7673796	4.584117	1.938789	0.680556	0.319444	2.401384
3150	-1242.675	-1453.802	211.1268	0.7558502	6.514018	2.204246	0.72009	0.27991	2.293505
3156	-1241.914	-1452.476	210.5624	0.7558502	5.082382	1.525705	0.713603	0.286397	3.119787
3162	-1243.249	-1454.507	211.2578	0.7314873	5.755339	1.834158	0.69021	0.30979	2.476449
3168	-1247.28	-1458.649	211.3688	0.9106674	6.398664	1.834158	0.720207	0.279793	2.193937
3174	-1235.485	-1446.296	210.8107	0.7317916	7.934894	1.548501	0.744129	0.255871	2.578444
3180	-1254.674	-1463.692	209.018	0.73259	5.56705	1.316042	0.684165	0.315835	4.049802
3186	-1253.601	-1463.379	209.7774	0.7084085	5.56705	1.316042	0.784701	0.215299	3.627125
3192	-1262.066	-1472.187	210.1206	0.6091798	6.928376	0.9470013	0.72298	0.27702	3.49654
3198	-1261.422	-1471.309	209.8867	0.9168868	4.196458	1.32741	0.723003	0.276997	3.665916
3204	-1262.365	-1473.124	210.7585	0.7342545	5.438504	1.073915	0.677511	0.322489	3.180646
3210	-1252.082	-1463.134	211.0528	0.6575553	5.73449	1.45946	0.695563	0.304437	2.810019
3216	-1244.354	-1455.348	210.9941	0.7689886	5.968684	1.154888	0.69009	0.30991	2.89424
3222	-1253.819	-1465	211.1806	0.8753965	5.968684	1.137168	0.813102	0.186898	2.725835
3228	-1246.391	-1457.278	210.8874	0.7908616	5.968684	2.023237	0.698056	0.301944	2.566472
3234	-1243.329	-1455.029	211.6993	0.9148719	5.968684	1.333958	0.731531	0.268469	2.271612
3240	-1241.398	-1452.509	211.1108	0.598363	6.794005	1.145853	0.749475	0.250525	2.817051
3246	-1233.326	-1444.197	210.8715	0.7783237	4.827251	0.924258	0.735995	0.264005	3.275804
3252	-1232.881	-1443.795	210.9133	0.7469199	6.880214	1.43047	0.718431	0.281569	2.691594
3258	-1241.634	-1451.434	209.7998	0.8808477	4.878551	1.43047	0.757102	0.242898	3.569995
3264	-1234.328	-1445.081	210.7532	0.7912955	6.799685	1.009983	0.774219	0.225781	2.993341
3270	-1236.267	-1447.094	210.8274	0.7379769	6.799685	1.358089	0.761924	0.238076	2.794667
3276	-1237.348	-1448.005	210.6574	0.4860668	5.837991	1.519155	0.733227	0.266773	3.109152
3282	-1251.176	-1461.948	210.7716	0.6250471	4.987858	1.519155	0.674881	0.325119	3.091591
3288	-1247.919	-1458.651	210.7312	0.7490579	5.261493	1.519155	0.707736	0.292264	2.996552
3294	-1259.684	-1470.81	211.1264	0.8986361	5.670174	1.519155	0.680853	0.319147	2.599873
3300	-1261.674	-1472.832	211.1574	0.9011387	5.670174	1.519155	0.766081	0.233919	2.579129
3306	-1253.747	-1464.41	210.6622	0.7734361	5.670174	1.519155	0.756505	0.243495	2.959329
3312	-1254.087	-1464.737	210.65	0.6961979	5.670174	1.519155	0.780259	0.219741	3.013043
3318	-1253.532	-1464.104	210.5721	0.6260506	5.670174	1.267483	0.746661	0.253339	3.217971
3324	-1248.667	-1459.353	210.686	0.6923571	6.483816	1.259775	0.719785	0.280215	2.99853
3330	-1256.801	-1467.094	210.2933	0.6209045	5.833963	1.146105	0.742983	0.257017	3.42304
3336	-1263.864	-1474.643	210.7791	0.5167277	5.289408	1.130438	0.77816	0.22184	3.289404
3342	-1251.438	-1461.767	210.3296	0.6330791	4.794747	1.472799	0.705932	0.294068	3.400888
3348	-1250.417	-1461.271	210.8535	0.7628273	4.794747	1.472799	0.709258	0.290742	3.013569
3354	-1249.353	-1459.574	210.2208	0.6372598	4.794747	1.079271	0.715749	0.284251	3.653444
3360	-1243.83	-1454.359	210.5289	0.6117841	5.388829	1.453552	0.750261	0.249739	3.207705
3366	-1248.348	-1458.863	210.515	0.5157289	7.319424	1.055687	0.806052	0.193948	3.207705
3372	-1249.54	-1461.434	211.894	0.9158629	4.373474	1.151631	0.732519	0.267481	2.522441
3378	-1248.84	-1459.764	210.9242	0.7948898	6.268186	1.178833	0.779044	0.220956	2.864957
3384	-1246.25	-1456.86	210.6106	0.713041	6.268186	1.178833	0.745111	0.254889	3.102506
3390	-1253.735	-1464.692	210.9565	0.6641025	4.323643	1.277787	0.748012	0.251988	3.187441
3396	-1249.809	-1460.621	210.8116	0.6836053	4.977698	1.538472	0.754927	0.245073	3.02601
3402	-1255.49	-1464.699	209.2087	0.6437541	6.848007	1.15388	0.77548	0.22452	3.898337
3408	-1248.699	-1459.608	210.9093	0.7919652	4.988942	1.15388	0.680599	0.319401	3.085236
3414	-1246.938	-1457.88	210.9426	0.8725284	4.988942	1.15388	0.7091	0.2909	3.017153
3420	-1258.62	-1469.308	210.688	0.731299	3.898814	1.525633	0.693539	0.306461	3.275682
3426	-1239.989	-1450.559	210.5691	0.6247909	5.440784	1.525633	0.719083	0.280917	3.136429
3432	-1243.821	-1454.398	210.5768	0.7549463	4.934348	1.525633	0.7308	0.2692	3.136429
3438	-1239.084	-1449.444	210.3603	0.7914992	4.972874	1.59281	0.7068	0.2932	3.20836
3444	-1237.998	-1448.88	210.8821	0.7799115	4.433882	1.104687	0.74528	0.25472	3.232432
3450	-1227.014	-1437.989	210.9754	0.8603398	5.422737	1.104687	0.750969	0.249031	2.961024
3456	-1237.138	-1448.356	211.2183	0.8293193	5.422737	1.362531	0.695801	0.304199	2.698389
3462	-1237.21	-1447.859	210.6487	0.706193	6.964423	1.117213	0.704304	0.295696	3.024342
3468	-1248.663	-1459.585	210.9223	0.7194912	4.762047	1.334979	0.704304	0.295696	3.067814
3474	-1234.817	-1445.331	210.514	0.7033702	4.451975	2.110707	0.659991	0.340009	3.067814
3480	-1239.791	-1450.712	210.9209	0.7836648	6.088875	1.024364	0.65915	0.34085	2.985885
3486	-1245.403	-1456.866	211.4632	0.8253252	5.36695	1.8548	0.742729	0.257271	2.342521
3492	-1243.698	-1454.625	210.9272	0.8427446	4.318886	1.8548	0.760496	0.239504	2.851406
3498	-1239.944	-1451.124	211.1798	0.790292	5.08955	1.397184	0.670242	0.329758	2.784103
3504	-1243.303	-1454.21	210.9075	0.8483935	5.477765	1.430802	0.736271	0.263729	2.835369
3510	-1246.582	-1456.939	210.3566	0.8570358	5.223855	2.489009	0.703783	0.296217	2.815938
3516	-1260.809	-1472.388	211.5792	0.973822	4.530998	1.577589	0.776046	0.223954	2.441103
3522	-1238.44	-1449.944	211.5041	0.7196631	5.664733	1.577589	0.747998	0.252002	2.450732
3528	-1248.348	-1459.709	211.3608	0.5401682	5.248135	1.577589	0.734286	0.265714	2.718324
3534	-1242.147	-1453.626	211.4791	0.7851752	5.208985	1.597718	0.714173	0.285827	2.491274
3540	-1246.511	-1457.624	211.1135	0.829986	5.277106	1.597718	0.714173	0.285827	2.678789
3546	-1243.151	-1454.513	211.3621	0.8750514	4.281366	1.593345	0.715193	0.284807	2.678789
3552	-1248.788	-1459.438	210.6507	0.7502843	4.276713	1.415614	0.721469	0.278531	3.261125
3558	-1254.362	-1463.887	209.525	0.8272474	4.594073	2.449163	0.710801	0.289199	3.447453
3564	-1260.662	-1470.801	210.1395	0.5906209	3.594074	2.849948	0.729371	0.270629	3.309718
3570	-1262.124	-1473.081	210.9573	0.7301804	3.244578	1.638168	0.673668	0.326332	3.213317
3576	-1255.575	-1465.852	210.2772	0.6372126	4.622991	1.638168	0.754004	0.245996	3.389585
3582	-1248.251	-1458.811	210.5594	0.6575584	4.074438	1.638168	0.712417	0.287583	3.31322
3588	-1250.74	-1460.731	209.9914	0.7681133	3.860826	1.444841	0.639285	0.360715	3.703396
3594	-1249.183	-1460.004	210.8211	0.5772691	5.055518	1.918463	0.72083	0.27917	2.920503
3600	-1237.433	-1449.161	211.728	0.9848319	5.055518	1.666619	0.72083	0.27917	2.202845
3606	-1247.658	-1457.947	210.2882	0.6107195	6.262474	1.666619	0.842742	0.157258	3.132599
3612	-1249.124	-1459.941	210.8169	0.6727359	5.709227	1.666619	0.683092	0.316908	2.858377
3618	-1262.239	-1474.249	212.0099	0.975642	4.427291	1.679702	0.688022	0.311978	2.139657
3624	-1240.022	-1450.774	210.752	0.7650846	5.707539	1.621386	0.746447	0.253553	2.860738
3630	-1248.489	-1459.392	210.9023	0.74991	5.984671	1.838966	0.753572	0.246428	2.648989
3636	-1247.976	-1458.756	210.7797	0.718751	5.307318	1.838966	0.713658	0.286342	2.848139
3642	-1245.387	-1455.73	210.3432	0.6596783	4.943069	1.306281	0.711343	0.288657	3.428472
3648	-1243.632	-1454.841	211.2083	0.7985352	6.024083	1.379233	0.789963	0.210037	2.622469
3654	-1238.256	-1450.067	211.8116	0.9041075	4.918301	2.000587	0.776291	0.223709	2.089148
3660	-1242.274	-1454.664	212.3902	1.217255	5.317547	1.547348	0.726883	0.273117	1.602281
3666	-1253.165	-1465.284	212.1192	1.008793	4.899387	1.547348	0.726883	0.273117	2.013981
3672	-1246.761	-1458.552	211.7914	1.071066	5.077879	2.086484	0.750699	0.249301	1.928607
3678	-1237.995	-1450.188	212.1932	1.034448	7.216676	1.371712	0.79554	0.20446	1.650654
3684	-1240.17	-1452.455	212.2859	1.022799	6.380997	1.371712	0.7641	0.2359	1.722343
3690	-1227.512	-1439.456	211.9434	1.030487	6.380997	1.851426	0.7641	0.2359	1.722343
3696	-1234.412	-1446.048	211.6365	0.9372558	6.526493	1.851426	0.771776	0.228224	1.974065
3702	-1230.849	-1442.135	211.286	0.707392	6.666968	1.851426	0.736178	0.263822	2.331864
3708	-1243.969	-1456.004	212.0348	1.194067	6.359977	1.406536	0.725881	0.274119	1.76273
3714	-1237.67	-1449.487	211.8177	0.9333352	6.809246	1.299503	0.749858	0.250142	2.075683
3720	-1242.86	-1454.378	211.5174	0.8136221	7.69397	1.681241	0.791192	0.208808	2.045795
3726	-1228.839	-1440.751	211.9127	0.8719556	6.104708	1.626802	0.803918	0.196082	1.996751
3732	-1234.983	-1446.489	211.5055	0.8004669	3.960258	1.65988	0.713018	0.286982	2.673177
3738	-1230.744	-1441.31	210.5661	0.5788808	3.752842	1.886393	0.668502	0.331498	3.325751
3744	-1238.224	-1447.507	209.2826	0.6525744	3.752842	1.662631	0.641311	0.358689	4.108499
3750	-1238.596	-1448.557	209.9619	0.6487063	3.216924	1.662631	0.680246	0.319754	3.837742
3756	-1237.309	-1448.094	210.7841	0.5738373	3.216924	1.662631	0.697422	0.302578	3.404084
3762	-1246.135	-1456.049	209.9135	0.6041299	4.658643	1.924703	0.615783	0.384217	3.507615
3768	-1236.186	-1445.886	209.7008	0.5723918	4.658643	1.924703	0.567466	0.432534	3.649673
3774	-1245.435	-1455.695	210.2598	0.5902313	4.658643	1.604067	0.694334	0.305666	3.434897
3780	-1242.442	-1452.675	210.2328	0.4669584	5.187165	1.604067	0.723833	0.276167	3.434897
3786	-1248.894	-1457.616	208.7222	0.5741693	5.609037	1.604067	0.63457	0.36543	4.179097
3792	-1240.93	-1450.751	209.8202	0.6577283	4.740213	1.160709	0.61577	0.38423	3.838783
3798	-1235.97	-1445.842	209.8724	0.6750476	5.629701	1.160709	0.762139	0.237861	3.658745
3804	-1254.854	-1466.395	211.5412	0.6510814	7.861693	1.099249	0.726723	0.273277	2.409441
3810	-1252.012	-1463.055	211.0427	0.7692289	6.039623	1.347784	0.72339	0.27661	2.755168
3816	-1254.47	-1465.005	210.5346	0.7692289	6.054803	1.839242	0.720822	0.279178	2.85145
3822	-1242.695	-1454.137	211.4424	0.7152872	7.587456	1.139938	0.757022	0.242978	2.441474
3828	-1237.831	-1448.936	211.1047	0.5209669	7.720993	1.320469	0.789084	0.210916	2.659872
3834	-1237.204	-1448.016	210.8119	0.7106189	5.177125	1.472974	0.773993	0.226007	3.005296
3840	-1239.146	-1449.55	210.404	0.541933	7.188563	1.172784	0.796963	0.203037	3.209935
3846	-1229.854	-1440.462	210.608	0.6903656	7.034416	1.172784	0.754813	0.245187	3.019239
3852	-1242.332	-1453.264	210.9327	0.6903656	8.468716	0.8877801	0.679279	0.320721	2.823009
3858	-1249.165	-1459.131	209.9655	0.4410522	7.127107	0.9314732	0.740212	0.259788	3.669401
3864	-1256.526	-1468.004	211.4784	0.5932326	6.764686	0.9715292	0.742518	0.257482	2.701743
3870	-1252.058	-1461.882	209.8243	0.5553281	5.62475	1.80784	0.679453	0.320547	3.475501
3876	-1240.662	-1451.658	210.996	0.6149513	5.39148	1.80784	0.733914	0.266086	2.77806
3882	-1244.443	-1454.765	210.3224	0.4874089	6.876212	1.683927	0.733914	0.266086	3.096861
3888	-1245.886	-1456.544	210.6581	0.4928638	6.876212	1.683927	0.739707	0.260293	2.892044
3894	-1252.314	-1462.775	210.4611	0.5321058	5.822779	1.570218	0.705368	0.294632	3.178924
3900	-1253.765	-1464.286	210.5212	0.6334813	4.816113	1.425024	0.766976	0.233024	3.305603
3906	-1244.674	-1455.456	210.7822	0.5807317	6.129929	1.434497	0.79234	0.20766	2.973204
3912	-1250.207	-1459.992	209.7849	0.7537719	5.765262	1.434497	0.765726	0.234274	3.51312
3918	-1233.436	-1443.834	210.3975	0.7781126	4.948191	1.292756	0.649062	0.350938	3.332724
3924	-1230.209	-1440.929	210.7206	0.6255445	5.83936	1.351534	0.690151	0.309849	3.064043
3930	-1233.008	-1443.511	210.5026	0.704494	3.933606	1.601745	0.677199	0.322801	3.361732
3936	-1240.196	-1450.518	210.3222	0.7429998	5.337181	1.601745	0.66327	0.33673	3.196929
3942	-1240.912	-1451.431	210.519	0.7531813	5.337181	1.809732	0.758074	0.241926	2.99098
3948	-1245.404	-1456.6	211.196	0.8993315	4.324382	2.541971	0.740672	0.259328	2.417104
3954	-1231.596	-1442.729	211.1326	0.8854232	4.560826	2.541971	0.743257	0.256743	2.419738
3960	-1240.23	-1451.08	210.8502	0.8132603	6.303664	1.753083	0.774076	0.225924	2.629263
3966	-1240.009	-1450.916	210.9068	0.8075655	6.303664	1.593711	0.780074	0.219926	2.664237
3972	-1243.443	-1455.069	211.6253	0.7916777	5.870828	1.885219	0.742401	0.257599	2.165298
3978	-1235.023	-1447.107	212.0838	0.9949122	5.870828	1.258322	0.752868	0.247132	2.024912
3984	-1232.878	-1443.831	210.9531	0.5662189	8.709093	1.258874	0.823903	0.176097	2.643466
3990	-1221.536	-1432.402	210.8664	0.5381575	8.365265	1.347281	0.726134	0.273866	2.707615
3996	-1220.97	-1431.021	210.0512	0.5851991	7.933654	1.184666	0.673361	0.326639	3.298877
4002	-1218.355	-1429.396	211.041	0.5965827	7.933654	0.8958258	0.80999	0.19001	2.869343
4008	-1221.868	-1432.661	210.7929	0.7322373	6.928624	1.441867	0.757786	0.242214	2.762648
4014	-1233.137	-1443.431	210.2945	0.5662077	8.745954	1.441419	0.74298	0.25702	2.951994
4020	-1236.582	-1447.065	210.4832	0.7004206	8.499402	0.9444579	0.773459	0.226541	3.048053
4026	-1239.598	-1450.908	211.3103	0.8274807	8.499402	0.9444579	0.78703	0.21297	2.464762
4032	-1244.263	-1455.4	211.1367	0.7040909	10.10397	0.9444579	0.853472	0.146528	2.482178
4038	-1241.572	-1452.428	210.8565	0.7192845	10.10397	0.9444579	0.838372	0.161628	2.64681
4044	-1250.672	-1461.595	210.923	0.9237417	5.80818	1.201704	0.690396	0.309604	2.842389
4050	-1256.351	-1468.065	211.7141	0.9387078	6.223624	1.201704	0.693117	0.306883	2.278832
4056	-1250.1	-1462.294	212.1933	0.8455077	6.223624	1.164797	0.77106	0.22894	2.048901
4062	-1236.154	-1446.625	210.4712	0.6713448	9.068437	0.7629611	0.799972	0.200028	3.134973
4068	-1234.012	-1445.235	211.2229	0.6713448	10.07814	0.6879436	0.816406	0.183594	2.637807
4074	-1241.729	-1453.24	211.51	0.7599911	10.92908	1.231665	0.789353	0.210647	1.949105
4080	-1240.557	-1452.268	211.7111	0.856966	9.773122	1.231665	0.833515	0.166485	1.867138
4086	-1244.029	-1456.164	212.1355	0.9378799	7.65034	1.231665	0.762553	0.237447	1.778677
4092	-1250.504	-1461.959	211.4552	0.8084835	11.27572	1.023014	0.76724	0.23276	2.047317
4098	-1254.677	-1466.263	211.5856	0.7132356	12.70468	1.310397	0.76724	0.23276	1.716684
4104	-1245.258	-1456.749	211.4906	0.6995842	8.514551	1.366521	0.76724	0.23276	2.186772
4110	-1240.712	-1451.418	210.7056	0.7033474	5.300347	1.257702	0.763145	0.236855	3.154819
4116	-1239.644	-1450.752	211.1077	0.9300998	5.300347	0.9823311	0.676345	0.323655	2.930277
4122	-1236.391	-1447.55	211.1588	0.8614569	5.300347	0.9823311	0.810863	0.189137	2.940888
4128	-1250.813	-1462.785	211.9718	0.947672	5.728857	1.653678	0.745258	0.254742	1.955559
4134	-1239.567	-1451.839	212.2713	0.938742	6.269	0.9283095	0.785024	0.214976	2.080092
4140	-1234.814	-1446.714	211.9003	0.9145057	5.155645	1.359575	0.799311	0.200689	2.263984
4146	-1226.718	-1438.419	211.7016	0.8954401	4.466911	1.724297	0.747576	0.252424	2.362471
4152	-1227.947	-1438.68	210.733	0.9259358	6.341314	1.724297	0.71258	0.28742	2.63832
4158	-1239.432	-1450.906	211.4744	0.842392	5.561384	1.308098	0.839555	0.160445	2.536804
4164	-1243.174	-1453.97	210.796	0.6741795	7.977571	1.481384	0.797091	0.202909	2.648359
4170	-1239.401	-1449.98	210.5788	0.8002191	5.713642	1.381341	0.774704	0.225296	3.049046
4176	-1241.293	-1452.525	211.2317	0.8800723	6.186964	1.381341	0.698339	0.301661	2.532291
4182	-1243.646	-1455.218	211.5717	0.7250459	7.788585	1.400373	0.746473	0.253527	2.188595
4188	-1242.993	-1454.13	211.1369	0.8345949	7.64796	1.917112	0.755738	0.244262	2.188595
4194	-1242.984	-1454.297	211.313	0.7804976	7.270588	1.227232	0.755738	0.244262	2.473661
4200	-1241.069	-1452.882	211.8129	1.002975	7.270588	1.227232	0.814347	0.185653	2.008305
4206	-1243.105	-1454.364	211.2591	0.6450099	7.121664	1.227232	0.824422	0.175578	2.610819
4212	-1246.48	-1457.854	211.3743	0.9809628	6.853631	1.227232	0.698043	0.301957	2.364105
4218	-1238.458	-1450.007	211.5491	0.906636	4.752005	1.227232	0.756174	0.243826	2.630006
4224	-1239.531	-1450.282	210.7512	0.6537001	4.752005	1.385177	0.753398	0.246602	3.1869
4230	-1248.229	-1458.037	209.8086	0.6615176	4.395522	1.737742	0.636558	0.363442	3.650118
4236	-1253.726	-1463.331	209.6047	0.6816196	4.395522	1.289245	0.669441	0.330559	3.945197
4242	-1246.093	-1456.755	210.6619	0.5367889	5.683129	1.289245	0.724585	0.275415	3.204968
4248	-1249.987	-1459.696	209.7096	0.7212466	4.76331	1.289245	0.786561	0.213439	3.798528
4254	-1243.786	-1453.377	209.5917	0.7795189	4.651142	2.805108	0.659663	0.340337	3.327519
4260	-1245.785	-1456.746	210.9617	0.8589215	6.117206	1.440406	0.725521	0.274479	2.694435
4266	-1247.972	-1459.96	211.9883	0.9343503	5.894801	1.498383	0.741996	0.258004	1.999441
4272	-1244.548	-1456.668	212.1196	0.9343503	5.423772	0.9704208	0.777727	0.222273	2.288269
4278	-1233.665	-1445.042	211.3768	0.8715946	6.047891	0.9348164	0.665746	0.334254	2.71724
4284	-1245.114	-1455.829	210.7153	0.9830916	4.216635	1.10771	0.664258	0.335742	3.249847
4290	-1255.169	-1465.732	210.5628	0.8716869	4.655018	1.37136	0.689969	0.310031	3.192753
4296	-1263.087	-1473.611	210.5239	0.8920598	4.774352	1.148963	0.776365	0.223635	3.29345
4302	-1246.476	-1457.683	211.2062	0.8494131	4.068495	1.029811	0.74876	0.25124	3.110642
4308	-1245.793	-1455.401	209.6078	0.7533501	4.733911	1.482169	0.675881	0.324119	3.756793
4314	-1247.06	-1457.629	210.5685	0.6512756	5.517213	1.950574	0.785976	0.214024	2.941917
4320	-1249.799	-1461.026	211.227	0.9424847	5.517213	1.76566	0.761347	0.238653	2.428686
4326	-1245.049	-1456.464	211.4149	0.71154	6.021016	1.140053	0.78528	0.21472	2.673208
4332	-1239.128	-1450.358	211.2307	0.7801874	6.021016	1.27318	0.741983	0.258017	2.673208
4338	-1228.097	-1439.553	211.456	0.9085907	5.146328	1.27318	0.714221	0.285779	2.593386
4344	-1231.526	-1442.594	211.0678	0.7266903	5.453126	1.27318	0.743154	0.256846	2.891887
4350	-1230.09	-1441.364	211.274	0.8762161	5.453126	1.7189	0.752192	0.247808	2.470457
4356	-1237.687	-1448.796	211.1086	0.9144384	5.362295	1.7189	0.71671	0.28329	2.564752
4362	-1242.579	-1453.945	211.3666	0.7607994	5.993042	1.353988	0.744551	0.255449	2.564752
4368	-1244.305	-1455.021	210.7161	0.8410759	5.993042	1.714122	0.752297	0.247703	2.755375
4374	-1245.028	-1456.095	211.0665	0.7017844	5.659067	1.528402	0.744223	0.255777	2.755375
4380	-1250.525	-1461.8	211.275	0.7928703	5.659067	1.042946	0.744223	0.255777	2.819264
4386	-1238.865	-1449.769	210.9046	0.8659951	5.659067	1.042946	0.672345	0.327655	2.998768
4392	-1260.292	-1471.863	211.5714	0.7740112	5.913932	1.723318	0.739799	0.260201	2.27119
4398	-1257.335	-1468.24	210.9059	0.7740112	7.165105	1.266104	0.781644	0.218356	2.722978
4404	-1251.565	-1464.064	212.4993	1.096748	4.774503	1.490894	0.737763	0.262237	1.747494
4410	-1256.567	-1469.309	212.7422	1.095168	5.693424	0.9412992	0.795745	0.204255	1.740059
4416	-1248.841	-1461.265	212.4239	1.070771	7.703426	0.9154458	0.770004	0.229996	1.686908
4422	-1256.736	-1469.192	212.4566	1.049486	6.73219	0.9154458	0.770004	0.229996	1.819722
4428	-1234.364	-1446.164	211.7997	0.840318	7.459609	0.9154458	0.729604	0.270396	2.291645
4434	-1239.169	-1450.246	211.0761	0.8450493	6.049768	1.377	0.711634	0.288366	2.672551
4440	-1252.578	-1464.056	211.4779	0.8885735	6.125519	1.814343	0.778194	0.221806	2.186918
4446	-1254.996	-1466.617	211.6209	0.7434839	6.125519	1.40334	0.77869	0.22131	2.371984
4452	-1255.942	-1466.665	210.7226	0.5566425	5.716402	1.288769	0.708279	0.291721	3.152471
4458	-1250.318	-1459.819	209.5019	0.5549771	5.716402	1.390579	0.669934	0.330066	3.818706
4464	-1247.335	-1458.715	211.3801	0.6186519	6.124108	1.231392	0.760244	0.239756	2.687181
4470	-1236.038	-1447.054	211.0159	0.719319	6.124108	1.372686	0.663772	0.336228	2.777655
4476	-1239.654	-1450.731	211.0777	0.9286489	5.687089	0.89964	0.812747	0.187253	2.940925
4482	-1250.896	-1462.037	211.1411	0.8952762	5.167217	0.89964	0.710262	0.289738	3.004837
4488	-1248.38	-1460.087	211.7064	0.7264585	6.954051	1.540696	0.818254	0.181746	2.142491
4494	-1250.939	-1462.538	211.5994	0.9366018	6.954051	1.540696	0.79754	0.20246	2.074942
4500	-1252.124	-1463.472	211.3482	0.9234601	5.837036	1.540696	0.763136	0.236864	2.41006
4506	-1253.671	-1464.652	210.9809	0.9412218	7.627883	1.540696	0.712546	0.287454	2.381603
4512	-1263.06	-1473.73	210.6705	0.8564119	6.288648	1.533417	0.679725	0.320275	2.80728
4518	-1246.377	-1457.649	211.2713	0.7103088	6.288648	1.272328	0.731002	0.268998	2.652751
4524	-1241.576	-1452.982	211.4055	0.8196294	4.851938	1.042262	0.782467	0.217533	2.856246
4530	-1244.113	-1454.994	210.8809	0.6604733	5.785933	2.387769	0.719027	0.280973	2.556204
4536	-1251.806	-1462.529	210.7229	0.7631505	5.601523	2.387769	0.699746	0.300254	2.619304
4542	-1255.087	-1465.685	210.5977	0.7545504	5.27146	1.072894	0.722417	0.277583	3.290499
4548	-1271.239	-1482.136	210.8967	0.6674991	5.560429	1.179263	0.638988	0.361012	3.061924
4554	-1248.376	-1458.601	210.225	0.7407665	5.182483	1.938091	0.742044	0.257956	3.151481
4560	-1249.265	-1460.328	211.0627	0.8169804	5.182483	1.832526	0.740723	0.259277	2.638033
4566	-1239.538	-1451.377	211.8391	0.9090485	7.310789	1.290812	0.767608	0.232392	2.012337
4572	-1250.806	-1462.885	212.0786	1.093564	5.098606	0.9821068	0.743799	0.256201	2.260937
4578	-1239.408	-1451.949	212.5409	1.349089	5.098606	0.9453039	0.724716	0.275284	1.809636
4584	-1245.611	-1457.92	212.3091	1.239425	4.993631	1.107597	0.734652	0.265348	1.953544
4590	-1240.625	-1452.731	212.1062	1.080596	5.718346	1.453046	0.744868	0.255132	1.873549
4596	-1241.884	-1453.89	212.0055	1.080596	5.708503	1.103731	0.75175	0.24825	2.136422
4602	-1242.17	-1453.688	211.5176	0.8823084	5.229307	1.151199	0.693076	0.306924	2.622817
4608	-1249.196	-1459.326	210.1301	0.6863023	5.959527	1.151199	0.723565	0.276435	3.459599
4614	-1236.809	-1447.823	211.0138	0.7474831	5.959527	1.792513	0.743552	0.256448	2.603516
4620	-1241.504	-1453.128	211.6241	0.7537748	5.328065	1.283074	0.707978	0.292022	2.549545
4626	-1227.859	-1438.222	210.3622	0.6588616	5.328065	1.283074	0.747971	0.252029	3.36704
4632	-1239.293	-1449.999	210.7061	0.7764722	4.88344	1.283074	0.785375	0.214625	3.166931
4638	-1257.826	-1467.966	210.14	0.5623904	4.749167	1.283074	0.742727	0.257273	3.647033
4644	-1262.583	-1471.796	209.2138	0.5088476	4.409944	1.593372	0.715638	0.284362	4.132589
4650	-1239.401	-1449.68	210.2792	0.4670689	5.730412	1.188047	0.807154	0.192846	3.514404
4656	-1243.055	-1453.563	210.508	0.6307098	4.895057	1.456976	0.803895	0.196105	3.287378
4662	-1247.172	-1457.689	210.5177	0.7700142	4.895057	0.8692303	0.755575	0.244425	3.511759
4668	-1232.864	-1443.349	210.4848	0.6351098	5.79926	0.9943908	0.755575	0.244425	3.392089
4674	-1229.67	-1440.358	210.6881	0.7448655	5.726494	1.846851	0.734035	0.265965	2.819052
4680	-1237.697	-1448.012	210.315	0.637881	7.371649	1.225839	0.741312	0.258688	3.156043
4686	-1238.192	-1448.852	210.6597	0.507125	8.6196	0.7784071	0.730937	0.269063	3.156043
4692	-1245.362	-1456.426	211.0644	0.7786644	6.214706	1.18163	0.72597	0.27403	2.795716
4698	-1251.15	-1461.981	210.8309	0.6813507	6.214706	1.18163	0.796154	0.203846	2.995683
4704	-1236.594	-1448.36	211.7669	0.8235209	6.485732	1.066929	0.782746	0.217254	2.358301
4710	-1240.812	-1451.476	210.6641	0.7337682	6.546645	1.473782	0.745952	0.254048	2.876337
4716	-1243.523	-1454.353	210.8303	0.5582209	6.546645	1.48639	0.719713	0.280287	2.876337
4722	-1244.436	-1455.19	210.7545	0.7158084	6.546645	1.48639	0.775117	0.224883	2.826783
4728	-1220.803	-1431.29	210.4862	0.7112926	6.546645	1.596117	0.708862	0.291138	2.944039
4734	-1233.554	-1444.17	210.6161	0.8604155	5.397508	1.596117	0.648973	0.351027	2.944039
4740	-1224.592	-1435.245	210.6527	0.7812317	6.904201	1.596117	0.70905	0.29095	2.753046
4746	-1225.568	-1436.526	210.9578	0.7761482	6.904201	0.8315393	0.781549	0.218451	2.980202
4752	-1256.583	-1466.567	209.9845	0.65605	4.518821	1.620351	0.72553	0.27447	3.575022
4758	-1253.807	-1463.965	210.1582	0.8877599	4.532872	2.441995	0.665237	0.334763	3.050471
4764	-1258.106	-1468.608	210.5025	0.8178275	3.700585	2.441995	0.623037	0.376963	3.050471
4770	-1236.461	-1447.528	211.0675	0.6621588	5.85384	1.126786	0.693555	0.306445	2.946692
4776	-1236.171	-1447.238	211.0673	0.8241198	5.85384	1.062128	0.728085	0.271915	2.885518
4782	-1245.448	-1456.145	210.6967	0.6036821	5.368625	1.253159	0.728085	0.271915	3.210726
4788	-1243.822	-1454.803	210.9812	0.816304	4.667579	2.050256	0.725834	0.274166	2.698108
4794	-1251.507	-1462.77	211.2629	0.8456968	4.461199	1.784741	0.779953	0.220047	2.64431
4800	-1238.023	-1449.219	211.1954	0.7392428	4.822948	1.725217	0.671172	0.328828	2.70872
4806	-1251.841	-1463.298	211.4567	0.7016476	5.248602	1.259148	0.77381	0.22619	2.710551
4812	-1245.132	-1455.728	210.596	0.6541484	6.509213	0.9529478	0.784936	0.215064	3.241456
4818	-1247.676	-1458.184	210.5081	0.53627	7.411933	0.9388486	0.704574	0.295426	3.257777
4824	-1254.265	-1465.132	210.8678	0.5759548	6.35703	1.539888	0.763015	0.236985	2.845355
4830	-1256.79	-1467.845	211.0547	0.8040954	6.354575	1.728296	0.795666	0.204334	2.510828
4836	-1243.28	-1454.527	211.2469	0.6301853	6.354575	1.183238	0.664854	0.335146	2.754294
4842	-1244.194	-1455.327	211.1324	0.6240806	6.89718	1.183238	0.723831	0.276169	2.754294
4848	-1247.617	-1458.219	210.6019	0.5494895	6.718077	1.20956	0.724944	0.275056	3.128476
4854	-1244.179	-1455.004	210.8252	0.7107553	6.718077	1.068523	0.705148	0.294852	2.975022
4860	-1232.073	-1443.23	211.1568	0.7959838	6.718077	1.068523	0.717168	0.282832	2.722211
4866	-1236.58	-1447.937	211.3563	0.9813787	6.487434	1.121701	0.788624	0.211376	2.485083
4872	-1253.814	-1466.635	212.8216	1.31393	6.180494	1.126915	0.830945	0.169055	1.292234
4878	-1253.413	-1466.056	212.643	1.326109	6.180494	1.320502	0.792437	0.207563	1.292234
4884	-1246.987	-1457.55	210.5624	0.8868989	6.012787	1.089987	0.771112	0.228888	3.111827
4890	-1242.302	-1453.022	210.7203	0.726223	6.283808	0.9932119	0.738852	0.261148	3.131203
4896	-1240.74	-1450.915	210.175	0.858103	6.099051	0.9932119	0.68561	0.31439	3.400947
4902	-1245.184	-1456.571	211.3873	0.817361	3.953597	1.40894	0.732146	0.267854	2.847128
4908	-1252.747	-1463.331	210.5843	0.7083035	4.02667	2.018148	0.732146	0.267854	3.135997
4914	-1242.341	-1453.236	210.8955	0.7428738	5.826285	1.370143	0.77001	0.22999	2.881464
4920	-1236.662	-1447.312	210.6499	0.7245921	5.826285	1.166995	0.68757	0.31243	3.141583
4926	-1242.321	-1453.057	210.7362	0.6352095	5.826285	1.633202	0.65893	0.34107	2.925944
4932	-1250.076	-1460.826	210.7499	0.6520662	5.507855	1.634217	0.707027	0.292973	2.955666
4938	-1253.601	-1463.987	210.3857	0.7973947	5.444914	2.005721	0.626883	0.373117	2.955666
4944	-1229.605	-1440.02	210.4147	0.7397674	4.9053	1.040892	0.717098	0.282902	3.483973
4950	-1227.757	-1438.539	210.7823	0.6781087	5.924496	0.9175188	0.727946	0.272054	3.22021
4956	-1239.146	-1449.724	210.5784	0.6319017	5.924496	1.097926	0.718412	0.281588	3.261856
4962	-1237.757	-1448.502	210.7453	0.5627551	6.522226	1.089321	0.709154	0.290846	3.125644
4968	-1239.37	-1450.611	211.2407	0.6650865	6.187459	1.089321	0.772193	0.227807	2.812524
4974	-1248.891	-1459.906	211.0153	0.7080848	6.228316	1.248842	0.741933	0.258067	2.831309
4980	-1230.613	-1441.488	210.8748	0.7785165	6.409114	1.227751	0.726831	0.273169	2.859323
4986	-1230.238	-1440.525	210.2865	0.6579164	6.073726	0.9873196	0.726831	0.273169	3.459857
4992	-1247.607	-1456.677	209.0699	0.8375411	6.073726	1.117637	0.762482	0.237518	3.986463
4998	-1244.898	-1456.44	211.5418	0.9396637	6.39794	0.9304371	0.798508	0.201492	2.525419
5004	-1250.338	-1461.731	211.3932	1.042767	4.924764	1.852752	0.777334	0.222666	2.326605
5010	-1238.842	-1450.142	211.3006	0.8833152	4.924764	1.852752	0.672173	0.327827	2.485695
5016	-1247.574	-1458.78	211.206	0.9240115	4.276969	1.852752	0.672173	0.327827	2.640142
5022	-1251.201	-1461.832	210.6305	1.009986	5.806293	2.503037	0.707021	0.292979	2.455146
5028	-1236.353	-1447.386	211.0327	0.8266746	6.925877	1.138287	0.72196	0.27804	2.71212
5034	-1233.397	-1444.399	211.003	1.004347	6.057839	1.138287	0.663278	0.336722	2.741833
5040	-1240.765	-1452.146	211.3805	0.8140328	6.057839	1.380923	0.768084	0.231916	2.499982
5046	-1248.463	-1460.14	211.677	1.081084	6.057839	1.534999	0.730124	0.269876	2.064702
5052	-1249.747	-1461.185	211.4384	1.039856	6.057839	1.962959	0.750124	0.249876	2.064702
5058	-1253.487	-1465.06	211.5732	1.002478	6.490367	1.651659	0.750124	0.249876	2.064702
5064	-1252.587	-1463.884	211.2965	1.021194	6.278151	2.137023	0.76305	0.23695	2.070238
5070	-1238.967	-1449.814	210.8476	0.9231681	6.205438	1.422183	0.76305	0.23695	2.72072
5076	-1235.852	-1445.955	210.1031	0.7172894	6.205438	1.422183	0.714519	0.285481	3.291081
5082	-1242.781	-1453.979	211.1975	0.8899544	8.939599	1.422183	0.741609	0.258391	2.176651
5088	-1234.238	-1445.371	211.1324	1.02913	8.072562	0.9277814	0.736576	0.263424	2.510201
5094	-1235.824	-1447.189	211.3653	0.9340591	8.072562	0.9833287	0.765752	0.234248	2.387433
5100	-1245.79	-1457.81	212.0204	1.069181	8.072562	0.9141809	0.752356	0.247644	1.919154
5106	-1249.47	-1460.443	210.9729	1.032155	8.072562	0.8708948	0.724535	0.275465	2.645427
5112	-1258.931	-1470.242	211.3105	1.032155	8.072562	1.622402	0.724535	0.275465	2.016347
5118	-1253.328	-1464.424	211.0958	0.9893258	8.023127	1.898043	0.744138	0.255862	2.074541
5124	-1247.103	-1458.165	211.062	0.9993694	6.009972	1.688134	0.685782	0.314218	2.451444
5130	-1260.716	-1471.949	211.2334	1.01687	6.009972	1.461086	0.685782	0.314218	2.433746
5136	-1248.933	-1459.303	210.3696	0.8305032	6.009972	1.5961	0.712128	0.287872	3.017455
5142	-1240.749	-1451.721	210.972	0.7044658	6.009972	1.5961	0.712128	0.287872	2.729042
5148	-1239.113	-1450.013	210.8996	0.7978285	7.89926	1.315205	0.655902	0.344098	2.596865
5154	-1249.476	-1460.599	211.1229	0.8579199	8.144951	1.315205	0.762891	0.237109	2.390514
5160	-1246.635	-1456.967	210.3313	0.5565246	6.293528	1.241249	0.8201	0.1799	3.325052
5166	-1257.833	-1468.508	210.6753	0.6580332	6.293528	1.241249	0.803603	0.196397	3.060946
5172	-1248.61	-1459.881	211.2703	0.8457731	4.685974	1.158883	0.658685	0.341315	2.885868
5178	-1239.688	-1450.057	210.3691	0.6037433	6.054751	1.264119	0.677995	0.322005	3.296768
5184	-1258.21	-1468.211	210.0015	0.8392914	4.895067	1.496875	0.662666	0.337334	3.444876
5190	-1258.123	-1469.097	210.9743	0.8006109	7.212174	1.056657	0.69961	0.30039	2.773451
5196	-1259.933	-1470.009	210.0757	0.6086027	6.677553	1.056657	0.811065	0.188935	3.490964
5202	-1256.72	-1467.029	210.3091	0.6642609	6.964843	1.30453	0.754608	0.245392	3.155105
5208	-1252.883	-1462.941	210.0583	0.7294732	7.295569	1.516018	0.76323	0.23677	3.127368
5214	-1237.92	-1448.648	210.7282	0.6715061	7.295569	1.377721	0.718582	0.281418	2.822307
5220	-1238.087	-1449.555	211.4679	0.7637247	6.002265	1.556945	0.73884	0.26116	2.402523
5226	-1242.038	-1453.547	211.5092	0.835618	6.002265	1.825037	0.720812	0.279188	2.215608
5232	-1234.147	-1444.928	210.7805	0.871012	5.99987	1.825037	0.659701	0.340299	2.652529
5238	-1251.719	-1462.747	211.028	0.747014	5.611474	1.53113	0.732222	0.267778	2.757426
5244	-1233.515	-1444.726	211.2106	0.7366523	7.294755	0.8966546	0.734081	0.265919	2.757426
5250	-1237.935	-1449.051	211.1161	0.7426901	9.575539	1.007973	0.783825	0.216175	2.483317
5256	-1242.536	-1453.516	210.9802	0.7515131	9.575539	1.007973	0.801435	0.198565	2.562525
5262	-1252.937	-1464.206	211.2692	0.913094	6.970968	1.082804	0.73814	0.26186	2.538406
5268	-1257.685	-1469.146	211.4608	0.6023516	6.970968	1.190391	0.794604	0.205396	2.551719
5274	-1245.933	-1457.263	211.33	0.9379622	7.797783	1.384064	0.750677	0.249323	2.214293
5280	-1248.372	-1460.273	211.9014	1.033225	5.864056	1.429773	0.824585	0.175415	2.030642
5286	-1236.617	-1448.789	212.1717	1.100757	8.42539	0.8637462	0.831468	0.168532	1.786841
5292	-1248.043	-1460.205	212.1623	0.9502317	7.465974	1.142559	0.831468	0.168532	1.831189
5298	-1250.617	-1461.801	211.1839	0.8517012	7.225281	1.142559	0.733564	0.266436	2.562132
5304	-1247.99	-1459.905	211.9141	0.9899469	5.913915	0.7909875	0.777077	0.222923	2.430145
5310	-1253.739	-1465.726	211.987	1.059721	7.960623	0.7571986	0.777077	0.222923	2.081711
5316	-1242.291	-1454.731	212.4399	1.194348	6.200031	0.7324809	0.777077	0.222923	1.958797
5322	-1241.779	-1453.514	211.7347	0.9362509	6.079296	1.680798	0.777077	0.222923	2.051806
5328	-1254.298	-1466.499	212.2014	0.7388409	6.398811	1.21285	0.73641	0.26359	2.059373
5334	-1250.353	-1462.358	212.0053	1.174694	4.947827	1.368567	0.753412	0.246588	2.059373
5340	-1242.026	-1453.836	211.8099	0.80291	4.947827	1.713336	0.716083	0.283917	2.266639
5346	-1234.147	-1445.588	211.441	0.961296	4.947827	1.763966	0.712344	0.287656	2.379594
5352	-1225.024	-1437.219	212.195	0.9323922	4.740736	1.763966	0.715742	0.284258	1.946382
5358	-1228.846	-1440.927	212.0807	0.9665254	5.344945	1.443503	0.715742	0.284258	2.036978
5364	-1241.882	-1454.031	212.1486	0.7311237	5.244886	1.445714	0.760662	0.239338	2.1634
5370	-1244.086	-1455.994	211.9082	0.7926305	5.61265	1.445714	0.729751	0.270249	2.216813
5376	-1244.346	-1455.779	211.4335	0.8377831	6.167898	1.587259	0.698771	0.301229	2.338744
5382	-1246.25	-1457.581	211.3313	0.8870436	4.253294	1.587259	0.736201	0.263799	2.698492
5388	-1244.709	-1455.86	211.1511	0.8225697	4.253294	1.587259	0.683325	0.316675	2.847721
5394	-1248.822	-1458.909	210.0875	0.664461	4.253294	1.952322	0.669369	0.330631	3.434058
5400	-1254.42	-1465.244	210.8234	0.6055292	4.901246	1.952322	0.720052	0.279948	2.915972
5406	-1252.997	-1464.27	211.2731	0.6597236	5.071035	1.952322	0.745252	0.254748	2.578684
5412	-1246.059	-1457.647	211.5883	0.8973627	8.01474	1.151453	0.725912	0.274088	2.172442
5418	-1245.38	-1456.389	211.0093	1.03	6.395374	1.151453	0.717124	0.282876	2.666487
5424	-1245.551	-1457.026	211.4753	0.8120516	6.395374	1.140149	0.787637	0.212363	2.519106
5430	-1254.734	-1466.302	211.5683	0.7328609	6.823262	0.8777098	0.804136	0.195864	2.613807
5436	-1259.439	-1470.92	211.481	0.662477	6.188463	0.9547983	0.7193	0.2807	2.748243
5442	-1242.041	-1453.5	211.4587	0.9838819	4.465046	1.287949	0.756193	0.243807	2.659676
5448	-1252.189	-1462.831	210.6412	0.7355715	5.38538	0.8363548	0.789905	0.210095	3.402719
5454	-1244.578	-1454.631	210.0523	0.5796128	9.275076	0.792223	0.813685	0.186315	3.395027
5460	-1239.281	-1450.366	211.0849	0.8195374	9.275076	0.792223	0.828294	0.171706	2.631323
5466	-1231.807	-1443.927	212.1202	0.8195374	9.275076	0.792223	0.828294	0.171706	1.96858
5472	-1221.686	-1432.819	211.1335	0.685862	9.275076	1.062879	0.768943	0.231057	2.505593
5478	-1241.033	-1451.795	210.7622	0.6333024	7.153003	1.142533	0.787813	0.212187	2.962254
5484	-1239.997	-1450.683	210.6859	0.5999018	7.534834	1.142712	0.730163	0.269837	2.981255
5490	-1246.187	-1456.455	210.2671	0.565951	7.534834	1.421564	0.761444	0.238556	3.113535
5496	-1254.027	-1464.515	210.4876	0.8576374	7.534834	1.421564	0.723528	0.276472	2.805309
5502	-1239.925	-1451.014	211.0893	0.7994459	4.019339	1.362801	0.611807	0.388193	3.045707
5508	-1248.727	-1460.065	211.3383	0.8559922	4.019339	1.236103	0.620302	0.379698	2.924582
5514	-1246.239	-1456.817	210.5781	0.8092737	4.118982	2.008456	0.620302	0.379698	3.064631
5520	-1245.818	-1456.159	210.3409	0.4339579	3.509821	1.987541	0.694837	0.305163	3.558453
5526	-1245.33	-1455.166	209.8365	0.5664985	4.711128	1.677983	0.684975	0.315025	3.656586
5532	-1248.483	-1458.44	209.9571	0.5368215	4.711128	1.767318	0.699923	0.300077	3.569641
5538	-1248.5	-1458.359	209.8582	0.5958895	5.265322	1.594809	0.741014	0.258986	3.569641
5544	-1250.108	-1459.677	209.5688	0.5877469	4.576853	1.594809	0.739124	0.260876	3.854775
5550	-1244.04	-1454.31	210.2705	0.6719201	4.608337	1.69292	0.702757	0.297243	3.353962
5556	-1245.351	-1455.074	209.7229	0.5518244	5.635207	1.479655	0.68016	0.31984	3.665787
5562	-1251.172	-1462.09	210.9183	0.8610472	4.561387	1.225111	0.705924	0.294076	3.075686
5568	-1259.968	-1470.42	210.4517	0.8371618	4.561387	1.103679	0.736408	0.263592	3.429585
5574	-1247.112	-1457.315	210.2034	0.4662759	4.774376	1.175575	0.780268	0.219732	3.714959
5580	-1256.679	-1467.072	210.3928	0.6241733	4.774376	1.816333	0.642424	0.357576	3.233792
5586	-1246.909	-1457.853	210.9437	0.4570222	4.470874	1.816333	0.642424	0.357576	3.059611
5592	-1253.311	-1464.44	211.1289	0.5108873	4.789748	1.515478	0.689159	0.310841	2.98154
5598	-1241.642	-1452.451	210.8088	0.5278179	5.931074	1.515478	0.689159	0.310841	2.98154
5604	-1236.517	-1447.54	211.0222	0.8269014	5.235029	1.515478	0.724799	0.275201	2.779398
5610	-1234.879	-1444.941	210.0616	0.5280347	6.007305	1.875612	0.692014	0.307986	3.27169
5616	-1251.489	-1461.645	210.1556	0.7021417	7.125743	1.870206	0.802426	0.197574	2.96456
5622	-1245.434	-1456.446	211.0126	0.7019253	7.432878	1.870206	0.760801	0.239199	2.398704
5628	-1249.214	-1460.253	211.0393	0.8391994	7.432878	1.74237	0.751307	0.248693	2.346343
5634	-1248.432	-1459.627	211.1951	0.709437	4.678069	1.74237	0.751307	0.248693	2.746214
5640	-1262.776	-1473.868	211.0916	0.9784219	5.88414	1.74237	0.654599	0.345401	2.442694
5646	-1249.253	-1460.407	211.154	0.5909009	5.88414	1.74237	0.691262	0.308738	2.645047
5652	-1246	-1456.824	210.8244	0.9051646	6.488016	2.195491	0.632602	0.367398	2.397507
5658	-1242.143	-1452.913	210.7701	0.6682852	5.712731	2.195491	0.69441	0.30559	2.693755
5664	-1240.045	-1450.028	209.9831	0.6960271	5.712731	1.66324	0.664821	0.335179	3.342533
5670	-1251.828	-1462.186	210.3588	0.6816462	5.341421	1.66324	0.718569	0.281431	3.185871
5676	-1246.868	-1457.107	210.239	0.6637529	6.417404	1.182727	0.723534	0.276466	3.329282
5682	-1245.583	-1455.952	210.3687	0.6779383	7.305166	1.182727	0.739718	0.260282	3.130643
5688	-1251.564	-1462.087	210.5224	0.360564	8.379993	1.404497	0.7229	0.2771	2.995035
5694	-1229.999	-1441.105	211.1056	0.6119319	5.473029	1.49052	0.710769	0.289231	2.832206
5700	-1233.584	-1444.451	210.8671	0.5711971	6.782301	1.506798	0.72061	0.27939	2.805425
5706	-1228.644	-1438.752	210.1075	0.5949701	5.839509	1.787127	0.70978	0.29022	3.262089
5712	-1236.738	-1446.177	209.4387	0.5449709	4.670546	1.634726	0.751055	0.248945	3.921971
5718	-1250.234	-1459.901	209.6661	0.6682229	4.843661	0.9893321	0.751055	0.248945	3.997056
5724	-1247.342	-1457.569	210.2275	0.5491383	4.843661	1.332938	0.699352	0.300648	3.564388
5730	-1234.783	-1445.895	211.1123	0.7665097	5.689065	1.009709	0.817437	0.182563	2.948735
5736	-1243.823	-1454.861	211.0373	0.6419853	5.689065	1.009709	0.798673	0.201327	3.068418
5742	-1269.924	-1480.252	210.3277	0.6492369	5.625051	1.681571	0.7509	0.2491	3.172452
5748	-1258.774	-1469.661	210.8872	0.7096453	5.778319	1.486739	0.701858	0.298142	2.859998
5754	-1259.96	-1470.188	210.228	0.4845902	5.609841	1.572657	0.701858	0.298142	3.37505
5760	-1267.873	-1477.42	209.547	0.6129454	5.146301	1.711561	0.683077	0.316923	3.712734
5766	-1262.728	-1472.177	209.4497	0.6440579	5.146301	1.110869	0.705048	0.294952	4.018983
5772	-1264.849	-1475.02	210.1705	0.5500805	4.788782	1.273202	0.730228	0.269772	3.634529
5778	-1251.047	-1461.591	210.5438	0.6392225	4.788782	1.273202	0.735505	0.264495	3.364765
5784	-1242.067	-1452.832	210.7654	0.7912217	4.788782	1.273202	0.613676	0.386324	3.144067
5790	-1255.076	-1465.817	210.7406	0.8437601	3.391432	1.783514	0.635448	0.364552	3.183205
5796	-1257.398	-1468.526	211.1278	0.9208894	5.561976	1.783514	0.62488	0.37512	2.490051
5802	-1251.706	-1463.724	212.018	1.086612	4.43024	2.048424	0.62488	0.37512	1.907737
5808	-1260.816	-1472.876	212.0603	1.295237	4.43024	1.324826	0.677663	0.322337	2.067644
5814	-1251.435	-1462.148	210.7123	0.6096076	6.33848	1.132046	0.81023	0.18977	3.118837
5820	-1244.256	-1456.192	211.936	1.089511	7.312609	1.052678	0.722539	0.277461	1.968262
5826	-1247.129	-1459.153	212.0244	0.9922163	7.312609	1.200527	0.787873	0.212127	1.882879
5832	-1248.191	-1459.98	211.7895	1.061342	5.707792	1.578761	0.673156	0.326844	2.03954
5838	-1241.638	-1453.045	211.4062	1.023017	5.001936	2.313676	0.715876	0.284124	2.147799
5844	-1248.583	-1459.586	211.0038	0.6868715	7.898421	1.879089	0.80252	0.19748	2.35231
5850	-1247.485	-1458.526	211.0414	0.7159925	6.008539	1.520584	0.80252	0.19748	2.712643
5856	-1238.527	-1449.205	210.6778	0.6908551	6.660271	1.818301	0.743451	0.256549	2.735173
5862	-1241.526	-1452.398	210.8724	0.6938158	5.218376	1.048145	0.651511	0.348489	3.186452
5868	-1258.053	-1468.547	210.4939	0.6941876	5.678031	1.532056	0.670307	0.329693	3.100766
5874	-1251.279	-1461.772	210.4933	0.6941876	4.726822	1.532056	0.652437	0.347563	3.254672
5880	-1250.164	-1461.371	211.207	0.9456416	5.285334	1.818578	0.623207	0.376793	2.456433
5886	-1245.9	-1457.92	212.0201	1.135766	4.626232	0.9139439	0.696934	0.303066	2.402855
5892	-1253.788	-1466.081	212.2933	1.004442	4.626232	1.087145	0.782585	0.217415	2.201436
5898	-1252.292	-1464.745	212.4528	1.03004	5.406834	1.347463	0.795868	0.204132	1.78118
5904	-1245.9	-1458.388	212.4882	1.21785	5.4068	0.6813045	0.787541	0.212459	2.085841
5910	-1245.279	-1455.906	210.6273	0.4165155	5.582986	1.238485	0.792155	0.207845	3.336539
5916	-1246.437	-1457.079	210.6421	0.7264435	4.924047	0.9058431	0.668292	0.331708	3.436353
5922	-1255.948	-1468.063	212.1149	0.9073606	4.612193	1.414207	0.706342	0.293658	2.203064
5928	-1247.734	-1459.874	212.1402	1.081397	4.612193	1.735515	0.706342	0.293658	1.921047
5934	-1250.75	-1461.403	210.6527	0.5946121	8.303605	1.136284	0.70798	0.29202	2.919206
5940	-1259.114	-1470.012	210.898	0.7015335	5.859969	2.543039	0.75398	0.24602	2.460256
5946	-1258.103	-1468.547	210.4446	0.78871	4.041926	2.543039	0.720879	0.279121	3.002025
5952	-1243.292	-1453.89	210.5977	0.6603005	5.107987	1.45451	0.6328	0.3672	3.182575
5958	-1237.868	-1448.096	210.228	0.7437981	4.623965	1.651185	0.647835	0.352165	3.350495
5964	-1234.062	-1445.558	211.4955	0.9277996	4.671076	1.651185	0.623451	0.376549	2.46409
5970	-1242.014	-1453.779	211.7648	0.890193	6.239466	1.732018	0.784603	0.215397	2.014773
5976	-1236.318	-1447.213	210.8955	0.9378413	6.130236	1.29216	0.673871	0.326129	2.756386
5982	-1242.792	-1453.174	210.3817	0.7333276	6.447781	1.29216	0.586068	0.413932	3.144584
5988	-1243.737	-1454.524	210.7871	0.63441	7.502347	1.29216	0.709794	0.290206	2.825363
5994	-1233.857	-1444.48	210.6223	0.5798496	7.232807	1.29216	0.726625	0.273375	2.99093
6000	-1263.5	-1474.716	211.2166	0.9198255	5.462944	1.644091	0.793923	0.206077	2.508938
6006	-1246.407	-1458.704	212.2971	1.145538	6.33543	0.9572504	0.774669	0.225331	1.894199
6012	-1248.985	-1459.742	210.7571	0.6001041	7.560392	0.8662559	0.778439	0.221561	3.100995
6018	-1246.987	-1457.715	210.7273	0.6969548	6.108509	1.175894	0.726675	0.273325	3.066404
6024	-1242.722	-1453.486	210.7635	0.5931307	5.598785	1.051079	0.656076	0.343924	3.24965
6030	-1238.45	-1449.74	211.2898	0.6843915	5.358585	1.090431	0.740208	0.259792	2.895745
6036	-1225.164	-1435.748	210.5847	0.6441872	5.358585	1.12607	0.740208	0.259792	3.320326
6042	-1234.419	-1444.877	210.4583	0.5276276	5.358585	1.620453	0.763586	0.236414	3.232804
6048	-1234.563	-1445.224	210.6619	0.6048006	4.836266	1.682105	0.652155	0.347845	3.126854
6054	-1235.174	-1445.65	210.4766	0.6161769	5.213597	1.923999	0.726551	0.273449	3.075855
6060	-1247.627	-1459.479	211.8519	0.8050827	5.445567	1.515241	0.738549	0.261451	2.239646
6066	-1244.751	-1455.818	211.0678	0.6373559	5.328386	1.515241	0.61488	0.38512	2.851853
6072	-1243.681	-1454.542	210.8609	0.8471919	5.280083	1.339812	0.704855	0.295145	2.938803
6078	-1249.95	-1460.401	210.4511	0.6318741	6.226659	2.024022	0.689907	0.310093	2.893059
6084	-1235.445	-1445.76	210.3149	0.6181652	4.875614	1.147686	0.673601	0.326399	3.559753
6090	-1248.901	-1459.504	210.6038	0.7263391	4.875614	1.129611	0.673601	0.326399	3.337115
6096	-1250.605	-1461.201	210.5957	0.7344522	4.875614	1.129611	0.71707	0.28293	3.337115
6102	-1241.823	-1452.991	211.1685	0.8565582	6.036341	1.551078	0.741261	0.258739	2.52953
6108	-1252.473	-1464.035	211.5622	0.9428213	3.63275	1.551078	0.741261	0.258739	2.668116
6114	-1248.555	-1458.53	209.9745	0.8045069	4.884688	1.918479	0.6641	0.3359	3.318061
6120	-1248.722	-1460.059	211.3364	0.7998486	6.346294	1.771669	0.709197	0.290803	2.319211
6126	-1240.728	-1451.852	211.1238	0.6455497	5.645492	1.100264	0.783975	0.216025	2.968868
6132	-1239.9	-1450.873	210.9735	0.6455497	5.645492	1.100264	0.705343	0.294657	3.058987
6138	-1242.599	-1452.649	210.0497	0.5093604	5.645492	1.376886	0.705343	0.294657	3.544694
6144	-1249.106	-1460.769	211.6636	0.956101	4.02492	1.732433	0.73326	0.26674	2.434368
6150	-1245.255	-1455.726	210.4715	0.7096335	4.192671	1.40957	0.663396	0.336604	3.409031
6156	-1232.421	-1442.654	210.2328	0.4984321	6.00436	1.40957	0.667518	0.332482	3.377314
6162	-1232.099	-1442.358	210.2597	0.7223304	4.487187	1.79674	0.763117	0.236883	3.312387
6168	-1220.363	-1431.079	210.7158	0.7850431	4.487187	1.577561	0.654684	0.345316	3.092103
6174	-1221.248	-1432.24	210.9917	0.605722	4.180766	1.577561	0.724384	0.275616	3.092103
6180	-1225.493	-1436.306	210.8128	0.6962946	4.994345	1.388492	0.696824	0.303176	3.082095
6186	-1237.761	-1448.771	211.01	0.6633483	5.660246	1.388492	0.780119	0.219881	2.876764
6192	-1247.69	-1457.564	209.8734	0.6575536	3.899589	2.220254	0.730321	0.269679	3.542711
6198	-1263.49	-1474.43	210.9407	0.8360787	4.461372	1.77928	0.698194	0.301806	2.849268
6204	-1259.274	-1470.57	211.2961	0.9490136	4.461372	1.805654	0.690131	0.309869	2.551438
6210	-1255.499	-1467.872	212.3731	0.9741204	6.748097	1.362239	0.81934	0.18066	1.641736
6216	-1250.915	-1462.615	211.6996	0.7408972	6.748097	1.250962	0.806554	0.193446	2.311668
6222	-1244.132	-1455.825	211.693	0.904466	6.491448	1.250962	0.712776	0.287224	2.247691
6228	-1266.469	-1478.108	211.6392	0.7314339	6.491448	1.211218	0.800261	0.199739	2.413726
6234	-1259.087	-1469.786	210.6984	0.7497824	6.987484	1.743064	0.732127	0.267873	2.672459
6240	-1254.945	-1465.839	210.8941	0.6328091	5.346277	1.878838	0.734194	0.265806	2.809516
6246	-1249.318	-1460.39	211.0725	0.7270857	5.721623	2.204335	0.689691	0.310309	2.465308
6252	-1258.692	-1469.616	210.9245	0.7478775	6.342197	1.643788	0.727926	0.272074	2.663256
6258	-1245.1	-1455.77	210.67	0.8749189	5.201892	1.726657	0.61294	0.38706	2.880839
6264	-1252.892	-1463.84	210.9483	0.8614346	5.157271	1.726657	0.749145	0.250855	2.727088
6270	-1246.97	-1457.557	210.5867	0.7987188	6.166077	1.726657	0.777512	0.222488	2.829767
6276	-1261.413	-1473.326	211.9134	0.9730432	5.483922	1.726657	0.830385	0.169615	1.986894
6282	-1254.161	-1465.943	211.782	0.9392805	6.150343	1.726657	0.740544	0.259456	1.986894
6288	-1260.454	-1471.354	210.9004	0.8728762	7.238377	1.726657	0.672777	0.327223	2.444409
6294	-1253.401	-1464.391	210.9901	0.7880603	8.073354	1.186614	0.721686	0.278314	2.593611
6300	-1254.77	-1465.82	211.0499	0.6736437	6.183504	1.726657	0.739038	0.260962	2.620201
6306	-1248.111	-1458.639	210.5274	0.6018613	6.351781	1.659792	0.720154	0.279846	2.985297
6312	-1241.439	-1452.076	210.6369	0.7351884	5.925459	1.267406	0.781897	0.218103	3.076914
6318	-1256.158	-1466.942	210.784	0.5956426	5.925459	1.267406	0.778021	0.221979	3.072422
6324	-1247.136	-1457.825	210.6882	0.8385751	5.475323	1.431762	0.778021	0.221979	2.973709
6330	-1250.717	-1461.262	210.5448	0.5886618	6.498401	1.665802	0.77611	0.22389	2.960268
6336	-1245.067	-1455.729	210.6625	0.6833785	6.498401	1.665802	0.77611	0.22389	2.831874
6342	-1246.251	-1456.709	210.4582	0.7720191	6.019341	1.665802	0.689457	0.310543	2.969256
6348	-1239.481	-1451.367	211.8864	0.9457612	6.019341	1.665802	0.749396	0.250604	1.960789
6354	-1246.648	-1458.761	212.1125	1.173432	5.530684	2.080019	0.782698	0.217302	1.548447
6360	-1244.605	-1456.967	212.3628	1.173432	6.294214	1.309975	0.782698	0.217302	1.609376
6366	-1255.216	-1467.847	212.6313	1.128513	4.48072	1.309975	0.70979	0.29021	1.792271
6372	-1251.081	-1463.431	212.3493	1.174358	4.48072	1.394502	0.756159	0.243841	1.908028
6378	-1245.971	-1458.36	212.3889	1.131203	5.44906	1.575267	0.708497	0.291503	1.625998
6384	-1264.315	-1474.877	210.5619	0.5556328	7.599739	1.338375	0.673602	0.326398	2.974589
6390	-1256.535	-1468.802	212.2673	1.156722	7.587689	0.8896296	0.760515	0.239485	1.772263
6396	-1239.084	-1451.112	212.0279	0.8654132	6.425549	1.290734	0.781269	0.218731	2.042872
6402	-1243.217	-1454.99	211.7722	0.7705142	7.251246	1.290734	0.835788	0.164212	2.155536
6408	-1249.92	-1461.558	211.6376	0.8622674	5.679471	1.290734	0.719484	0.280516	2.412128
6414	-1260.326	-1471.814	211.4879	0.8576488	5.581899	1.181439	0.744257	0.255743	2.582368
6420	-1246.006	-1456.704	210.6981	0.7803936	8.412598	1.377461	0.80201	0.19799	2.642149
6426	-1250.896	-1461.534	210.6383	0.7511495	8.412598	1.204535	0.752298	0.247702	2.784174
6432	-1240.4	-1451.621	211.2217	0.8639206	9.381681	1.204535	0.741703	0.258297	2.24397
6438	-1242.233	-1453.424	211.1906	0.7878148	9.381681	1.339349	0.730354	0.269646	2.240563
6444	-1241.614	-1452.84	211.2268	0.765	8.897416	1.157226	0.751412	0.248588	2.382914
6450	-1245.762	-1457.243	211.4806	0.8680278	7.21444	0.8995901	0.780134	0.219866	2.518014
6456	-1253.458	-1464.308	210.8505	0.7567261	5.997572	1.457673	0.750984	0.249016	2.834194
6462	-1250.494	-1460.959	210.465	0.6447017	7.829141	1.29062	0.746002	0.253998	2.975599
6468	-1232.386	-1443.456	211.0693	0.6713719	7.386042	1.29062	0.736508	0.263492	2.645163
6474	-1229.354	-1440.741	211.3874	0.8299382	7.386042	1.896791	0.786442	0.213558	2.070252
6480	-1244.838	-1457.253	212.4146	1.008263	7.248549	1.319235	0.854169	0.145831	1.534078
6486	-1254.41	-1466.789	212.379	1.18659	6.14042	1.319235	0.769688	0.230312	1.608752
6492	-1255.514	-1466.24	210.7261	0.6257463	7.641289	1.573872	0.7557	0.2443	2.720022
6498	-1254.428	-1465.35	210.9215	0.6809174	7.996762	1.415522	0.75991	0.24009	2.595103
6504	-1251.158	-1462.248	211.09	0.8478922	7.576447	1.415522	0.75991	0.24009	2.436735
6510	-1250.674	-1461.641	210.9661	0.6459245	5.502814	2.239585	0.693804	0.306196	2.605015
6516	-1240.108	-1451.861	211.7533	0.7137895	5.502814	1.496943	0.735988	0.264012	2.36003
6522	-1242.771	-1454.029	211.2585	0.7615833	4.57604	1.496943	0.735988	0.264012	2.798032
6528	-1244.684	-1456.16	211.4761	0.9187002	5.077959	0.7550203	0.810237	0.189763	2.904279
6534	-1248.513	-1460.546	212.0327	1.050477	5.430835	0.7550203	0.810237	0.189763	2.421692
6540	-1243.73	-1456.226	212.4963	1.334176	5.764326	1.375158	0.784387	0.215613	1.446594
6546	-1242.553	-1455.251	212.6981	1.221136	5.764326	1.209961	0.745454	0.254546	1.48259
6552	-1248.317	-1460.647	212.33	1.212744	5.764326	1.209961	0.797992	0.202008	1.755205
6558	-1241.829	-1453.198	211.3696	0.7884451	5.535005	1.73064	0.730649	0.269351	2.447364
6564	-1244.644	-1455.594	210.9494	0.7073995	5.535005	1.512553	0.745553	0.254447	2.849519
6570	-1253.549	-1463.839	210.2903	0.7084604	6.408154	2.2754	0.742443	0.257557	2.834231
6576	-1247.691	-1458.834	211.1433	0.8907617	5.440072	1.187912	0.722728	0.277272	2.792815
6582	-1249.528	-1461.21	211.6819	1.035712	6.342896	1.085919	0.782848	0.217152	2.286596
6588	-1232.778	-1444.395	211.6171	0.8394481	8.344462	1.276625	0.84373	0.15627	2.08058
6594	-1240.945	-1452.685	211.7401	0.7759753	8.377555	0.9408229	0.737899	0.262101	2.241032
6600	-1244.699	-1455.831	211.1321	0.6410958	10.20468	1.109977	0.824451	0.175549	2.41278
6606	-1240.97	-1452.247	211.2773	0.9507492	10.20468	0.8633397	0.799641	0.200359	2.282588
6612	-1248.858	-1460.084	211.226	0.9498099	10.20468	0.8006275	0.797924	0.202076	2.361722
6618	-1245.754	-1457.205	211.4508	1.063739	10.20468	0.9055591	0.792264	0.207736	2.066453
6624	-1244.426	-1455.463	211.0366	0.7699816	7.227628	1.336089	0.765788	0.234212	2.601699
6630	-1248.126	-1458.2	210.0743	0.4458508	9.504426	0.7798892	0.81555	0.18445	3.446758
6636	-1243.697	-1454.269	210.5714	0.5913611	7.299946	0.7798892	0.783021	0.216979	3.30659
6642	-1234.133	-1444.402	210.2686	0.5617983	6.58158	1.527328	0.730622	0.269378	3.187958
6648	-1245.31	-1455.792	210.4822	0.6869603	6.58158	1.840571	0.723372	0.276628	2.858714
6654	-1235.692	-1447.58	211.8886	0.832683	6.437595	1.526147	0.722966	0.277034	2.034678
6660	-1239.618	-1451.449	211.8314	0.8910853	6.437595	1.524455	0.717625	0.282375	2.034678
6666	-1253.921	-1465.251	211.3309	0.9419294	6.437595	1.992723	0.72204	0.27796	2.129815
6672	-1240.441	-1452.428	211.9867	0.9419294	6.437595	1.670819	0.782604	0.217396	1.826412
6678	-1244.766	-1456.676	211.9095	1.019143	6.437595	1.670819	0.766792	0.233208	1.826412
6684	-1238.964	-1450.964	211.9991	0.9508574	6.437595	1.696203	0.68275	0.31725	1.799952
6690	-1240.637	-1452.237	211.5999	0.9508574	7.718119	1.600794	0.81434	0.18566	1.932688
6696	-1248.049	-1459.887	211.8383	0.8842032	6.1682	1.774581	0.729266	0.270734	1.962373
6702	-1228.111	-1439.139	211.0273	0.6952672	4.593179	1.810095	0.672483	0.327517	2.845872
6708	-1232.434	-1443.055	210.6208	0.6008995	4.935922	1.642814	0.704885	0.295115	3.152541
6714	-1222.56	-1433.504	210.9448	0.6817789	4.616421	1.429142	0.727512	0.272488	3.058591
6720	-1229.855	-1440.783	210.928	0.5734437	6.247084	1.429142	0.747994	0.252006	2.875546
6726	-1234.861	-1445.592	210.7309	0.6475826	7.707775	1.187443	0.766717	0.233283	2.880752
6732	-1239.949	-1451.988	212.0392	0.9814301	5.357584	1.105996	0.766717	0.233283	2.236171
6738	-1245.103	-1456.82	211.7177	0.8580207	7.985478	0.7911033	0.732284	0.267716	2.356292
6744	-1246.7	-1457.86	211.1604	0.8350131	6.687538	1.270258	0.85512	0.14488	2.589532
6750	-1248.991	-1459.743	210.7511	0.6865333	6.01778	1.686098	0.735523	0.264477	2.835875
6756	-1238.106	-1449.137	211.0315	0.6396653	5.673074	1.46771	0.672997	0.327003	2.839488
6762	-1236.715	-1447.502	210.7873	0.7103791	6.394817	1.46771	0.780449	0.219551	2.839488
6768	-1243.107	-1454.306	211.1994	0.7076159	6.394817	1.197803	0.74097	0.25903	2.722522
6774	-1239.591	-1450.99	211.3983	0.799849	6.394817	1.197803	0.718515	0.281485	2.542811
6780	-1239.278	-1450.149	210.8717	0.5493947	8.130807	1.29814	0.746338	0.253662	2.748374
6786	-1245.704	-1456.447	210.7425	0.7250691	5.011137	1.256357	0.759556	0.240444	3.167622
6792	-1240.329	-1450.569	210.2406	0.4681929	5.376439	2.198468	0.764022	0.235978	3.184745
6798	-1242.14	-1452.601	210.4611	0.664998	4.776273	2.198468	0.667366	0.332634	3.035293
6804	-1253.634	-1465.07	211.4367	0.776411	6.087616	1.066568	0.620049	0.379951	2.652057
6810	-1245.341	-1456.909	211.5681	0.6875181	6.087616	1.066568	0.713133	0.286867	2.625831
6816	-1244.512	-1455.132	210.6205	0.7497727	6.678536	1.042822	0.737127	0.262873	3.094218
6822	-1260.523	-1471.103	210.5792	0.8022071	7.017508	1.147257	0.752393	0.247607	2.98526
6828	-1253.824	-1465.266	211.4423	0.9565932	5.456402	0.8929532	0.752393	0.247607	2.743061
6834	-1248.552	-1459.41	210.8584	0.7239043	7.582643	1.645489	0.752393	0.247607	2.554242
6840	-1256.829	-1466.582	209.753	0.7595843	7.113365	1.263298	0.700889	0.299111	3.428401
6846	-1253.93	-1465.508	211.5787	0.7888432	8.26979	1.009258	0.755342	0.244658	2.304225
6852	-1263.787	-1475.311	211.5246	0.8428926	8.26979	1.009258	0.793757	0.206243	2.304225
6858	-1259.615	-1471.615	212.0005	0.7285575	8.26979	0.9257336	0.815834	0.184166	2.126068
6864	-1252.577	-1464.438	211.8606	0.9343723	7.964967	0.9735319	0.76298	0.23702	2.087763
6870	-1249.763	-1461.048	211.2852	0.7643943	3.560764	1.195712	0.741162	0.258838	3.128882
6876	-1253.412	-1464.75	211.3386	0.7377669	5.340123	1.195712	0.785739	0.214261	2.778926
6882	-1247.529	-1457.916	210.3864	0.7377669	5.340123	1.195712	0.619787	0.380213	3.348206
6888	-1241.471	-1452.042	210.5713	0.697452	5.340123	1.195712	0.706608	0.293392	3.263059
6894	-1241.441	-1452.988	211.5472	0.6420606	5.092663	1.202836	0.706608	0.293392	2.747146
6900	-1249.493	-1460.725	211.2315	0.7886309	5.007008	1.4408	0.606413	0.393587	2.747146
6906	-1247.555	-1458.206	210.6509	0.8384549	4.941161	2.3221	0.619278	0.380722	2.747146
6912	-1244.931	-1456.063	211.1313	0.6308264	4.990732	1.465044	0.729074	0.270926	2.895648
6918	-1252.665	-1462.884	210.2188	0.6784658	5.781354	1.683801	0.732044	0.267956	3.195472
6924	-1255.2	-1466.076	210.8763	0.6830804	8.057511	1.066651	0.767814	0.232186	2.797165
6930	-1247.416	-1458.57	211.154	0.8388981	6.877931	1.104649	0.755178	0.244822	2.655408
6936	-1249.619	-1460.442	210.8235	0.6725442	6.310109	1.401341	0.731315	0.268685	2.882858
6942	-1241.342	-1452.469	211.1272	0.6534628	5.383943	1.830334	0.812607	0.187393	2.66661
6948	-1256.335	-1466.531	210.1965	0.7501483	5.365379	1.830334	0.782049	0.217951	3.173006
6954	-1257.273	-1467.821	210.5475	0.8662649	6.286051	1.830334	0.656111	0.343889	2.754778
6960	-1241.893	-1452.951	211.058	0.8497076	4.435061	1.830334	0.677597	0.322403	2.754778
6966	-1249.961	-1460.599	210.6385	0.7172542	4.815555	1.830334	0.645756	0.354244	3.019748
6972	-1251.961	-1462.321	210.3603	0.6834129	5.116516	1.887133	0.691495	0.308505	3.134259
6978	-1248.834	-1459.39	210.5554	0.5964889	4.436359	2.483968	0.718629	0.281371	2.992253
6984	-1250.945	-1461.84	210.895	0.5964889	4.826935	1.968007	0.713696	0.286304	2.885396
6990	-1262.654	-1474.527	211.8725	1.165087	6.27735	2.008087	0.746132	0.253868	1.626606
6996	-1245.104	-1457.115	212.0107	1.090393	4.547708	1.340192	0.736629	0.263371	2.202227
7002	-1250.119	-1459.819	209.6995	0.6310053	5.796457	1.377131	0.690996	0.309004	3.655264
7008	-1250.598	-1461.397	210.7987	0.6322738	5.796457	1.950254	0.682722	0.317278	2.771104
7014	-1238.005	-1449.333	211.3271	0.7425833	5.53144	1.308171	0.799626	0.200374	2.694303
7020	-1233.147	-1444.631	211.4836	0.7159965	5.53144	1.308171	0.799626	0.200374	2.614266
7026	-1236.197	-1446.712	210.5149	0.6768051	7.100852	1.136028	0.725785	0.274215	3.094383
7032	-1225.574	-1437.13	211.5565	0.7186837	5.396495	1.357086	0.831358	0.168642	2.56483
7038	-1232.257	-1443.342	211.0851	0.7893855	5.647561	1.411435	0.761282	0.238718	2.745578
7044	-1221.081	-1432.376	211.2946	0.652657	4.999589	1.505143	0.728024	0.271976	2.763702
7050	-1229.096	-1440.766	211.67	1.050681	4.999589	1.965048	0.759843	0.240157	2.084577
7056	-1249.499	-1460.839	211.3405	0.8109161	4.967716	2.04398	0.726004	0.273996	2.426539
7062	-1245.128	-1455.973	210.8445	0.5847994	4.615859	1.761274	0.655984	0.344016	3.037284
7068	-1240.91	-1451.672	210.7624	0.8125558	4.673941	1.761274	0.64308	0.35692	2.939444
7074	-1229.589	-1439.956	210.3668	0.7485554	4.438194	1.846012	0.696663	0.303337	3.224188
7080	-1225.16	-1435.379	210.219	0.6859974	5.054869	1.756859	0.771734	0.228266	3.275274
7086	-1238.15	-1449.344	211.1938	0.9161638	4.786432	1.346832	0.718762	0.281238	2.775365
7092	-1227.023	-1438.457	211.434	0.7431941	4.786432	1.512071	0.725308	0.274692	2.656915
7098	-1233.309	-1444.937	211.6283	0.7437332	4.786432	1.512071	0.696241	0.303759	2.536234
7104	-1244.164	-1455.226	211.0615	0.8239878	4.786432	2.311199	0.808907	0.191093	2.533688
7110	-1241.54	-1452.921	211.3804	0.7748574	4.50736	1.320506	0.771643	0.228357	2.811293
7116	-1236.1	-1446.594	210.4941	0.5325726	6.371663	1.181445	0.76007	0.23993	3.26309
7122	-1242.913	-1453.521	210.6086	0.6844342	7.266736	1.006495	0.79933	0.20067	3.08676
7128	-1245.803	-1457.136	211.3324	0.6950337	7.266736	0.9579279	0.813197	0.186803	2.672092
7134	-1250.073	-1461.617	211.5433	0.8764729	6.184129	1.089617	0.817015	0.182985	2.49612
7140	-1243.577	-1455.281	211.7036	0.8663567	4.526576	1.263766	0.745241	0.254759	2.581798
7146	-1241.487	-1453.209	211.7215	0.9146225	5.552433	1.263766	0.702158	0.297842	2.360652
7152	-1230.974	-1443.038	212.0644	1.19176	5.552433	1.345715	0.727472	0.272528	1.91162
7158	-1242.241	-1452.634	210.3934	0.899127	5.552433	2.780823	0.787132	0.212868	2.630214
7164	-1252.143	-1464.272	212.129	1.093992	5.996402	0.7629836	0.724662	0.275338	2.235909
7170	-1242.413	-1453.285	210.8721	0.8925241	4.195084	2.302649	0.714474	0.285526	2.723049
7176	-1245.591	-1456.386	210.7954	0.7237868	5.98753	1.857891	0.785121	0.214879	2.723049
7182	-1244.047	-1455.123	211.0761	0.6745996	6.886497	1.504874	0.795717	0.204283	2.600726
7188	-1240.773	-1452.001	211.2282	0.6786318	6.204334	1.504874	0.698984	0.301016	2.598988
7194	-1252.538	-1462.898	210.3601	0.5407497	5.17252	1.674525	0.715727	0.284273	3.290787
7200	-1251.174	-1461.911	210.7372	0.7090255	3.859437	1.48325	0.630013	0.369987	3.286138
7206	-1243.936	-1453.648	209.7112	0.5856993	3.859437	1.48325	0.686882	0.313118	3.953213
7212	-1249.011	-1459.882	210.8702	0.7009229	5.175473	1.219137	0.72134	0.27866	3.09785
7218	-1252.547	-1462.408	209.8607	0.4752304	5.175473	1.500837	0.73553	0.26447	3.691326
7224	-1253.828	-1463.084	209.256	0.7109826	5.175473	1.500837	0.72768	0.27232	3.90377
7230	-1237.742	-1448.503	210.761	0.8323704	6.107503	1.500837	0.72904	0.27096	2.807181
7236	-1247.244	-1457.129	209.8854	0.5865543	7.8191	1.379575	0.741596	0.258404	3.313543
7242	-1246.353	-1457.482	211.1292	0.6037212	7.8191	1.045374	0.741596	0.258404	2.731476
7248	-1251.624	-1462.917	211.2925	0.6677215	5.839474	1.045374	0.753543	0.246457	2.855815
7254	-1243.242	-1454.481	211.239	0.8371476	5.274656	1.227921	0.735087	0.264913	2.772729
7260	-1242.784	-1453.963	211.179	0.9370056	5.128027	1.227921	0.766073	0.233927	2.772729
7266	-1240.992	-1451.956	210.9633	0.8449776	5.128027	1.728416	0.757321	0.242679	2.732198
7272	-1247.254	-1457.689	210.4349	0.7336904	4.656955	1.418469	0.648891	0.351109	3.327795
7278	-1241.389	-1451.936	210.5469	0.5627354	4.656955	1.535724	0.688317	0.311683	3.311204
7284	-1239.754	-1450.163	210.4089	0.6653163	4.777608	1.535724	0.681929	0.318071	3.311204
7290	-1271.844	-1482.629	210.7849	0.7352014	5.563871	1.773258	0.668953	0.331047	2.81953
7296	-1252.664	-1462.705	210.0408	0.7313628	4.775843	1.746	0.771984	0.228016	3.40424
7302	-1250.298	-1460.827	210.5293	0.6772455	4.618944	1.798051	0.701307	0.298693	3.155501
7308	-1243.568	-1454.768	211.2002	0.777739	4.541833	2.053902	0.625802	0.374198	2.608955
7314	-1251.321	-1461.102	209.7811	0.4749534	5.477019	1.333152	0.663619	0.336381	3.765385
7320	-1258.187	-1467.641	209.4543	0.5786783	5.130612	1.432951	0.747055	0.252945	3.902056
7326	-1248.235	-1458.92	210.6853	0.7224436	5.130612	1.432951	0.647432	0.352568	3.099569
7332	-1253.348	-1464.497	211.1489	0.7731871	5.086695	1.290151	0.701788	0.298212	2.865701
7338	-1261.549	-1472.397	210.8472	0.6911213	5.000559	1.863171	0.655056	0.344944	2.865701
7344	-1246.008	-1457.762	211.7544	1.007277	5.745162	2.049355	0.682872	0.317128	1.892403
7350	-1253.401	-1464.234	210.8334	0.7546718	4.507576	2.337166	0.740495	0.259505	2.759919
7356	-1248.755	-1459.501	210.746	0.7093254	6.017297	2.168482	0.686822	0.313178	2.646314
7362	-1244.857	-1454.869	210.0113	0.7229783	6.017297	2.168482	0.751236	0.248764	3.083246
7368	-1254.526	-1465.245	210.7196	0.6474137	6.363349	2.168482	0.684034	0.315966	2.650605
7374	-1235.145	-1446.349	211.2038	0.7668098	6.363349	1.926282	0.720106	0.279894	2.360675
7380	-1241.224	-1452.653	211.429	0.748096	5.036615	1.850836	0.805494	0.194506	2.470984
7386	-1236.9	-1447.916	211.0156	0.7499524	6.936759	1.850836	0.796863	0.203137	2.439112
7392	-1242.559	-1454.416	211.8572	0.8790075	5.312104	1.362524	0.79809	0.20191	2.285806
7398	-1229.291	-1440.387	211.0962	0.7227174	6.023347	1.122651	0.755504	0.244496	2.870199
7404	-1229.433	-1440.154	210.7203	0.5916965	6.023347	1.122651	0.72583	0.27417	3.173933
7410	-1243.281	-1454.262	210.9804	0.7504799	5.010766	0.9597998	0.801297	0.198703	3.174995
7416	-1228.897	-1439.843	210.9459	0.623029	5.53695	1.406485	0.759996	0.240004	2.950367
7422	-1242.342	-1453.156	210.8136	0.8871114	4.74058	1.250428	0.712706	0.287294	3.077946
7428	-1242.371	-1453.952	211.5803	0.8543031	4.792342	1.250428	0.766836	0.233164	2.623591
7434	-1238.199	-1450.183	211.9844	0.8433962	7.617762	1.250428	0.77097	0.22903	1.940189
7440	-1239.211	-1451.097	211.8866	0.958398	5.904325	1.098456	0.767577	0.232423	2.264185
7446	-1238.683	-1449.676	210.9935	0.751903	5.562617	1.891151	0.823375	0.176625	2.63644
7452	-1246.808	-1458.072	211.2644	0.8104969	8.872141	1.128301	0.816186	0.183814	2.349631
7458	-1248.54	-1459.347	210.8068	0.8248735	8.872141	1.22815	0.803796	0.196204	2.572364
7464	-1238.544	-1450.015	211.4709	1.008304	6.214894	1.22815	0.711057	0.288943	2.37613
7470	-1251.579	-1463.212	211.6331	1.011334	5.548558	1.552464	0.740799	0.259201	2.213151
7476	-1258.527	-1469.77	211.2436	0.9605246	6.039114	1.552464	0.746604	0.253396	2.416257
7482	-1248.208	-1459.788	211.5806	1.030751	4.663304	1.66879	0.787951	0.212049	2.339257
7488	-1251.112	-1462.543	211.4311	0.9681324	5.860117	1.465521	0.787951	0.212049	2.360618
7494	-1245.762	-1457.267	211.5051	0.8965752	5.860117	1.193109	0.73982	0.26018	2.497584
7500	-1243.5	-1453.902	210.4024	0.7550258	6.361757	1.537001	0.771357	0.228643	3.018561
7506	-1250.809	-1461.931	211.122	0.819504	5.627089	1.595469	0.72212	0.27788	2.624624
7512	-1253.695	-1465.466	211.7708	0.885798	5.388704	0.8827869	0.692404	0.307596	2.602291
7518	-1251.375	-1462.645	211.2703	0.7371425	5.857659	1.172666	0.728117	0.271883	2.752606
7524	-1240.37	-1450.805	210.4354	0.6194424	4.788094	1.25309	0.760712	0.239288	3.449894
7530	-1259.419	-1470.078	210.6593	0.850532	3.876551	1.764584	0.685111	0.314889	3.12969
7536	-1240.247	-1451.08	210.8339	0.8720679	4.845014	1.764584	0.694109	0.305891	2.828663
7542	-1238.733	-1450.051	211.3177	0.8047701	4.845014	1.282634	0.775822	0.224178	2.789207
7548	-1235.589	-1446.674	211.0843	0.6370962	7.070026	1.282634	0.775822	0.224178	2.701296
7554	-1224.71	-1436.015	211.3049	0.7228559	5.734086	1.282634	0.722674	0.277326	2.701296
7560	-1224.215	-1436.089	211.8744	0.8604033	5.734086	1.13985	0.758303	0.241697	2.337178
7566	-1232.326	-1443.616	211.2898	0.9404715	5.734086	1.225299	0.639093	0.360907	2.606263
7572	-1232.592	-1444.117	211.5248	0.6997349	5.689523	1.245192	0.730943	0.269057	2.606263
7578	-1243.655	-1455.083	211.4276	0.8839437	5.689523	1.219723	0.669901	0.330099	2.565799
7584	-1253.364	-1464.281	210.9178	0.6516335	5.926774	1.219723	0.760135	0.239865	2.982769
7590	-1245.52	-1456.535	211.0148	0.5300536	5.791869	1.248125	0.819095	0.180905	3.002914
7596	-1252.636	-1463.148	210.5125	0.6729034	5.526587	1.421791	0.793931	0.206069	3.174154
7602	-1239.815	-1451.047	211.2327	0.6035689	6.367357	1.217436	0.767905	0.232095	2.759277
7608	-1224.279	-1434.415	210.1358	0.7037297	5.633199	1.217436	0.730171	0.269829	3.459371
7614	-1234.264	-1445.343	211.0787	0.8145842	7.380906	0.9061111	0.693135	0.306865	2.773368
7620	-1238.33	-1448.602	210.2715	0.4125379	6.932317	1.607577	0.69776	0.30224	3.195472
7626	-1242.122	-1452.39	210.2681	0.7138091	6.932317	1.054945	0.791507	0.208493	3.284882
7632	-1234.727	-1445.479	210.7523	0.5496105	8.013033	0.8868652	0.787462	0.212538	3.067968
7638	-1236.314	-1447.914	211.5996	0.6878391	8.103276	0.8701379	0.765143	0.234857	2.466836
7644	-1251.827	-1462.737	210.9093	0.9541219	8.15403	1.568199	0.739069	0.260931	2.342219
7650	-1247.805	-1459.557	211.7522	0.8901802	8.094161	0.7748861	0.80018	0.19982	2.313179
7656	-1251.259	-1462.869	211.6094	0.7759747	11.23637	0.7748861	0.831735	0.168265	2.148233
7662	-1250.246	-1461.639	211.3924	0.7318364	14.12452	0.7665239	0.822433	0.177567	2.081168
7668	-1245.107	-1456.721	211.6139	0.7589973	12.50868	1.032846	0.822349	0.177651	1.854496
7674	-1259.001	-1470.073	211.0719	0.6941887	7.16301	0.8088729	0.72328	0.27672	2.94376
7680	-1244.396	-1455.378	210.9818	0.7268144	6.868031	1.527018	0.780206	0.219794	2.61924
7686	-1246.347	-1457.701	211.3545	0.8395761	6.738674	1.503993	0.803531	0.196469	2.343298
7692	-1242.095	-1453.865	211.7699	0.8558076	6.092593	1.503993	0.74777	0.25223	2.160767
7698	-1231.78	-1443.501	211.7207	0.8249952	6.092593	1.62521	0.705971	0.294029	2.156747
7704	-1239.693	-1450.822	211.1286	0.7069337	6.092593	2.090041	0.800719	0.199281	2.425565
7710	-1245.648	-1456.937	211.2886	0.7994227	6.940903	1.130537	0.846989	0.153011	2.573483
7716	-1246.76	-1457.901	211.1415	0.7982207	8.745294	1.130537	0.80362	0.19638	2.447773
7722	-1244.258	-1455.267	211.0083	0.5447082	7.228072	1.740867	0.757324	0.242676	2.577492
7728	-1245.586	-1456.944	211.3579	0.7973133	7.95142	0.727415	0.78052	0.21948	2.671673
7734	-1235.442	-1446.65	211.2077	0.638367	6.035533	1.234506	0.769078	0.230922	2.791884
7740	-1241.079	-1451.862	210.7825	0.7224459	6.035533	1.07708	0.775676	0.224324	3.0826
7746	-1245.656	-1456.451	210.7945	0.8660113	5.427872	1.07708	0.635905	0.364095	3.080709
7752	-1248.928	-1459.709	210.7816	0.8317826	5.501129	2.050371	0.639412	0.360588	2.669276
7758	-1234.063	-1445.32	211.257	0.7697623	5.501129	1.563626	0.743424	0.256576	2.605819
7764	-1250.961	-1462.12	211.159	0.7269947	5.501129	1.563626	0.730343	0.269657	2.692558
7770	-1234.097	-1445.715	211.6179	0.8759156	5.9572	1.563626	0.763618	0.236382	2.239284
7776	-1246.783	-1458.242	211.4583	0.7792044	5.9572	1.217639	0.743302	0.256698	2.571764
7782	-1239.939	-1451.437	211.4975	0.7380153	5.9572	1.714447	0.743302	0.256698	2.338393
7788	-1238.685	-1449.211	210.5266	0.642817	6.095396	1.714447	0.737478	0.262522	2.975276
7794	-1229.683	-1440.884	211.2015	0.7652917	5.526305	1.418811	0.724775	0.275225	2.704595
7800	-1239.922	-1450.431	210.5092	0.7264683	7.129165	1.824532	0.698929	0.301071	2.7524
7806	-1234.705	-1444.743	210.0385	0.9027959	5.17722	1.402454	0.733681	0.266319	3.381629
7812	-1242.215	-1453.546	211.3309	0.6988785	3.550009	2.189531	0.694682	0.305318	2.734567
7818	-1242.102	-1453.539	211.4375	0.7792033	4.670206	2.189531	0.745536	0.254464	2.388056
7824	-1226.397	-1437.83	211.4324	0.7742391	6.2671	1.53609	0.720991	0.279009	2.388056
7830	-1235.783	-1447.173	211.3907	0.9455971	6.2671	1.53609	0.722493	0.277507	2.305679
7836	-1233.396	-1444.475	211.0793	0.8843802	6.279184	2.163366	0.717442	0.282558	2.290376
7842	-1246.775	-1457.771	210.9955	0.76994	4.174896	1.796454	0.686462	0.313538	2.9043
7848	-1252.258	-1462.563	210.3045	0.758227	4.403999	1.796454	0.640932	0.359068	3.280081
7854	-1246.617	-1456.95	210.333	0.8631374	4.744716	1.667749	0.69134	0.30866	3.190361
7860	-1242.781	-1453.345	210.5641	0.9549895	4.137638	1.329225	0.695723	0.304277	3.257996
7866	-1243.534	-1453.357	209.8235	0.747259	4.374391	2.573468	0.603732	0.396268	3.323048
7872	-1234.882	-1446.623	211.7404	0.8572577	5.874402	1.411533	0.73089	0.26911	2.257846
7878	-1227.178	-1438.649	211.4714	0.8599208	6.645682	1.737075	0.73089	0.26911	2.164618
7884	-1231.297	-1442.93	211.6329	0.8075121	6.645682	1.313183	0.766909	0.233091	2.293172
7890	-1247.788	-1459.055	211.2672	0.7905586	4.811987	1.158937	0.708217	0.291783	2.898829
7896	-1246.161	-1455.98	209.8193	0.5926661	3.922379	1.302773	0.68089	0.31911	3.955334
7902	-1251.071	-1460.15	209.0783	0.5065546	3.922379	1.302773	0.64469	0.35531	4.424983
7908	-1239.574	-1449.345	209.7714	0.5630999	6.238435	1.017674	0.716928	0.283072	3.7736
7914	-1245.656	-1456.767	211.1102	0.7377143	5.565137	1.364448	0.78167	0.21833	2.796961
7920	-1241.396	-1452.162	210.7652	0.9280418	6.238435	1.539639	0.716928	0.283072	2.710087
7926	-1242.76	-1455.167	212.4077	1.094018	6.238435	0.9073277	0.778529	0.221471	1.905096
7932	-1235.082	-1447.359	212.2774	1.094018	6.238435	0.9073277	0.778529	0.221471	1.992709
7938	-1231.031	-1443.309	212.2778	1.141418	5.647166	0.9073277	0.77093	0.22907	2.056537
7944	-1240.736	-1453.033	212.2973	1.188173	4.77853	1.148134	0.706666	0.293334	2.01208
7950	-1248.92	-1459.15	210.2292	0.672387	4.026761	1.148134	0.648146	0.351854	3.729873
7956	-1240.547	-1450.133	209.5859	0.629259	5.379663	1.148134	0.73016	0.26984	3.894083
7962	-1231.603	-1442.88	211.2775	0.7742447	5.379663	1.100618	0.747494	0.252506	2.839684
7968	-1249.25	-1461.29	212.0402	0.9259186	5.379663	1.125498	0.747494	0.252506	2.255939
7974	-1245.574	-1456.348	210.7743	0.7660445	5.379663	1.627668	0.747494	0.252506	2.895177
7980	-1248.984	-1459.885	210.901	0.7599436	4.614629	1.627668	0.746872	0.253128	2.952056
7986	-1262.163	-1472.851	210.6878	0.6056489	5.22961	1.833457	0.790139	0.209861	2.986533
7992	-1246.681	-1457.429	210.7486	0.7410541	5.563863	1.558007	0.709568	0.290432	2.926297
7998	-1266.693	-1477.333	210.6395	0.4814164	4.718694	1.253797	0.676184	0.323816	3.422723
8004	-1263.032	-1472.74	209.7079	0.4159024	4.275743	1.27118	0.675031	0.324969	4.068206
8010	-1242.885	-1453.474	210.5891	0.4451041	5.101731	1.537464	0.737935	0.262065	3.279899
8016	-1251.129	-1461.097	209.9678	0.4859737	4.693749	1.537464	0.743072	0.256928	3.68682
8022	-1234.741	-1446.015	211.2737	0.5997195	4.393437	1.537464	0.728631	0.271369	2.903007
8028	-1240.991	-1451.848	210.8564	0.730115	5.396396	1.537464	0.727767	0.272233	2.903007
8034	-1254.959	-1465.547	210.5873	0.6541772	5.549525	1.315522	0.747594	0.252406	3.187047
8040	-1251.649	-1461.623	209.9743	0.7171566	4.638971	1.315522	0.750029	0.249971	3.656831
8046	-1245.952	-1456.398	210.4467	0.6492676	4.32008	1.479767	0.758614	0.241386	3.403978
8052	-1251.131	-1461.561	210.4304	0.7487974	4.54155	1.479767	0.570956	0.429044	3.314754
8058	-1249.643	-1460.047	210.4036	0.5852682	4.54155	1.638239	0.688179	0.311821	3.360246
8064	-1254.439	-1464.682	210.2427	0.6301608	4.923154	1.644025	0.644881	0.355119	3.360246
8070	-1257.364	-1468.278	210.9143	0.8408806	3.995736	1.644025	0.782216	0.217784	3.006726
8076	-1259.76	-1469.988	210.2281	0.7380118	4.762948	1.644025	0.728607	0.271393	3.332569
8082	-1248.716	-1459.419	210.7035	0.649989	5.408614	1.265581	0.699865	0.300135	3.166763
8088	-1262.377	-1473.196	210.8194	0.7462972	3.393039	1.790426	0.674642	0.325358	3.19124
8094	-1255.272	-1466.561	211.2892	0.8527812	4.414869	1.264544	0.793342	0.206658	2.864559
8100	-1255.948	-1467.384	211.4368	0.8835974	4.61579	1.790426	0.716987	0.283013	2.481318
8106	-1262.363	-1473.484	211.1212	1.038512	4.61579	1.036399	0.675885	0.324115	2.9411
8112	-1254.053	-1465.044	210.9913	0.6969485	5.833537	1.095751	0.727395	0.272605	2.991847
8118	-1249.5	-1460.011	210.511	0.6163128	5.833537	1.702317	0.752833	0.247167	3.043427
8124	-1252.08	-1462.938	210.8584	0.5935443	5.120315	1.702317	0.755284	0.244716	2.960141
8130	-1246.435	-1457.19	210.7547	0.8561172	5.645143	1.31811	0.711425	0.288575	2.950586
8136	-1246.93	-1457.825	210.8949	0.6918593	6.737754	1.31811	0.716162	0.283838	2.809396
8142	-1251.57	-1463.431	211.8609	1.012497	5.786279	1.158873	0.74134	0.25866	2.229167
8148	-1247.04	-1458.153	211.113	0.793902	4.881655	2.036349	0.733375	0.266625	2.597187
8154	-1254.839	-1466.807	211.9684	0.9379551	4.374144	2.066019	0.75048	0.24952	2.045427
8160	-1241.251	-1453.208	211.9572	1.081573	4.612837	2.213704	0.732564	0.267436	1.851904
8166	-1255.057	-1466.959	211.9016	1.173827	4.612837	2.101961	0.762447	0.237553	1.869012
8172	-1253.909	-1464.243	210.3337	0.7278556	4.232714	1.544089	0.672124	0.327876	3.412931
8178	-1239.145	-1450.082	210.9367	0.7654936	4.50752	1.363861	0.760917	0.239083	3.063368
8184	-1243.45	-1453.683	210.2332	0.4894393	4.50752	1.945934	0.714443	0.285557	3.406887
8190	-1242.767	-1453.453	210.6856	0.7096032	4.50752	1.945934	0.724574	0.275426	3.008405
8196	-1242.336	-1452.654	210.3184	0.617983	3.592266	1.945934	0.668927	0.331073	3.460898
8202	-1242.581	-1453.305	210.7235	0.617798	3.592266	2.13964	0.668927	0.331073	3.156472
8208	-1236.195	-1446.482	210.2871	0.6609312	3.416862	2.13964	0.668927	0.331073	3.427144
8214	-1238.832	-1449.605	210.7732	0.7732375	4.785012	0.8818701	0.707786	0.292214	3.370769
8220	-1249.112	-1459.709	210.5975	0.6190245	6.366723	1.296668	0.707786	0.292214	3.092954
8226	-1239.82	-1450.298	210.4781	0.6716283	6.411119	1.296668	0.707786	0.292214	3.126721
8232	-1251.524	-1462.533	211.0097	0.6301563	6.411119	1.296668	0.725667	0.274333	2.832193
8238	-1252.575	-1463.185	210.6103	0.7560593	4.731122	1.704907	0.67863	0.32137	3.076617
8244	-1249.919	-1460.814	210.8944	0.6707259	4.731122	1.704907	0.778407	0.221593	2.957516
8250	-1240.277	-1451.349	211.0717	0.6681915	4.731122	1.704907	0.697661	0.302339	2.851919
8256	-1232.812	-1443.848	211.0368	0.8064367	5.507621	1.931329	0.697661	0.302339	2.569514
8262	-1234.282	-1445.568	211.2862	0.7689988	5.668774	1.54566	0.802878	0.197122	2.569514
8268	-1236.019	-1448.096	212.0773	0.9986512	5.668774	1.145592	0.707178	0.292822	2.124574
8274	-1230.301	-1442.246	211.9451	0.8859624	6.555069	1.244309	0.778912	0.221088	2.090244
8280	-1233.48	-1445.697	212.2168	1.124592	5.765544	1.244309	0.811606	0.188394	1.873705
8286	-1225.995	-1437.483	211.4883	0.938401	5.717758	1.409084	0.771027	0.228973	2.392721
8292	-1284.428	-1495.42	210.9922	0.6782839	6.523705	0.8194128	0.757268	0.242732	3.076709
8298	-1260.702	-1472.102	211.3999	0.7392468	8.168702	1.37539	0.770519	0.229481	2.256142
8304	-1243.743	-1454.925	211.1817	0.7102966	7.756195	1.41615	0.734138	0.265862	2.443074
8310	-1260.938	-1472.08	211.1419	0.6298697	7.120249	1.41615	0.742783	0.257217	2.598166
8316	-1260.218	-1471.63	211.4126	0.752634	7.146288	1.619442	0.713844	0.286156	2.253546
8322	-1254.877	-1465.901	211.0244	0.6562901	6.523699	1.429311	0.722565	0.277435	2.727748
8328	-1254.021	-1464.347	210.3264	0.495309	6.354731	1.176392	0.733018	0.266982	3.388625
8334	-1250.345	-1461.31	210.9654	0.893034	5.536023	1.581138	0.736483	0.263517	2.696353
8340	-1246.513	-1457.41	210.897	0.8152656	6.096101	1.551349	0.774327	0.225673	2.713855
8346	-1252.728	-1463.699	210.9709	0.6364065	7.599547	1.147084	0.774327	0.225673	2.776498
8352	-1234.989	-1446.867	211.8773	0.8133959	6.023236	1.147084	0.752419	0.247581	2.315938
8358	-1244.549	-1456.114	211.5648	0.9298611	5.298248	1.554566	0.712003	0.287997	2.350153
8364	-1246.218	-1457.622	211.4042	0.7813716	5.298248	1.367353	0.712003	0.287997	2.631461
8370	-1243.565	-1454.31	210.7445	0.8002439	6.267187	1.555623	0.741309	0.258691	2.789752
8376	-1252.936	-1464.275	211.3397	0.6805575	7.397434	1.477985	0.664735	0.335265	2.377673
8382	-1254.023	-1464.363	210.3405	0.4285387	6.64654	1.406311	0.661598	0.338402	3.269226
8388	-1249.715	-1459.882	210.1668	0.5807257	6.64654	1.116171	0.743987	0.256013	3.425343
8394	-1249.289	-1459.808	210.5192	0.7989299	6.006133	1.535104	0.717901	0.282099	2.973146
8400	-1248.635	-1459.094	210.4585	0.7528085	6.517821	1.535104	0.816667	0.183333	2.965705
8406	-1230.61	-1442.068	211.4579	0.8801814	6.170669	1.073079	0.794602	0.205398	2.558725
8412	-1236.619	-1448.865	212.2457	1.130411	5.74936	1.620229	0.752618	0.247382	1.651774
8418	-1240.89	-1452.178	211.2883	1.036179	5.314649	2.021886	0.717694	0.282306	2.264234
8424	-1237.538	-1450.187	212.6483	1.14819	4.47954	1.454432	0.781241	0.218759	1.687454
8430	-1237.112	-1448.633	211.5202	0.8633897	6.189312	1.319658	0.739634	0.260366	2.392227
8436	-1232.813	-1443.112	210.2994	0.6495414	6.890643	2.161315	0.683182	0.316818	2.836972
8442	-1239.833	-1450.929	211.0963	0.5290331	6.890643	1.249496	0.837749	0.162251	2.800245
8448	-1243.686	-1453.974	210.2882	0.6996197	6.890643	1.672049	0.721238	0.278762	2.993303
8454	-1241.784	-1452.221	210.4376	0.5565328	6.025607	1.672049	0.685978	0.314022	3.107112
8460	-1237.367	-1447.699	210.3319	0.669792	5.827089	1.483613	0.71339	0.28661	3.210474
8466	-1229.905	-1440.507	210.6028	0.7529925	5.827089	1.447128	0.741325	0.258675	3.015776
8472	-1243.406	-1453.785	210.3786	0.6435718	5.274011	1.435737	0.668146	0.331854	3.303672
8478	-1242.425	-1453.281	210.8558	0.6615208	4.692653	1.28382	0.745089	0.254911	3.178896
8484	-1244.341	-1456.111	211.7707	0.855157	4.995332	1.333678	0.693992	0.306008	2.425453
8490	-1242.061	-1452.376	210.3156	0.6322652	6.15884	1.588621	0.733187	0.266813	3.149903
8496	-1248.961	-1459.51	210.5492	0.8007615	4.058784	1.865927	0.752024	0.247976	3.149903
8502	-1253.013	-1463.382	210.3684	0.7839142	6.861326	1.614598	0.719943	0.280057	2.921744
8508	-1242.282	-1453.718	211.4356	0.8567488	6.203585	1.222496	0.739894	0.260106	2.498429
8514	-1242.184	-1454.264	212.0803	1.138744	6.203585	1.062608	0.739894	0.260106	1.99493
8520	-1237.404	-1448.632	211.228	0.6727024	6.565501	1.232431	0.70636	0.29364	2.684387
8526	-1242.514	-1454.151	211.6363	0.8013699	6.565501	1.51265	0.70636	0.29364	2.207776
8532	-1254.993	-1464.806	209.8129	0.8258617	4.50834	1.439357	0.655476	0.344524	3.653904
8538	-1245.691	-1456.58	210.8891	0.5003693	4.938908	1.258577	0.693045	0.306955	3.224869
8544	-1249.46	-1459.981	210.521	0.6108457	5.452074	1.248769	0.712964	0.287036	3.299527
8550	-1227.673	-1438.039	210.3662	0.5399644	5.977286	1.521541	0.731864	0.268136	3.228775
8556	-1222.405	-1432.543	210.1376	0.555681	4.525187	1.187107	0.686971	0.313029	3.738264
8562	-1227.61	-1437.608	209.9971	0.6288024	4.525187	1.590289	0.641956	0.358044	3.59457
8568	-1238.276	-1448.985	210.7087	0.8201409	4.525187	1.852483	0.689456	0.310544	2.959228
8574	-1252.962	-1462.886	209.9233	0.7614134	3.530601	1.992751	0.652053	0.347947	3.604578
8580	-1250.449	-1460.319	209.8697	0.7956336	3.687312	1.928878	0.652053	0.347947	3.604578
8586	-1238.452	-1448.68	210.2287	0.8169509	4.792717	1.746152	0.667375	0.332625	3.240332
8592	-1233.327	-1443.621	210.2938	0.6554596	4.333142	1.636348	0.767293	0.232707	3.422069
8598	-1237.185	-1448.232	211.0473	0.7302529	3.335331	1.636348	0.699637	0.300363	3.139366
8604	-1238.323	-1449.568	211.2458	0.8584318	3.754681	1.0942	0.641662	0.358338	3.109138
8610	-1238.853	-1450.277	211.4241	0.8819198	4.648619	1.46783	0.685254	0.314746	2.62263
8616	-1245.842	-1457.906	212.0638	0.9283077	4.647029	1.421276	0.724435	0.275565	2.212327
8622	-1241.599	-1453.886	212.2866	1.052353	4.647029	1.020338	0.673561	0.326439	2.212327
8628	-1240.237	-1452.853	212.6164	1.05704	4.647029	1.436226	0.76612	0.23388	1.748283
8634	-1255.077	-1466.529	211.4519	0.9808715	4.647029	1.724937	0.731996	0.268004	2.431579
8640	-1274.838	-1487.3	212.462	1.120375	4.571692	1.176414	0.599114	0.400886	1.97146
8646	-1267.221	-1479.066	211.845	1.142227	3.595591	1.583288	0.700349	0.299651	2.361299
8652	-1259.169	-1470.516	211.3472	1.007459	5.733974	2.601913	0.701807	0.298193	1.974098
8658	-1261.191	-1472.681	211.4901	1.138129	5.184614	2.601913	0.679842	0.320158	1.886247
8664	-1254.378	-1465.085	210.7071	0.7292547	5.387722	1.079421	0.71412	0.28588	3.218894
8670	-1253.024	-1464.474	211.4499	1.123806	5.300414	2.265743	0.620804	0.379196	2.015553
8676	-1249.899	-1462.283	212.3843	1.082272	5.300414	0.8270804	0.652523	0.347477	2.143269
8682	-1246.352	-1458.218	211.8652	0.8141169	5.300414	1.370605	0.679305	0.320695	2.32005
8688	-1257.579	-1468.66	211.0805	0.7071014	5.300414	1.164284	0.603591	0.396409	2.97687
8694	-1244.816	-1456.553	211.737	0.8242919	5.300414	1.044896	0.754492	0.245508	2.572447
8700	-1249.546	-1460.855	211.3091	0.8173344	6.397244	1.225001	0.740182	0.259818	2.572447
8706	-1251.88	-1463.749	211.8685	0.8675124	5.623242	1.225001	0.686173	0.313827	2.306424
8712	-1250.149	-1461.426	211.2772	0.7853764	6.181709	0.9577324	0.764521	0.235479	2.796676
8718	-1256.637	-1467.796	211.1587	0.7127419	6.532594	1.069186	0.77264	0.22736	2.796676
8724	-1246.139	-1456.879	210.7399	0.555165	6.440524	1.764829	0.730627	0.269373	2.830919
8730	-1245.721	-1457.319	211.5979	0.8361083	5.146533	1.254403	0.69145	0.30855	2.560029
8736	-1240.438	-1451.423	210.9848	0.6770266	5.146533	1.282497	0.710325	0.289675	3.016425
8742	-1236.887	-1448.141	211.2544	0.5763396	7.167274	1.083638	0.731308	0.268692	2.729363
8748	-1239.249	-1450.184	210.9345	0.5877949	6.792625	1.083638	0.716689	0.283311	2.96488
8754	-1234.91	-1445.695	210.7848	0.6972269	7.524395	1.083638	0.757769	0.242231	2.897128
8760	-1239.513	-1451.24	211.7272	0.8787326	7.666366	0.8973913	0.757769	0.242231	2.299551
8766	-1240.203	-1451.437	211.2333	0.7894292	8.38559	0.7679611	0.779746	0.220254	2.67233
8772	-1244.108	-1454.969	210.8608	0.5882136	8.38559	0.9478679	0.821645	0.178355	2.898844
8778	-1238.439	-1449.162	210.7224	0.6636813	9.225065	0.9478679	0.793359	0.206641	2.847745
8784	-1245.862	-1457.736	211.8742	0.9485579	7.564067	0.9478679	0.766569	0.233431	2.13803
8790	-1236.72	-1448.338	211.6179	0.7927522	7.800585	0.9478679	0.770246	0.229754	2.372963
8796	-1242.766	-1454.203	211.4365	0.6504251	7.800585	0.9495223	0.815516	0.184484	2.574777
8802	-1238.059	-1449.641	211.5818	0.6683259	7.800585	0.7704577	0.834583	0.165417	2.598135
8808	-1237.182	-1448.752	211.5695	0.731472	7.800585	0.8052635	0.834583	0.165417	2.54077
8814	-1231.789	-1442.645	210.8559	0.8525475	7.800585	1.323676	0.805648	0.194352	2.597577
8820	-1237.214	-1448.762	211.5486	0.9019211	6.368534	0.9684497	0.807141	0.192859	2.524234
8826	-1239.702	-1451.407	211.7055	0.930777	6.829794	0.9684497	0.700981	0.299019	2.342585
8832	-1247.2	-1458.329	211.1289	0.9628317	6.593868	1.697916	0.600064	0.399936	2.342585
8838	-1245.516	-1457.455	211.9394	1.051238	5.640366	1.49588	0.688367	0.311633	1.997642
8844	-1248.759	-1460.475	211.7154	0.6731445	6.830641	1.49588	0.770616	0.229384	2.20966
8850	-1247.684	-1458.47	210.7863	0.6519105	6.676432	1.391649	0.790216	0.209784	2.872261
8856	-1243.171	-1454.795	211.6239	0.9333674	6.287814	1.391649	0.793981	0.206019	2.230218
8862	-1245.137	-1455.688	210.5508	0.8226652	4.923137	1.572046	0.717467	0.282533	3.093685
8868	-1251.05	-1461.705	210.6544	0.6218136	5.291414	1.933749	0.726816	0.273184	2.949812
8874	-1240.941	-1451.602	210.6609	0.5432005	6.090376	2.088236	0.760895	0.239105	2.816786
8880	-1235.836	-1446.585	210.7493	0.5059843	6.090376	1.123211	0.742529	0.257471	3.197775
8886	-1237.449	-1448.035	210.5855	0.5913225	5.164765	1.910687	0.608831	0.391169	3.038358
8892	-1235.911	-1446.177	210.2658	0.6949597	5.164765	1.910687	0.608831	0.391169	3.167197
8898	-1237.636	-1447.44	209.8034	0.6307864	6.285513	1.230417	0.712823	0.287177	3.596682
8904	-1248.618	-1458.265	209.6466	0.6482993	5.195713	1.791333	0.748051	0.251949	3.596682
8910	-1241.571	-1452.425	210.8547	0.7167553	5.410462	0.9889478	0.748051	0.251949	3.187587
8916	-1240.622	-1452.245	211.6227	0.8745491	4.458744	1.503382	0.712802	0.287198	2.523284
8922	-1230.551	-1442.253	211.7022	0.9720585	4.458744	1.973436	0.76815	0.23185	2.215129
8928	-1244.481	-1455.008	210.5264	0.625696	5.43453	1.973436	0.721666	0.278334	2.987396
8934	-1231.324	-1441.688	210.364	0.6050423	6.076831	1.593408	0.672027	0.327973	3.146901
8940	-1237.468	-1448.802	211.3343	0.7329416	4.924065	1.359617	0.700464	0.299536	2.771055
8946	-1244.83	-1455.966	211.136	0.7527569	6.60596	1.517784	0.681892	0.318108	2.547353
8952	-1244.904	-1456.027	211.1225	0.658993	5.694873	1.517784	0.799333	0.200667	2.746485
8958	-1247.591	-1458.182	210.5913	0.6542501	5.176561	1.851996	0.766371	0.233629	3.016935
8964	-1253.517	-1463.575	210.0577	0.7994841	5.176561	1.851996	0.731141	0.268859	3.248027
8970	-1250.697	-1460.418	209.721	0.7017926	5.176561	1.161414	0.697601	0.302399	3.799222
8976	-1253.477	-1463.18	209.7026	0.491835	5.176561	1.245234	0.668732	0.331268	3.888576
8982	-1245.228	-1454.438	209.21	0.6412838	4.360526	2.506762	0.65377	0.34623	3.763375
8988	-1228.209	-1438.795	210.5857	0.6402407	5.138209	2.44085	0.711049	0.288951	2.837166
8994	-1244.479	-1454.556	210.0766	0.8272923	4.225325	2.118319	0.661344	0.338656	3.29367
9000	-1244.06	-1454.741	210.6807	0.6149694	4.225325	2.118319	0.652144	0.347856	3.061141
9006	-1251.884	-1460.574	208.6906	0.6145193	4.81553	2.118319	0.597693	0.402307	4.114306
9012	-1230.016	-1440.985	210.9685	0.6749371	3.791856	2.177448	0.717145	0.282855	2.920223
9018	-1240.801	-1451.391	210.5905	0.6955136	4.926034	2.177448	0.645481	0.354519	2.920223
9024	-1241.277	-1452.908	211.6305	0.7910318	4.642925	1.562141	0.645481	0.354519	2.509258
9030	-1242.538	-1453.645	211.1065	0.7336866	4.642925	1.389139	0.749744	0.250256	2.944192
9036	-1236.195	-1447.255	211.06	0.7801889	4.642925	1.389139	0.680879	0.319121	2.944192
9042	-1242.099	-1452.547	210.4475	0.7841011	5.085752	1.389139	0.644702	0.355298	3.231473
9048	-1237.944	-1449.412	211.4683	0.9003437	4.928187	1.733121	0.670469	0.329531	2.417097
9054	-1241.969	-1452.612	210.643	0.7790752	4.400463	1.995968	0.714095	0.285905	2.994324
9060	-1245.738	-1455.846	210.1087	0.636013	4.400463	1.761984	0.714095	0.285905	3.480355
9066	-1255.977	-1467.088	211.1115	0.7703521	4.83307	1.761984	0.680222	0.319778	2.724564
9072	-1249.192	-1459.806	210.6143	0.6638015	4.83307	1.736827	0.680222	0.319778	3.099018
9078	-1262.661	-1473.885	211.2243	0.8284567	3.946292	1.736827	0.669281	0.330719	2.799607
9084	-1261.358	-1472.183	210.8243	0.7282498	4.088875	1.735448	0.67858	0.32142	3.072762
9090	-1256.102	-1464.618	208.5162	0.4819326	4.470412	2.145478	0.638449	0.361551	4.338147
9096	-1248.517	-1458.82	210.3029	0.6158324	4.602673	1.687894	0.671889	0.328111	3.370865
9102	-1244.484	-1454.727	210.2429	0.6329733	3.714091	2.458135	0.671889	0.328111	3.306542
9108	-1248.235	-1459.02	210.7852	0.6287757	3.985794	1.268786	0.675773	0.324227	3.378786
9114	-1244.496	-1454.737	210.2402	0.8516706	3.850002	2.371161	0.723321	0.276679	3.176544
9120	-1252.7	-1464.018	211.3189	0.9025791	4.315323	2.338364	0.761334	0.238666	2.403693
9126	-1237.598	-1449.193	211.595	0.9913421	4.461742	2.338364	0.677454	0.322546	2.140399
9132	-1240.005	-1450.59	210.5847	0.7277187	4.41237	1.901884	0.677454	0.322546	3.091413
9138	-1252.207	-1461.998	209.7908	0.5124596	4.170837	1.901884	0.643669	0.356331	3.727976
9144	-1249.424	-1460.001	210.577	0.8331148	4.420738	1.901884	0.6804	0.3196	3.031494
9150	-1243.649	-1453.531	209.8819	0.5001851	4.420738	1.509534	0.68386	0.31614	3.787565
9156	-1245.668	-1455.74	210.0724	0.5315595	5.476368	1.189367	0.68386	0.31614	3.634128
9162	-1238.775	-1450.518	211.7429	0.8306262	5.731437	1.283729	0.699493	0.300507	2.360977
9168	-1240.578	-1451.035	210.457	0.7387215	4.855063	1.436678	0.699493	0.300507	3.269533
9174	-1254.842	-1465.201	210.3592	0.5221076	4.391622	2.350845	0.651016	0.348984	3.201942
9180	-1244.456	-1456.08	211.624	1.025235	4.467395	1.331568	0.685179	0.314821	2.509094
9186	-1235.452	-1447.162	211.71	1.014296	6.189814	1.353884	0.720576	0.279424	2.156114
9192	-1237.928	-1450.12	212.192	1.071158	5.125622	1.714791	0.720576	0.279424	1.801257
9198	-1246.736	-1458.492	211.7557	1.071158	5.125622	1.9328	0.720824	0.279176	2.003926
9204	-1238.439	-1450.168	211.7289	1.141563	5.674834	2.390593	0.720824	0.279176	1.701281
9210	-1245.89	-1456.274	210.3845	1.063815	4.604866	1.484202	0.740923	0.259077	3.14231
9216	-1239.954	-1449.622	209.6683	0.7279705	3.654158	1.484202	0.680917	0.319083	3.937548
9222	-1236.95	-1448.611	211.661	1.100442	5.653017	1.172933	0.664538	0.335462	2.314352
9228	-1244.796	-1455.504	210.7078	0.7645028	5.653017	0.9901502	0.727974	0.272026	3.208557
9234	-1247.928	-1457.625	209.6975	0.7497508	4.599952	1.43077	0.724731	0.275269	3.75234
9240	-1236.802	-1446.838	210.0367	0.6367348	4.599952	1.43077	0.724731	0.275269	3.621519
9246	-1242.049	-1450.873	208.8238	0.5090988	4.131954	1.658636	0.686634	0.313366	4.378153
9252	-1241.834	-1452.26	210.4265	0.765345	6.771899	0.8597856	0.782993	0.217007	3.300659
9258	-1239.196	-1449.685	210.4891	0.7985535	6.771899	1.383244	0.694414	0.305586	2.954455
9264	-1246.524	-1457.896	211.3724	0.7418297	7.443558	1.383244	0.742929	0.257071	2.357933
9270	-1235.966	-1447.119	211.1535	0.7492026	9.41359	1.383244	0.737361	0.262639	2.263513
9276	-1232.315	-1443.448	211.1326	0.981907	8.808123	1.383244	0.748686	0.251314	2.193506
9282	-1244.905	-1456.146	211.2404	0.695315	8.808123	1.627053	0.685624	0.314376	2.193506
9288	-1237.024	-1448.28	211.2565	0.9090471	9.261634	1.295253	0.750428	0.249572	2.15563
9294	-1244.264	-1456.222	211.9575	0.8671524	6.835748	1.14592	0.760637	0.239363	2.110298
9300	-1246.641	-1458.314	211.6727	0.8135745	7.849154	1.016513	0.808583	0.191417	2.274457
9306	-1236.909	-1447.792	210.8836	0.7989498	7.430335	1.016513	0.681215	0.318785	2.826311
9312	-1234.406	-1445.367	210.9617	0.7518502	7.430335	1.321776	0.744762	0.255238	2.640718
9318	-1251.885	-1462.325	210.4398	0.8197103	6.977307	1.321776	0.744762	0.255238	2.974157
9324	-1247.045	-1457.964	210.9191	0.6426038	6.888093	1.00564	0.740794	0.259206	2.974157
9330	-1250.935	-1462.671	211.7358	0.7930085	4.335859	1.209243	0.763451	0.236549	2.672368
9336	-1259.682	-1470.573	210.8908	0.7946231	4.487886	1.209243	0.612495	0.387505	3.153124
9342	-1243.46	-1454.044	210.584	0.694603	5.96157	1.192126	0.739621	0.260379	3.16568
9348	-1247.616	-1458.179	210.5627	0.6579284	7.307457	1.085028	0.733601	0.266399	3.079692
9354	-1250.667	-1460.814	210.1473	0.6960791	7.388027	0.8681841	0.733601	0.266399	3.423702
9360	-1253.627	-1465.041	211.4142	0.7413991	7.306126	0.8681841	0.737245	0.262755	2.647309
9366	-1240.776	-1451.438	210.6618	0.7561886	7.306126	1.749989	0.719028	0.280972	2.647309
9372	-1241.673	-1452.803	211.1301	0.7984031	7.306126	1.458562	0.725232	0.274768	2.456368
9378	-1237.302	-1448.583	211.2816	0.8556926	7.306126	1.526448	0.682804	0.317196	2.292437
9384	-1239.507	-1450.868	211.3606	0.7766905	7.306126	1.526448	0.693612	0.306388	2.292437
9390	-1236.987	-1447.863	210.876	0.6653863	6.690542	1.526448	0.689211	0.310789	2.746075
9396	-1237.163	-1448.363	211.1998	0.6933737	6.278937	1.676108	0.689211	0.310789	2.521937
9402	-1228.287	-1438.863	210.5758	0.7842382	5.318477	1.575671	0.700924	0.299076	3.035209
9408	-1243.077	-1452.78	209.703	0.5661131	5.318477	1.592668	0.722796	0.277204	3.669575
9414	-1231.352	-1441.093	209.7415	0.6986051	5.318477	1.362738	0.727681	0.272319	3.669575
9420	-1249.945	-1460.612	210.6676	0.7048201	4.48669	1.479581	0.762291	0.237709	3.210659
9426	-1242.021	-1453.007	210.986	0.7904243	5.850956	1.819556	0.773035	0.226965	2.599977
9432	-1234.774	-1446.006	211.2319	0.8162861	6.20515	1.379706	0.775171	0.224829	2.569952
9438	-1225.832	-1436.588	210.7557	0.6389631	5.887058	1.379706	0.752118	0.247882	3.014658
9444	-1226.536	-1436.388	209.8519	0.7827626	5.887058	1.192625	0.752118	0.247882	3.554432
9450	-1227.317	-1437.264	209.9467	0.8737905	4.606431	1.192625	0.78854	0.21146	3.647717
9456	-1225.301	-1436.981	211.6808	0.9466311	5.278608	1.115331	0.762773	0.237227	2.493473
9462	-1229.885	-1440.886	211.0009	1.033849	5.278608	1.654527	0.762773	0.237227	2.59808
9468	-1237.019	-1447.643	210.6239	0.9131979	5.278608	1.948343	0.686098	0.313902	2.788604
9474	-1236.21	-1447.473	211.2627	0.9854434	5.278608	1.948343	0.722545	0.277455	2.346804
9480	-1227.549	-1438.46	210.911	0.6604511	5.669938	1.522253	0.729007	0.270993	2.876083
9486	-1230.386	-1440.216	209.8303	0.7373442	4.979595	1.935298	0.729007	0.270993	3.42039
9492	-1232.098	-1442.275	210.1769	0.7583426	5.02959	1.935298	0.737979	0.262021	3.195612
9498	-1232.967	-1443.239	210.2726	0.8244202	4.476754	1.935298	0.67448	0.32552	3.195612
9504	-1249.905	-1458.992	209.0863	0.7435094	4.476754	1.774155	0.765608	0.234392	3.990469
9510	-1263.837	-1473.971	210.1343	0.6503972	4.577324	1.107922	0.724216	0.275784	3.717625
9516	-1275.009	-1484.057	209.0477	0.7572809	4.577324	1.018907	0.723874	0.276126	4.325702
9522	-1274.082	-1484.09	210.0077	0.9573087	4.933479	0.6731181	0.681784	0.318216	3.830359
9528	-1265.239	-1475.012	209.7732	0.831939	4.203673	0.6731181	0.708191	0.291809	4.162228
9534	-1266.395	-1475.944	209.5491	0.797264	3.806553	1.226162	0.731274	0.268726	4.052353
9540	-1239.076	-1449.519	210.4425	0.6165279	4.313454	1.508965	0.713212	0.286788	3.414215
9546	-1243.965	-1455.043	211.0781	0.828053	4.973978	1.508965	0.713212	0.286788	2.791436
9552	-1271.367	-1482.25	210.8832	0.8124179	4.021411	1.508965	0.812737	0.187263	3.094317
9558	-1265.851	-1476.319	210.4682	0.7814738	4.021411	1.508965	0.754387	0.245613	3.358173
9564	-1266.262	-1478.512	212.2501	1.215976	5.938696	1.038212	0.757899	0.242101	1.887006
9570	-1261.869	-1474.073	212.2039	1.215976	4.239705	0.8691451	0.72875	0.27125	2.342337
9576	-1249.207	-1460.969	211.7614	0.8906527	5.177369	1.156574	0.753159	0.246841	2.471692
9582	-1242.929	-1453.728	210.799	0.8906136	4.84462	1.156574	0.753159	0.246841	3.115228
9588	-1252.942	-1463.144	210.2022	0.9568886	4.84462	1.156574	0.701948	0.298052	3.428391
9594	-1254.788	-1465.228	210.4392	0.9513737	4.84462	1.689273	0.707311	0.292689	3.048647
9600	-1250.2	-1460.098	209.8984	0.780495	5.383019	1.44844	0.788547	0.211453	3.48237
9606	-1253.354	-1463.662	210.3079	0.6393592	5.43245	1.353797	0.748157	0.251843	3.36048
9612	-1249.994	-1460.635	210.6408	0.7536583	6.111651	1.250713	0.676299	0.323701	3.045139
9618	-1238.248	-1449.109	210.8605	0.7017857	6.111651	1.550005	0.774245	0.225755	2.80381
9624	-1245.496	-1455.687	210.1916	0.6630519	4.592845	1.821508	0.732826	0.267174	3.359156
9630	-1243.177	-1454.111	210.9347	0.7359252	5.079906	1.478581	0.767339	0.232661	2.92976
9636	-1233.363	-1444.13	210.7671	0.740745	6.300479	1.190063	0.734371	0.265629	2.981856
9642	-1250.212	-1461.149	210.9379	0.7769013	6.300479	1.190063	0.736746	0.263254	2.857008
9648	-1243.758	-1455.254	211.4961	0.8425133	6.300479	2.01685	0.653198	0.346802	2.09809
9654	-1237.098	-1448.528	211.4296	0.9133255	4.064881	1.425726	0.703248	0.296752	2.73227
9660	-1243.754	-1454.394	210.6406	0.9130185	4.227446	1.265658	0.691911	0.308089	3.251254
9666	-1241.622	-1452.062	210.4402	0.7683316	4.200383	1.859967	0.700725	0.299275	3.208432
9672	-1247.39	-1458.058	210.6684	0.8048886	4.200383	1.923932	0.704214	0.295786	3.027389
9678	-1254.358	-1463.814	209.455	0.7454707	4.200383	1.923932	0.704676	0.295324	3.774041
9684	-1250.339	-1460.179	209.8405	0.6529579	3.370634	1.923932	0.667702	0.332298	3.774041
9690	-1252.996	-1462.734	209.7373	0.5752915	3.370634	1.867665	0.684528	0.315472	3.897824
9696	-1257.056	-1467.943	210.8873	0.628414	3.797567	1.302872	0.677908	0.322092	3.340553
9702	-1238.512	-1449.427	210.9152	0.6885121	4.777578	1.302872	0.681862	0.318138	3.103387
9708	-1246.449	-1457.016	210.5666	0.7023505	5.953679	1.302872	0.738437	0.261563	3.116826
9714	-1251.096	-1462.054	210.9583	0.7023505	6.38119	1.146048	0.700921	0.299079	2.902204
9720	-1241.035	-1451.853	210.8173	0.6503184	6.977564	1.146048	0.742807	0.257193	2.9392
9726	-1236.078	-1446.842	210.7635	0.5006312	7.581613	1.146048	0.797565	0.202435	2.986866
9732	-1240.587	-1452.925	212.3379	1.132744	5.748858	1.351659	0.775454	0.224546	1.726067
9738	-1233.148	-1444.902	211.7548	1.051123	6.284993	1.652097	0.710686	0.289314	1.94247
9744	-1241.699	-1453.658	211.9592	1.013922	5.052109	1.876781	0.716566	0.283434	1.94247
9750	-1236.827	-1447.008	210.1812	0.6802208	5.318333	2.326279	0.69367	0.30633	3.062609
9756	-1235.691	-1446.397	210.7066	0.6815438	5.318333	1.473728	0.694313	0.305687	3.062609
9762	-1245.251	-1456.145	210.8937	0.8594062	4.891926	1.119012	0.692541	0.307459	3.089583
9768	-1245.906	-1455.019	209.113	0.6961878	4.891926	1.352249	0.678479	0.321521	4.103984
9774	-1258.289	-1468.929	210.6395	0.6698609	6.186165	1.096438	0.749595	0.250405	3.166912
9780	-1254.854	-1465.44	210.5863	0.7539469	5.805139	1.608832	0.593736	0.406264	2.958028
9786	-1249.815	-1460.634	210.8182	0.6536047	5.294307	1.608832	0.737693	0.262307	2.958028
9792	-1247.591	-1458.292	210.7011	0.7697195	5.294307	0.9193937	0.731212	0.268788	3.307886
9798	-1259.805	-1470.067	210.2618	0.5831898	5.294307	1.516294	0.754526	0.245474	3.369473
9804	-1259.764	-1468.995	209.2304	0.7533926	5.941751	1.177666	0.654732	0.345268	3.930005
9810	-1258.73	-1468.973	210.2426	0.6734967	8.148421	1.123819	0.761121	0.238879	3.141617
9816	-1255.813	-1466.637	210.8237	0.5368467	5.928581	1.225047	0.730637	0.269363	3.104718
9822	-1251.2	-1461.903	210.7027	0.6899242	5.928581	1.188114	0.730637	0.269363	3.104718
9828	-1239.556	-1449.543	209.9871	0.4914213	4.6981	1.190099	0.71001	0.28999	3.830645
9834	-1231.163	-1441.243	210.08	0.5807767	5.507265	0.8232689	0.71001	0.28999	3.808672
9840	-1255.161	-1466.489	211.3281	0.6612011	4.273858	1.477698	0.698401	0.301599	2.882205
9846	-1254.686	-1465.477	210.7903	0.7027588	5.455542	1.477698	0.725145	0.274855	2.976266
9852	-1244.215	-1454.994	210.7789	0.6424893	5.455542	1.576626	0.618622	0.381378	2.976266
9858	-1239.955	-1451.565	211.6102	0.8324889	5.267352	1.576626	0.755995	0.244005	2.378427
9864	-1243.052	-1454.062	211.0108	0.7852131	5.653153	1.576626	0.742627	0.257373	2.718203
9870	-1251.653	-1462.493	210.84	0.7380771	3.902758	1.559475	0.724284	0.275716	3.166522
9876	-1227.415	-1437.942	210.527	0.6751452	5.438048	1.453043	0.724284	0.275716	3.163809
9882	-1238.503	-1449.085	210.5824	0.7349132	5.438048	1.420491	0.763876	0.236124	3.109967
9888	-1235.516	-1446.011	210.4948	0.6841184	5.125816	1.538843	0.679591	0.320409	3.189761
9894	-1232.147	-1442.309	210.1622	0.6477073	5.159706	1.626791	0.688094	0.311906	3.365455
9900	-1256.262	-1465.904	209.6425	0.4170691	4.390585	1.41218	0.765374	0.234626	4.019754
9906	-1245.981	-1456.171	210.1903	0.4789353	5.054787	2.002779	0.630513	0.369487	3.324875
9912	-1242.651	-1453.742	211.091	0.7054358	6.009096	1.331526	0.660401	0.339599	2.777031
9918	-1251.099	-1462.661	211.5624	0.8531443	5.3155	1.201694	0.750535	0.249465	2.571178
9924	-1259.67	-1469.658	209.9881	0.5618181	3.314371	2.181633	0.662358	0.337642	3.668487
9930	-1258.502	-1468.179	209.6771	0.631398	4.340133	1.735488	0.753526	0.246474	3.754439
9936	-1269.595	-1478.931	209.3364	0.5456527	4.340133	1.715401	0.542931	0.457069	4.006786
9942	-1266.555	-1477.582	211.0272	0.7354434	5.12624	1.106445	0.683619	0.316381	3.051654
9948	-1256.141	-1467.323	211.1826	0.8741156	3.767347	1.470105	0.649949	0.350051	2.947534
9954	-1257.994	-1469.146	211.1529	0.9011509	4.263862	1.287778	0.756317	0.243683	2.934813
9960	-1245.183	-1455.599	210.416	0.6533927	4.88002	1.126724	0.746297	0.253703	3.490664
9966	-1233.895	-1444.499	210.6042	0.6778245	3.971408	1.650815	0.738284	0.261716	3.290163
9972	-1235.004	-1445.243	210.2387	0.5486959	5.541839	1.650815	0.688458	0.311542	3.309431
9978	-1232.231	-1442.468	210.2364	0.5848237	5.411776	1.650815	0.730899	0.269101	3.309431
9984	-1240.299	-1450.6	210.3009	0.5986063	4.161124	1.398325	0.674927	0.325073	3.584401
9990	-1242.311	-1452.168	209.8569	0.6144125	4.250537	1.511291	0.741383	0.258617	3.766357
9996	-1255.026	-1464.422	209.3961	0.5333474	4.250537	1.511291	0.741383	0.258617	4.0769
10002	-1253.461	-1463.193	209.7323	0.717555	3.773087	1.511985	0.695961	0.304039	3.870714
10008	-1255.186	-1465.455	210.2691	0.7255773	3.773087	1.54133	0.736016	0.263984	3.543541
10014	-1260.576	-1470.352	209.7764	0.5432151	5.393342	1.571607	0.617251	0.382749	3.63741
10020	-1258.407	-1469.295	210.8873	0.890979	4.823336	2.071977	0.715713	0.284287	2.674284
10026	-1274.075	-1484.906	210.8312	0.8309647	4.823336	2.071977	0.791087	0.208913	2.745478
10032	-1255.009	-1466.332	211.3224	0.7139296	4.40968	1.214202	0.722954	0.277046	2.955168
10038	-1242.383	-1453.728	211.3447	1.090023	4.641973	2.159053	0.690728	0.309272	2.265206
10044	-1252.452	-1464.496	212.0441	0.8889605	4.641973	2.159053	0.787153	0.212847	1.938075
10050	-1251.593	-1463.201	211.608	0.8369401	5.238059	1.557422	0.653858	0.346142	2.390612
10056	-1245.08	-1456.284	211.2042	0.7509949	5.267185	1.285256	0.743161	0.256839	2.818211
10062	-1247.646	-1459.142	211.4965	0.7509949	4.507861	1.229658	0.743836	0.256164	2.801037
10068	-1242.653	-1453.496	210.8427	0.89255	4.488818	1.027775	0.645224	0.354776	3.222479
10074	-1238.189	-1449.633	211.4433	0.7730927	4.209546	1.268788	0.744886	0.255114	2.856766
10080	-1243.195	-1453.152	209.9571	0.5821551	4.755072	1.363367	0.702199	0.297801	3.702874
10086	-1248.583	-1458.745	210.162	0.6964345	4.755072	1.668184	0.765967	0.234033	3.387514
10092	-1239.07	-1450.57	211.5007	0.8275031	5.122671	1.668184	0.732217	0.267783	2.435595
10098	-1238.721	-1449.506	210.7846	0.5181555	5.122671	1.583834	0.755003	0.244997	3.09763
10104	-1241.689	-1452.507	210.8185	0.4024951	5.122671	1.583834	0.699307	0.300693	3.146297
10110	-1246.072	-1456.67	210.5977	0.6341185	5.223643	1.799185	0.699307	0.300693	3.037431
10116	-1242.492	-1453.808	211.3163	0.5717414	5.223643	1.615265	0.661136	0.338864	2.714154
10122	-1250.326	-1461.322	210.9956	0.6369403	6.205579	1.627323	0.745769	0.254231	2.714154
10128	-1242.948	-1453.396	210.4478	0.5766708	6.594094	1.267251	0.668347	0.331653	3.191065
10134	-1242.153	-1452.837	210.6839	0.488164	5.421108	1.267251	0.756093	0.243907	3.27142
10140	-1242.784	-1454.544	211.7599	1.005682	5.81138	1.228371	0.692753	0.307247	2.255412
10146	-1247.822	-1458.866	211.0443	0.9786704	6.422666	1.694554	0.692753	0.307247	2.412022
10152	-1244.602	-1455.09	210.4879	0.7237785	5.324212	2.47113	0.675703	0.324297	2.806123
10158	-1240.261	-1451.283	211.022	0.714489	5.324212	1.478609	0.803971	0.196029	2.849813
10164	-1254.689	-1465.632	210.9428	0.9581329	5.39322	1.678559	0.697271	0.302729	2.651848
10170	-1253.755	-1464.403	210.6479	0.7585174	5.362529	1.073731	0.671123	0.328877	3.243732
10176	-1241.393	-1451.921	210.5271	0.7746593	5.300554	0.9058047	0.720356	0.279644	3.414761
10182	-1244.086	-1453.816	209.7294	0.9277354	7.383212	1.052601	0.73493	0.26507	3.421765
10188	-1230.044	-1440.048	210.0045	0.7822166	5.575157	1.133378	0.644762	0.355238	3.542227
10194	-1239.438	-1450.074	210.6353	0.7864874	5.575157	1.105888	0.722396	0.277604	3.184003
10200	-1238.143	-1448.65	210.5073	0.713785	6.497681	1.098655	0.722396	0.277604	3.175447
10206	-1239.932	-1450.352	210.4204	0.713785	6.497681	1.098655	0.644772	0.355228	3.226917
10212	-1238.635	-1450.338	211.7031	0.7743713	5.034648	1.480801	0.725992	0.274008	2.440429
10218	-1240.612	-1451.772	211.1595	0.6869873	5.37361	1.480801	0.770476	0.229524	2.77399
10224	-1245.563	-1455.576	210.013	0.6368413	5.235894	1.480801	0.692386	0.307614	3.50811
10230	-1238.789	-1450.278	211.4896	0.7418967	5.235894	1.480801	0.78874	0.21126	2.559675
10236	-1231.21	-1442.32	211.1098	0.8386034	5.235894	1.480801	0.705553	0.294447	2.734208
10242	-1217.03	-1427.545	210.515	0.6506199	4.497934	1.306888	0.694898	0.305102	3.409526
10248	-1213.478	-1423.961	210.4829	0.5863873	4.497934	1.794646	0.704671	0.295329	3.259772
10254	-1224.945	-1434.868	209.923	0.591948	4.497934	1.195145	0.772424	0.227576	3.841722
10260	-1224.331	-1434.551	210.22	0.7062133	4.41448	1.422637	0.679039	0.320961	3.511038
10266	-1221.856	-1432.083	210.2268	0.6998789	4.41448	1.799886	0.63074	0.36926	3.356973
10272	-1223.777	-1434.908	211.1303	0.677164	4.290387	1.674719	0.638747	0.361253	2.904705
10278	-1235.195	-1446.073	210.8778	0.6244794	5.058911	1.602879	0.638747	0.361253	2.98079
10284	-1226.368	-1436.954	210.5863	0.9569295	4.429189	1.585321	0.721163	0.278837	3.074206
10290	-1233.279	-1444.405	211.1262	0.7331907	4.406124	1.190615	0.719329	0.280671	3.074206
10296	-1227.506	-1438.17	210.6637	0.6319513	6.166209	1.295392	0.775102	0.224898	3.074206
10302	-1231.454	-1442.567	211.113	0.9475388	6.804435	1.517476	0.750161	0.249839	2.412565
10308	-1238.03	-1450.409	212.3788	1.1094	4.76228	1.160348	0.730299	0.269701	2.00615
10314	-1238.03	-1448.236	210.2065	0.5776814	5.019957	1.434528	0.661875	0.338125	3.484592
10320	-1233.241	-1444.219	210.9782	0.791774	4.545242	1.655727	0.695108	0.304892	2.887309
10326	-1240.679	-1451.844	211.1649	0.6614045	3.854292	1.916832	0.624491	0.375509	2.887309
10332	-1238.2	-1448.079	209.8784	0.6695809	4.307452	1.916832	0.652877	0.347123	3.555475
10338	-1239.946	-1451.193	211.2469	0.7108506	3.976496	1.478834	0.710808	0.289192	2.959674
10344	-1246.827	-1457.57	210.743	0.7976382	4.169571	2.023666	0.738672	0.261328	2.957501
10350	-1234.817	-1446.155	211.338	0.8613254	6.206386	1.513235	0.741041	0.258959	2.412124
10356	-1228.509	-1440.729	212.2197	1.248173	6.206386	1.439533	0.737141	0.262859	1.600006
10362	-1244.183	-1454.84	210.6573	0.7497856	4.680144	2.241447	0.649356	0.350644	2.869129
10368	-1245.719	-1455.705	209.9856	0.620421	4.680144	2.171979	0.649356	0.350644	3.368794
10374	-1244.109	-1455.243	211.1335	0.8586198	4.649588	2.099528	0.751958	0.248042	2.563976
10380	-1254.718	-1464.562	209.8436	0.7290879	4.491518	1.550517	0.67263	0.32737	3.647729
10386	-1257.988	-1468.771	210.7824	0.7920953	4.491518	1.975142	0.813229	0.186771	2.892947
10392	-1247.617	-1458.286	210.6691	0.7510563	4.315483	1.975142	0.734869	0.265131	3.018801
10398	-1262.009	-1471.604	209.5945	0.6576829	4.315483	1.975142	0.701019	0.298981	3.705275
10404	-1256.529	-1467.001	210.4714	0.6064043	3.824303	1.975142	0.708363	0.291637	3.318961
10410	-1257.734	-1468.322	210.5877	0.622902	4.786337	1.985727	0.684433	0.315567	3.055045
10416	-1260.281	-1471.001	210.7194	0.6434144	4.786337	1.985727	0.825573	0.174427	2.963813
10422	-1245.576	-1457.138	211.5623	0.6921813	6.265744	1.079857	0.751608	0.248392	2.592801
10428	-1242.269	-1452.175	209.906	0.6715448	4.740647	1.461747	0.696205	0.303795	3.639329
10434	-1240.508	-1450.665	210.1577	0.7351641	4.740647	1.461747	0.696205	0.303795	3.455832
10440	-1240.401	-1450.56	210.1589	0.6200841	4.740647	1.619895	0.6669	0.3331	3.455832
10446	-1243.243	-1453.702	210.4584	0.5552238	4.740647	1.619895	0.691017	0.308983	3.318205
10452	-1240.334	-1450.657	210.3235	0.6874038	4.823545	1.589166	0.753638	0.246362	3.318205
10458	-1229.461	-1440.113	210.6515	0.6641295	5.492623	1.589166	0.770748	0.229252	3.02863
10464	-1239.45	-1449.9	210.4503	0.6386647	5.492623	1.589166	0.770748	0.229252	3.163826
10470	-1238.739	-1449.626	210.887	0.7402895	4.985605	1.589166	0.78048	0.21952	2.923622
10476	-1256.751	-1467.646	210.8955	0.7379408	4.716203	1.589166	0.724247	0.275753	2.966608
10482	-1252.197	-1462.728	210.5317	0.5701717	4.704234	2.024981	0.754283	0.245717	3.12054
10488	-1243.792	-1453.876	210.0833	0.7026519	4.162156	2.016284	0.676404	0.323596	3.409295
10494	-1252.419	-1462.494	210.0754	0.6364244	5.22876	1.342066	0.712472	0.287528	3.535331
10500	-1247.522	-1457.331	209.8088	0.8187557	4.034088	1.342066	0.712472	0.287528	3.791601
10506	-1248.662	-1459.056	210.3938	0.6880348	4.034088	2.243778	0.656307	0.343693	3.184869
10512	-1246.699	-1457.388	210.6897	0.5881156	4.530523	2.219904	0.64462	0.35538	2.98116
10518	-1261.183	-1472.556	211.3732	0.9021824	4.137426	2.085943	0.73697	0.26303	2.491846
10524	-1253.629	-1464.781	211.1521	0.8284355	6.538921	1.773512	0.77733	0.22267	2.389508
10530	-1233.193	-1444.772	211.5789	0.7782001	7.298654	1.457864	0.759838	0.240162	2.184443
10536	-1241.172	-1451.931	210.7595	0.6299863	6.829102	1.693319	0.759838	0.240162	2.749441
10542	-1242.59	-1453.69	211.0998	0.6771622	6.974081	1.28234	0.790724	0.209276	2.679767
10548	-1241.788	-1453.068	211.2802	0.8704985	5.393097	1.28234	0.780847	0.219153	2.679767
10554	-1256.14	-1466.089	209.9489	0.6095096	6.393488	1.672486	0.698341	0.301659	3.313867
10560	-1243.282	-1453.767	210.4849	0.592634	4.822762	1.808941	0.780847	0.219153	3.192372
10566	-1235.812	-1446.207	210.3947	0.7822171	4.822762	1.765115	0.720136	0.279864	3.150069
10572	-1241.696	-1452.177	210.4812	0.7000678	3.866563	1.765115	0.723278	0.276722	3.325913
10578	-1236.946	-1448.153	211.2071	0.9177748	4.00092	1.778208	0.724998	0.275002	2.727855
10584	-1249.642	-1460.787	211.1443	0.620242	4.431429	1.778208	0.735041	0.264959	2.862691
10590	-1255.997	-1467.176	211.1787	0.7146514	4.707968	2.146823	0.623665	0.376335	2.598076
10596	-1248.885	-1460.228	211.3423	0.6957774	4.707968	1.497414	0.65569	0.34431	2.762846
10602	-1251.294	-1461.959	210.6655	0.6902071	4.745815	1.497414	0.692198	0.307802	3.166738
10608	-1245.348	-1456.07	210.7222	0.6756641	5.807055	2.025539	0.65676	0.34324	2.762656
10614	-1245.126	-1456.401	211.2749	0.6219521	5.807055	1.29772	0.769294	0.230706	2.762656
10620	-1243.533	-1455.056	211.5221	0.6813471	6.128419	1.681439	0.745522	0.254478	2.346636
10626	-1238.69	-1449.502	210.8124	0.5497321	6.128419	1.681439	0.745522	0.254478	2.867572
10632	-1240.933	-1451.928	210.9942	0.5282886	5.436465	1.693804	0.679821	0.320179	2.869746
10638	-1247.851	-1457.802	209.9511	0.6546736	4.049709	1.693804	0.649999	0.350001	3.652932
10644	-1249.145	-1460.136	210.9904	0.6443394	4.118828	1.693804	0.655812	0.344188	3.034234
10650	-1262.73	-1473.259	210.5291	0.8000457	4.655646	2.838748	0.688413	0.311587	2.743973
10656	-1256.218	-1465.82	209.6018	0.6388438	3.962401	2.526137	0.688413	0.311587	3.60777
10662	-1275.251	-1486.167	210.9164	0.8043703	3.962401	1.825887	0.672261	0.327739	2.962537
10668	-1268.815	-1478.671	209.8559	0.6176039	3.962401	2.543771	0.663169	0.336831	3.467183
10674	-1242.278	-1453.826	211.5479	0.7428651	5.078097	1.64788	0.71057	0.28943	2.475452
10680	-1243.822	-1455.296	211.4737	0.5924944	5.166066	1.326024	0.735555	0.264445	2.746948
10686	-1243.198	-1454.424	211.226	0.6256051	5.935916	1.326024	0.718097	0.281903	2.756919
10692	-1241.588	-1452.405	210.8166	0.5986079	5.935916	1.326024	0.740885	0.259115	3.02081
10698	-1236.247	-1447.18	210.9334	0.6391045	6.066839	1.2974	0.740885	0.259115	2.921268
10704	-1245.056	-1456.333	211.2773	0.8190018	4.440303	1.2974	0.713229	0.286771	2.870969
10710	-1234.829	-1445.592	210.7634	0.7969077	5.524548	1.010088	0.72255	0.27745	3.164038
10716	-1245.522	-1457.553	212.0317	1.018636	5.502461	1.404677	0.769574	0.230426	2.02717
10722	-1235.731	-1447.068	211.3372	0.8951197	5.266779	1.404677	0.705501	0.294499	2.589724
10728	-1247.793	-1459.189	211.3955	0.7759644	6.206575	1.191863	0.719479	0.280521	2.589724
10734	-1239.604	-1450.773	211.169	0.9110607	6.206575	1.191863	0.799724	0.200276	2.646213
10740	-1237.718	-1448.91	211.192	0.7327883	5.412083	1.191863	0.706541	0.293459	2.861555
10746	-1239.32	-1450.59	211.2696	0.6359806	5.338008	1.542981	0.732986	0.267014	2.715864
10752	-1233.711	-1445.048	211.337	0.7626879	7.233928	1.542981	0.782262	0.217738	2.318347
10758	-1240.851	-1451.104	210.2526	0.6313705	7.631733	1.542981	0.686229	0.313771	3.017865
10764	-1240.941	-1451.762	210.8201	0.6114765	6.150699	1.542981	0.768899	0.231101	2.880544
10770	-1254.588	-1465.872	211.2841	0.76726	7.073814	1.055328	0.768899	0.231101	2.622307
10776	-1251.943	-1462.777	210.8344	0.8772324	5.743075	1.27863	0.711416	0.288584	2.894443
10782	-1246.127	-1456.924	210.7963	0.7408899	6.942486	1.008674	0.768356	0.231644	2.980033
10788	-1239.925	-1450.787	210.862	0.7451067	8.600947	1.147286	0.79461	0.20539	2.661045
10794	-1246.073	-1457.118	211.0453	0.7551367	8.600947	0.9475579	0.716322	0.283678	2.661045
10800	-1241.766	-1453.095	211.3287	0.7327976	9.204446	0.9475579	0.756801	0.243199	2.433298
10806	-1241.003	-1451.696	210.693	0.6885757	7.115111	1.342419	0.754799	0.245201	2.872968
10812	-1243.192	-1453.936	210.7432	0.7278317	6.231569	1.164256	0.709998	0.290002	3.027271
10818	-1252.829	-1463.445	210.6164	0.7122706	7.464852	1.508958	0.613675	0.386325	2.784156
10824	-1235.597	-1446.731	211.1345	0.878985	5.228408	1.508958	0.715439	0.284561	2.68282
10830	-1237.002	-1448.182	211.18	0.8481517	6.490049	1.369731	0.723779	0.276221	2.546539
10836	-1243.938	-1454.154	210.2161	0.9055337	6.490049	1.387809	0.737046	0.262954	3.089315
10842	-1251.18	-1462.243	211.0629	0.8531205	6.490049	1.008345	0.743903	0.256097	2.81139
10848	-1248.076	-1458.89	210.8142	0.8409051	7.732434	1.008345	0.761979	0.238021	2.81139
10854	-1236.624	-1447.768	211.1438	0.7694555	7.927664	1.008345	0.719592	0.280408	2.630105
10860	-1258.883	-1470.119	211.2363	0.7870784	7.086432	2.107186	0.729355	0.270645	2.157001
10866	-1256.457	-1467.518	211.0613	0.9058215	5.379976	1.459865	0.751442	0.248558	2.708709
10872	-1247.624	-1459.138	211.5147	0.9446156	5.056342	1.759857	0.748019	0.251981	2.325802
10878	-1242.758	-1454.42	211.6622	0.8603795	4.824817	1.759857	0.706725	0.293275	2.327284
10884	-1252.862	-1464.582	211.7203	1.016131	7.973962	1.222139	0.780973	0.219027	1.971314
10890	-1241.482	-1452.626	211.1435	0.702378	5.566249	1.356737	0.72141	0.27859	2.801758
10896	-1250.377	-1461.573	211.1959	0.7544133	6.434072	1.002615	0.728469	0.271531	2.801758
10902	-1249.129	-1459.837	210.7083	0.551367	4.922366	1.424339	0.683188	0.316812	3.225898
10908	-1254.224	-1464.97	210.7454	0.6984643	6.856364	1.424339	0.79453	0.20547	2.82972
10914	-1247.602	-1458.632	211.0293	0.4854345	8.404286	0.9904213	0.766444	0.233556	2.830567
10920	-1237.546	-1448.659	211.1124	0.7651047	9.086304	0.9447038	0.809577	0.190423	2.56275
10926	-1231.224	-1441.909	210.6849	0.7525502	9.086304	0.8739023	0.756474	0.243526	2.87896
10932	-1234.353	-1445.034	210.6816	0.6938771	7.797476	1.174286	0.741939	0.258061	2.87896
10938	-1236.457	-1447.571	211.114	0.8831565	6.196004	1.108095	0.711639	0.288361	2.744939
10944	-1238.926	-1449.153	210.2277	0.8234655	5.585212	1.108095	0.747648	0.252352	3.399779
10950	-1244.078	-1455.243	211.165	0.8404728	6.793828	1.108095	0.704624	0.295376	2.656886
10956	-1240.836	-1451.949	211.1129	0.8685668	6.793828	1.216196	0.728371	0.271629	2.612097
10962	-1251.372	-1460.855	209.4825	0.6137077	6.956379	1.235787	0.718687	0.281313	3.703352
10968	-1249.848	-1459.256	209.4084	0.553495	6.740316	1.507697	0.664787	0.335213	3.684127
10974	-1247.073	-1458.127	211.0539	0.632547	4.72874	1.792607	0.759764	0.240236	2.850135
10980	-1240.856	-1451.471	210.6141	0.6893177	4.70588	1.766786	0.731248	0.268752	3.094394
10986	-1252.027	-1462.879	210.852	0.6621079	4.774524	1.950987	0.680003	0.319997	2.887069
10992	-1256.345	-1466.624	210.279	0.7464779	5.589141	2.095645	0.746653	0.253347	2.996901
10998	-1253.195	-1464.05	210.8555	0.7042483	6.973458	2.253204	0.778592	0.221408	2.417818
11004	-1249.805	-1460.032	210.2271	0.7998341	5.377175	2.017296	0.790672	0.209328	3.055951
11010	-1240.965	-1452.976	212.0119	0.8253759	5.377175	1.131087	0.836394	0.163606	2.335479
11016	-1227.6	-1439.036	211.4361	0.7859226	5.260777	1.295777	0.756558	0.243442	2.650677
11022	-1230.785	-1442.031	211.2464	0.6177086	7.329728	1.295777	0.713452	0.286548	2.573322
11028	-1234.753	-1446.155	211.4017	0.5820729	6.763407	1.295777	0.706915	0.293085	2.573322
11034	-1249.77	-1460.901	211.1312	0.6350114	7.398168	1.397877	0.704554	0.295446	2.574873
11040	-1253.395	-1465.041	211.6458	1.085637	4.186225	1.531092	0.712021	0.287979	2.417844
11046	-1260.659	-1471.636	210.9769	0.6497673	6.267935	1.543562	0.733004	0.266996	2.744942
11052	-1254.495	-1465.168	210.6736	0.5485545	6.267935	1.680358	0.697774	0.302226	2.932763
11058	-1250.837	-1461.859	211.0213	0.777451	5.321619	1.558862	0.676634	0.323366	2.77692
11064	-1253.748	-1465.722	211.9731	1.000267	6.076683	1.558862	0.699695	0.300305	1.906349
11070	-1248.85	-1460.474	211.6242	0.9794995	7.374541	1.955039	0.6851	0.3149	1.78712
11076	-1242.952	-1454.582	211.63	1.070198	5.215119	1.699323	0.684219	0.315781	2.168438
11082	-1250.183	-1461.089	210.9063	0.9830717	6.037442	2.026471	0.689298	0.310702	2.422919
11088	-1244.285	-1455.454	211.1682	1.020751	4.663119	1.718654	0.689298	0.310702	2.583487
11094	-1233.271	-1444.829	211.5581	0.9789029	5.113626	1.1958	0.632759	0.367241	2.532857
11100	-1235.758	-1447.008	211.2501	1.058026	6.002405	1.1958	0.664162	0.335838	2.532857
11106	-1239.529	-1450.824	211.2954	1.06042	6.002405	2.019466	0.732526	0.267474	2.131986
11112	-1238.01	-1449.19	211.1799	0.9891429	5.496773	2.019466	0.753911	0.246089	2.33383
11118	-1225.899	-1437.191	211.2914	0.8190798	5.496773	1.302098	0.763355	0.236645	2.67777
11124	-1229.418	-1441.282	211.8645	0.8221062	5.496773	1.302098	0.76356	0.23644	2.317487
11130	-1233.116	-1444.305	211.1885	0.8002677	5.351354	1.716233	0.742803	0.257197	2.58887
11136	-1235.581	-1446.879	211.298	0.8695633	4.221295	1.956521	0.704318	0.295682	2.58887
11142	-1237.076	-1448.877	211.8018	0.9991752	5.362951	1.270053	0.722328	0.277672	2.283743
11148	-1232.25	-1444.212	211.9623	1.117124	6.393783	1.580103	0.735072	0.264928	1.772281
11154	-1233.073	-1444.45	211.3771	0.7091851	5.742486	1.185669	0.735072	0.264928	2.714839
11160	-1239.337	-1450.23	210.893	0.7895495	5.742486	0.9930257	0.694537	0.305463	3.068351
11166	-1239.577	-1450.66	211.0833	1.012124	5.742486	0.9930257	0.687729	0.312271	2.819669
11172	-1227.733	-1438.787	211.0539	0.8100486	6.979527	0.9930257	0.751077	0.248923	2.787044
11178	-1245.531	-1456.437	210.9064	0.6471412	7.005437	1.333163	0.798434	0.201566	2.787044
11184	-1232.804	-1444.024	211.2193	0.8677282	4.87534	1.815074	0.760866	0.239134	2.569624
11190	-1240.929	-1451.705	210.7758	0.8641009	6.204174	1.98422	0.769172	0.230828	2.569624
11196	-1221.498	-1432.349	210.8517	0.9289676	6.204174	1.478082	0.762144	0.237856	2.68901
11202	-1228.232	-1439.409	211.1771	0.8368803	6.524137	1.106969	0.750551	0.249449	2.68901
11208	-1232.036	-1443.874	211.8388	0.8586051	6.524137	1.196378	0.775321	0.224679	2.208726
11214	-1241.819	-1453.13	211.3108	0.7403358	6.524137	1.306433	0.801649	0.198351	2.559017
11220	-1237.958	-1448.06	210.1024	0.5328321	6.399456	1.453048	0.716431	0.283569	3.359776
11226	-1245.146	-1456.066	210.9197	0.8040706	6.399456	1.453048	0.743523	0.256477	2.707621
11232	-1237.648	-1448.281	210.6334	0.6295382	8.84781	1.025892	0.771366	0.228634	2.913724
11238	-1234.619	-1446.275	211.656	0.7854242	8.119392	1.039534	0.777073	0.222927	2.255814
11244	-1214.229	-1425.507	211.2785	0.7399006	6.040599	1.420301	0.777073	0.222927	2.593173
11250	-1238.17	-1450.183	212.0132	0.8549445	5.242947	1.083632	0.728361	0.271639	2.366531
11256	-1241.567	-1453.163	211.5959	1.139288	5.242947	1.2263	0.78807	0.21193	2.369646
11262	-1256.333	-1467.756	211.4231	0.8148556	7.318928	1.195265	0.776245	0.223755	2.393958
11268	-1253.303	-1464.564	211.2612	0.7842713	7.318928	1.431468	0.78645	0.21355	2.393958
11274	-1235.738	-1447.467	211.7293	1.210797	4.187443	2.037002	0.700693	0.299307	2.073411
11280	-1239.77	-1451.936	212.1659	1.227174	5.042918	2.446494	0.81217	0.18783	1.418939
11286	-1246.352	-1458.512	212.16	1.311214	5.042918	2.235687	0.770892	0.229108	1.44283
11292	-1237.83	-1450.167	212.3369	1.448234	6.805783	2.045711	0.791403	0.208597	0.8691554
11298	-1245.516	-1458.412	212.8959	1.277161	5.954632	1.054916	0.789747	0.210253	1.359602
11304	-1227.685	-1439.627	211.942	0.9365348	8.865441	0.8732727	0.832727	0.167273	1.994222
11310	-1245.613	-1458.08	212.4671	1.014918	8.865441	0.8732727	0.848561	0.151439	1.574248
11316	-1244.016	-1456.437	212.4206	1.115055	9.461275	0.9359677	0.846459	0.153541	1.406983
11322	-1247.243	-1457.808	210.5642	0.6555935	5.43102	1.558402	0.757692	0.242308	3.108493
11328	-1253.391	-1464.329	210.9387	0.7966735	6.48206	1.558402	0.77779	0.22221	2.641487
11334	-1248.295	-1460.195	211.9001	1.057527	6.744216	1.43129	0.845432	0.154568	1.877221
11340	-1239.321	-1451.472	212.151	1.081054	6.478915	1.43129	0.81325	0.18675	1.728133
11346	-1238.076	-1449.681	211.6055	0.8423462	9.0189	0.9748586	0.833463	0.166537	2.188994
11352	-1238.558	-1450.401	211.8429	0.9053266	7.306225	1.287997	0.737457	0.262543	2.014453
11358	-1251.909	-1463.43	211.5206	0.8336876	7.675957	1.287997	0.749529	0.250471	2.223701
11364	-1243.274	-1454.936	211.662	0.9502906	8.147331	1.17243	0.801393	0.198607	2.060929
11370	-1246.379	-1457.63	211.2507	0.9911377	8.147331	1.17243	0.806835	0.193165	2.301301
11376	-1246.123	-1457.588	211.4654	0.8221013	8.302903	1.17243	0.785622	0.214378	2.253568
11382	-1239.314	-1450.718	211.4035	0.7837532	7.666787	0.8446006	0.839445	0.160555	2.599399
11388	-1250.77	-1460.901	210.1317	0.7152815	6.761526	0.9951849	0.76999	0.23001	3.420341
11394	-1246.295	-1456.947	210.6522	0.946348	5.98831	1.0391	0.768345	0.231655	3.05524
11400	-1251.156	-1462.495	211.3386	0.9110134	4.174391	1.629116	0.716335	0.283665	2.676985
11406	-1256.989	-1468.267	211.278	0.8677898	5.592221	1.629116	0.732641	0.267359	2.488643
11412	-1247.5	-1458.487	210.9867	0.827423	6.804029	1.702292	0.737463	0.262537	2.486662
11418	-1253.675	-1465.002	211.3265	0.8922836	5.289051	2.112125	0.718702	0.281298	2.303268
11424	-1236.296	-1446.797	210.5006	0.7054897	5.646808	1.366305	0.69904	0.30096	3.169215
11430	-1240.978	-1452.556	211.5783	0.7526759	5.646808	1.366305	0.730502	0.269498	2.48517
11436	-1245.695	-1457.027	211.3325	0.7074749	6.131711	1.00639	0.711653	0.288347	2.787586
11442	-1245.363	-1455.789	210.4261	0.695112	4.939846	1.24869	0.628924	0.371076	3.38767
11448	-1250.73	-1461.997	211.2661	0.9231536	4.939846	1.873362	0.616867	0.383133	2.471658
11454	-1254.391	-1465.601	211.2101	1.059284	7.193694	1.555254	0.781576	0.218424	2.209142
11460	-1253.608	-1463.729	210.1215	0.629081	5.674382	1.445803	0.705603	0.294397	3.397559
11466	-1237.974	-1449.004	211.0299	0.8998742	4.538846	1.236385	0.705603	0.294397	2.983978
11472	-1244.057	-1456.156	212.0992	1.174987	8.002838	0.7649128	0.784336	0.215664	1.918381
11478	-1239.151	-1450.734	211.5825	1.01902	8.002838	1.305869	0.781963	0.218037	2.010897
11484	-1241.191	-1452.091	210.9005	1.01902	5.560449	0.8632537	0.720752	0.279248	3.036417
11490	-1233.936	-1444.965	211.0297	0.8565027	7.292262	0.8632537	0.874532	0.125468	2.817288
11496	-1229.037	-1440.356	211.3184	0.8776946	8.284857	1.149345	0.817455	0.182545	2.327341
11502	-1231.183	-1442.724	211.5413	0.9554809	6.093881	1.180988	0.745844	0.254156	2.409029
11508	-1231.454	-1443.251	211.7968	0.9554809	5.781918	1.180988	0.720088	0.279912	2.294973
11514	-1240.124	-1451.899	211.7747	0.9685961	5.781918	1.706744	0.751785	0.248215	2.040445
11520	-1242.186	-1453.769	211.5823	0.875068	5.922616	1.706744	0.724027	0.275973	2.204796
11526	-1240.741	-1452.656	211.9151	0.8144806	5.057839	1.368517	0.641129	0.358871	2.331149
11532	-1246.265	-1457.812	211.547	0.9525443	5.057839	1.979028	0.64829	0.35171	2.212722
11538	-1244.741	-1455.703	210.9622	1.105108	4.364717	1.833371	0.634468	0.365532	2.669178
11544	-1241.71	-1453.008	211.298	0.7853209	3.592529	2.00498	0.634468	0.365532	2.756008
11550	-1240.307	-1451.602	211.2956	0.7101524	3.759283	1.486562	0.634468	0.365532	2.972556
11556	-1242.549	-1452.883	210.3342	0.6637389	4.495398	1.486562	0.674517	0.325483	3.426519
11562	-1253.788	-1464.185	210.3972	0.8334907	4.495398	1.486562	0.744709	0.255291	3.289768
11568	-1245.334	-1455.907	210.5731	0.8173031	4.495398	1.486562	0.753313	0.246687	3.195325
11574	-1242.207	-1453.882	211.6752	0.9990443	4.4809	1.623575	0.797169	0.202831	2.353897
11580	-1242.709	-1453.889	211.1801	0.8342418	4.732402	1.57968	0.797169	0.202831	2.736777
11586	-1242.816	-1453.946	211.1303	0.8840621	4.732402	1.57968	0.745073	0.254927	2.736777
11592	-1242.874	-1453.642	210.7676	0.8193233	6.433395	1.120413	0.745073	0.254927	2.953552
11598	-1247.149	-1458.071	210.9225	0.8680176	6.433395	2.062367	0.721725	0.278275	2.413841
11604	-1249.564	-1460.436	210.8713	0.9083566	5.586606	2.158596	0.584109	0.415891	2.51483
11610	-1248.612	-1460.976	212.3637	1.211007	5.20168	1.417397	0.777508	0.222492	1.716947
11616	-1252.77	-1464.049	211.279	1.002701	8.903201	1.413013	0.701771	0.298229	2.058217
11622	-1255.219	-1466.736	211.5165	0.9002832	6.737891	1.413013	0.690333	0.309667	2.244718
11628	-1254.567	-1466.134	211.5675	1.046266	7.644786	0.6736258	0.802082	0.197918	2.467333
11634	-1249.782	-1460.756	210.9736	0.6345369	5.367468	1.618057	0.753142	0.246858	2.860083
11640	-1247.962	-1458.755	210.7925	0.7280588	5.1923	1.618057	0.740869	0.259131	2.941361
11646	-1239.405	-1449.42	210.015	0.6821736	3.799695	1.769362	0.740869	0.259131	3.620731
11652	-1237.287	-1448.1	210.8138	0.6163162	4.322449	1.769362	0.64762	0.35238	3.087646
11658	-1242.586	-1453.639	211.0526	0.8056682	4.057912	1.393508	0.752715	0.247285	3.041851
11664	-1234.704	-1445.311	210.6076	0.8139489	4.576221	1.780003	0.712259	0.287741	3.041851
11670	-1240.954	-1451.576	210.6222	0.6926287	4.576221	1.780003	0.684493	0.315507	3.105545
11676	-1237.896	-1447.567	209.6706	0.7213156	4.576221	1.780003	0.686444	0.313556	3.64745
11682	-1233.991	-1444.281	210.29	0.6751149	5.14604	1.256752	0.694242	0.305758	3.441493
11688	-1242.151	-1452.686	210.5344	0.5990264	6.642259	1.256752	0.693545	0.306455	3.125159
11694	-1245.123	-1457.004	211.8811	0.8925365	8.004554	1.171528	0.709206	0.290794	1.972088
11700	-1242.974	-1454.723	211.7493	0.790099	9.463446	1.144926	0.813318	0.186682	1.972088
11706	-1252.406	-1464.58	212.1737	0.8020654	6.769706	0.9872949	0.817157	0.182843	2.119788
11712	-1237.154	-1449.121	211.9675	0.9491991	7.189929	1.603677	0.801778	0.198222	1.753229
11718	-1233.603	-1445.277	211.674	0.9369089	7.189929	1.692275	0.771149	0.228851	1.921719
11724	-1238.679	-1449.831	211.1518	0.7546386	5.851361	1.130499	0.794086	0.205914	2.838155
11730	-1246.003	-1455.794	209.7911	0.8299859	5.620057	0.9893324	0.727104	0.272896	3.711556
11736	-1237.79	-1447.54	209.7498	0.753263	4.790211	1.377217	0.680756	0.319244	3.711556
11742	-1249.733	-1461.242	211.5096	0.7731123	5.477573	1.377217	0.746237	0.253763	2.537107
11748	-1250.351	-1461.6	211.2483	0.8127681	5.477573	1.856071	0.744117	0.255883	2.467245
11754	-1261.544	-1472.153	210.6083	0.6616876	5.477573	1.856071	0.658307	0.341693	2.952565
11760	-1234.798	-1446.743	211.9454	1.18497	9.05495	1.017761	0.773734	0.226266	1.695349
11766	-1231.233	-1443.259	212.0266	1.036473	9.016994	1.017761	0.783586	0.216414	1.747328
11772	-1227.461	-1439.384	211.9229	1.006766	8.602268	1.021305	0.849486	0.150514	1.887168
11778	-1225.25	-1436.897	211.647	0.9933014	8.602268	1.249993	0.767249	0.232751	1.942037
11784	-1226.58	-1439.013	212.4323	1.070285	7.188554	0.9093355	0.796082	0.203918	1.759139
11790	-1230.43	-1441.012	210.5821	0.8402699	9.623708	0.9093355	0.754574	0.245426	2.810364
11796	-1238.505	-1449.695	211.1894	0.9274345	9.623708	0.8903888	0.722196	0.277804	2.393016
11802	-1237.137	-1448.282	211.1445	0.7782332	8.443379	1.107215	0.718451	0.281549	2.505653
11808	-1242.116	-1453.404	211.2875	0.9270782	8.443379	1.273039	0.780076	0.219924	2.228287
11814	-1245.999	-1457.437	211.4384	0.8363971	8.443379	1.345933	0.755885	0.244115	2.150783
11820	-1251.796	-1463.292	211.4964	0.931474	7.161662	1.345933	0.740669	0.259331	2.213058
11826	-1235.757	-1447.441	211.6841	1.089748	7.161662	1.513359	0.699474	0.300526	1.89996
11832	-1232.188	-1444.153	211.9648	1.177233	5.720075	1.198564	0.76469	0.23531	2.04166
11838	-1232.095	-1443.803	211.7085	0.972219	7.578396	1.198564	0.757083	0.242917	2.072978
11844	-1234.577	-1446.009	211.4329	0.972219	7.705617	1.126549	0.747738	0.252262	2.277379
11850	-1247.273	-1458.36	211.087	0.8364338	7.745012	1.139986	0.754408	0.245592	2.568404
11856	-1234.089	-1444.923	210.8338	0.736046	8.591475	1.446428	0.810299	0.189701	2.532599
11862	-1230.608	-1441.769	211.1613	0.8265702	6.506405	1.498738	0.810299	0.189701	2.508194
11868	-1230.041	-1441.572	211.531	0.8861492	6.506405	1.498738	0.71479	0.28521	2.236118
11874	-1235.639	-1447.187	211.548	0.8861492	6.506405	2.097929	0.690284	0.309716	1.972742
11880	-1238.583	-1450.422	211.8392	0.9760156	4.988699	2.097929	0.678602	0.321398	1.972742
11886	-1231.471	-1443.035	211.5637	1.0862	4.988699	2.097929	0.678773	0.321227	2.082477
11892	-1234.564	-1446.23	211.6657	1.087854	5.955291	1.538207	0.798788	0.201212	2.082477
11898	-1230.887	-1443.087	212.1999	1.012576	5.955291	1.538207	0.783429	0.216571	1.772417
11904	-1238.209	-1450.791	212.582	1.250788	5.39578	1.561405	0.788631	0.211369	1.410431
11910	-1246.345	-1458.832	212.4872	1.143356	5.39578	1.561405	0.84302	0.15698	1.562871
11916	-1236.013	-1447.607	211.5933	0.932486	5.557997	2.078478	0.729123	0.270877	2.07076
11922	-1237.415	-1448.731	211.3152	0.932486	5.557997	1.825889	0.74145	0.25855	2.348295
11928	-1249.108	-1460.44	211.3321	0.9784201	5.557997	1.062734	0.675886	0.324114	2.675077
11934	-1238.139	-1449.966	211.8269	0.9107005	4.799409	1.326105	0.75216	0.24784	2.394039
11940	-1239.812	-1450.625	210.8131	0.8670077	4.662	1.463085	0.75216	0.24784	3.003105
11946	-1237.15	-1448.188	211.0385	0.7052786	4.451608	1.463085	0.790128	0.209872	3.003105
11952	-1235.717	-1446.012	210.2949	0.6346979	3.761969	2.150837	0.731882	0.268118	3.359853
11958	-1235.989	-1445.648	209.6592	0.4640878	4.127326	2.150837	0.624543	0.375457	3.756597
11964	-1232.597	-1442.61	210.0128	0.5386374	4.127326	2.010262	0.634883	0.365117	3.554867
11970	-1247.402	-1459.21	211.808	0.8547361	5.048888	2.184689	0.752372	0.247628	2.031049
11976	-1252.104	-1463.427	211.3226	0.9062568	5.048888	1.646575	0.676086	0.323914	2.519809
11982	-1252.07	-1462.519	210.4489	0.5419916	5.851208	1.427903	0.739411	0.260589	3.238072
11988	-1250.357	-1460.458	210.1003	0.5705183	4.008744	1.932676	0.739411	0.260589	3.53512
11994	-1250.895	-1462.542	211.6469	0.9564982	5.531907	0.9883398	0.791889	0.208111	2.543223
12000	-1240.793	-1452.74	211.9474	0.8620862	5.82543	1.13274	0.802241	0.197759	2.279145
12006	-1232.282	-1444.034	211.7519	0.845162	5.82543	1.369188	0.731516	0.268484	2.287074
12012	-1227.994	-1440.717	212.7228	1.350548	5.689155	0.9218066	0.737736	0.262264	1.586779
12018	-1225.201	-1437.61	212.4087	1.068436	8.227517	0.9218066	0.81157	0.18843	1.622979
12024	-1240.112	-1451.724	211.6122	0.874911	8.227517	1.038496	0.755484	0.244516	2.214009
12030	-1235.106	-1446.415	211.3091	0.7687017	6.247962	1.589034	0.724094	0.275906	2.448381
12036	-1247.815	-1458.315	210.5004	0.8189178	6.247962	1.275251	0.775722	0.224278	3.058559
12042	-1249.784	-1460.344	210.5598	0.73398	6.681359	1.350235	0.770263	0.229737	2.978381
12048	-1258.366	-1469.727	211.3605	0.8196347	6.814757	1.38267	0.770263	0.229737	2.399826
12054	-1263.42	-1474.427	211.0073	0.6880076	6.958423	1.148242	0.778147	0.221853	2.802605
12060	-1251.243	-1461.459	210.216	0.8783203	5.496424	2.015103	0.71282	0.28718	2.997664
12066	-1241.216	-1452.648	211.4323	1.062192	5.966536	2.015103	0.742903	0.257097	2.048237
12072	-1245.82	-1458.092	212.2719	1.114731	5.365894	1.626212	0.707551	0.292449	1.711519
12078	-1255.708	-1467.791	212.0834	1.19238	5.365894	1.398212	0.781622	0.218378	1.903343
12084	-1253.935	-1465.492	211.5571	0.8240435	5.441048	1.961533	0.643208	0.356792	2.229128
12090	-1245.042	-1454.575	209.5334	0.7405906	4.998091	1.961533	0.643208	0.356792	3.579499
12096	-1253.837	-1463.768	209.931	0.8340799	3.480451	1.961533	0.609716	0.390284	3.579499
12102	-1245.041	-1456.271	211.2296	0.8410543	3.484853	2.517197	0.609716	0.390284	2.620358
12108	-1241.718	-1453.158	211.44	0.8108317	4.029839	2.295521	0.685878	0.314122	2.457798
12114	-1247.879	-1459.63	211.7503	0.9263277	5.662425	2.019449	0.690939	0.309061	1.975471
12120	-1247.455	-1459.869	212.4136	1.078147	5.43122	1.193833	0.730975	0.269025	1.859029
12126	-1244.946	-1456.79	211.8436	1.114841	6.260874	1.303258	0.7539	0.2461	2.018072
12132	-1241.863	-1453.525	211.662	0.97879	6.114901	1.303258	0.780973	0.219027	2.247986
12138	-1237.713	-1449.109	211.3957	0.9397038	6.166207	1.794458	0.717042	0.282958	2.208924
12144	-1241.861	-1452.361	210.5	0.8243144	6.917306	1.066356	0.812374	0.187626	3.077139
12150	-1248.182	-1458.459	210.2767	0.7324707	7.132051	0.7840294	0.748974	0.251026	3.41428
12156	-1242.905	-1453.092	210.1879	0.8213266	7.132051	0.7840294	0.768521	0.231479	3.41428
12162	-1266.608	-1477.385	210.7773	0.6870019	8.328597	1.443836	0.73307	0.26693	2.628849
12168	-1269.736	-1480.409	210.6725	0.6479005	8.360834	1.659955	0.740454	0.259546	2.618535
12174	-1243.146	-1454.291	211.1454	0.7038305	8.902337	1.162213	0.745464	0.254536	2.469356
12180	-1247.288	-1459.387	212.0984	1.095759	7.624537	1.071702	0.808139	0.191861	1.798288
12186	-1243.238	-1454.498	211.2602	0.9575811	8.382568	1.35868	0.767787	0.232213	2.188465
12192	-1256.328	-1467.559	211.2307	0.5075148	7.282987	1.823753	0.762804	0.237196	2.421334
12198	-1247.167	-1457.637	210.4698	0.6625227	7.282987	1.397766	0.789072	0.210928	2.97599
12204	-1252.299	-1463.32	211.0211	0.6824019	6.446059	0.9591612	0.789072	0.210928	2.97599
12210	-1241.207	-1452.696	211.4885	0.7492875	7.861169	0.946445	0.784412	0.215588	2.475432
12216	-1237.542	-1448.231	210.6884	0.644956	7.622455	1.581746	0.784412	0.215588	2.730172
12222	-1227.856	-1438.716	210.8597	0.7022587	7.622455	1.65235	0.78335	0.21665	2.55909
12228	-1238.571	-1449.633	211.0612	0.6415794	9.812446	1.115408	0.789493	0.210507	2.492663
12234	-1256.979	-1467.62	210.6415	0.6547176	8.901626	1.095964	0.713385	0.286615	2.847388
12240	-1259.737	-1470.125	210.3875	0.5563923	7.831197	1.216309	0.766719	0.233281	3.112051
12246	-1237.29	-1448.047	210.757	0.7118434	7.831197	1.006416	0.739754	0.260246	2.913792
12252	-1237.122	-1447.414	210.2916	0.7707986	7.986999	1.006416	0.760942	0.239058	3.139359
12258	-1232.306	-1443.337	211.0314	0.7883815	5.93438	1.006416	0.706317	0.293683	2.949644
12264	-1256.156	-1467.695	211.5394	0.7588866	4.545695	1.169699	0.73145	0.26855	2.794944
12270	-1242.822	-1453.921	211.0988	1.08946	4.91398	2.05394	0.774954	0.225046	2.409281
12276	-1240.546	-1452.129	211.5831	1.096915	5.450392	1.971062	0.735623	0.264377	2.028481
12282	-1237.915	-1449.413	211.4982	0.9629002	5.36731	1.971062	0.718851	0.281149	2.186344
12288	-1244.524	-1456.064	211.5404	1.016704	7.057657	1.945993	0.741321	0.258679	1.868056
12294	-1257.76	-1469.486	211.7259	0.9043159	7.057657	1.945993	0.789024	0.210976	1.817922
12300	-1257.885	-1468.52	210.6348	0.6276685	6.846116	1.298406	0.730206	0.269794	3.000736
12306	-1251.819	-1462.35	210.5311	0.6340363	5.677743	1.298406	0.725559	0.274441	3.221217
12312	-1252.352	-1463.32	210.9681	0.6596988	5.009432	1.850279	0.739438	0.260562	2.814744
12318	-1247.451	-1458.456	211.0046	0.7089511	3.634149	1.850279	0.652249	0.347751	3.026864
12324	-1242.192	-1452.457	210.265	0.7851108	3.722935	1.899716	0.642678	0.357322	3.382966
12330	-1242.518	-1452.932	210.4143	0.6357605	3.722935	1.899716	0.779539	0.220461	3.382966
12336	-1255.453	-1465.902	210.449	0.6229356	3.662231	1.899716	0.772999	0.227001	3.382966
12342	-1251.765	-1461.961	210.196	0.6229356	3.783773	1.82539	0.722903	0.277097	3.532444
12348	-1230.62	-1441.221	210.6016	0.6564478	4.256999	1.378967	0.627385	0.372615	3.36572
12354	-1235.189	-1446.095	210.906	0.5930785	4.300753	1.378967	0.699463	0.300537	3.215392
12360	-1238.847	-1449.974	211.1275	0.7337679	4.300753	1.173176	0.708646	0.291354	3.102046
12366	-1241.765	-1452.063	210.2983	0.7518452	4.119621	2.523017	0.662303	0.337697	3.102046
12372	-1248.213	-1460.693	212.48	1.026147	5.321334	1.34992	0.767112	0.232888	1.779346
12378	-1246.022	-1457.574	211.5528	0.8149935	6.377967	1.34992	0.721053	0.278947	2.359105
12384	-1241.217	-1452.168	210.9511	0.7197553	6.671726	1.587357	0.75104	0.24896	2.642447
12390	-1246.419	-1457.721	211.3023	0.7872535	5.558886	0.9855368	0.677168	0.322832	2.856092
12396	-1253.501	-1465.067	211.5664	0.7741273	5.618503	0.9855368	0.783505	0.216495	2.693706
12402	-1248.005	-1460.283	212.2777	1.121629	5.83912	0.9454069	0.725752	0.274248	2.01114
12408	-1248.962	-1461.007	212.0451	1.150217	5.943003	1.12862	0.743593	0.256407	2.01114
12414	-1239.989	-1452.305	212.3159	1.150217	6.909434	1.607967	0.743593	0.256407	1.390862
12420	-1234.581	-1446.173	211.5914	0.8746554	5.34268	0.9511614	0.779059	0.220941	2.682321
12426	-1231.157	-1442.503	211.346	0.6323241	5.34268	1.451761	0.7105	0.2895	2.711628
12432	-1242.974	-1454.058	211.0835	0.8043327	7.312012	0.9902312	0.73404	0.26596	2.731771
12438	-1237.412	-1448.288	210.8767	0.7343836	7.312012	1.575996	0.78212	0.21788	2.6002
12444	-1252.274	-1463.668	211.3937	0.8425248	5.179486	0.9599681	0.749891	0.250109	2.843851
12450	-1251.099	-1462.322	211.2235	0.9129202	4.30892	1.210343	0.673522	0.326478	2.91595
12456	-1254.279	-1465.1	210.8217	0.9668234	4.603171	2.301517	0.726767	0.273233	2.630538
12462	-1234.99	-1445.615	210.6249	0.7535091	6.896496	1.313475	0.718762	0.281238	2.917013
12468	-1231.114	-1442.5	211.3858	0.9604803	5.145016	0.9051953	0.758383	0.241617	2.817795
12474	-1229.073	-1441.105	212.0322	0.9696718	5.145016	0.9051953	0.728787	0.271213	2.412307
12480	-1241.034	-1452.196	211.1622	0.900164	5.156476	1.634587	0.711887	0.288113	2.609911
12486	-1257.16	-1467.154	209.994	0.6577013	5.156476	1.57544	0.752771	0.247229	3.479634
12492	-1235.642	-1446.787	211.1455	0.8899686	4.181389	1.718138	0.709104	0.290896	2.76998
12498	-1237.627	-1449.506	211.8788	0.8790441	4.181389	1.718138	0.744343	0.255657	2.320215
12504	-1230.308	-1441.77	211.4619	0.8972686	5.127091	1.460605	0.70608	0.29392	2.507973
12510	-1240.199	-1450.597	210.3986	0.6959016	6.103147	1.158163	0.680691	0.319309	3.272319
12516	-1238.253	-1450.143	211.8901	0.9316452	6.103147	1.158163	0.736056	0.263944	2.213163
12522	-1243.294	-1454.528	211.2334	0.8222491	6.103147	1.343934	0.72851	0.27149	2.597869
12528	-1252.608	-1462.738	210.1302	0.8532698	5.687615	1.067368	0.703373	0.296627	3.446544
12534	-1245.35	-1456.333	210.9831	0.8787925	6.67863	1.880877	0.637001	0.362999	2.402059
12540	-1242.871	-1454.743	211.8724	1.061844	6.67863	1.880877	0.698725	0.301275	1.690118
12546	-1246.673	-1458.754	212.0812	0.8772496	6.67863	1.317686	0.729754	0.270246	1.946812
12552	-1242.258	-1452.82	210.5614	0.6935051	5.796693	1.635171	0.729754	0.270246	2.999656
12558	-1256.824	-1467.362	210.5378	0.7470831	5.267596	1.635171	0.663632	0.336368	3.063482
12564	-1244.871	-1456.275	211.4033	0.6187923	5.566383	1.172249	0.653496	0.346504	2.788604
12570	-1252.548	-1463.501	210.9529	0.6502216	4.783386	1.360279	0.653589	0.346411	3.075174
12576	-1251.801	-1461.83	210.0291	0.5844724	4.316783	1.880069	0.653589	0.346411	3.528658
12582	-1259.466	-1469.886	210.4201	0.7268903	4.861867	1.22322	0.716349	0.283651	3.398347
12588	-1257.16	-1466.666	209.5057	0.772812	5.698454	1.133734	0.716349	0.283651	3.817951
12594	-1247.2	-1457.86	210.6593	0.8353291	5.698454	1.133734	0.786163	0.213837	3.106873
12600	-1257.299	-1464.77	207.4709	0.4481826	4.195643	1.24367	0.694383	0.305617	5.330077
12606	-1252.556	-1461.347	208.7907	0.4481826	4.195643	1.611379	0.697822	0.302178	4.437802
12612	-1258.583	-1469.285	210.7027	0.6294536	6.320044	1.731374	0.786357	0.213643	2.83839
12618	-1241.954	-1452.557	210.6027	0.7477745	5.817667	1.891892	0.701017	0.298983	2.83839
12624	-1247.491	-1458.39	210.8996	0.6686277	5.827595	1.698618	0.781265	0.218735	2.779613
12630	-1253.286	-1464.162	210.8756	0.7654949	5.589603	1.698618	0.642933	0.357067	2.771664
12636	-1245.006	-1455.73	210.7233	0.7407884	4.988645	1.859268	0.708547	0.291453	2.914052
12642	-1249.457	-1460.365	210.9079	0.9425723	4.988645	1.859268	0.697684	0.302316	2.67879
12648	-1250.58	-1461.877	211.297	0.9425723	4.988645	1.859268	0.697684	0.302316	2.436915
12654	-1236.098	-1447.119	211.0207	0.5897416	7.476936	1.190898	0.814319	0.185681	2.765748
12660	-1228.428	-1439.639	211.2111	0.8156698	7.476936	1.403169	0.763533	0.236467	2.399272
12666	-1237.235	-1448.215	210.98	0.7961006	7.086323	1.533259	0.763533	0.236467	2.545828
12672	-1250.81	-1463.017	212.2061	1.149814	6.21788	1.075601	0.796726	0.203274	1.892146
12678	-1234.34	-1446.561	212.2208	1.081559	7.228969	0.7289221	0.794385	0.205615	2.03208
12684	-1236.031	-1447.95	211.9196	1.104065	7.228969	0.9348783	0.766741	0.233259	2.059677
12690	-1234.318	-1445.724	211.4061	0.8842662	6.005619	1.319125	0.78817	0.21183	2.478664
12696	-1241.091	-1452.239	211.1483	0.8239992	7.82358	1.319125	0.765799	0.234201	2.432438
12702	-1249.939	-1460.742	210.8023	0.7808289	9.234086	0.9494431	0.777417	0.222583	2.72576
12708	-1252.296	-1463.46	211.1643	0.9254297	6.202763	1.038021	0.722597	0.277403	2.727969
12714	-1243.268	-1453.509	210.2417	0.6801072	7.654721	0.9059827	0.691779	0.308221	3.322032
12720	-1236.502	-1447.445	210.9427	0.6347012	7.654721	1.225976	0.794634	0.205366	2.745799
12726	-1232.016	-1443.909	211.8927	0.8124929	7.654721	1.225976	0.768766	0.231234	2.031129
12732	-1238.992	-1451.088	212.0962	0.8485813	7.654721	1.25833	0.763383	0.236617	1.851261
12738	-1236.357	-1448.138	211.7804	0.7817394	6.592801	1.675435	0.780191	0.219809	2.047829
12744	-1229.784	-1441.212	211.4289	0.8211302	5.793215	1.642483	0.807812	0.192188	2.385455
12750	-1229.968	-1441.216	211.2476	0.6696577	5.475289	1.614417	0.703149	0.296851	2.655548
12756	-1238.362	-1449.151	210.7891	0.6985343	4.869481	1.614417	0.703149	0.296851	3.016814
12762	-1237.472	-1448.568	211.0957	0.7071828	5.255622	1.087995	0.710531	0.289469	3.016814
12768	-1238.488	-1449.544	211.0565	0.7208415	6.480447	1.250229	0.767451	0.232549	2.762432
12774	-1241.025	-1451.599	210.5743	0.5842126	8.011085	1.290295	0.748809	0.251191	2.925431
12780	-1230.05	-1441.041	210.9912	0.5510091	8.011085	1.594746	0.806623	0.193377	2.549267
12786	-1233.687	-1444.893	211.2057	0.5157715	9.159057	1.015303	0.796186	0.203814	2.607349
12792	-1226.782	-1438.041	211.259	0.4753833	7.239234	1.015303	0.810868	0.189132	2.819228
12798	-1230.416	-1441.979	211.5637	0.6601504	7.239234	0.9183629	0.835283	0.164717	2.579913
12804	-1233.611	-1444.835	211.2232	0.7124426	8.768519	1.193054	0.791285	0.208715	2.412623
12810	-1234.154	-1445.669	211.5156	0.828126	6.244548	1.044104	0.771629	0.228371	2.561702
12816	-1247.535	-1458.777	211.2425	0.8864994	7.510732	1.044104	0.794089	0.205911	2.525153
12822	-1245.259	-1456.285	211.0259	0.9561211	7.385307	0.8443573	0.783978	0.216022	2.760304
12828	-1245.297	-1456.429	211.1323	0.7578428	6.240404	1.118466	0.811023	0.188977	2.798015
12834	-1247.929	-1458.886	210.9567	0.8851362	5.70798	1.463019	0.784304	0.215696	2.732236
12840	-1243.36	-1454.753	211.3934	0.5881592	4.656584	1.794812	0.762338	0.237662	2.682136
12846	-1231.445	-1442.745	211.2997	0.700565	6.641373	1.393307	0.794869	0.205131	2.531316
12852	-1231.852	-1442.45	210.5984	0.6921642	6.641373	1.701854	0.731861	0.268139	2.831317
12858	-1226.423	-1436.984	210.5604	0.7691683	5.595717	1.39126	0.823837	0.176163	3.091812
12864	-1234.526	-1445.647	211.1208	0.6249037	7.702437	1.012083	0.776985	0.223015	2.757505
12870	-1231.587	-1442.675	211.0879	0.7642597	8.472006	0.8950306	0.782081	0.217919	2.67781
12876	-1242.475	-1453.254	210.7796	0.7286583	7.384286	1.523259	0.702109	0.297891	2.67781
12882	-1237.388	-1448.597	211.2081	0.6538336	6.791868	1.086944	0.736226	0.263774	2.757288
12888	-1244.989	-1455.972	210.9831	0.6713211	6.791868	0.7608388	0.726282	0.273718	3.092535
12894	-1244.785	-1455.12	210.3357	0.6057048	5.211213	1.252627	0.717377	0.282623	3.447024
12900	-1239.282	-1448.855	209.5729	0.5424215	5.713467	1.863411	0.720942	0.279058	3.596086
12906	-1229.219	-1440.266	211.0472	0.8099055	5.713467	1.025765	0.789077	0.210923	2.948561
12912	-1238.999	-1449.643	210.6443	0.8432921	5.600956	0.7469718	0.812833	0.187167	3.367274
12918	-1245.129	-1455.495	210.3652	0.8592282	6.712843	0.7469718	0.774633	0.225367	3.367274
12924	-1252.862	-1464.526	211.6634	0.9368957	7.011468	0.7469718	0.771085	0.228915	2.497745
12930	-1239.875	-1450.34	210.4647	0.9085613	6.924636	0.7192334	0.755843	0.244157	3.273147
12936	-1249.519	-1460.43	210.911	1.047423	5.508175	1.064328	0.758941	0.241059	2.89651
12942	-1238.196	-1450.137	211.9409	1.003907	5.508175	1.600221	0.758941	0.241059	2.000943
12948	-1232.799	-1444.465	211.6659	0.9528032	5.508175	1.301817	0.714729	0.285271	2.358916
12954	-1246.036	-1456.075	210.0385	0.599587	5.867245	1.301817	0.771657	0.228343	3.501429
12960	-1250.638	-1461.02	210.3818	0.605175	4.582234	1.301817	0.697531	0.302469	3.501429
12966	-1251.324	-1462.43	211.1061	1.025587	3.67479	1.301817	0.697531	0.302469	3.001317
12972	-1245.933	-1457.877	211.9437	1.025587	3.973608	1.281127	0.697531	0.302469	2.434105
12978	-1247.638	-1458.984	211.346	1.08045	4.363493	2.461015	0.747026	0.252974	2.223502
12984	-1238.733	-1450.921	212.1885	0.9770836	5.340006	1.777396	0.795512	0.204488	1.80043
12990	-1250.078	-1461.313	211.2348	0.8539925	5.762954	1.327377	0.747659	0.252341	2.6368
12996	-1243.668	-1454.257	210.5897	0.943567	5.03965	1.261286	0.718754	0.281246	3.1214
13002	-1242.299	-1452.172	209.8735	0.592159	6.54168	1.261286	0.733517	0.266483	3.529176
13008	-1240.869	-1451.322	210.4532	0.6958822	6.500366	1.032475	0.690477	0.309523	3.255068
13014	-1241.581	-1451.321	209.7391	0.7051429	5.73736	1.545521	0.690405	0.309595	3.524452
13020	-1237.498	-1448.644	211.1464	0.6551079	4.832015	1.618991	0.746975	0.253025	2.832089
13026	-1244.663	-1455.362	210.6998	0.8156428	4.832015	0.9743043	0.63915	0.36085	3.32349
13032	-1237.714	-1449.334	211.6201	0.9532075	4.051721	0.9743043	0.688075	0.311925	2.836106
13038	-1230.996	-1442.384	211.3878	0.8917006	5.015861	0.9743043	0.750167	0.249833	2.836106
13044	-1244.451	-1455.584	211.1327	0.7470995	5.015861	1.430057	0.771825	0.228175	2.836106
13050	-1245.586	-1457.039	211.4533	0.8023988	4.326854	1.569102	0.655711	0.344289	2.669044
13056	-1242.326	-1452.484	210.1578	0.7960692	5.038934	1.569102	0.654534	0.345466	3.324161
13062	-1244.031	-1453.315	209.2834	0.509699	5.038934	1.569102	0.676745	0.323255	3.996674
13068	-1240.63	-1450.727	210.0976	0.9157543	5.038934	1.479176	0.691996	0.308004	3.327554
13074	-1249.129	-1460.952	211.823	1.11051	5.48383	0.8136913	0.763067	0.236933	2.462936
13080	-1252.143	-1462.749	210.606	0.6798063	5.075994	1.650398	0.745032	0.254968	3.087937
13086	-1242.883	-1453.946	211.0636	0.6797849	4.85804	1.541718	0.745032	0.254968	2.895786
13092	-1239.625	-1450.905	211.2798	0.7862583	6.34667	1.117848	0.760646	0.239354	2.675682
13098	-1243.002	-1454.286	211.2835	0.7235721	6.34667	1.271407	0.760646	0.239354	2.629248
13104	-1244.455	-1455.315	210.8598	0.608646	7.659488	1.271407	0.720493	0.279507	2.788273
13110	-1249.389	-1460.467	211.0774	0.5125786	5.640331	1.06417	0.73281	0.26719	3.097424
13116	-1240.674	-1451.217	210.5437	0.7092602	4.834721	1.508515	0.75428	0.24572	3.207487
13122	-1242.309	-1452.595	210.2865	0.4529079	8.414459	1.378258	0.722106	0.277894	3.089409
13128	-1238.613	-1449.904	211.2914	0.5000696	7.219946	1.1764	0.772588	0.227412	2.694879
13134	-1242.533	-1452.906	210.3727	0.5686388	7.219946	1.256199	0.816777	0.183223	3.166091
13140	-1240.901	-1452.287	211.3853	0.7553764	7.219946	1.256199	0.756197	0.243803	2.435199
13146	-1253.731	-1464.116	210.3845	0.8162654	7.219946	1.042809	0.74511	0.25489	3.126298
13152	-1249.447	-1460.117	210.6704	0.7648434	4.823685	1.683542	0.660849	0.339151	3.027865
13158	-1234.105	-1444.853	210.7477	0.6987726	5.252902	1.34404	0.67308	0.32692	3.097963
13164	-1246.868	-1457.167	210.2995	0.6913592	5.309304	1.989615	0.67308	0.32692	3.097963
13170	-1248.879	-1459.623	210.7436	0.7908694	5.309304	1.989615	0.735978	0.264022	2.770203
13176	-1245.413	-1455.812	210.3986	0.6230281	4.160243	2.248189	0.718134	0.281866	3.194501
13182	-1249.773	-1461.355	211.5823	0.7597433	4.160243	1.182851	0.639243	0.360757	2.834937
13188	-1229.629	-1439.922	210.2924	0.7693602	5.106562	1.999682	0.672061	0.327939	3.0849
13194	-1233.253	-1442.893	209.6404	0.6620668	5.106562	1.690481	0.73721	0.26279	3.644739
13200	-1225.589	-1435.932	210.3431	0.6738746	5.106562	1.228314	0.65466	0.34534	3.431636
13206	-1234.362	-1444.789	210.4271	0.642808	5.106562	1.554564	0.679861	0.320139	3.250767
13212	-1232.26	-1443.205	210.9452	0.6175619	4.5844	1.554564	0.718833	0.281167	3.047234
13218	-1222.004	-1432.823	210.8192	0.8095588	4.622033	1.48805	0.626775	0.373225	3.029893
13224	-1222.003	-1432.232	210.2287	0.6088454	5.068369	1.48805	0.734636	0.265364	3.422084
13230	-1225.793	-1436.563	210.7698	0.6146815	5.068369	1.178499	0.696522	0.303478	3.247199
13236	-1234.177	-1444.708	210.5305	0.6516238	5.271347	1.262439	0.723442	0.276558	3.291322
13242	-1223.926	-1434.871	210.9457	0.6790042	5.271347	1.356815	0.697831	0.302169	2.982207
13248	-1235.422	-1446.84	211.4177	0.7673155	5.271347	1.356815	0.69675	0.30325	2.641407
13254	-1231.526	-1442.458	210.9325	0.8438255	5.271347	1.798043	0.63166	0.36834	2.700312
13260	-1226.27	-1436.723	210.4529	0.6988834	5.640314	1.817498	0.688003	0.311997	3.012981
13266	-1237.438	-1447.695	210.2564	0.6988834	5.518694	1.716779	0.680282	0.319718	3.187574
13272	-1244.97	-1456.15	211.1792	0.7007203	5.518694	1.604425	0.76116	0.23884	2.675878
13278	-1236.998	-1448.449	211.4504	0.8493824	6.381034	1.477964	0.755911	0.244089	2.339277
13284	-1233.26	-1444.337	211.0773	0.784012	6.381034	1.477964	0.805102	0.194898	2.614041
13290	-1232.259	-1442.997	210.7382	0.6247192	5.555312	1.975403	0.714341	0.285659	2.840478
13296	-1239.301	-1450.539	211.2379	0.7941841	5.765068	1.325203	0.714341	0.285659	2.672473
13302	-1248.133	-1459.207	211.0741	0.7156287	5.108354	1.617789	0.778306	0.221694	2.792382
13308	-1238.082	-1448.889	210.8067	0.7054944	4.37872	1.877353	0.70962	0.29038	2.987145
13314	-1228.06	-1438.436	210.3765	0.5743879	6.126883	2.023127	0.736716	0.263284	2.987145
13320	-1229.686	-1439.969	210.2831	0.7089895	5.252634	1.735683	0.720426	0.279574	3.199997
13326	-1222.669	-1433.001	210.3316	0.6779436	4.82978	1.783986	0.692033	0.307967	3.240862
13332	-1244.275	-1455.985	211.7105	0.7171741	5.436418	1.783986	0.70322	0.29678	2.270527
13338	-1253.371	-1464.165	210.794	0.6963541	5.749717	1.269591	0.725142	0.274858	3.031045
13344	-1237.866	-1449.335	211.4692	0.7794704	4.875156	1.269591	0.725142	0.274858	2.71339
13350	-1235.345	-1446.097	210.7523	0.6890788	6.048225	1.269591	0.796514	0.203486	3.016589
13356	-1229.842	-1440.48	210.6374	0.6065125	6.919905	1.269591	0.744552	0.255448	3.016589
13362	-1235.564	-1446.596	211.0317	0.7991933	5.25237	1.108141	0.790101	0.209899	2.989275
13368	-1243.943	-1454.304	210.3607	0.5942293	5.989737	1.108141	0.79976	0.20024	3.397224
13374	-1252.995	-1464.286	211.291	0.8670002	4.996795	1.472769	0.680851	0.319149	2.649599
13380	-1265.868	-1477.941	212.0726	1.236838	5.115126	1.366866	0.727483	0.272517	1.942842
13386	-1254.026	-1465.248	211.2227	0.8825253	5.212588	1.849586	0.835334	0.164666	2.486188
13392	-1230.796	-1442.136	211.3399	0.8453458	4.655556	1.411405	0.685648	0.314352	2.72195
13398	-1231.669	-1442.707	211.0378	0.8726794	6.824768	1.981497	0.729792	0.270208	2.312391
13404	-1235.347	-1446.257	210.9097	0.8306708	7.328377	2.017091	0.733641	0.266359	2.339956
13410	-1234.301	-1445.164	210.8631	0.7829183	5.78712	1.609616	0.710217	0.289783	2.775205
13416	-1245.012	-1455.465	210.453	0.6825042	4.096301	2.644903	0.560675	0.439325	3.020685
13422	-1234.015	-1445.134	211.1188	0.8677893	3.151796	1.571715	0.685994	0.314006	3.085274
13428	-1234.981	-1445.157	210.1755	0.7975019	4.91182	1.571715	0.704153	0.295847	3.332849
13434	-1250.471	-1460.234	209.7638	0.8432668	4.347053	1.939169	0.695033	0.304967	3.505934
13440	-1239.402	-1450.018	210.6163	0.9147606	4.468606	1.304094	0.743219	0.256781	3.200876
13446	-1238.963	-1449.878	210.9153	0.7236289	4.129022	1.304094	0.69354	0.30646	3.200876
13452	-1226.749	-1437.463	210.714	0.6688878	5.789037	1.408598	0.750211	0.249789	3.022789
13458	-1229.087	-1440.077	210.9899	0.7118686	4.48124	1.463152	0.749058	0.250942	3.022789
13464	-1240.09	-1450.141	210.051	0.7118686	4.48124	2.298743	0.709995	0.290005	3.271642
13470	-1236.867	-1447.055	210.1887	0.8264408	4.845004	1.689275	0.66363	0.33637	3.271642
13476	-1240.11	-1450.545	210.4351	0.6665964	4.355324	1.828372	0.765558	0.234442	3.254084
13482	-1240.361	-1450.044	209.6827	0.6099058	5.481965	1.234399	0.708226	0.291774	3.790723
13488	-1248.783	-1459.619	210.8356	0.659108	5.481965	1.234399	0.715798	0.284202	3.086972
13494	-1250.203	-1460.909	210.7059	0.6396402	6.425111	1.234399	0.787726	0.212274	3.039012
13500	-1250.806	-1461.274	210.4682	0.6578832	6.218272	1.234399	0.727092	0.272908	3.198198
13506	-1259.165	-1470.509	211.3443	0.8144581	6.775423	0.8257861	0.727092	0.272908	2.74373
13512	-1243.601	-1454.421	210.8203	0.5907199	6.775423	0.8599715	0.775361	0.224639	3.170468
13518	-1247.847	-1458.463	210.6156	0.6340223	6.775423	1.295614	0.703877	0.296123	3.019005
13524	-1241.733	-1451.844	210.111	0.5353638	6.775423	1.363281	0.693243	0.306757	3.344586
13530	-1236.822	-1448.059	211.2372	0.5582159	6.120867	1.581489	0.737617	0.262383	2.646003
13536	-1245.295	-1456.434	211.1392	0.6379819	8.779723	0.938838	0.746577	0.253423	2.661457
13542	-1259.261	-1470.907	211.6458	0.8544539	4.553277	1.506764	0.763718	0.236282	2.501838
13548	-1251.126	-1461.634	210.508	0.8067526	4.109257	2.348658	0.681278	0.318722	2.99814
13554	-1250.972	-1461.723	210.7511	0.7871217	3.505773	2.539337	0.650943	0.349057	2.933729
13560	-1241.734	-1452.343	210.6095	0.4962886	6.40562	1.00876	0.757889	0.242111	3.307067
13566	-1243.283	-1453.768	210.4858	0.6805164	5.651572	1.00876	0.740071	0.259929	3.378191
13572	-1236.157	-1447.194	211.0373	0.5759159	5.651572	1.248301	0.740071	0.259929	2.98289
13578	-1242.145	-1452.827	210.682	0.7037921	5.626788	1.3488	0.658993	0.341007	3.073511
13584	-1249.121	-1459.852	210.7311	0.5621095	5.626788	1.985152	0.658993	0.341007	2.868175
13590	-1239.911	-1449.741	209.8301	0.6817266	4.500218	1.595644	0.677954	0.322046	3.662942
13596	-1243.658	-1454.155	210.4968	0.5378385	4.500218	1.595644	0.676617	0.323383	3.358112
13602	-1242.808	-1453.316	210.5074	0.6773171	3.738518	1.899263	0.697963	0.302037	3.300684
13608	-1237.374	-1448.215	210.8412	0.8310758	5.536167	1.899263	0.661083	0.338917	2.68258
13614	-1244.487	-1454.829	210.3424	0.659726	5.532441	2.062534	0.798028	0.201972	3.030893
13620	-1237.189	-1448.129	210.9401	0.7362455	5.796134	1.049372	0.76206	0.23794	3.030893
13626	-1240.86	-1450.701	209.8406	0.7121846	4.882539	1.049372	0.721555	0.278445	3.831462
13632	-1237.049	-1447.01	209.9605	0.709893	5.220531	1.560835	0.71305	0.28695	3.464584
13638	-1234.483	-1444.874	210.3909	0.5919335	6.151718	1.443972	0.751892	0.248108	3.192704
13644	-1234.816	-1445.932	211.1167	0.7590591	6.151718	1.443972	0.776493	0.223507	2.653835
13650	-1238.916	-1449.58	210.664	0.734978	5.555663	1.073331	0.719702	0.280298	3.218557
13656	-1260.356	-1471.754	211.3985	0.7958809	5.034341	1.073331	0.739461	0.260539	2.825504
13662	-1252.856	-1464.723	211.8676	0.9202659	6.722548	1.721671	0.737535	0.262465	1.856033
13668	-1247.433	-1459.148	211.7152	0.9494718	6.722548	1.615433	0.764269	0.235731	1.987794
13674	-1243.013	-1453.665	210.6521	0.6902518	5.705559	1.398899	0.681555	0.318445	3.063992
13680	-1252.768	-1463.895	211.1277	0.808307	5.545084	1.229675	0.721324	0.278676	2.813895
13686	-1252.415	-1463.802	211.387	0.7041586	5.545084	1.155819	0.710497	0.289503	2.75871
13692	-1252.38	-1463.244	210.8636	0.8475703	5.545084	1.155819	0.75498	0.24502	2.9888
13698	-1253.185	-1463.789	210.6035	0.6225529	5.520681	1.802637	0.75498	0.24502	2.992489
13704	-1251.852	-1462.614	210.7622	0.57078	5.873302	1.723054	0.687894	0.312106	2.905684
13710	-1256.292	-1467.52	211.2279	0.7977933	4.163654	1.053517	0.727871	0.272129	3.096127
13716	-1262.484	-1472.053	209.5699	0.7928663	4.133902	1.974473	0.666286	0.333714	3.675338
13722	-1238.799	-1448.842	210.0433	0.6850618	3.893992	1.974473	0.72695	0.27305	3.509782
13728	-1240.256	-1451.417	211.1614	0.7181323	3.893992	1.572612	0.698854	0.301146	2.982706
13734	-1244.996	-1454.79	209.7946	0.486578	3.93055	1.572612	0.695557	0.304443	3.911105
13740	-1229.856	-1439.699	209.8433	0.5799288	3.93055	1.289662	0.71539	0.28461	3.953431
13746	-1232.754	-1443.623	210.8689	0.5224284	4.760791	2.073364	0.695895	0.304105	2.920475
13752	-1238.915	-1449.011	210.096	0.5999979	5.583702	2.122724	0.742946	0.257054	3.185191
13758	-1241.291	-1452.039	210.747	0.6762364	5.185024	1.217305	0.764758	0.235242	3.185191
13764	-1243.044	-1454.629	211.5856	0.9508055	4.675063	1.217305	0.741108	0.258892	2.599381
13770	-1247.325	-1458.542	211.2174	0.6946812	6.825891	1.219701	0.741108	0.258892	2.648787
13776	-1237.255	-1448.813	211.5576	0.8840907	5.423656	1.433591	0.755906	0.244094	2.419078
13782	-1233.146	-1445.282	212.1362	0.8542829	5.423656	1.433591	0.817531	0.182469	2.065713
13788	-1225.565	-1437.187	211.6224	0.7423252	5.679456	1.433591	0.824416	0.175584	2.426106
13794	-1225.999	-1437.078	211.0784	0.568918	5.679456	1.433591	0.714969	0.285031	2.868536
13800	-1221.947	-1433.199	211.252	0.7660016	5.010209	1.254844	0.758587	0.241413	2.838319
13806	-1235.451	-1447.021	211.57	0.7912153	5.010209	1.833472	0.735273	0.264727	2.366425
13812	-1238.639	-1450.064	211.4254	0.8620107	7.069389	0.8800964	0.829534	0.170466	2.588136
13818	-1242.1	-1452.705	210.6046	0.8290148	7.069389	1.078856	0.741033	0.258967	2.985247
13824	-1239.923	-1450.44	210.517	0.7563515	7.069389	1.078856	0.765183	0.234817	3.081218
13830	-1245.825	-1456.568	210.7431	0.9118785	4.753649	1.354879	0.73956	0.26044	3.051901
13836	-1240.836	-1452.304	211.4679	0.9981763	6.315027	1.354879	0.73956	0.26044	2.303247
13842	-1238.757	-1450.524	211.7676	0.8198746	6.409977	1.533146	0.759934	0.240066	2.123549
13848	-1253.28	-1465.156	211.8758	0.8771928	4.984753	1.399927	0.66029	0.33971	2.313609
13854	-1244.44	-1454.917	210.4765	0.7582786	4.611278	1.765608	0.711699	0.288301	3.152436
13860	-1240.945	-1451.51	210.5651	0.6913858	4.620357	1.765608	0.74311	0.25689	3.137954
13866	-1241.103	-1452.249	211.1467	0.855694	4.919253	1.459299	0.723564	0.276436	2.764631
13872	-1255.752	-1466.848	211.0962	0.9664932	6.284372	1.209468	0.766001	0.233999	2.636286
13878	-1235.915	-1446.841	210.9257	0.7193428	7.913005	1.404174	0.782776	0.217224	2.584029
13884	-1230.981	-1441.809	210.8286	0.8590657	7.913005	1.404174	0.772364	0.227636	2.557575
13890	-1239.738	-1450.335	210.5966	0.6262485	7.913005	0.8410013	0.761296	0.238704	3.156873
13896	-1238.948	-1449.452	210.5046	0.8861565	8.278608	0.8410013	0.757045	0.242955	3.015622
13902	-1247.784	-1459.148	211.3637	0.6604809	8.278608	0.9931372	0.729899	0.270101	2.529847
13908	-1248.488	-1459.552	211.0637	0.7677384	8.278608	0.9931372	0.707241	0.292759	2.649288
13914	-1243.401	-1455.098	211.6974	0.745303	8.154271	0.8137708	0.85562	0.14438	2.403427
13920	-1237.653	-1449.302	211.6484	0.7626991	8.154271	1.012838	0.753723	0.246277	2.287834
13926	-1242.275	-1453.543	211.2686	0.9783879	5.816724	0.9664915	0.789734	0.210266	2.732384
13932	-1253.747	-1464.881	211.134	0.7880302	6.995388	1.058571	0.755082	0.244918	2.710168
13938	-1258.33	-1469.511	211.181	0.6429807	6.995388	0.9914843	0.791124	0.208876	2.810255
13944	-1247.906	-1459.362	211.4563	1.051866	6.906346	0.9034325	0.79397	0.20603	2.456195
13950	-1248.606	-1460.243	211.6365	0.9646249	6.565541	1.168302	0.750434	0.249566	2.280576
13956	-1251.095	-1462.41	211.3146	0.753357	7.565117	1.168302	0.769935	0.230065	2.484583
13962	-1248.661	-1459.823	211.1618	0.77981	8.520347	1.283074	0.815122	0.184878	2.388349
13968	-1262.211	-1473.725	211.5143	0.8760752	6.864928	1.420258	0.736145	0.263855	2.24035
13974	-1245.608	-1456.155	210.5472	0.8538563	6.864928	1.501212	0.714893	0.285107	2.819648
13980	-1238.061	-1449.114	211.0532	0.7812637	5.633644	1.586052	0.793568	0.206432	2.693603
13986	-1232.097	-1442.663	210.5661	0.804685	6.6809	1.586052	0.80278	0.19722	2.825425
13992	-1244.587	-1456.243	211.6564	0.8399263	7.489718	0.868774	0.769189	0.230811	2.411313
13998	-1255.17	-1466.817	211.647	1.009111	7.489718	1.452125	0.756802	0.243198	1.964756
14004	-1243.881	-1455.858	211.9763	1.16486	5.727357	1.452125	0.756802	0.243198	1.903543
14010	-1245.68	-1456.972	211.2918	0.8499148	7.3893	1.58369	0.774908	0.225092	2.252509
14016	-1230.803	-1442.314	211.5113	0.8376339	6.572569	1.58369	0.809909	0.190091	2.231126
14022	-1233.108	-1444.811	211.7029	0.8934772	6.535232	1.271168	0.803639	0.196361	2.231126
14028	-1246.089	-1457.857	211.7679	0.7800916	6.535232	1.319353	0.769388	0.230612	2.236766
14034	-1237.846	-1449.518	211.672	0.7947633	6.616856	1.313877	0.772878	0.227122	2.280066
14040	-1265.171	-1475.226	210.0551	0.7393764	5.337697	1.949399	0.7463	0.2537	3.224271
14046	-1261.663	-1472.757	211.0931	0.8102199	4.07788	2.981444	0.743426	0.256574	2.462279
14052	-1253.063	-1462.882	209.8192	0.7053762	6.123815	2.259242	0.742256	0.257744	3.163657
14058	-1255.648	-1466.847	211.1985	0.7146237	5.233691	2.30552	0.738826	0.261174	2.439861
14064	-1245.428	-1456.325	210.8964	0.8718772	4.767647	1.483942	0.76256	0.23744	2.921984
14070	-1247.595	-1458.529	210.9344	0.8881441	5.210683	1.257172	0.69673	0.30327	2.921984
14076	-1251.426	-1461.925	210.4984	0.7337155	4.984151	1.08548	0.659679	0.340321	3.400569
14082	-1257.024	-1466.411	209.3867	0.552036	5.211304	1.5982	0.739333	0.260667	3.874354
14088	-1239.224	-1449.713	210.4887	0.6887332	6.343235	1.5982	0.725732	0.274268	2.983082
14094	-1239.335	-1449.498	210.1625	0.6481531	6.77259	1.5982	0.661114	0.338886	3.144682
14100	-1240.642	-1451.469	210.827	0.8155102	7.052815	1.5982	0.722724	0.277276	2.604419
14106	-1240.251	-1451.076	210.8251	0.7671046	5.185118	1.296767	0.695664	0.304336	3.044741
14112	-1250.024	-1460.767	210.7427	0.5988727	6.080487	1.517983	0.726747	0.273253	2.955804
14118	-1255.771	-1465.805	210.0336	0.81902	4.367061	1.517983	0.766355	0.233645	3.521106
14124	-1249.256	-1459.942	210.6864	0.8801769	4.865725	2.35259	0.694752	0.305248	2.703378
14130	-1241.449	-1453.185	211.7365	1.128733	6.42033	1.717737	0.802237	0.197763	1.851133
14136	-1254.926	-1467.662	212.7361	1.240528	5.215267	0.9061633	0.762025	0.237975	1.756089
14142	-1249.629	-1461.05	211.4213	0.68846	3.778114	2.327304	0.77143	0.22857	2.589303
14148	-1247.38	-1457.946	210.5655	0.7882221	4.055286	2.035489	0.647509	0.352491	3.087922
14154	-1246.271	-1457.219	210.9478	0.6798719	4.506891	2.035489	0.691242	0.308758	2.836482
14160	-1240.838	-1451.842	211.0041	0.600491	4.093116	2.17304	0.691242	0.308758	2.883089
14166	-1243.735	-1455.056	211.3217	0.8311199	5.028783	2.17304	0.729546	0.270454	2.368944
14172	-1237.823	-1448.957	211.1343	0.7385168	4.353714	1.209528	0.729546	0.270454	3.06617
14178	-1242.825	-1453.801	210.9762	0.4889046	5.777094	1.209528	0.792005	0.207995	3.072618
14184	-1233.418	-1444.191	210.7727	0.8107011	5.777094	1.476654	0.734729	0.265271	2.872835
14190	-1241.975	-1453.479	211.5039	0.7438532	5.378767	0.9854978	0.794628	0.205372	2.788506
14196	-1241.484	-1453.341	211.8567	0.8491828	5.378767	0.8544755	0.805626	0.194374	2.592876
14202	-1237.428	-1449.474	212.0465	0.8824268	5.378767	0.9070132	0.778787	0.221213	2.41742
14208	-1246.842	-1457.947	211.1054	0.7730852	6.594762	1.031369	0.778787	0.221213	2.806136
14214	-1239.518	-1450.628	211.1108	0.7108794	6.594762	1.029229	0.778787	0.221213	2.841895
14220	-1251.229	-1462.66	211.4309	0.6677765	6.594762	1.09056	0.723311	0.276689	2.636559
14226	-1257.622	-1468.647	211.0248	0.7469907	5.708231	2.204101	0.727959	0.272041	2.484922
14232	-1258.517	-1470.01	211.4932	0.8204406	5.708231	2.204101	0.759907	0.240093	2.139029
14238	-1265.105	-1477.168	212.0629	0.706544	5.708231	1.922465	0.773956	0.226044	1.944029
14244	-1254.109	-1465.915	211.8059	0.7131591	7.52398	1.650949	0.749561	0.250439	1.956541
14250	-1257.646	-1468.052	210.4058	0.4853058	4.764712	2.03228	0.70004	0.29996	3.232569
14256	-1249.331	-1459.954	210.6231	0.6671501	3.974333	2.093097	0.686246	0.313754	3.12227
14262	-1255.989	-1466.357	210.3688	0.6496616	3.974333	2.83484	0.706573	0.293427	3.063213
14268	-1254.216	-1464.163	209.9461	0.8306612	4.742795	2.83484	0.706091	0.293909	3.063213
14274	-1248.981	-1460.199	211.218	0.951171	6.670979	1.479211	0.709699	0.290301	2.38017
14280	-1243.205	-1453.985	210.78	0.9157717	6.670979	1.479211	0.797655	0.202345	2.675292
14286	-1245.251	-1457.324	212.0729	0.9515952	6.670979	1.479211	0.792945	0.207055	1.817713
14292	-1243.581	-1455.41	211.8289	1.049315	5.589667	1.473069	0.737848	0.262152	2.091763
14298	-1247.29	-1457.808	210.5179	0.6392589	4.796799	2.102894	0.755685	0.244315	3.044792
14304	-1246.075	-1456.873	210.7979	0.700715	4.81644	2.102894	0.755685	0.244315	2.835646
14310	-1252.829	-1463.007	210.1784	0.772684	4.81644	1.692794	0.686289	0.313711	3.31286
14316	-1245.51	-1456.632	211.1223	0.6067847	4.81644	1.446538	0.757532	0.242468	2.953948
14322	-1251.929	-1462.41	210.4806	0.578648	4.81644	1.356928	0.715791	0.284209	3.392762
14328	-1248.619	-1458.429	209.8098	0.577505	4.81644	1.582886	0.752949	0.247051	3.685791
14334	-1270.955	-1480.99	210.0348	0.6682938	4.739763	1.219172	0.769531	0.230469	3.679486
14340	-1251.872	-1463.799	211.9274	0.9411167	5.475142	0.8791871	0.770486	0.229514	2.45858
14346	-1256.009	-1467.181	211.1727	0.8511941	6.006248	1.217763	0.708386	0.291614	2.696227
14352	-1251.874	-1463.147	211.2735	0.5920539	7.059025	1.442072	0.773816	0.226184	2.535655
14358	-1237.724	-1448.741	211.0171	0.7557832	6.16364	1.442072	0.752283	0.247717	2.716197
14364	-1243.73	-1454.633	210.9028	0.8288388	6.126312	1.442072	0.760774	0.239226	2.746849
14370	-1247.261	-1458.19	210.9289	0.8288388	6.126312	1.398009	0.663724	0.336276	2.751486
14376	-1244.355	-1455.911	211.5564	0.9593665	6.126312	1.398009	0.726861	0.273139	2.278066
14382	-1245.366	-1457.615	212.2491	1.057014	4.720348	1.398009	0.725861	0.274139	2.003951
14388	-1255.472	-1467.003	211.5316	1.137302	4.720348	1.503691	0.812528	0.187472	2.365733
14394	-1247.947	-1459.329	211.3821	0.9102998	6.060892	1.774588	0.682342	0.317658	2.260979
14400	-1247.22	-1458.565	211.3446	1.012968	6.060892	1.774588	0.75277	0.24723	2.219054
14406	-1239.039	-1450.68	211.6403	0.9116237	6.060892	1.539277	0.777971	0.222029	2.196882
14412	-1240.851	-1451.804	210.9525	0.6447159	7.264931	1.539277	0.804346	0.195654	2.630927
14418	-1249.381	-1460.219	210.838	0.6783438	7.264931	1.539277	0.797473	0.202527	2.680743
14424	-1248.247	-1458.774	210.5269	0.6484943	5.91996	2.013182	0.735392	0.264608	2.885343
14430	-1248.709	-1459.234	210.5257	0.6370648	6.227071	1.498129	0.742384	0.257616	3.050996
14436	-1246.822	-1457.539	210.717	0.4457835	6.227071	1.498129	0.742384	0.257616	3.050996
14442	-1242.777	-1454.009	211.232	0.6742378	5.487341	1.408795	0.693248	0.306752	2.752566
14448	-1241.269	-1452.578	211.3082	0.6999671	5.28469	1.730045	0.770902	0.229098	2.582213
14454	-1238.515	-1449.758	211.2434	0.8135637	5.28469	1.237243	0.771478	0.228522	2.777943
14460	-1244.946	-1455.708	210.7618	0.6196438	6.175093	1.200376	0.758306	0.241694	3.069736
14466	-1239.314	-1449.921	210.6064	0.6583738	5.640376	1.302574	0.723355	0.276645	3.165728
14472	-1227.57	-1438.346	210.7762	0.5676364	7.228122	1.708265	0.743496	0.256504	2.719626
14478	-1235.865	-1446.401	210.5358	0.5546646	7.228122	1.356427	0.73523	0.26477	3.027322
14484	-1245.216	-1457.114	211.8976	0.9539628	5.590071	1.346902	0.779444	0.220556	2.172588
14490	-1232.125	-1443.748	211.6233	0.9074877	5.590071	1.346902	0.733806	0.266194	2.378195
14496	-1243.577	-1454.238	210.6605	0.6230309	5.720207	1.900732	0.758431	0.241569	2.890418
14502	-1252.111	-1462.526	210.415	0.5276797	3.652626	2.147113	0.656429	0.343571	3.376352
14508	-1256.063	-1465.989	209.9257	0.5217093	5.244688	2.147113	0.689818	0.310182	3.376352
14514	-1253.793	-1464.022	210.2288	0.5496892	6.740508	1.357687	0.741394	0.258606	3.273864
14520	-1229.483	-1440.834	211.3504	0.8779155	6.292114	1.439596	0.706094	0.293906	2.41574
14526	-1237.5	-1447.777	210.2771	0.6844288	5.55852	1.182589	0.676192	0.323808	3.416898
14532	-1249.064	-1460.206	211.142	0.7490084	5.55852	1.182589	0.757983	0.242017	2.863895
14538	-1240.448	-1450.602	210.1536	0.6981794	5.487163	1.521773	0.702062	0.297938	3.333266
14544	-1243.765	-1454.291	210.5256	0.7635326	5.678813	0.95617	0.671073	0.328927	3.333266
14550	-1249.075	-1460.332	211.2572	0.7811068	7.441913	1.284084	0.753666	0.246334	2.456419
14556	-1247.453	-1458.426	210.973	0.5692582	7.375149	1.284084	0.700375	0.299625	2.771532
14562	-1253.562	-1464.334	210.7722	0.6387544	8.068007	0.6435007	0.834179	0.165821	3.174393
14568	-1253.86	-1464.721	210.8611	0.5592342	8.590927	0.5704345	0.871705	0.128295	3.174393
14574	-1258.167	-1469.507	211.3402	0.7004959	6.776975	0.8791745	0.795301	0.204699	2.778903
14580	-1250.886	-1462.143	211.2566	0.6938831	7.168462	1.044998	0.778616	0.221384	2.678358
14586	-1242.083	-1453.35	211.2671	0.7019249	7.168462	1.044998	0.724551	0.275449	2.666952
14592	-1245.813	-1456.582	210.769	0.9011578	7.356149	0.7284753	0.763261	0.236739	3.036191
14598	-1247.768	-1458.576	210.808	0.7448177	5.708702	1.198347	0.743421	0.256579	3.036191
14604	-1248.573	-1459.529	210.9559	0.9771908	6.205315	2.384456	0.756589	0.243411	2.245834
14610	-1255.475	-1466.798	211.323	0.9780423	5.635778	2.462355	0.698788	0.301212	2.071321
14616	-1254.772	-1467.1	212.3272	1.33623	5.635778	1.23046	0.7228	0.2772	1.68045
14622	-1251.001	-1463.278	212.2764	1.196239	5.154865	1.23046	0.783181	0.216819	1.90086
14628	-1253.756	-1465.031	211.2747	0.8663767	6.499833	2.049637	0.738826	0.261174	2.184813
14634	-1250.332	-1461.885	211.5535	0.7760617	4.213361	2.171537	0.743894	0.256106	2.412283
14640	-1252.666	-1463.574	210.9082	0.8939274	5.761812	1.647022	0.764104	0.235896	2.667673
14646	-1254.219	-1464.666	210.4464	0.7191555	5.761812	1.647022	0.692482	0.307518	3.053468
14652	-1248.788	-1459.22	210.4318	0.5806802	5.761812	1.647022	0.66298	0.33702	3.14475
14658	-1240.698	-1451.175	210.4766	0.5414915	6.40108	1.42758	0.753675	0.246325	3.14475
14664	-1248.964	-1459.589	210.6251	0.5760427	6.40108	1.42758	0.801692	0.198308	3.035556
14670	-1247.158	-1458.066	210.9076	0.600515	6.40108	1.066453	0.745666	0.254334	3.035556
14676	-1238.833	-1449.608	210.775	0.6723765	6.40108	1.066453	0.782189	0.217811	3.071877
14682	-1253.85	-1464.27	210.4204	0.8399374	6.40108	1.066453	0.678631	0.321369	3.183152
14688	-1259.949	-1469.895	209.9462	0.5132694	6.40108	1.646366	0.692534	0.307466	3.38146
14694	-1243.178	-1453.562	210.3841	0.6432908	6.40108	1.646366	0.652444	0.347556	3.045109
14700	-1264.758	-1475.627	210.8685	0.7127817	6.554285	1.221129	0.69229	0.30771	2.886485
14706	-1241.863	-1452.814	210.9516	0.6296955	6.554285	1.221129	0.777648	0.222352	2.886485
14712	-1252.447	-1463.356	210.9086	0.6655271	7.134116	1.22811	0.744481	0.255519	2.811057
14718	-1246.34	-1457.21	210.8707	0.7624471	7.249993	1.126775	0.746266	0.253734	2.815055
14724	-1245.195	-1456.458	211.2629	0.6843327	6.65106	1.440605	0.779911	0.220089	2.540369
14730	-1246.605	-1457.98	211.3748	0.8001257	6.65106	0.9157286	0.761669	0.238331	2.689442
14736	-1251.149	-1462.53	211.3812	0.6969072	7.259009	0.8851391	0.831829	0.168171	2.689442
14742	-1229.765	-1441.239	211.474	0.8185902	5.404576	1.192163	0.791538	0.208462	2.637788
14748	-1228.972	-1440.394	211.4227	0.8992853	5.140971	1.192163	0.70039	0.29961	2.663308
14754	-1229.977	-1440.615	210.6381	0.5418138	4.721577	1.115815	0.700369	0.299631	3.458781
14760	-1238.466	-1449.171	210.7051	0.9609614	4.898897	1.115815	0.663662	0.336338	3.142029
14766	-1247.889	-1458.451	210.5614	0.6879322	7.250857	1.732244	0.859963	0.140037	2.764859
14772	-1243.028	-1453.992	210.9636	0.7541727	4.828191	1.990966	0.725909	0.274091	2.739313
14778	-1239.225	-1449.43	210.2051	0.5018051	5.107251	1.990966	0.736982	0.263018	3.29827
14784	-1245.026	-1455.633	210.6071	0.4598236	5.274061	1.389497	0.69984	0.30016	3.29827
14790	-1247.941	-1458.598	210.6574	0.5213223	7.04707	1.389497	0.779156	0.220844	2.981473
14796	-1248.612	-1459.631	211.0189	0.4261875	7.04707	0.9220604	0.753556	0.246444	3.075144
14802	-1248.152	-1458.795	210.6431	0.687891	4.471192	1.332314	0.693079	0.306921	3.305099
14808	-1244.81	-1454.977	210.1678	0.661955	5.103452	1.179147	0.731795	0.268205	3.566273
14814	-1223.495	-1434.229	210.7339	0.6797529	5.790317	1.238654	0.736125	0.263875	3.086452
14820	-1232.713	-1443.365	210.6519	0.6810513	4.836822	1.544643	0.753251	0.246749	3.144143
14826	-1244.273	-1454.718	210.4448	0.7748796	5.482315	1.294828	0.681966	0.318034	3.220307
14832	-1252.103	-1463.139	211.0361	0.9171513	6.248786	1.280609	0.748894	0.251106	2.671685
14838	-1236.834	-1447.761	210.927	0.7376355	6.235425	1.280609	0.69775	0.30225	2.849809
14844	-1241.225	-1451.875	210.6495	0.6279823	4.344291	1.280609	0.691352	0.308648	3.384579
14850	-1244.198	-1453.912	209.7133	0.6929388	5.291411	1.397022	0.747436	0.252564	3.677846
14856	-1241.238	-1452.154	210.916	0.783728	4.86432	1.397022	0.732296	0.267704	2.986052
14862	-1251.616	-1462.769	211.1532	0.8167479	4.498431	1.457396	0.639366	0.360634	2.860622
14868	-1247.182	-1457.647	210.465	0.777192	4.498431	1.457396	0.724453	0.275547	3.295224
14874	-1231.807	-1443.37	211.5627	0.8256032	6.371668	1.185811	0.752022	0.247978	2.433747
14880	-1231.097	-1442	210.9025	0.8199148	6.371668	1.185811	0.752022	0.247978	2.844696
14886	-1230.084	-1440.596	210.5123	0.5869268	6.704779	1.79693	0.784491	0.215509	2.901208
14892	-1230.204	-1442.023	211.8192	0.8774104	6.704779	1.431044	0.821757	0.178243	2.058151
14898	-1237.008	-1448.903	211.8949	0.9167017	6.704779	1.105868	0.801296	0.198704	2.161372
14904	-1225.075	-1435.775	210.6995	0.6582814	7.263397	1.385563	0.799131	0.200869	2.848047
14910	-1226.111	-1437.713	211.6013	0.8263388	7.263397	1.289187	0.77283	0.22717	2.229304
14916	-1228.959	-1441.012	212.0529	0.7978182	7.263397	1.509191	0.776483	0.223517	1.83517
14922	-1221.457	-1432.97	211.5128	0.8151967	5.862227	1.509191	0.776483	0.223517	2.384957
14928	-1228.734	-1440.173	211.4392	0.8329856	7.338905	1.634975	0.776483	0.223517	2.151689
14934	-1238.937	-1449.917	210.9802	0.7308138	7.853195	0.9605413	0.82818	0.17182	2.792569
14940	-1242.533	-1453.633	211.1	0.7313437	6.807931	0.9605413	0.817953	0.182047	2.849411
14946	-1258.328	-1468.991	210.6633	0.5401681	6.858696	1.749984	0.811673	0.188327	2.836076
14952	-1242.634	-1453.324	210.6904	0.6781035	5.826432	1.023152	0.707261	0.292739	3.224879
14958	-1246.681	-1457.502	210.8211	0.763377	5.005218	1.023152	0.694052	0.305948	3.224879
14964	-1240.105	-1450.103	209.9971	0.5647309	5.005218	1.502727	0.694052	0.305948	3.586833
14970	-1241.858	-1452.044	210.1857	0.6366296	4.951904	1.275872	0.724879	0.275121	3.547003
14976	-1254.149	-1464.012	209.863	0.5762435	6.282055	1.76685	0.730117	0.269883	3.362415
14982	-1245.266	-1455.897	210.6307	0.6807322	5.719306	1.76685	0.744826	0.255174	2.924501
14988	-1243.166	-1452.757	209.5916	0.7153645	5.026291	1.51067	0.693075	0.306925	3.727679
14994	-1234.985	-1445.223	210.238	0.6137007	5.026291	1.51067	0.693075	0.306925	3.410932
15000	-1243.071	-1452.992	209.9207	0.577962	5.208582	1.51067	0.627006	0.372994	3.58757
15006	-1250.356	-1460.774	210.4181	0.5300539	5.208582	1.51067	0.717337	0.282663	3.324829
15012	-1253.278	-1463.943	210.6647	0.7454657	4.924604	1.51067	0.708318	0.291682	3.09784
15018	-1259.768	-1471.061	211.2931	0.8817115	5.380751	1.581051	0.77993	0.22007	2.525772
15024	-1245.365	-1456.718	211.3538	0.762324	5.0113	1.581051	0.713865	0.286135	2.62451
15030	-1255.841	-1466.796	210.9544	0.7096432	5.0113	1.601934	0.676457	0.323543	2.891686
15036	-1247.19	-1458.549	211.3591	0.8260087	4.724286	1.575819	0.737777	0.262223	2.634999
15042	-1267.367	-1480.307	212.9407	1.200785	4.495796	1.124936	0.69157	0.30843	1.632177
15048	-1260.325	-1472.978	212.6525	1.131437	5.306806	1.779651	0.776951	0.223049	1.35159
15054	-1241.79	-1452.507	210.7174	0.5005232	4.736744	1.575819	0.629354	0.370646	3.216496
15060	-1251.889	-1463.734	211.8454	0.9642237	5.518447	1.431827	0.71524	0.28476	2.168822
15066	-1253.642	-1465.759	212.1176	0.9658739	4.787386	1.431827	0.675546	0.324454	2.120842
15072	-1253.185	-1464.492	211.3071	0.9599771	4.787386	1.668721	0.779244	0.220756	2.532955
15078	-1253.728	-1465.354	211.6262	0.9599771	6.118596	1.798897	0.807507	0.192493	2.050594
15084	-1254.612	-1467.535	212.9236	1.111119	3.7053	1.524302	0.673847	0.326153	1.663651
15090	-1240.89	-1452.614	211.7238	1.015168	5.494804	2.26473	0.762231	0.237769	1.870181
15096	-1246.289	-1458.056	211.767	0.9218746	4.277125	2.26473	0.740258	0.259742	2.136499
15102	-1245.511	-1454.901	209.3898	0.5534655	4.194409	1.433292	0.730549	0.269451	4.112428
15108	-1244.985	-1456.257	211.2722	0.8139207	4.327446	1.433292	0.71828	0.28172	2.833473
15114	-1243.302	-1453.638	210.3359	0.5041338	7.365678	1.238686	0.799937	0.200063	3.217186
15120	-1250.499	-1459.864	209.3654	0.6312894	5.955151	1.18254	0.768399	0.231601	3.918277
15126	-1249.212	-1460.491	211.2792	0.6267625	5.955151	1.645754	0.735803	0.264197	2.574629
15132	-1250.693	-1461.532	210.8383	0.6618941	6.530716	1.881245	0.784408	0.215592	2.647999
15138	-1251.332	-1462.125	210.7932	0.6759916	7.148897	1.881245	0.746889	0.253111	2.584441
15144	-1256.474	-1467.919	211.4442	0.8073619	5.819505	1.471356	0.73784	0.26216	2.457344
15150	-1269.589	-1480.515	210.9255	0.8129073	4.989322	2.149883	0.681384	0.318616	2.642729
15156	-1265.284	-1475.289	210.0058	0.8493936	5.462509	2.205158	0.600997	0.399003	3.082045
15162	-1251.347	-1462.036	210.6883	0.5963434	5.890718	1.569585	0.758355	0.241645	2.995353
15168	-1250.707	-1461.635	210.9277	0.82226	5.599276	1.439529	0.766346	0.233654	2.815923
15174	-1234.031	-1445.583	211.552	0.9184457	5.599276	1.267716	0.769942	0.230058	2.455536
15180	-1249.529	-1460.445	210.9158	0.8773664	5.599276	1.267716	0.685777	0.314223	2.872584
15186	-1253.38	-1464.711	211.3311	0.8178974	5.599276	1.267716	0.769214	0.230786	2.655369
15192	-1250.203	-1460.211	210.0081	0.7841422	5.599276	1.671992	0.770013	0.229987	3.289406
15198	-1244.711	-1455.21	210.4988	0.6249696	5.599276	1.754623	0.72611	0.27389	3.060129
15204	-1245.697	-1456.484	210.787	0.7895865	5.599276	1.402116	0.779194	0.220806	2.938143
15210	-1236.947	-1447.952	211.0056	0.575356	7.48	1.201228	0.779194	0.220806	2.777879
15216	-1244.838	-1455.147	210.3097	0.7192837	7.744648	1.270655	0.779194	0.220806	3.043819
15222	-1249.772	-1460.432	210.6595	0.5757561	6.144118	1.270655	0.687929	0.312071	3.125566
15228	-1252.876	-1463.322	210.4461	0.7956388	4.032452	1.668217	0.677922	0.322078	3.294832
15234	-1255.679	-1466.97	211.2914	0.7512824	4.713196	1.794965	0.6755	0.3245	2.634127
15240	-1248.659	-1459.146	210.487	0.7336468	4.713196	1.794965	0.645408	0.354592	3.131617
15246	-1244.045	-1454.021	209.9768	0.7017534	5.011843	1.794965	0.711255	0.288745	3.401078
15252	-1256.778	-1467.127	210.3494	0.5942543	3.972023	1.356952	0.724059	0.275941	3.614102
15258	-1243.343	-1454.469	211.1255	0.7692182	4.158258	1.356952	0.644358	0.355642	3.017386
15264	-1239.606	-1450.974	211.3679	0.7163965	8.613938	0.8768808	0.843691	0.156309	2.530652
15270	-1234.217	-1445.036	210.8193	0.715328	5.564306	1.52588	0.691732	0.308268	2.913003
15276	-1239.817	-1450.171	210.3538	0.5571079	6.151101	1.614071	0.771948	0.228052	3.162425
15282	-1232.192	-1442.732	210.5404	0.7316905	5.697409	1.614071	0.632279	0.367721	3.012946
15288	-1223.596	-1434.59	210.9947	0.7847033	5.069569	1.614071	0.646397	0.353603	2.80677
15294	-1225.173	-1435.596	210.4237	0.7585123	5.069569	1.408448	0.701605	0.298395	3.254504
15300	-1228.01	-1439.142	211.1318	0.7996404	5.174192	1.5037	0.667102	0.332898	2.744495
15306	-1231.769	-1442.64	210.8705	0.8239975	4.769131	1.548386	0.715877	0.284123	2.937931
15312	-1242.176	-1453.824	211.648	0.8414233	4.340977	2.013791	0.703379	0.296621	2.341818
15318	-1239.106	-1450.34	211.2338	0.6382389	5.463227	1.388716	0.71731	0.28269	2.786735
15324	-1243.744	-1455.654	211.9106	0.8410491	4.82526	1.625386	0.719338	0.280662	2.238102
15330	-1239.803	-1451.882	212.0784	0.9341583	4.82526	2.038179	0.762085	0.237915	1.89408
15336	-1242.307	-1453.54	211.2335	0.9900418	6.761077	2.038179	0.730476	0.269524	2.097506
15342	-1240.053	-1451.832	211.7793	0.7810369	6.761077	1.137426	0.788358	0.211642	2.29676
15348	-1241.325	-1453.034	211.7084	0.7772479	6.761077	1.137426	0.756155	0.243845	2.344369
15354	-1253.805	-1464.955	211.15	0.6958198	5.794141	1.218312	0.828616	0.171384	2.836298
15360	-1252.72	-1463.23	210.5105	0.681278	4.35089	2.140204	0.666343	0.333657	3.092027
15366	-1235.81	-1447.011	211.201	0.7807201	4.91434	1.541864	0.731639	0.268361	2.741088
15372	-1236.541	-1447.399	210.8586	0.7655526	5.253776	1.541864	0.683751	0.316249	2.901261
15378	-1258.41	-1469.766	211.3559	0.7205448	5.253776	1.541864	0.60379	0.39621	2.625129
15384	-1258.808	-1469.994	211.1861	1.075324	4.424541	1.541864	0.715037	0.284963	2.658676
15390	-1238.731	-1451.026	212.2955	1.060351	4.506297	1.339729	0.735858	0.264142	2.044014
15396	-1244.097	-1455.75	211.6531	0.8410243	5.639467	1.139853	0.695722	0.304278	2.503912
15402	-1245.259	-1455.938	210.6794	0.6837811	6.870326	0.8583848	0.777469	0.222531	3.187672
15408	-1239.524	-1449.839	210.3146	0.7143073	6.870326	1.262064	0.731846	0.268154	3.155019
15414	-1239.835	-1451.159	211.3237	0.7532109	3.619578	1.70117	0.757608	0.242392	2.869125
15420	-1243.365	-1454.096	210.7312	0.6642279	4.362473	1.291176	0.749321	0.250679	3.306746
15426	-1240.297	-1451.497	211.1995	0.8430937	5.373442	1.105201	0.687732	0.312268	2.843629
15432	-1241.658	-1451.575	209.9173	0.6308696	5.627497	1.105201	0.747008	0.252992	3.68787
15438	-1240.109	-1450.97	210.8602	0.8335611	5.691248	1.260077	0.778651	0.221349	2.922397
15444	-1230.146	-1441.99	211.8438	0.90483	5.838205	1.482267	0.731323	0.268677	2.131233
15450	-1228.484	-1440.545	212.0609	0.9531427	5.42644	1.482267	0.718164	0.281836	2.025481
15456	-1239.31	-1451.159	211.8489	1.028512	4.325866	1.568923	0.718164	0.281836	2.279517
15462	-1241.101	-1453.175	212.0748	1.028512	4.485033	1.568923	0.743197	0.256803	2.100994
15468	-1237.574	-1448.796	211.2224	0.9314513	5.989839	1.568923	0.723897	0.276103	2.448031
15474	-1234.601	-1445.752	211.1517	0.8143885	4.619008	1.451004	0.723897	0.276103	2.843789
15480	-1237.774	-1448.322	210.5476	0.6779277	5.344783	1.791892	0.698376	0.301624	3.024553
15486	-1243.447	-1454.36	210.9126	0.6737555	5.344783	1.773354	0.719718	0.280282	2.813997
15492	-1249.279	-1460.715	211.436	0.5823362	5.956252	1.707163	0.667406	0.332594	2.478643
15498	-1240.586	-1451.7	211.1135	0.7816159	5.956252	1.707163	0.746079	0.253921	2.555526
15504	-1251.691	-1462.567	210.8755	1.064077	5.071216	1.300773	0.694816	0.305184	2.852436
15510	-1253.814	-1464.996	211.1826	0.8561767	5.071216	1.300773	0.710755	0.289245	2.792154
15516	-1252.414	-1462.633	210.2183	0.7789488	5.703079	1.300773	0.710755	0.289245	3.315385
15522	-1254.744	-1465.186	210.4422	0.5550107	5.703079	1.300773	0.715084	0.284916	3.315385
15528	-1254.154	-1465.379	211.2251	0.7567035	6.011913	1.051691	0.71953	0.28047	2.813448
15534	-1248.411	-1458.998	210.5865	0.7128277	6.956551	1.631006	0.704739	0.295261	2.813448
15540	-1241.491	-1453.006	211.5146	0.8368258	5.160934	1.614132	0.751009	0.248991	2.43768
15546	-1256.649	-1467.205	210.5552	0.8300684	4.582709	1.468776	0.725232	0.274768	3.190508
15552	-1240.331	-1450.64	210.3089	0.7145524	4.738427	2.156184	0.700822	0.299178	3.117013
15558	-1240.144	-1451.784	211.6403	0.6931021	5.249119	1.251188	0.769758	0.230242	2.606792
15564	-1246.358	-1457.873	211.5157	0.8068327	4.078178	1.11617	0.769758	0.230242	2.899435
15570	-1242.822	-1454.778	211.9551	0.9588677	4.796036	1.461509	0.764897	0.235103	2.214799
15576	-1245.322	-1456.015	210.6927	0.7901538	4.796036	1.461509	0.742055	0.257945	3.098226
15582	-1257.978	-1469.733	211.7545	0.9209566	5.731914	1.343364	0.74905	0.25095	2.264891
15588	-1245.868	-1457.82	211.9515	0.8649004	6.071399	1.261654	0.760692	0.239308	2.163448
15594	-1244.038	-1454.814	210.7761	0.8738689	4.518787	2.65466	0.704687	0.295313	2.623748
15600	-1242.161	-1453.684	211.5231	0.7760291	4.518787	1.527939	0.704687	0.295313	2.623748
15606	-1224.566	-1435.816	211.2498	0.7629102	5.58455	1.414727	0.74961	0.25039	2.669104
15612	-1231.011	-1442.022	211.0106	0.8279736	6.168137	1.270712	0.710844	0.289156	2.758562
15618	-1234.857	-1446.279	211.4219	0.5865574	6.168137	0.9504657	0.751155	0.248845	2.836114
15624	-1242.074	-1453.347	211.2734	0.7123596	5.457517	1.197354	0.716113	0.283887	2.814422
15630	-1244.321	-1455.623	211.3016	0.8226873	6.374725	0.932075	0.686909	0.313091	2.747989
15636	-1246.394	-1457.603	211.2092	0.7802889	6.374725	1.54578	0.78589	0.21411	2.504551
15642	-1244.438	-1454.832	210.394	0.6289222	5.833054	1.644744	0.655279	0.344721	3.128928
15648	-1256.56	-1468.072	211.5124	0.8467465	6.020545	1.644744	0.793828	0.206172	2.27965
15654	-1256.651	-1469.491	212.8406	1.296298	5.204545	1.293151	0.739156	0.260844	1.373022
15660	-1242.677	-1455.296	212.6193	1.196351	5.789759	1.621064	0.8154	0.1846	1.311177
15666	-1251.302	-1463.203	211.9006	1.057697	5.266833	1.621064	0.794208	0.205792	2.02467
15672	-1247.359	-1457.075	209.7156	0.8830053	5.521735	1.98302	0.691513	0.308487	3.299674
15678	-1256.814	-1466.465	209.6508	0.7754647	6.521187	1.98302	0.691513	0.308487	3.259229
15684	-1251.078	-1461.763	210.6852	0.5692808	4.79871	1.49138	0.722367	0.277633	3.220207
15690	-1254.167	-1464.973	210.8058	0.9296632	4.846429	0.9915843	0.722367	0.277633	3.180736
15696	-1248.754	-1459.04	210.2859	0.9386654	6.291101	1.271411	0.660474	0.339526	3.111061
15702	-1235.914	-1446.68	210.7656	0.7885481	5.677047	1.271411	0.659511	0.340489	3.002848
15708	-1239.136	-1450.296	211.1602	0.8599287	5.700298	1.402935	0.717697	0.282303	2.652031
15714	-1244.38	-1455.004	210.6236	0.720049	5.700298	1.977067	0.717697	0.282303	2.82922
15720	-1239.225	-1450.186	210.9617	0.935848	5.560851	1.240368	0.723339	0.276661	2.82922
15726	-1246.376	-1457.587	211.2103	0.7345457	5.496159	1.341957	0.670336	0.329664	2.759617
15732	-1253.577	-1464.578	211.0005	0.7643735	5.496159	2.015628	0.765538	0.234462	2.58899
15738	-1238.798	-1450.232	211.4335	0.8453114	5.901744	1.221832	0.765538	0.234462	2.552284
15744	-1244.473	-1455.368	210.8952	0.8250761	7.20354	1.352573	0.755153	0.244847	2.649908
15750	-1241.292	-1450.764	209.4721	0.6801182	5.098795	1.989371	0.644397	0.355603	3.624372
15756	-1237.432	-1447.799	210.3673	0.9493356	4.230215	1.989371	0.664051	0.335949	3.091978
15762	-1235.286	-1445.799	210.5126	0.6280483	5.446292	1.147582	0.664051	0.335949	3.347198
15768	-1230.507	-1440.684	210.1771	0.6254044	5.091147	1.711688	0.64216	0.35784	3.347198
15774	-1241.791	-1452.985	211.1942	0.7537077	7.59758	0.827794	0.781495	0.218505	2.766693
15780	-1236.808	-1447.476	210.6672	0.702115	4.798868	1.720958	0.776609	0.223391	3.056701
15786	-1233.118	-1444.032	210.914	0.6544084	5.726781	1.356544	0.750655	0.249345	2.945154
15792	-1231.006	-1442.038	211.0322	0.7705548	4.9819	1.31099	0.719823	0.280177	2.945154
15798	-1233.392	-1444.102	210.7102	0.7417928	4.805284	1.67153	0.70584	0.29416	3.025849
15804	-1242.035	-1452.778	210.7427	0.6504292	5.447664	1.429318	0.725521	0.274479	3.059221
15810	-1233.78	-1444.518	210.7386	0.7054282	5.447664	2.007975	0.694332	0.305668	2.79649
15816	-1239.948	-1451.01	211.062	0.7345701	4.788002	1.467809	0.694332	0.305668	2.908575
15822	-1243.926	-1455.014	211.0887	0.8722263	6.390283	1.181031	0.773339	0.226661	2.699146
15828	-1243.931	-1454.468	210.5362	0.5812276	7.290397	1.181031	0.823548	0.176452	3.091168
15834	-1236.29	-1447.983	211.6934	1.027869	5.386252	1.206739	0.74377	0.25623	2.364919
15840	-1240.514	-1450.395	209.8805	0.6557327	5.399357	0.9824677	0.655367	0.344633	3.797512
15846	-1241.29	-1451.989	210.699	0.6932281	5.526202	1.287843	0.762711	0.237289	3.114489
15852	-1237.909	-1449.373	211.4639	0.9644228	6.90543	1.323601	0.762711	0.237289	2.259246
15858	-1239.607	-1451.482	211.8748	0.9317615	5.757931	1.81206	0.807585	0.192415	1.956686
15864	-1250.739	-1461.736	210.9978	0.7342167	5.405497	1.193147	0.75609	0.24391	2.978222
15870	-1249.896	-1460.798	210.9026	0.7731964	5.742973	1.406667	0.716277	0.283723	2.8541
15876	-1243.489	-1453.709	210.2198	0.5239673	6.806121	1.549792	0.700267	0.299733	3.20036
15882	-1246.316	-1457.296	210.9808	0.942341	6.806121	1.181463	0.775495	0.224505	2.665153
15888	-1237.132	-1449.279	212.1469	1.067373	5.957059	1.170749	0.802594	0.197406	1.970892
15894	-1236.081	-1447.91	211.8291	0.8688424	5.957059	1.072886	0.837877	0.162123	2.365065
15900	-1236.361	-1446.477	210.1153	0.6855762	7.06931	1.781175	0.754146	0.245854	3.039487
15906	-1234.393	-1445.756	211.3633	0.7273204	6.426408	1.41075	0.756935	0.243065	2.49667
15912	-1247.645	-1458.075	210.4301	0.8536965	6.029728	1.41075	0.779598	0.220402	3.045892
15918	-1233.216	-1443.869	210.6531	0.6280284	6.799989	1.071386	0.760495	0.239505	3.115173
15924	-1248.764	-1459.332	210.5685	0.8641581	6.255604	1.507211	0.765491	0.234509	2.88065
15930	-1244.566	-1455.354	210.7879	0.886412	5.27593	0.8865327	0.74685	0.25315	3.211532
15936	-1244.24	-1454.278	210.0385	0.7132624	5.267413	0.8865327	0.740139	0.259861	3.751697
15942	-1250.871	-1462.252	211.3807	0.803573	8.101716	1.132179	0.760836	0.239164	2.366415
15948	-1253.134	-1463.93	210.7966	0.7398843	8.088637	1.132179	0.799713	0.200287	2.77035
15954	-1250.184	-1461.055	210.8703	0.7606644	7.059729	1.198374	0.726659	0.273341	2.801651
15960	-1246.481	-1458.138	211.6576	0.8519953	5.557221	0.9955665	0.71899	0.28101	2.592883
15966	-1258.137	-1468.186	210.0486	0.7373939	5.411193	1.698807	0.740638	0.259362	3.311188
15972	-1235.938	-1448.411	212.4727	1.162639	6.005269	1.29239	0.725364	0.274636	1.597496
15978	-1245.029	-1457.057	212.0283	1.189683	3.20817	3.232428	0.695152	0.304848	1.737193
15984	-1241.922	-1453.03	211.1077	0.8973802	4.178278	3.059775	0.623682	0.376318	2.356439
15990	-1241.183	-1452.757	211.5746	0.9991854	4.178278	1.967269	0.655952	0.344048	2.338708
15996	-1249.809	-1462.15	212.341	1.061814	4.496822	1.556579	0.749108	0.250892	1.904848
16002	-1249.606	-1461.616	212.0096	1.033741	5.909888	1.558708	0.679064	0.320936	1.886251
16008	-1249.017	-1461.287	212.2704	1.095872	8.420802	0.8822848	0.788326	0.211674	1.707343
16014	-1251.565	-1461.556	209.9909	0.6163513	5.056733	1.436382	0.655217	0.344783	3.580844
16020	-1255.517	-1467.32	211.8028	0.9321275	5.451675	1.539359	0.710236	0.289764	2.176944
16026	-1246.138	-1456.753	210.615	0.9036866	6.603378	2.094141	0.667942	0.332058	2.548762
16032	-1253.279	-1464.391	211.1123	0.9014643	7.993502	1.429148	0.688318	0.311682	2.330855
16038	-1251.288	-1461.32	210.0321	0.5519898	6.559746	1.429148	0.675037	0.324963	3.379158
16044	-1238.235	-1448.301	210.0656	0.6708128	5.589176	1.227241	0.74479	0.25521	3.521148
16050	-1235.98	-1446.044	210.0647	0.6026409	5.864813	1.227241	0.71417	0.28583	3.521148
16056	-1253.719	-1463.657	209.9386	0.6298066	4.862957	1.227241	0.737725	0.262275	3.732637
16062	-1236.102	-1447.153	211.0514	0.7973068	5.22219	1.227241	0.779407	0.220593	2.919605
16068	-1235.971	-1446.688	210.7176	0.7911895	5.22219	1.676334	0.771616	0.228384	2.919605
16074	-1239.955	-1450.965	211.0098	0.6692048	5.335664	1.891214	0.778109	0.221891	2.713729
16080	-1261.652	-1472.664	211.0125	0.7703353	5.506896	0.9151297	0.731677	0.268323	3.092471
16086	-1256.417	-1467.301	210.8844	0.7252485	6.78536	1.102279	0.747231	0.252769	2.902667
16092	-1243.382	-1453.804	210.4227	0.5395856	7.662255	1.102279	0.729066	0.270934	3.181426
16098	-1237.528	-1447.795	210.2664	0.5728282	7.426139	1.322699	0.720315	0.279685	3.169102
16104	-1236.473	-1447.42	210.9471	0.8197606	5.538653	2.119204	0.735065	0.264935	2.544193
16110	-1254.028	-1464.697	210.669	0.5909013	4.321577	2.01594	0.690576	0.309424	3.099116
16116	-1257.017	-1466.823	209.8059	0.645382	4.969264	1.814922	0.704081	0.295919	3.533472
16122	-1234.267	-1444.917	210.6502	0.5280076	4.969264	1.234505	0.704354	0.295646	3.356395
16128	-1249.929	-1460.452	210.5232	0.4566995	4.675137	1.714474	0.74435	0.25565	3.311785
16134	-1243.147	-1453.037	209.8901	0.6181083	5.840489	1.322699	0.604575	0.395425	3.570996
16140	-1248.951	-1458.814	209.8631	0.7586844	5.840489	1.322699	0.694059	0.305941	3.504857
16146	-1247.466	-1458.629	211.1629	0.7454282	6.837211	1.322699	0.716467	0.283533	2.596534
16152	-1249.414	-1460.201	210.7874	0.7032742	9.021566	1.319606	0.815634	0.184366	2.596534
16158	-1233.432	-1444.908	211.4764	0.7032742	5.685396	1.319606	0.730795	0.269205	2.596534
16164	-1232.572	-1443.767	211.1951	0.7353958	8.189584	1.319606	0.758115	0.241885	2.414718
16170	-1240.899	-1451.544	210.6457	0.7644624	8.189584	1.117395	0.753822	0.246178	2.843927
16176	-1251.156	-1461.983	210.827	0.8098205	7.04592	1.117395	0.803985	0.196015	2.843927
16182	-1251.483	-1462.102	210.6189	0.7667619	8.077517	1.117395	0.787564	0.212436	2.87146
16188	-1239.031	-1449.779	210.7476	0.6080651	7.665011	1.376191	0.777282	0.222718	2.804663
16194	-1227.477	-1438.556	211.08	0.6419306	9.025637	0.9555028	0.749663	0.250337	2.658474
16200	-1227.977	-1439.59	211.6123	0.8344095	8.919273	1.049885	0.749663	0.250337	2.152589
16206	-1237.795	-1449.405	211.6103	0.8816316	8.919273	1.121624	0.840774	0.159226	2.078825
16212	-1241.69	-1453.221	211.5305	0.839707	8.565442	1.146915	0.780548	0.219452	2.184112
16218	-1246.263	-1458.048	211.7841	0.7753686	8.565442	1.146915	0.797513	0.202487	2.060281
16224	-1235.631	-1447.267	211.6365	0.8728835	7.915154	1.479718	0.792001	0.207999	1.993253
16230	-1240.977	-1452.744	211.767	0.9087053	8.947171	1.058151	0.730725	0.269275	1.993253
16236	-1245.729	-1457.562	211.8323	0.8922547	8.947171	1.078213	0.829836	0.170164	1.947738
16242	-1246.701	-1458.301	211.5999	0.8860294	9.018313	1.23764	0.751164	0.248836	2.003643
16248	-1259.582	-1471.438	211.8563	0.9757548	9.018313	0.8085572	0.83599	0.16401	2.056463
16254	-1237.692	-1448.957	211.2647	0.9355401	5.62175	1.617016	0.779408	0.220592	2.455028
16260	-1236.394	-1447.696	211.3024	0.9565606	6.077285	1.346432	0.76584	0.23416	2.473779
16266	-1237.423	-1448.261	210.8383	0.9565606	6.077285	2.479698	0.700735	0.299265	2.323083
16272	-1237.995	-1449.469	211.4739	1.041579	5.386793	1.896544	0.672465	0.327535	2.176846
16278	-1236.626	-1448.477	211.8512	0.992016	4.898445	1.601247	0.759238	0.240762	2.176134
16284	-1243.437	-1454.665	211.2279	0.781503	6.970279	1.162699	0.751624	0.248376	2.600329
16290	-1237.104	-1448.278	211.1735	0.8532715	6.970279	1.219756	0.751624	0.248376	2.558549
16296	-1248.613	-1460.277	211.6646	0.8915469	5.272097	1.219756	0.659184	0.340816	2.481028
16302	-1234.181	-1444.013	209.8315	0.6898136	4.279829	1.17266	0.752833	0.247167	3.888523
16308	-1244.626	-1454.979	210.3527	0.6235013	5.955464	0.9770877	0.70294	0.29706	3.463986
16314	-1232.933	-1443.799	210.8663	0.6082198	6.508478	0.9770877	0.727964	0.272036	3.093633
16320	-1241.443	-1451.619	210.1757	0.4215299	5.540658	1.213634	0.76364	0.23636	3.616135
16326	-1237.369	-1447.671	210.3019	0.5996435	5.540658	1.213634	0.78556	0.21444	3.438873
16332	-1238.028	-1448.158	210.1292	0.7120283	6.816944	1.213634	0.650876	0.349124	3.297291
16338	-1234.998	-1446.074	211.0766	0.6760727	6.816944	1.213634	0.735299	0.264701	2.751002
16344	-1233.261	-1444.432	211.1706	0.8275627	6.068876	1.213634	0.750506	0.249494	2.705001
16350	-1238.098	-1448.221	210.1229	0.5802645	6.43745	1.366082	0.795232	0.204768	3.35414
16356	-1253.327	-1464.061	210.734	0.7379528	5.796822	1.366082	0.694937	0.305063	2.988085
16362	-1256.421	-1466.846	210.4251	0.6229267	4.314328	1.366082	0.695181	0.304819	3.48392
16368	-1256.52	-1466.941	210.4215	0.6229267	3.852368	1.366082	0.746845	0.253155	3.575195
16374	-1253.425	-1463.516	210.0914	0.631921	3.852368	2.027592	0.69812	0.30188	3.502912
16380	-1259.119	-1470.558	211.4386	0.8366248	4.477503	1.28935	0.687873	0.312127	2.759251
16386	-1263.066	-1474.543	211.4772	1.081726	3.934937	1.769571	0.67353	0.32647	2.476492
16392	-1267.616	-1478.921	211.3046	1.087795	3.92238	1.627313	0.67353	0.32647	2.641604
16398	-1271.968	-1482.787	210.8191	0.7866351	3.92238	1.733975	0.698656	0.301344	3.075026
16404	-1250.182	-1460.473	210.2902	0.7972868	3.75959	1.097298	0.611895	0.388105	3.702505
16410	-1235.468	-1446.725	211.2565	0.6982659	4.026529	1.757282	0.720979	0.279021	2.834583
16416	-1245.756	-1457.425	211.6684	0.7888132	4.760897	1.660979	0.655827	0.344173	2.421938
16422	-1257.357	-1468.074	210.7172	0.9133222	4.560287	1.756409	0.795244	0.204756	2.9284
16428	-1247.301	-1458.697	211.3963	0.8545002	5.582014	1.848883	0.692373	0.307627	2.333253
16434	-1241.001	-1451.942	210.9404	0.7296796	6.423657	1.848883	0.761561	0.238439	2.570357
16440	-1246.68	-1457.924	211.2438	0.8564028	6.423657	1.252695	0.803643	0.196357	2.570357
16446	-1241.889	-1453.578	211.6891	0.9436286	5.783301	1.562647	0.755648	0.244352	2.177571
16452	-1247.486	-1458.07	210.5843	0.6083773	7.332196	1.451054	0.797489	0.202511	2.909023
16458	-1248.734	-1459.548	210.8145	0.9566912	4.917406	1.451054	0.718347	0.281653	2.909023
16464	-1249.128	-1460.092	210.9635	0.8162456	7.004722	1.719172	0.714643	0.285357	2.474159
16470	-1244.683	-1454.717	210.0341	0.8001149	6.486463	2.256074	0.713379	0.286621	2.929226
16476	-1249.572	-1460.646	211.0735	0.8374293	6.486463	2.615019	0.739996	0.260004	2.144779
16482	-1239.337	-1449.712	210.3754	0.7409471	4.571621	1.836204	0.654957	0.345043	3.203108
16488	-1241.21	-1451.617	210.407	0.7093707	4.571621	1.836204	0.754755	0.245245	3.203108
16494	-1246.255	-1458.773	212.5178	1.177313	4.441276	1.119949	0.742675	0.257325	1.956671
16500	-1253.19	-1463.567	210.3768	0.7306745	3.783394	1.171817	0.659595	0.340405	3.646845
16506	-1258.685	-1467.989	209.3031	0.4090504	3.766683	1.672598	0.682317	0.317683	4.228559
16512	-1234.288	-1446.436	212.1484	1.055463	7.239244	1.463177	0.739462	0.260538	1.613815
16518	-1236.968	-1448.432	211.4638	1.029854	5.863054	1.465461	0.779621	0.220379	2.300085
16524	-1241.295	-1452.619	211.324	0.7597038	5.256076	1.534096	0.792798	0.207202	2.623705
16530	-1247.114	-1457.94	210.8267	0.700657	5.616093	1.899272	0.669684	0.330316	2.758791
16536	-1246.83	-1457.391	210.5615	0.7488945	5.616093	1.899272	0.713638	0.286362	2.890639
16542	-1228.861	-1439.467	210.6055	0.7864821	4.130792	1.899272	0.680756	0.319244	3.098497
16548	-1235.36	-1445.943	210.5838	0.9083678	4.212438	1.899272	0.689782	0.310218	3.022768
16554	-1243.929	-1455.386	211.4569	1.031309	4.513095	1.899272	0.774089	0.225911	2.352167
16560	-1243.433	-1455.162	211.7295	1.135468	5.385906	1.899272	0.712534	0.287466	1.945094
16566	-1250.223	-1461.006	210.7835	0.8299061	5.385906	1.984161	0.751226	0.248774	2.711465
16572	-1244.431	-1455.402	210.9714	0.7877182	7.194602	1.525567	0.751226	0.248774	2.545781
16578	-1239.938	-1450.909	210.9714	0.7877182	7.194602	1.525567	0.73113	0.26887	2.545781
16584	-1234.686	-1445.944	211.258	0.7945563	5.80495	1.099954	0.729274	0.270726	2.773324
16590	-1229.417	-1440.597	211.1798	0.7720996	4.857315	1.099954	0.767997	0.232003	2.987095
16596	-1245.951	-1456.714	210.7634	0.6214811	4.303316	1.044773	0.738842	0.261158	3.452824
16602	-1251.23	-1460.508	209.2783	0.4923633	3.80861	1.983524	0.74259	0.25741	4.075472
16608	-1246.475	-1457.429	210.9542	0.7054133	4.66493	1.983524	0.702857	0.297143	2.806624
16614	-1248.819	-1458.8	209.9801	0.7960162	4.457641	0.9702943	0.702857	0.297143	3.820712
16620	-1243.959	-1455.296	211.3372	0.6964037	4.861407	0.9702943	0.69172	0.30828	3.013256
16626	-1235.54	-1446.582	211.0421	0.6978101	4.6056	1.384678	0.727512	0.272488	3.013256
16632	-1233.246	-1445.36	212.1143	0.8981232	3.919063	1.384678	0.761765	0.238235	2.365973
16638	-1241.74	-1453.36	211.6203	1.041109	3.484395	1.397173	0.714912	0.285088	2.676236
16644	-1244.309	-1455.681	211.3715	0.8048327	4.418312	1.455745	0.731456	0.268544	2.750819
16650	-1241.927	-1453.87	211.9426	0.9004784	4.379127	2.124686	0.7537	0.2463	2.064264
16656	-1242.493	-1453.96	211.467	1.04638	4.379127	2.124686	0.735754	0.264246	2.278494
16662	-1245.741	-1456.82	211.0791	1.086082	5.780248	1.525883	0.729892	0.270108	2.492497
16668	-1236.003	-1447.388	211.3853	0.8225125	5.780248	1.717509	0.732664	0.267336	2.382301
16674	-1249.476	-1460.793	211.3173	0.9015814	5.791411	1.717509	0.759159	0.240841	2.373482
16680	-1246.721	-1457.51	210.7889	0.7239901	7.056908	1.219075	0.739907	0.260093	2.862792
16686	-1253.858	-1464.021	210.1633	0.6936819	4.900428	1.347208	0.739907	0.260093	3.501457
16692	-1237.201	-1447.641	210.4405	0.7340869	5.355056	1.729633	0.730684	0.269316	3.077526
16698	-1234.784	-1445.726	210.9425	0.8320291	5.355056	1.729633	0.714416	0.285584	2.714869
16704	-1247.003	-1458.77	211.7672	0.7948238	5.355056	1.423703	0.675756	0.324244	2.35916
16710	-1232.422	-1444.66	212.238	1.000416	5.833648	1.263756	0.743978	0.256022	1.920996
16716	-1236.486	-1447.987	211.5017	1.005251	5.604601	1.043785	0.657622	0.342378	2.557536
16722	-1239.797	-1450.661	210.8639	0.7611692	5.127916	1.349326	0.711178	0.288822	3.008967
16728	-1231.513	-1442.982	211.4693	0.8742373	5.357586	1.738662	0.711178	0.288822	2.356231
16734	-1242.864	-1454.523	211.6583	0.7874854	5.087467	1.694509	0.703637	0.296363	2.356231
16740	-1258.843	-1469.133	210.2901	0.7795174	5.776181	1.86982	0.634753	0.365247	3.022131
16746	-1247.958	-1458.603	210.6453	0.6762225	5.776181	1.495876	0.729583	0.270417	3.022131
16752	-1243.529	-1454.903	211.3743	0.8017271	3.467623	1.694509	0.642024	0.357976	2.845952
16758	-1242.204	-1453.971	211.7667	0.8912623	5.16106	1.913308	0.622713	0.377287	2.116817
16764	-1234.453	-1445.58	211.1262	0.8912623	5.094829	1.913308	0.718215	0.281785	2.536646
16770	-1245.455	-1457.143	211.689	0.9435482	4.398769	1.424424	0.698386	0.301614	2.487307
16776	-1248.766	-1460.135	211.3689	0.7989352	4.891202	1.950651	0.719221	0.280779	2.464292
16782	-1243.345	-1453.214	209.8694	0.8157463	5.391677	1.382721	0.784505	0.215495	3.506799
16788	-1251.733	-1462.85	211.1164	0.7086508	4.542656	1.382721	0.695102	0.304898	2.974444
16794	-1252.634	-1463.233	210.5993	0.4753579	4.542656	1.723273	0.604253	0.395747	3.275894
16800	-1251.997	-1462.234	210.2373	0.7281001	4.709792	1.590192	0.700167	0.299833	3.364075
16806	-1240.308	-1450.905	210.5976	0.7823853	4.881903	1.590192	0.685836	0.314164	3.089143
16812	-1242.104	-1453.476	211.3716	0.6850979	4.881903	1.590192	0.716364	0.283636	2.679696
16818	-1249.915	-1461.522	211.6071	0.8166933	5.971329	1.826651	0.79577	0.20423	2.168623
16824	-1256.237	-1468.083	211.8455	0.7089713	5.761723	1.549806	0.818887	0.181113	2.23757
16830	-1251.472	-1463.588	212.1154	1.031942	6.209226	1.478965	0.760602	0.239398	1.805596
16836	-1251.667	-1463.433	211.7661	1.006862	7.107529	1.19057	0.796146	0.203854	2.080101
16842	-1259.835	-1471.004	211.1694	0.888898	5.166399	1.563401	0.669983	0.330017	2.641419
16848	-1265.942	-1476.469	210.5272	0.7222461	5.166399	2.123864	0.715202	0.284798	2.919776
16854	-1252.675	-1464.504	211.8296	0.8651053	5.458087	1.2665	0.748078	0.251922	2.33751
16860	-1244.561	-1456.332	211.7717	0.9278277	5.271857	1.278375	0.751595	0.248405	2.359471
16866	-1251.982	-1463.407	211.4256	0.9182224	5.394889	1.817766	0.751595	0.248405	2.317378
16872	-1247.027	-1458.007	210.9798	0.8601382	5.394889	1.817766	0.745687	0.254313	2.633181
16878	-1241.876	-1453.801	211.9242	0.8899034	4.510837	1.105408	0.687917	0.312083	2.51968
16884	-1237.574	-1449.041	211.4669	0.8876187	3.925777	1.231038	0.672829	0.327171	2.849508
16890	-1248.056	-1459.744	211.6873	0.8775395	4.68479	1.412862	0.706282	0.293718	2.480855
16896	-1249.781	-1461.219	211.4382	0.9789309	4.758721	1.412862	0.617893	0.382107	2.559429
16902	-1233.809	-1445	211.1908	0.771007	4.429545	1.661222	0.773456	0.226544	2.790144
16908	-1234.644	-1446.038	211.3938	0.8265188	4.429545	1.312643	0.773456	0.226544	2.790144
16914	-1229.55	-1440.742	211.1925	0.7538713	4.722019	1.312643	0.769515	0.230485	2.902741
16920	-1236.155	-1445.597	209.4415	0.6592019	4.261443	1.312643	0.663554	0.336446	4.064462
16926	-1228.406	-1438.571	210.1649	0.7275501	4.261443	2.372701	0.694057	0.305943	3.213058
16932	-1233.099	-1443.259	210.1605	0.6403174	4.478785	1.949583	0.694057	0.305943	3.364932
16938	-1222.689	-1434.064	211.3743	0.8843715	4.129926	1.413102	0.694057	0.305943	2.776512
16944	-1238.16	-1448.786	210.6265	0.6251304	4.582956	1.413102	0.635709	0.364291	3.29436
16950	-1247.828	-1458.138	210.3102	0.5973416	5.386205	1.406964	0.724608	0.275392	3.366529
16956	-1251.285	-1461.502	210.2168	0.5845638	3.968975	1.406964	0.659113	0.340887	3.674502
16962	-1235.627	-1446.735	211.1083	0.6534605	5.263577	1.153092	0.673984	0.326016	3.004303
16968	-1236.685	-1447.757	211.072	0.7491006	5.263577	1.092279	0.768031	0.231969	3.002172
16974	-1242.956	-1453.102	210.1459	0.9237235	5.263577	1.569526	0.708881	0.291119	3.219368
16980	-1237.054	-1447.552	210.4978	0.6132973	5.263577	1.264893	0.754827	0.245173	3.333146
16986	-1235.762	-1446.384	210.6228	0.6865385	5.363545	0.9686936	0.806118	0.193882	3.361739
16992	-1244.058	-1455.298	211.24	0.641917	6.248765	1.47397	0.793596	0.206404	2.622076
16998	-1246.402	-1457.022	210.6199	0.6770773	6.248765	0.8059052	0.713983	0.286017	3.344618
17004	-1238.112	-1448.885	210.7727	0.7037457	6.248765	0.8291987	0.783266	0.216734	3.222763
17010	-1236.055	-1447.194	211.1388	0.7722953	6.248765	1.534521	0.744917	0.255083	2.576554
17016	-1242.087	-1452.453	210.3656	0.8771683	4.579804	1.534521	0.668439	0.331561	3.246804
17022	-1252.531	-1463.132	210.6011	0.5419529	5.292002	1.470143	0.697229	0.302771	3.214147
17028	-1249.229	-1459.485	210.2563	0.5198752	6.251673	1.692041	0.649948	0.350052	3.196803
17034	-1236.673	-1448.006	211.3332	0.6923064	5.607979	1.003605	0.780415	0.219585	2.876274
17040	-1238.76	-1450.037	211.2767	0.7538112	5.077683	0.9600397	0.780415	0.219585	2.98483
17046	-1228.423	-1439.162	210.7392	0.7510042	5.077683	1.073809	0.705688	0.294312	3.239786
17052	-1238.305	-1448.669	210.3636	0.6303447	4.709157	1.795076	0.714797	0.285203	3.266634
17058	-1249.063	-1459.551	210.4877	0.5062291	4.709157	1.795076	0.670686	0.329314	3.266634
17064	-1232.019	-1443.141	211.1223	0.6848351	6.081783	1.795076	0.779394	0.220606	2.555864
17070	-1238.501	-1449.905	211.4048	0.7256376	6.208734	1.795076	0.771308	0.228692	2.333714
17076	-1226.254	-1436.579	210.3243	0.6319315	6.208734	1.795076	0.737005	0.262995	3.055547
17082	-1219.617	-1431.175	211.558	0.7744848	6.046084	1.533015	0.739122	0.260878	2.342786
17088	-1241.034	-1452.742	211.7085	1.036708	5.725458	1.533015	0.774895	0.225105	2.127588
17094	-1229.23	-1440.491	211.2615	0.8863412	7.539044	1.533015	0.730418	0.269582	2.252431
17100	-1238.709	-1449.543	210.8347	0.8144262	9.008845	1.431256	0.772869	0.227131	2.444372
17106	-1233.603	-1445.29	211.6877	0.9637785	7.139245	1.431256	0.814062	0.185938	2.026255
17112	-1224.666	-1436.177	211.511	0.8810507	7.139245	1.020597	0.848182	0.151818	2.422338
17118	-1232.631	-1443.418	210.7863	0.7392592	7.265252	0.8775657	0.805701	0.194299	3.028656
17124	-1239.495	-1450.634	211.1387	0.8315261	7.084396	0.9409762	0.805701	0.194299	2.74119
17130	-1254.639	-1465.25	210.6111	0.7948836	7.084396	0.7715856	0.744605	0.255395	3.19524
17136	-1257.003	-1467.21	210.2063	0.571683	8.667968	1.188583	0.805287	0.194713	3.132901
17142	-1243.886	-1454.057	210.1716	0.5562183	4.353347	1.292572	0.685146	0.314854	3.697196
17148	-1255.897	-1465.157	209.2607	0.598563	5.539554	1.292572	0.6666	0.3334	4.002803
17154	-1244.709	-1454.634	209.9249	0.5181451	6.392877	1.292572	0.739622	0.260378	3.546841
17160	-1239.65	-1450.795	211.1448	0.9625722	6.392877	1.062014	0.768261	0.231739	2.675945
17166	-1241.683	-1453.259	211.5756	0.8292959	5.415896	1.062014	0.682952	0.317048	2.640087
17172	-1256.746	-1467.619	210.8727	0.9001857	4.734277	1.335088	0.728027	0.271973	2.994106
17178	-1255.41	-1466.21	210.7998	0.7140073	4.734277	2.092394	0.686245	0.313755	2.844552
17184	-1248.957	-1459.719	210.7616	0.8657665	5.891878	2.064836	0.710694	0.289306	2.594756
17190	-1247.211	-1457.613	210.4026	0.5048325	5.46076	1.383546	0.751145	0.248855	3.365776
17196	-1249.607	-1460.642	211.0352	0.7443242	5.46076	1.383546	0.795789	0.204211	2.845807
17202	-1245.005	-1456.804	211.7985	0.7587201	5.368166	1.475179	0.815393	0.184607	2.33539
17208	-1237.294	-1446.895	209.6006	0.6152701	5.368166	1.716121	0.716004	0.283996	3.644101
17214	-1248.96	-1459.035	210.0755	0.5846477	4.935246	1.275512	0.716004	0.283996	3.644101
17220	-1247.136	-1456.995	209.8589	0.7162002	4.814644	1.90679	0.716586	0.283414	3.453663
17226	-1243.867	-1454.338	210.471	0.6934449	5.505562	0.9215806	0.728739	0.271261	3.453663
17232	-1232.476	-1442.759	210.2827	0.6862103	5.495656	1.122535	0.735819	0.264181	3.453663
17238	-1229.322	-1440.099	210.7771	0.84062	5.621006	1.366048	0.749979	0.250021	2.927009
17244	-1227.256	-1437.943	210.6868	0.6141007	6.984421	1.366048	0.753875	0.246125	2.927009
17250	-1232.413	-1443.143	210.7301	0.5707901	6.984421	1.366048	0.750099	0.249901	2.927009
17256	-1239.439	-1450.146	210.7067	0.7559499	6.984421	1.206815	0.750099	0.249901	2.908851
17262	-1237.506	-1448.404	210.8983	0.6278876	6.984421	1.138279	0.750099	0.249901	2.907207
17268	-1244.919	-1455.917	210.9978	0.6639451	6.984421	0.9960445	0.785203	0.214797	2.907207
17274	-1244.348	-1456.686	212.338	0.8875329	4.667764	0.9960445	0.785331	0.214669	2.296731
17280	-1242.332	-1454.011	211.6798	0.7391956	6.206044	0.9863744	0.779766	0.220234	2.556016
17286	-1249.085	-1460.656	211.5705	0.7171687	5.831014	1.30568	0.719386	0.280614	2.513857
17292	-1243.937	-1454.735	210.7971	0.8325993	8.599561	1.831965	0.798605	0.201395	2.327098
17298	-1242.648	-1454.451	211.8026	0.7891909	8.904383	1.106822	0.819077	0.180923	2.023553
17304	-1244.417	-1455.461	211.0442	0.79124	7.835826	1.418313	0.819077	0.180923	2.467834
17310	-1235.102	-1447.099	211.9975	0.9153432	5.25748	1.288553	0.752444	0.247556	2.220048
17316	-1236.554	-1448.618	212.064	1.06665	4.497776	1.288553	0.736216	0.263784	2.220048
17322	-1237.451	-1448.929	211.4786	1.025081	5.567482	1.305467	0.754896	0.245104	2.420075
17328	-1242.539	-1454.469	211.93	0.8850713	7.378677	1.202995	0.791928	0.208072	2.008052
17334	-1243.348	-1454.99	211.6425	0.6685707	7.401873	1.128658	0.765451	0.234549	2.374656
17340	-1243.478	-1455.138	211.6603	0.752245	6.098628	1.344865	0.760105	0.239895	2.374656
17346	-1243.71	-1455.37	211.6603	0.9818056	4.520327	1.587407	0.806454	0.193546	2.382614
17352	-1245.673	-1456.835	211.1615	0.936367	6.50128	2.115433	0.803084	0.196916	2.188383
17358	-1237.813	-1448.078	210.2651	0.9090482	6.50128	1.483281	0.707146	0.292854	3.012996
17364	-1234.998	-1445.483	210.4849	0.6818512	6.336068	1.337122	0.689252	0.310748	3.107246
17370	-1232.859	-1442.986	210.1266	0.7646617	6.336068	1.348586	0.743504	0.256496	3.265225
17376	-1236.655	-1446.935	210.2794	0.6250031	6.463587	1.200738	0.677546	0.322454	3.312881
17382	-1260.423	-1470.745	210.3222	0.6523517	6.796482	0.885365	0.738968	0.261032	3.408548
17388	-1258.844	-1468.126	209.282	0.6688586	6.796482	1.284682	0.643921	0.356079	3.783435
17394	-1247.629	-1458.984	211.355	0.6953886	6.369214	1.426604	0.682426	0.317574	2.522368
17400	-1243.23	-1453.416	210.1857	0.7321609	6.334574	1.284682	0.789936	0.210064	3.28033
17406	-1234.758	-1445.586	210.8283	0.6634534	7.838389	1.449341	0.729856	0.270144	2.666271
17412	-1241.412	-1453.221	211.8091	0.7200389	8.139803	1.099878	0.82482	0.17518	2.159519
17418	-1245.24	-1456.647	211.4079	0.7518527	7.545382	1.099878	0.781088	0.218912	2.468531
17424	-1242.741	-1453.494	210.753	0.6790042	8.007159	1.146	0.794328	0.205672	2.835674
17430	-1236.089	-1447.803	211.7132	0.9183291	6.847036	1.146	0.753467	0.246533	2.234127
17436	-1249.146	-1460.227	211.0811	0.6935739	5.421622	1.644701	0.700973	0.299027	2.738861
17442	-1249.853	-1461.197	211.3438	0.7717619	5.388973	1.782307	0.715468	0.284532	2.476896
17448	-1253.556	-1465.668	212.1123	0.9555741	5.665852	1.237927	0.726614	0.273386	2.077228
17454	-1254.677	-1465.867	211.1894	0.8057182	5.898632	1.293356	0.719816	0.280184	2.690882
17460	-1260.795	-1472.243	211.4479	0.7283561	4.797365	1.444059	0.701502	0.298498	2.686603
17466	-1260.555	-1471.036	210.481	0.8034062	4.797365	1.444059	0.697611	0.302389	3.223639
17472	-1257.991	-1469.046	211.0549	0.6237961	5.191888	1.444059	0.75565	0.24435	2.92196
17478	-1260.179	-1469.877	209.6977	0.5068757	5.191888	1.293124	0.763172	0.236828	3.857413
17484	-1245.497	-1455.736	210.2388	0.6467108	5.191888	1.036901	0.690388	0.309612	3.596353
17490	-1248.824	-1459.201	210.3772	0.7317499	5.196077	2.083815	0.722286	0.277714	3.012977
17496	-1261.289	-1471.665	210.3759	0.6186863	4.015479	2.248325	0.735774	0.264226	3.238808
17502	-1271.088	-1481.209	210.121	0.6842581	6.206482	1.06078	0.75068	0.24932	3.480639
17508	-1259.48	-1469.369	209.889	0.6460422	6.206482	1.091126	0.695941	0.304059	3.621202
17514	-1253.318	-1464.076	210.758	0.4833228	6.674317	1.091126	0.632699	0.367301	3.144145
17520	-1254.948	-1465.75	210.802	0.5314386	6.080887	1.139023	0.76646	0.23354	3.144145
17526	-1252.518	-1463.868	211.3501	0.7312802	5.577231	1.289356	0.772664	0.227336	2.68937
17532	-1242.014	-1453.765	211.7512	0.7771175	5.577231	1.289356	0.744516	0.255484	2.411321
17538	-1236.22	-1448.01	211.7898	0.8667089	5.577231	1.289356	0.760416	0.239584	2.330117
17544	-1236.897	-1448.541	211.6442	0.8044744	7.345454	1.396456	0.78521	0.21479	2.149209
17550	-1252.768	-1463.694	210.9265	0.7387414	5.410377	1.343939	0.749296	0.250704	2.94179
17556	-1244.762	-1455.393	210.6306	0.6672445	5.59419	1.229899	0.749296	0.250704	3.189156
17562	-1232.407	-1443.551	211.1442	0.8574205	5.59419	1.286933	0.711885	0.288115	2.736824
17568	-1237.881	-1449.199	211.3176	0.826489	6.476433	1.110383	0.743408	0.256592	2.613516
17574	-1242.603	-1453.657	211.054	0.7474602	5.754704	1.356141	0.739843	0.260157	2.799998
17580	-1239.888	-1450.716	210.8278	0.903646	5.754704	1.259831	0.714749	0.285251	2.89018
17586	-1239.502	-1450.167	210.6647	0.8523195	5.754704	1.259831	0.711573	0.288427	3.019229
17592	-1244.711	-1453.761	209.0507	0.7518656	5.288289	1.259831	0.669689	0.330311	4.088299
17598	-1231.543	-1441.074	209.531	0.537842	5.288289	1.540474	0.62298	0.37702	3.811178
17604	-1234.414	-1444.134	209.7197	0.5185968	5.295032	1.540474	0.70883	0.29117	3.712418
17610	-1227.178	-1437.471	210.2935	0.7354956	5.316784	1.506565	0.71221	0.28779	3.261783
17616	-1244.087	-1454.709	210.6216	0.5971815	5.316784	1.506565	0.710753	0.289247	3.149319
17622	-1248.272	-1459.258	210.9869	0.77078	5.375139	1.155223	0.740805	0.259195	2.987762
17628	-1253.447	-1464.846	211.3988	1.031237	5.375139	1.907139	0.763414	0.236586	2.229899
17634	-1255.23	-1466.825	211.5949	0.9691947	5.483026	1.336314	0.672985	0.327015	2.379963
17640	-1241.514	-1451.751	210.2378	0.6907631	5.46459	1.336314	0.79513	0.20487	3.374756
17646	-1242.685	-1452.938	210.2532	0.6976032	5.424941	1.358496	0.756773	0.243227	3.357403
17652	-1240.327	-1450.58	210.2533	0.7055099	5.424941	1.348332	0.754538	0.245462	3.357403
17658	-1240.311	-1450.577	210.2657	0.5487162	7.291792	1.190235	0.779173	0.220827	3.266012
17664	-1241.795	-1452.559	210.7641	0.7596277	7.291792	1.190235	0.779173	0.220827	2.841807
17670	-1228.936	-1440.022	211.0855	0.7596277	7.110015	0.859109	0.794178	0.205822	2.867954
17676	-1231.809	-1442.814	211.0053	0.5735462	8.419944	0.859109	0.756499	0.243501	2.87444
17682	-1235.423	-1446.461	211.0376	0.7763033	6.641361	1.440036	0.749418	0.250582	2.624654
17688	-1245.913	-1457.698	211.7852	0.8857763	7.762447	1.009262	0.768794	0.231206	2.170773
17694	-1242.159	-1453.73	211.5701	0.9234063	6.973277	1.086953	0.809245	0.190755	2.339878
17700	-1235.592	-1446.754	211.1617	0.8079902	6.973277	1.515262	0.752171	0.247829	2.447852
17706	-1237.596	-1448.999	211.4029	0.8196132	5.867378	1.515262	0.722878	0.277122	2.447852
17712	-1243.823	-1455.206	211.3821	1.071245	5.867378	1.461982	0.734566	0.265434	2.326723
17718	-1236.242	-1446.977	210.7347	0.7977382	6.882052	1.461982	0.734566	0.265434	2.755031
17724	-1258.59	-1467.857	209.2676	0.6891382	6.164992	1.342375	0.734566	0.265434	3.835394
17730	-1247.08	-1457.741	210.6608	0.8002758	5.864927	1.342375	0.760251	0.239749	2.995858
17736	-1253.857	-1464.251	210.3937	0.8213749	4.713404	1.357098	0.693018	0.306982	3.318799
17742	-1259.124	-1469.463	210.3394	0.5520942	5.737215	1.161033	0.631768	0.368232	3.442535
17748	-1260.016	-1470.101	210.0847	0.5835127	5.737215	1.696603	0.627729	0.372271	3.332191
17754	-1264.978	-1475.048	210.0702	0.6041248	5.134152	1.255105	0.74605	0.25395	3.61361
17760	-1262.992	-1473.24	210.2475	0.7760093	4.631878	1.847828	0.715047	0.284953	3.243032
17766	-1248.125	-1459.01	210.8842	0.8190074	5.766513	1.007636	0.706386	0.293614	3.043691
17772	-1243.661	-1454.638	210.9767	0.8320647	5.766513	1.260464	0.736166	0.263834	2.841247
17778	-1245.583	-1457.018	211.4347	0.7851264	7.138011	1.260464	0.695097	0.304903	2.393777
17784	-1262.061	-1472.766	210.7048	0.735877	7.444609	1.260464	0.695097	0.304903	2.836752
17790	-1251.661	-1462.48	210.8186	0.9362906	4.738767	1.896225	0.726063	0.273937	2.767268
17796	-1251.509	-1463.24	211.7314	0.8091136	6.023874	1.864482	0.757874	0.242126	2.068491
17802	-1260.077	-1472.234	212.1574	1.057677	6.428533	1.587384	0.787082	0.212918	1.667429
17808	-1257.714	-1470.02	212.3067	0.9701103	6.428533	1.675666	0.791944	0.208056	1.578884
17814	-1250.171	-1462.741	212.5696	1.152691	6.991888	0.6901753	0.824281	0.175719	1.81557
17820	-1244.25	-1455.768	211.5178	1.045341	6.959587	0.9541699	0.805165	0.194835	2.380605
17826	-1232.732	-1444.768	212.0354	0.9308062	6.235155	1.077057	0.725159	0.274841	2.147611
17832	-1247.067	-1458.931	211.8646	1.068085	6.566461	0.7198352	0.680234	0.319766	2.371057
17838	-1241.521	-1453.959	212.4386	1.070253	5.01244	1.099013	0.715183	0.284817	1.982003
17844	-1249.305	-1461.482	212.1774	1.019293	5.271877	1.519014	0.577179	0.422821	1.912484
17850	-1238.29	-1450.661	212.3713	1.076403	5.271877	1.06443	0.775404	0.224596	1.997103
17856	-1237.031	-1448.2	211.1685	0.6743613	5.271877	1.112876	0.705836	0.294164	2.976262
17862	-1231.96	-1443.76	211.7997	1.08386	5.168821	2.115088	0.75771	0.24229	1.886432
17868	-1239.592	-1451.662	212.0698	1.062661	5.120547	1.532928	0.81849	0.18151	1.976602
17874	-1245.86	-1457.917	212.0565	1.27205	6.183069	1.532928	0.788712	0.211288	1.654654
17880	-1242.56	-1455.164	212.6039	1.255256	4.682846	1.532928	0.756139	0.243861	1.556062
17886	-1254.787	-1467.326	212.5387	1.290851	4.682846	1.532928	0.707324	0.292676	1.577756
17892	-1262.558	-1473.31	210.7527	0.6501084	4.384125	1.36378	0.711447	0.288553	3.263876
17898	-1246.997	-1458.384	211.3876	0.6597075	4.090894	1.417104	0.765845	0.234155	2.910672
17904	-1241.441	-1451.126	209.685	0.7070451	3.940031	2.077113	0.624656	0.375344	3.661395
17910	-1246.373	-1457.852	211.4795	1.01031	5.180495	0.9954064	0.634427	0.365573	2.666773
17916	-1246.58	-1457.585	211.0046	0.9745328	6.627421	1.159603	0.73344	0.26656	2.666773
17922	-1255.919	-1467.125	211.2052	0.7770623	6.627421	1.139267	0.782888	0.217112	2.676142
17928	-1246.122	-1456.824	210.7016	0.7608473	6.627421	1.540558	0.782888	0.217112	2.796533
17934	-1249.41	-1460.262	210.8514	0.7806112	5.501779	1.684931	0.66159	0.33841	2.796533
17940	-1254.744	-1465.709	210.9649	0.7697526	7.361334	1.684931	0.687359	0.312641	2.470256
17946	-1243.999	-1454.648	210.6495	0.7745981	5.596076	1.684931	0.749565	0.250435	2.907895
17952	-1250.184	-1461.247	211.0625	0.728234	4.740398	2.179495	0.7127	0.2873	2.644473
17958	-1242.768	-1453.486	210.7176	0.8766903	4.79548	2.528722	0.7127	0.2873	2.644473
17964	-1261.054	-1472.337	211.2835	0.9459598	4.452866	1.486312	0.702099	0.297901	2.697817
17970	-1256.618	-1467.072	210.4536	0.6895173	6.192283	1.965986	0.705764	0.294236	2.882226
17976	-1254.156	-1466.067	211.9106	0.8970578	4.306417	1.965986	0.75022	0.24978	2.162381
17982	-1254.126	-1465.554	211.4276	0.9274135	4.306417	2.145271	0.805267	0.194733	2.386547
17988	-1245.679	-1456.154	210.4752	0.6162032	6.975253	1.354757	0.777514	0.222486	3.059287
17994	-1254.021	-1465.408	211.387	0.7333082	5.606133	1.354757	0.777514	0.222486	2.628271
18000	-1280.091	-1492.68	212.5891	1.237417	6.381823	1.568439	0.830134	0.169866	1.215811
18006	-1261.501	-1474.316	212.8148	1.281197	5.802206	1.245601	0.791413	0.208587	1.313805
18012	-1239.462	-1450.19	210.7277	0.9125959	4.944611	1.700706	0.728906	0.271094	2.876688
18018	-1246.658	-1457.723	211.0651	1.001626	5.453404	1.615325	0.792358	0.207642	2.566277
18024	-1243.345	-1453.901	210.5563	0.8337246	6.97717	1.70343	0.711637	0.288363	2.725558
18030	-1256.84	-1468.032	211.1916	0.897412	6.646954	1.70343	0.732993	0.267007	2.334468
18036	-1249.248	-1461.507	212.2587	1.271456	6.646954	1.70343	0.747984	0.252016	1.334162
18042	-1242.343	-1454.741	212.3982	1.141203	5.659344	0.7856636	0.805601	0.194399	2.066173
18048	-1237.827	-1448.831	211.004	1.219103	5.659344	1.196866	0.800584	0.199416	2.637547
18054	-1247.776	-1459.258	211.4819	0.9625733	5.530354	1.62679	0.681931	0.318069	2.311031
18060	-1236.332	-1448.003	211.6716	0.7969031	6.591823	1.259876	0.750921	0.249079	2.311031
18066	-1259.113	-1471.215	212.1012	0.9541805	4.541824	1.259876	0.719533	0.280467	2.27518
18072	-1260.966	-1472.313	211.3467	0.8586806	4.541824	2.258189	0.799349	0.200651	2.396164
18078	-1259.222	-1470.269	211.0474	0.845105	5.673751	2.258189	0.722612	0.277388	2.396164
18084	-1260.776	-1472.279	211.5025	0.8662114	5.268611	1.642214	0.689972	0.310028	2.396164
18090	-1257.837	-1469.288	211.4509	0.8942542	5.268611	0.9724331	0.779416	0.220584	2.755083
18096	-1246.556	-1457.231	210.6754	0.7118606	5.747117	1.472665	0.718312	0.281688	2.99735
18102	-1239.698	-1450.567	210.8685	0.7405319	4.76573	1.502494	0.778089	0.221911	3.009906
18108	-1242.902	-1454.429	211.5269	0.8943443	5.866477	1.502494	0.65619	0.34381	2.328235
18114	-1243.543	-1454.689	211.146	0.7976334	5.866477	1.502494	0.656555	0.343445	2.627477
18120	-1253.16	-1464.204	211.0441	0.8460827	5.246436	1.583013	0.759318	0.240682	2.722898
18126	-1248.373	-1459.777	211.4034	0.9212616	5.205677	1.39275	0.786397	0.213603	2.548391
18132	-1245.581	-1456.848	211.2663	1.021069	6.101283	1.543178	0.664339	0.335661	2.358418
18138	-1236.596	-1447.683	211.0874	0.9982072	6.219079	0.9177439	0.755043	0.244957	2.802909
18144	-1247.671	-1457.818	210.1462	0.620124	6.220608	0.9177439	0.755043	0.244957	3.585489
18150	-1235.561	-1445.976	210.4151	0.7693956	6.369937	0.9177439	0.787642	0.212358	3.320722
18156	-1246.755	-1457.366	210.6111	0.6792051	4.591773	0.9177439	0.754775	0.245225	3.531268
18162	-1247.347	-1458.056	210.7092	0.7475955	5.260113	1.398425	0.788254	0.211746	3.065082
18168	-1248.907	-1460.429	211.5217	0.7297512	7.107135	1.321402	0.788254	0.211746	2.345974
18174	-1261.257	-1471.68	210.4226	0.6690078	5.543283	1.020755	0.774846	0.225154	3.431244
18180	-1253.826	-1464.841	211.0146	0.7074741	6.758564	1.311444	0.757035	0.242965	2.727333
18186	-1241.21	-1452.548	211.3377	0.8931984	6.758564	1.311444	0.722477	0.277523	2.411331
18192	-1255.633	-1466.834	211.2007	0.8940747	5.526458	1.807016	0.733465	0.266535	2.457488
18198	-1256.085	-1467.83	211.745	0.867739	4.284635	1.348885	0.740098	0.259902	2.5588
18204	-1248.681	-1460.04	211.3589	0.761167	5.282217	1.621022	0.69662	0.30338	2.5588
18210	-1248.903	-1460.453	211.5505	1.091795	5.962153	1.652806	0.723104	0.276896	2.101763
18216	-1266.328	-1477.851	211.5233	0.9443501	7.352641	1.652806	0.665834	0.334166	2.01323
18222	-1249.296	-1461.139	211.8426	1.075909	7.209712	1.098795	0.799096	0.200904	2.024621
18228	-1253.969	-1465.327	211.3576	0.8928509	8.356474	1.6544	0.712946	0.287054	2.027961
18234	-1258.097	-1468.677	210.5796	0.7496554	6.758645	1.777151	0.682164	0.317836	2.762028
18240	-1246.721	-1457.726	211.0053	1.030106	6.057074	1.064257	0.748396	0.251604	2.766858
18246	-1242.412	-1453.418	211.0058	0.7871717	6.057074	1.49559	0.785799	0.214201	2.694907
18252	-1252.381	-1463	210.6189	0.8630825	4.970203	1.6288	0.73874	0.26126	2.997074
18258	-1246.077	-1456.7	210.6229	0.8439298	5.1769	1.359082	0.73874	0.26126	3.090917
18264	-1246.737	-1458.425	211.6875	0.8874601	4.951603	2.123357	0.768206	0.231794	2.129101
18270	-1256.412	-1468.49	212.0781	1.156798	5.135446	2.123357	0.744452	0.255548	1.644336
18276	-1263.889	-1476.247	212.3583	1.156798	4.104948	1.95081	0.672769	0.327231	1.735917
18282	-1260.297	-1471.78	211.4831	0.9250274	3.697896	1.95081	0.720258	0.279742	2.552069
18288	-1248.23	-1459.246	211.0157	0.6941082	4.863328	1.95081	0.74912	0.25088	2.752594
18294	-1251.178	-1461.404	210.2263	0.6843077	4.610076	1.426526	0.811885	0.188115	3.483584
18300	-1267.913	-1479.013	211.0999	0.9057851	5.324188	2.154852	0.685633	0.314367	2.417368
18306	-1260.51	-1471.832	211.3218	0.9432383	5.327629	2.21483	0.685633	0.314367	2.230624
18312	-1251.078	-1462.389	211.3107	0.739812	5.998147	1.243071	0.698614	0.301386	2.667784
18318	-1249.715	-1459.967	210.2523	0.5569876	5.998147	1.243071	0.77152	0.22848	3.411319
18324	-1237.314	-1447.912	210.5979	0.5871671	6.183272	1.401245	0.79414	0.20586	3.087446
18330	-1253.076	-1463.72	210.6439	0.7580077	8.299238	1.401245	0.780667	0.219333	2.690647
18336	-1247.156	-1458.09	210.9339	0.6259328	8.428958	0.9975624	0.744287	0.255713	2.796018
18342	-1240.854	-1451.677	210.8229	0.7191003	7.348672	0.9975624	0.709727	0.290273	2.932794
18348	-1246.919	-1457.952	211.0329	0.6749227	7.348672	0.943101	0.798624	0.201376	2.866259
18354	-1251.079	-1462.096	211.0173	0.8686221	5.207658	1.728781	0.7487	0.2513	2.671091
18360	-1264.131	-1475.089	210.958	0.8462299	6.980411	0.9167535	0.724813	0.275187	2.871183
18366	-1249.903	-1461.175	211.2723	0.8975006	5.36928	1.748742	0.750943	0.249057	2.459762
18372	-1240.614	-1451.343	210.7298	0.8125515	5.943442	1.748742	0.725804	0.274196	2.757898
18378	-1241.304	-1452.062	210.7575	0.6328959	6.446391	1.748742	0.77163	0.22837	2.778446
18384	-1246.162	-1457.313	211.1508	0.6042103	6.446391	1.694237	0.752958	0.247042	2.576383
18390	-1245.782	-1456.73	210.9476	0.5965359	7.008274	1.058877	0.752958	0.247042	2.937983
18396	-1255.283	-1465.742	210.4592	0.7828876	7.008274	1.313467	0.784111	0.215889	2.984683
18402	-1255.546	-1466.244	210.6978	0.7412279	5.604086	1.534846	0.780436	0.219564	2.960575
18408	-1254.063	-1465.353	211.2896	1.017622	5.690541	1.074226	0.776429	0.223571	2.649549
18414	-1265.01	-1475.991	210.9805	0.8805976	4.632258	1.844125	0.705151	0.294849	2.74133
18420	-1260.363	-1471.024	210.6618	0.975078	4.325471	2.802468	0.667615	0.332385	2.62701
18426	-1247.652	-1458.806	211.1532	0.975078	3.756619	2.956143	0.658643	0.341357	2.39678
18432	-1251.476	-1462.544	211.0674	0.8538303	5.298485	2.498513	0.653745	0.346255	2.361851
18438	-1251.51	-1462.72	211.2103	0.8538303	5.664959	1.369719	0.710654	0.289346	2.646389
18444	-1241.399	-1451.837	210.438	0.756187	5.452709	1.799247	0.719887	0.280113	3.023499
18450	-1244.299	-1456.071	211.772	0.8708714	5.452709	1.265067	0.643757	0.356243	2.372039
18456	-1240.75	-1452.15	211.4	0.7600995	5.691068	0.9030508	0.662872	0.337128	2.845145
18462	-1238.653	-1449.791	211.1375	0.7977695	5.691068	0.8582697	0.706519	0.293481	3.010404
18468	-1249.676	-1460.366	210.6893	0.6851814	5.669948	0.9257858	0.708313	0.291687	3.303074
18474	-1241.493	-1452.08	210.587	0.8247817	5.855781	0.9257858	0.733285	0.266715	3.253739
18480	-1235.019	-1445.784	210.7649	0.963467	5.855781	1.280674	0.768963	0.231037	2.866338
18486	-1232.047	-1443.19	211.1433	0.8134151	5.855781	1.885894	0.69218	0.30782	2.461147
18492	-1236.228	-1446.405	210.1775	0.6642796	5.69485	1.885894	0.726857	0.273143	3.16426
18498	-1239.163	-1449.285	210.122	0.7166561	5.721136	1.389761	0.695096	0.304904	3.364167
18504	-1237.372	-1448.71	211.3377	0.8165763	7.16487	1.360213	0.799298	0.200702	2.380227
18510	-1241.834	-1452.83	210.9956	0.9944021	7.16487	0.8809664	0.755766	0.244234	2.758182
18516	-1229.915	-1441.319	211.4043	0.8169235	5.649822	1.543911	0.728372	0.271628	2.469779
18522	-1232.713	-1443.668	210.9547	0.9059713	5.775531	1.512918	0.714969	0.285031	2.687764
18528	-1247.322	-1458.447	211.1254	0.8604193	4.322612	2.348984	0.722123	0.277877	2.546508
18534	-1244.55	-1455.258	210.7079	0.847869	5.156843	2.348984	0.641946	0.358054	2.661021
18540	-1261.742	-1472.68	210.9371	0.9014549	5.156843	1.849842	0.628232	0.371768	2.661021
18546	-1248.392	-1459.574	211.1821	0.8777499	7.368733	1.244858	0.788205	0.211795	2.472804
18552	-1247.29	-1459.596	212.3055	1.128627	7.221867	1.303845	0.791136	0.208864	1.539067
18558	-1251.925	-1464.48	212.5551	1.07632	7.761926	1.308943	0.798484	0.201516	1.299566
18564	-1246.247	-1455.824	209.5778	0.7484761	5.946938	1.23917	0.746886	0.253114	3.701531
18570	-1245.835	-1456.788	210.9535	0.8054325	5.946938	1.126793	0.788113	0.211887	2.915328
18576	-1242.755	-1453.731	210.9761	0.9100643	5.946938	1.126793	0.792259	0.207741	2.838316
18582	-1249.693	-1460.779	211.0866	0.9765803	5.031181	0.906697	0.763878	0.236122	3.006715
18588	-1241.25	-1452.376	211.1258	0.962413	4.31734	0.906697	0.70489	0.29511	3.118368
18594	-1239.69	-1451.035	211.3449	0.9289566	4.253529	1.4928	0.763518	0.236482	2.706031
18600	-1229.866	-1440.295	210.4289	0.7856545	4.933701	1.694032	0.708473	0.291527	3.136574
18606	-1238.473	-1450.134	211.6607	0.8956231	6.515085	1.149223	0.77016	0.22984	2.327373
18612	-1229.659	-1440.673	211.0143	0.9503514	7.261132	1.149223	0.741512	0.258488	2.597809
18618	-1253.125	-1463.85	210.725	0.8674581	7.292581	1.353006	0.741512	0.258488	2.716988
18624	-1242.723	-1453.482	210.7589	0.8771698	7.292581	1.353006	0.741512	0.258488	2.690217
18630	-1249.187	-1460.462	211.2743	0.9015997	6.065056	1.381212	0.761577	0.238423	2.510375
18636	-1244.541	-1455.589	211.0478	0.9670355	6.415343	2.112369	0.761577	0.238423	2.255638
18642	-1246.519	-1458.006	211.4873	0.951249	6.415343	1.362175	0.732715	0.267285	2.302398
18648	-1246.332	-1457.172	210.8397	0.8283888	6.415343	1.269091	0.737395	0.262605	2.828313
18654	-1256.604	-1467.709	211.1056	0.7876809	6.121244	1.269091	0.737395	0.262605	2.732781
18660	-1244.013	-1455.311	211.2976	0.7165875	6.027404	1.269091	0.749629	0.250371	2.672332
18666	-1240.856	-1451.902	211.0451	0.8071053	5.702788	1.655944	0.728148	0.271852	2.642155
18672	-1247.025	-1457.839	210.8148	0.8638664	6.778183	1.655944	0.728148	0.271852	2.593877
18678	-1248.898	-1458.789	209.8918	0.7283154	6.045585	2.434929	0.783415	0.216585	3.063784
18684	-1249.572	-1459.198	209.626	0.4573417	6.176583	2.02938	0.690809	0.309191	3.491173
18690	-1233.206	-1444.093	210.8869	0.6691738	4.42717	1.378252	0.690809	0.309191	3.158397
18696	-1235.813	-1445.507	209.6939	0.7388154	4.42717	1.444553	0.690414	0.309586	3.785099
18702	-1237.328	-1447.235	209.9072	0.8226928	4.66783	1.308707	0.714584	0.285416	3.63276
18708	-1250.235	-1460.657	210.4228	0.7276038	4.66783	1.308707	0.768995	0.231005	3.387573
18714	-1242.122	-1453.34	211.2186	0.4547966	9.136836	1.126733	0.815816	0.184184	2.57387
18720	-1243.724	-1454.828	211.1041	0.6511046	9.136836	1.126733	0.77959	0.22041	2.523022
18726	-1234.868	-1446.223	211.3551	0.5501055	6.35775	1.126733	0.733996	0.266004	2.767656
18732	-1238.732	-1449.26	210.528	0.6630003	6.730137	1.126733	0.788199	0.211801	3.147177
18738	-1232.157	-1443.366	211.2092	0.5350657	6.699437	1.309853	0.786469	0.213531	2.722516
18744	-1234.245	-1445.504	211.2595	0.632434	7.063617	1.309853	0.713953	0.286047	2.58316
18750	-1229.457	-1439.874	210.4168	0.5292963	4.813148	1.815618	0.755781	0.244219	3.269283
18756	-1236.958	-1447.122	210.1636	0.467125	6.837986	1.535217	0.729431	0.270569	3.269359
18762	-1243.405	-1453.868	210.4632	0.6162331	5.932295	1.148012	0.729431	0.270569	3.310809
18768	-1236.528	-1447.999	211.4709	0.7853171	6.707601	1.148012	0.801714	0.198286	2.490343
18774	-1247.702	-1459.586	211.8835	0.7866255	7.178948	0.9025585	0.794486	0.205514	2.317931
18780	-1254.887	-1465.746	210.8596	0.5172853	6.879883	0.9025585	0.794486	0.205514	3.149467
18786	-1249.682	-1459.311	209.6294	0.6604828	6.456115	1.243083	0.721638	0.278362	3.651411
18792	-1251.363	-1460.972	209.6088	0.4794844	5.66969	1.162407	0.706185	0.293815	3.916567
18798	-1259.503	-1469.283	209.7801	0.6882123	4.250565	1.363711	0.695413	0.304587	3.832559
18804	-1250.79	-1461.008	210.2177	0.6037714	4.250565	1.886017	0.695413	0.304587	3.417381
18810	-1249.025	-1458.664	209.6396	0.6303194	3.915414	1.434796	0.6701	0.3299	3.978426
18816	-1252.574	-1462.11	209.5359	0.6077851	3.915414	1.434796	0.6701	0.3299	4.050492
18822	-1251.372	-1461.029	209.6563	0.6549343	4.768406	1.064791	0.700608	0.299392	3.9804
18828	-1249.128	-1458.368	209.2401	0.6758657	5.04355	1.521344	0.736811	0.263189	3.945251
18834	-1247.891	-1458.726	210.8348	0.7720422	5.04355	1.407891	0.736811	0.263189	3.006379
18840	-1260.305	-1471.92	211.6149	0.7987105	5.158636	1.65957	0.80573	0.19427	2.379178
18846	-1252.851	-1464.053	211.202	0.7896041	6.011388	1.649193	0.758293	0.241707	2.51141
18852	-1268.556	-1480.334	211.7784	0.9171201	5.286627	1.502828	0.770459	0.229541	2.247742
18858	-1260.339	-1471.445	211.1066	0.8267128	5.286627	1.311275	0.774505	0.225495	2.815369
18864	-1254.885	-1466.789	211.9044	0.9875352	5.954487	1.585843	0.780596	0.219404	1.968224
18870	-1255.312	-1466.404	211.0914	0.7745921	4.991994	1.492713	0.727142	0.272858	2.820016
18876	-1253.71	-1465.743	212.0333	0.8160805	4.991994	1.492713	0.744879	0.255121	2.205409
18882	-1245.951	-1457.361	211.4098	0.7770981	5.443274	1.702341	0.78474	0.21526	2.455997
18888	-1243.653	-1455.093	211.4402	0.7293051	5.535681	1.702341	0.811157	0.188843	2.451829
18894	-1263.289	-1473.507	210.2179	0.5750702	5.089578	1.669622	0.749602	0.250398	3.369575
18900	-1253.695	-1464.642	210.9472	0.8150807	6.731952	1.409061	0.670537	0.329463	2.658755
18906	-1250.328	-1461.487	211.159	0.62729	6.335921	1.409061	0.776761	0.223239	2.698784
18912	-1245.517	-1456.8	211.2829	0.6324255	6.335921	1.164336	0.784521	0.215479	2.743817
18918	-1241.51	-1451.673	210.1628	0.6007842	4.829588	1.160506	0.744058	0.255942	3.659086
18924	-1239.495	-1449.607	210.112	0.7094019	5.145937	1.642826	0.754903	0.245097	3.354462
18930	-1260.196	-1470.636	210.4399	0.7934555	6.625156	1.303281	0.670417	0.329583	3.044771
18936	-1258.315	-1469.204	210.8892	0.7758401	5.034588	1.451217	0.684973	0.315027	2.953056
18942	-1266.476	-1478.007	211.5316	0.8433364	5.220737	1.915821	0.767166	0.232834	2.288453
18948	-1281.392	-1492.67	211.2776	0.9177775	8.084243	1.915821	0.767166	0.232834	1.986559
18954	-1245.233	-1456.856	211.6227	0.9786955	7.207343	1.600044	0.781381	0.218619	1.968123
18960	-1244.193	-1455.481	211.2877	0.8187241	7.19074	1.600044	0.731702	0.268298	2.293941
18966	-1238.564	-1449.047	210.4831	0.8726719	7.744287	2.199747	0.7009	0.2991	2.465408
18972	-1239.137	-1450.034	210.8972	0.8204616	5.333942	1.417092	0.696261	0.303739	2.887807
18978	-1240.835	-1452.491	211.6562	0.9907745	4.581571	2.316321	0.755089	0.244911	2.084335
18984	-1241.168	-1452.292	211.1241	0.8186431	5.532308	1.561193	0.755089	0.244911	2.653777
18990	-1243.918	-1453.824	209.9055	0.771238	4.079423	2.258328	0.646747	0.353253	3.41017
18996	-1239.534	-1449.934	210.4007	0.6798026	4.777464	1.811956	0.646747	0.353253	3.197241
19002	-1237.365	-1448.378	211.0134	0.9056099	4.777464	1.63169	0.744152	0.255848	2.764875
19008	-1235.434	-1447.18	211.7453	0.9550471	4.381753	1.63169	0.714852	0.285148	2.35323
19014	-1237.705	-1448.228	210.5229	0.7425477	6.300951	1.63169	0.715788	0.284212	2.921957
19020	-1246.871	-1457.188	210.3168	0.6127053	8.083167	1.291063	0.740987	0.259013	3.05436
19026	-1255.769	-1466.12	210.3511	0.6370377	5.529556	1.24991	0.62657	0.37343	3.371628
19032	-1246.698	-1458.646	211.9486	0.9837266	6.349782	1.586423	0.802267	0.197733	1.877507
19038	-1235.02	-1446.824	211.8037	1.059275	5.802879	1.586423	0.715045	0.284955	2.012085
19044	-1256.063	-1468.429	212.3664	1.212455	4.534122	1.586423	0.715045	0.284955	1.761455
19050	-1238.862	-1450.815	211.9534	1.14815	3.869125	1.786265	0.689659	0.310341	2.137499
19056	-1241.163	-1452.925	211.7619	0.9994447	4.80349	1.29359	0.745616	0.254384	2.395056
19062	-1253.45	-1465.039	211.5884	0.9040997	5.588945	0.8467208	0.70832	0.29168	2.696128
19068	-1243.187	-1455.182	211.9952	0.9831477	6.248509	0.8467208	0.798139	0.201861	2.291292
19074	-1244.492	-1456.397	211.9047	0.7761592	4.969118	1.277274	0.717045	0.282955	2.424488
19080	-1250.102	-1460.355	210.2524	0.6883542	4.969118	1.113492	0.603665	0.396335	3.557968
19086	-1243.16	-1452.072	208.9118	0.6934772	3.225135	1.497176	0.63392	0.36608	4.47378
19092	-1259.361	-1470.315	210.9538	0.6328691	4.98363	1.258716	0.700434	0.299566	3.100189
19098	-1253.797	-1465.349	211.5518	0.7224122	5.055711	1.258716	0.716211	0.283789	2.672076
19104	-1256.005	-1467.439	211.4334	0.854584	4.464016	1.754283	0.646956	0.353044	2.544826
19110	-1247.26	-1457.909	210.6488	0.8565576	3.616327	1.675051	0.692483	0.307517	3.222268
19116	-1249.303	-1461.081	211.7787	1.023706	3.616327	1.675051	0.725081	0.274919	2.433374
19122	-1247.069	-1459.139	212.0704	0.8829505	8.581734	1.727778	0.838323	0.161677	1.471025
19128	-1248.316	-1459.767	211.4509	0.7450924	6.824611	1.662279	0.762579	0.237421	2.258866
19134	-1248.385	-1460.054	211.6687	0.8984196	6.824611	1.620851	0.772694	0.227306	2.035418
19140	-1260.85	-1471.348	210.4976	0.9437352	4.004677	2.242063	0.694851	0.305149	2.976748
19146	-1253.197	-1463.886	210.6895	0.6986654	4.792749	2.159206	0.694851	0.305149	2.887697
19152	-1251.103	-1461.753	210.6504	0.6083366	6.148084	1.441286	0.775343	0.224657	3.030056
19158	-1248.686	-1459.338	210.6517	0.723809	5.686843	1.732484	0.716421	0.283579	2.904239
19164	-1249.166	-1459.551	210.3847	0.7727744	5.289605	1.878944	0.718678	0.281322	3.041357
19170	-1250.915	-1461.569	210.6537	0.6475688	5.289605	1.803531	0.717865	0.282135	2.983473
19176	-1237.002	-1447.772	210.77	0.4438752	4.360208	2.161226	0.717865	0.282135	3.070156
19182	-1233.473	-1443.87	210.3975	0.677227	4.656084	2.251135	0.691453	0.308547	3.070156
19188	-1239.264	-1449.647	210.3828	0.6726837	4.656084	2.005953	0.691453	0.308547	3.163212
19194	-1226.147	-1436.866	210.7192	0.6746225	5.793997	1.480125	0.6944	0.3056	2.983059
19200	-1240.101	-1452.166	212.065	0.8413337	5.707524	0.923317	0.779408	0.220592	2.367135
19206	-1234.426	-1446.178	211.7514	0.9471461	5.735435	1.391241	0.779408	0.220592	2.225219
19212	-1237.054	-1448.783	211.7287	0.8205746	6.575111	1.391241	0.769498	0.230502	2.193306
19218	-1237.017	-1448.826	211.8089	0.8332509	6.361238	1.841969	0.769498	0.230502	1.957385
19224	-1241.529	-1452.419	210.8902	0.807601	8.346255	0.6822085	0.82565	0.17435	2.940664
19230	-1234.539	-1446.154	211.6147	0.7403874	6.738715	0.9794058	0.730935	0.269065	2.524975
19236	-1240.697	-1451.634	210.9369	0.6326416	5.310464	1.521666	0.742552	0.257448	2.933864
19242	-1234.814	-1445.545	210.7319	0.5619846	6.205015	1.513322	0.686786	0.313214	2.968833
19248	-1233.57	-1443.716	210.1464	0.5367575	5.688522	1.513322	0.686786	0.313214	3.405597
19254	-1241.961	-1452.062	210.1014	0.5549435	5.795912	1.513322	0.683525	0.316475	3.405597
19260	-1236.287	-1447.705	211.4181	0.8009589	6.963061	1.135372	0.7033	0.2967	2.486138
19266	-1240.574	-1451.003	210.4295	0.6197633	8.818572	0.9367295	0.784595	0.215405	3.09926
19272	-1238.222	-1448.744	210.5219	0.6287928	6.519693	1.623444	0.786372	0.213628	2.964403
19278	-1228.253	-1439.215	210.9625	0.7713463	6.519693	0.8761279	0.781041	0.218959	3.00092
19284	-1246.605	-1457.633	211.0275	0.60361	6.148263	0.8761279	0.78062	0.21938	3.113584
19290	-1257.654	-1468.646	210.9924	0.7406263	6.148263	1.566229	0.684828	0.315172	2.687006
19296	-1251.269	-1461.518	210.249	0.6856865	6.610309	1.575959	0.718372	0.281628	3.10143
19302	-1254.003	-1465.116	211.1128	0.8601031	4.093541	1.719821	0.755144	0.244856	2.824898
19308	-1244.555	-1456.564	212.0082	0.976227	3.98342	1.719821	0.74193	0.25807	2.216198
19314	-1269.785	-1480.091	210.3067	0.636253	3.805022	1.963698	0.685145	0.314855	3.40615
19320	-1252.311	-1463.085	210.7742	0.7102495	4.326794	1.588776	0.764955	0.235045	3.126856
19326	-1259.216	-1470.29	211.0735	0.730499	4.326794	1.7992	0.777009	0.222991	2.850436
19332	-1245.028	-1456.173	211.1442	0.8326565	4.28703	1.296218	0.77733	0.22267	2.972593
19338	-1249.286	-1459.917	210.6316	0.8131074	4.28703	1.657004	0.747364	0.252636	3.129969
19344	-1244.826	-1456.446	211.6196	0.8593726	5.049102	1.657004	0.703985	0.296015	2.357995
19350	-1252.6	-1463.049	210.4489	0.8713903	4.984576	2.049145	0.709082	0.290918	2.93302
19356	-1253.547	-1464.245	210.6974	0.8942072	4.984576	2.049145	0.742582	0.257418	2.76852
19362	-1244.026	-1454.16	210.1341	0.7189699	5.008103	2.049145	0.671242	0.328758	3.208142
19368	-1246.437	-1456.455	210.0176	0.6155999	6.412291	1.421702	0.732853	0.267147	3.373239
19374	-1258.386	-1468.671	210.2858	0.5702938	4.9964	1.120995	0.749228	0.250772	3.59866
19380	-1253.766	-1464.667	210.9005	0.7801826	6.907432	1.120995	0.721347	0.278653	2.833198
19386	-1249.196	-1460.242	211.0461	0.7916742	7.774488	1.120995	0.802268	0.197732	2.628605
19392	-1242.914	-1454.188	211.2741	0.9263527	7.774488	0.7367152	0.82643	0.17357	2.657583
19398	-1254.323	-1464.296	209.9734	0.9005852	9.029734	0.8178878	0.722939	0.277061	3.259344
19404	-1254.978	-1465.165	210.1867	0.6960659	8.185352	0.8831579	0.740611	0.259389	3.299775
19410	-1246.872	-1458.065	211.1931	0.8014476	5.559335	1.62693	0.740611	0.259389	2.589035
19416	-1251.289	-1461.683	210.394	0.83309	5.559335	2.418503	0.780305	0.219695	2.775308
19422	-1259.802	-1470.678	210.8761	0.6392012	6.208702	1.745641	0.767578	0.232422	2.736947
19428	-1242.122	-1452.954	210.8321	0.6831621	6.208702	1.745641	0.739232	0.260768	2.736947
19434	-1232.286	-1442.948	210.6618	0.746359	5.310023	1.536495	0.739232	0.260768	3.02447
19440	-1239.413	-1450.157	210.7445	0.6571507	5.430559	1.28241	0.739232	0.260768	3.126399
19446	-1241.497	-1452.726	211.2293	0.773689	5.372324	1.28241	0.726219	0.273781	2.773488
19452	-1239.324	-1449.68	210.3562	0.7396328	5.372324	1.28241	0.776041	0.223959	3.316489
19458	-1235.431	-1446.585	211.1545	0.8278148	5.372324	0.9328663	0.736537	0.263463	2.98292
19464	-1232.898	-1444.368	211.4695	0.8307346	5.372324	1.02173	0.721256	0.278744	2.7354
19470	-1239.819	-1450.93	211.1107	0.7797404	5.694868	1.396831	0.754401	0.245599	2.7354
19476	-1243.432	-1453.693	210.2603	0.7289041	4.810852	1.396831	0.774859	0.225141	3.416447
19482	-1243.715	-1454.464	210.7493	0.6861023	6.653445	1.035305	0.776151	0.223849	3.063026
19488	-1242.538	-1453.401	210.8629	0.929858	4.872426	1.333244	0.733968	0.266032	2.959014
19494	-1247.585	-1457.679	210.0935	0.8569953	4.872426	1.333244	0.732125	0.267875	3.458096
19500	-1255.618	-1465.635	210.0171	0.6010356	6.94052	1.333244	0.710177	0.289823	3.354294
19506	-1245.658	-1456.196	210.538	0.6977179	6.09167	1.108332	0.706411	0.293589	3.21726
19512	-1250.407	-1461.508	211.1009	0.6025241	6.161696	1.299981	0.728728	0.271272	2.827078
19518	-1261.046	-1471.917	210.871	0.6035459	5.871607	1.299981	0.725834	0.274166	3.007331
19524	-1231.502	-1442.253	210.7512	0.7025655	6.156027	1.26811	0.725834	0.274166	2.994563
19530	-1233.52	-1445.118	211.5979	0.944068	5.621195	1.26811	0.695403	0.304597	2.406778
19536	-1234.497	-1446.636	212.1385	1.022068	5.08559	1.128155	0.756798	0.243202	2.180147
19542	-1249.649	-1459.988	210.3385	0.7627239	4.558399	1.907182	0.627977	0.372023	3.188467
19548	-1252.776	-1463.691	210.9149	0.6717364	4.418481	1.280901	0.674597	0.325403	3.188467
19554	-1257.901	-1467.585	209.684	0.4697854	5.461084	1.852627	0.705952	0.294048	3.615132
19560	-1242.415	-1452.384	209.969	0.6402524	5.550626	1.852627	0.726541	0.273459	3.335552
19566	-1244.097	-1453.947	209.8499	0.7150865	5.550626	1.852627	0.750169	0.249831	3.361582
19572	-1245.477	-1456.803	211.3252	0.9042434	5.695053	1.202627	0.730976	0.269024	2.624952
19578	-1246.948	-1457.552	210.6044	0.5902645	7.152014	1.202627	0.726142	0.273858	3.050844
19584	-1243.54	-1453.925	210.3845	0.607155	5.017337	1.66819	0.764088	0.235912	3.265028
19590	-1250.122	-1461.594	211.4725	0.5216387	7.062467	1.348019	0.771907	0.228093	2.500566
19596	-1254.878	-1465.993	211.1148	0.6143994	4.900904	1.859499	0.805795	0.194205	2.76817
19602	-1248.753	-1459.914	211.1611	0.765768	4.721391	1.636273	0.725756	0.274244	2.76817
19608	-1237.339	-1448.793	211.4533	0.7485675	4.721391	1.636273	0.692789	0.307211	2.599152
19614	-1237.732	-1448.227	210.4952	0.7651891	6.201964	2.15491	0.74297	0.25703	2.743622
19620	-1228.466	-1439.367	210.9003	0.7910638	6.201964	2.014528	0.741046	0.258954	2.526893
19626	-1237.546	-1447.918	210.372	0.58116	6.415872	1.033224	0.768418	0.231582	3.381295
19632	-1246.615	-1457.188	210.5729	0.6340971	5.511288	1.587861	0.736387	0.263613	3.091239
19638	-1259.226	-1469.482	210.2564	0.6887265	5.75254	1.607988	0.732434	0.267566	3.202091
19644	-1256.095	-1465.98	209.8854	0.8159764	3.022144	1.619368	0.691463	0.308537	3.848688
19650	-1241.924	-1452.551	210.6276	0.6830978	4.473516	1.934413	0.727	0.273	3.069385
19656	-1246.798	-1456.834	210.0359	0.6257569	4.473516	1.879384	0.690667	0.309333	3.472323
19662	-1252.872	-1462.735	209.8631	0.7346502	4.473516	1.985357	0.660606	0.339394	3.472323
19668	-1246.878	-1456.967	210.0891	0.6694228	5.26343	1.985357	0.678227	0.321773	3.244619
19674	-1248.904	-1459.24	210.3364	0.6344088	5.195956	1.766305	0.706786	0.293214	3.209856
19680	-1253.251	-1464.617	211.3654	0.8251009	7.58212	1.14247	0.814276	0.185724	2.420027
19686	-1258.957	-1470.148	211.1913	0.9224151	7.255906	1.14247	0.810833	0.189167	2.509593
19692	-1246.748	-1457.674	210.9263	0.7362307	5.876052	1.14247	0.797816	0.202184	2.975249
19698	-1249.831	-1459.68	209.8493	0.5904591	6.293709	0.9248851	0.739903	0.260097	3.760241
19704	-1242.596	-1452.533	209.9369	0.7109186	4.924057	1.066964	0.686666	0.313334	3.760241
19710	-1237.504	-1447.799	210.2943	0.7080612	4.924057	1.066964	0.682048	0.317952	3.554879
19716	-1245.427	-1455.883	210.4565	0.7809696	5.194391	1.316406	0.717231	0.282769	3.244636
19722	-1245.828	-1456.48	210.6519	0.8773383	5.303496	1.689505	0.717231	0.282769	2.888724
19728	-1254.133	-1464.114	209.9814	0.6120737	5.303496	1.571595	0.751389	0.248611	3.492031
19734	-1249.056	-1459.769	210.7129	0.6458088	5.303496	1.475788	0.717682	0.282318	3.081646
19740	-1250.733	-1461.586	210.8533	0.7725898	4.282088	1.134627	0.68858	0.31142	3.265678
19746	-1258.156	-1468.797	210.6409	0.8238498	4.93218	1.840225	0.748726	0.251274	2.930466
19752	-1244.577	-1455.275	210.698	0.7201053	5.098632	1.840225	0.728272	0.271728	2.930466
19758	-1249.019	-1459.608	210.5891	0.7660701	4.45726	1.219537	0.613775	0.386225	3.348617
19764	-1261.57	-1471.198	209.6278	0.6704313	4.153004	2.027634	0.597245	0.402755	3.691044
19770	-1244.265	-1454.299	210.0335	0.5300226	5.171144	1.364746	0.661004	0.338996	3.620153
19776	-1242.683	-1453.748	211.0646	0.6540818	5.474661	1.296328	0.759827	0.240173	2.922714
19782	-1244.132	-1454.541	210.4097	0.6711953	5.474661	1.296328	0.687414	0.312586	3.302686
19788	-1243.955	-1454.431	210.4755	0.5680124	5.368761	1.377561	0.709415	0.290585	3.302686
19794	-1253.031	-1463.948	210.9172	0.859161	4.609369	1.565399	0.711212	0.288788	2.909708
19800	-1250.871	-1463.019	212.1485	1.058968	3.359076	1.565399	0.663683	0.336317	2.285882
19806	-1261.308	-1473.639	212.3307	1.187059	3.771229	1.939638	0.663785	0.336215	1.817965
19812	-1239.988	-1450.999	211.0108	0.5535646	8.442134	1.449054	0.799867	0.200133	2.551546
19818	-1233.534	-1445.028	211.4945	0.7831814	6.328876	1.110497	0.79534	0.20466	2.551546
19824	-1230.566	-1441.55	210.9847	0.5904778	6.040746	1.339056	0.768581	0.231419	2.90304
19830	-1235.707	-1447.5	211.7929	0.9569787	8.159048	0.9567293	0.768581	0.231419	2.10467
19836	-1251.151	-1462.153	211.0016	0.6988545	8.159048	0.9567293	0.782072	0.217928	2.76598
19842	-1247.473	-1458.738	211.2652	0.8273456	7.412732	0.947288	0.770119	0.229881	2.620357
19848	-1234.873	-1445.551	210.6776	0.7703227	5.877324	0.947288	0.770119	0.229881	3.215873
19854	-1255.57	-1465.819	210.2492	0.6464331	4.966716	1.420454	0.746085	0.253915	3.434479
19860	-1251.075	-1461.899	210.8244	0.7698397	4.966716	1.460741	0.690462	0.309538	3.002737
19866	-1243.43	-1453.633	210.2038	0.6008134	5.323074	1.93149	0.758387	0.241613	3.226945
19872	-1240.275	-1450.549	210.2738	0.4951316	5.807818	1.605107	0.757389	0.242611	3.299265
19878	-1238.664	-1449.125	210.4602	0.5612844	6.760845	1.229163	0.706523	0.293477	3.190052
19884	-1245.127	-1456.864	211.737	0.8796134	5.463609	1.229163	0.752954	0.247046	2.406059
19890	-1239.761	-1451.552	211.7911	0.9774114	5.463609	1.654996	0.751576	0.248424	2.1002
19896	-1243.213	-1454.289	211.0764	0.6851616	6.431987	1.654996	0.744457	0.255543	2.590717
19902	-1251.28	-1462.539	211.2594	1.030195	3.146912	2.387196	0.682235	0.317765	2.607033
19908	-1254.726	-1465.206	210.4803	0.6534151	4.275801	2.549869	0.750815	0.249185	3.014031
19914	-1236.722	-1447.73	211.0078	0.8358684	5.511022	1.407791	0.816062	0.183938	2.787465
19920	-1237.752	-1447.881	210.1289	0.5798951	5.61326	1.407791	0.741753	0.258247	3.448107
19926	-1240.789	-1452.08	211.2906	0.7198768	5.661827	1.407791	0.749404	0.250596	2.661635
19932	-1252.898	-1464.074	211.1758	0.8839657	5.281932	1.746903	0.68704	0.31296	2.543792
19938	-1258.365	-1468.947	210.5829	0.8871504	5.281932	1.058064	0.694257	0.305743	3.227668
19944	-1248.496	-1459.736	211.2397	0.7105557	7.212858	1.133269	0.799698	0.200302	2.621787
19950	-1250.291	-1461.394	211.1031	0.6829203	7.212858	1.325	0.805505	0.194495	2.621787
19956	-1241.188	-1452.049	210.8612	0.6624131	7.212858	1.325	0.744632	0.255368	2.782787
19962	-1252.582	-1464.288	211.7062	0.8243365	5.879363	1.304284	0.781175	0.218825	2.354204
19968	-1250.282	-1462.296	212.0136	1.021331	5.299645	1.304284	0.770455	0.229545	2.125017
19974	-1243.6	-1455.485	211.885	1.031648	5.299645	1.354152	0.695578	0.304422	2.175939
19980	-1239.072	-1451.411	212.3396	1.151785	5.299645	1.354152	0.768199	0.231801	1.791294
19986	-1249.858	-1462.531	212.6733	1.087037	5.299482	1.354152	0.760696	0.239304	1.600502
19992	-1242.348	-1453.782	211.4337	0.8932428	7.177332	1.366102	0.773587	0.226413	2.265613
19998	-1256.123	-1467.825	211.702	0.7360092	7.176908	1.366102	0.765941	0.234059	2.194061
20004	-1241.591	-1452.116	210.5248	0.6296206	5.175166	1.410413	0.686239	0.313761	3.252892
20010	-1245.35	-1455.932	210.5821	0.6704415	4.35537	1.603569	0.703819	0.296181	3.252892
20016	-1244.649	-1453.189	208.5408	0.6702475	4.35537	1.932036	0.637357	0.362643	4.307739
20022	-1234.13	-1444.82	210.6897	0.8028876	4.991438	1.640054	0.702153	0.297847	2.98249
20028	-1249.502	-1461.354	211.8518	0.8313796	4.62394	1.640054	0.772032	0.227968	2.313423
20034	-1248.666	-1459.921	211.2558	1.003812	6.328626	1.640054	0.780028	0.219972	2.298909
20040	-1239.155	-1450.28	211.1252	0.7885806	6.502202	1.603584	0.733339	0.266661	2.508175
20046	-1237.926	-1448.686	210.7603	0.8626927	5.579836	1.049918	0.772764	0.227236	3.095097
20052	-1246.011	-1456.404	210.3936	0.5601353	6.479748	1.049918	0.786978	0.213022	3.362902
20058	-1230.881	-1441.525	210.6441	0.5966531	5.310762	1.049918	0.758203	0.241797	3.362902
20064	-1266.83	-1477.779	210.9484	0.5116983	4.916202	1.028017	0.781748	0.218252	3.310298
20070	-1253.158	-1463.192	210.034	0.7663699	4.513229	1.361057	0.630847	0.369153	3.594472
20076	-1247.181	-1457.689	210.5081	0.6724687	4.812471	1.643908	0.627774	0.372226	3.19747
20082	-1237.688	-1448.993	211.305	0.8582716	7.223683	1.738834	0.728588	0.271412	2.19258
20088	-1248.678	-1460.363	211.6849	1.018836	6.058505	1.738834	0.790412	0.209588	2.007868
20094	-1239.199	-1450.869	211.6699	0.8969699	6.058505	1.738834	0.7538	0.2462	2.098336
20100	-1237.683	-1447.964	210.2817	0.7410135	5.655858	1.873	0.729145	0.270855	3.067094
20106	-1243.869	-1454.944	211.075	0.768638	5.638087	1.145051	0.790908	0.209092	2.900497
20112	-1248.481	-1458.515	210.0335	0.827052	5.638087	1.618836	0.756962	0.243038	3.264718
20118	-1245.143	-1455.596	210.4529	0.6761596	5.638087	1.721002	0.756995	0.243005	3.064239
20124	-1260.001	-1469.181	209.1803	0.5075227	4.11584	1.801166	0.705441	0.294559	4.12694
20130	-1236.082	-1447.428	211.3467	0.8359047	6.19184	1.023384	0.693374	0.306626	2.681362
20136	-1233.775	-1444.873	211.0981	0.8589486	6.19184	0.6227395	0.744137	0.255863	3.101247
20142	-1242.167	-1454.392	212.2246	1.010149	7.344762	0.8914071	0.807021	0.192979	1.934105
20148	-1241.017	-1452.958	211.941	0.9047408	7.344762	1.202625	0.792444	0.207556	1.992392
20154	-1239.687	-1451.63	211.9427	0.7041473	7.344762	1.328873	0.839315	0.160685	2.054338
20160	-1243.256	-1454.886	211.6299	0.8479253	7.39799	1.604562	0.775381	0.224619	2.022394
20166	-1239.723	-1451.411	211.6887	0.8092728	7.39799	0.8533527	0.759587	0.240413	2.432824
20172	-1234.756	-1446.439	211.6831	0.8148731	7.39799	0.8533527	0.759587	0.240413	2.432824
20178	-1242.665	-1454.102	211.4369	0.8895499	8.377369	0.9921414	0.813546	0.186454	2.328697
20184	-1252.543	-1464.212	211.669	0.8692393	8.297374	0.9921414	0.810254	0.189746	2.202217
20190	-1242.323	-1454.007	211.6839	0.8127694	8.627063	1.197294	0.845088	0.154912	2.064962
20196	-1243.702	-1455.598	211.896	0.7981195	8.627063	1.197294	0.845961	0.154039	1.933308
20202	-1241.272	-1452.203	210.9314	0.6926718	8.700292	1.508081	0.81357	0.18643	2.457947
20208	-1244.681	-1456.33	211.6482	0.5925368	7.609208	0.9019054	0.7795	0.2205	2.53389
20214	-1243.429	-1454.951	211.5221	0.6960043	7.105304	0.9909075	0.818817	0.181183	2.554101
20220	-1256.719	-1468.19	211.471	0.9363732	6.010235	1.745494	0.624579	0.375421	2.206887
20226	-1253.227	-1464.359	211.1318	0.9200228	6.010235	1.043123	0.659513	0.340487	2.776091
20232	-1237.821	-1449.694	211.8737	0.9127994	5.025467	1.193568	0.753915	0.246085	2.39285
20238	-1228.317	-1439.508	211.1915	0.9149464	5.025467	1.183725	0.726296	0.273704	2.819183
20244	-1236.008	-1447.305	211.2972	0.8801447	7.073558	1.285866	0.813272	0.186728	2.415745
20250	-1249.4	-1460.323	210.9226	0.8954878	6.978331	1.588357	0.66764	0.33236	2.509437
20256	-1253.805	-1464.437	210.632	0.7155116	6.259801	1.422847	0.618361	0.381639	2.969509
20262	-1248.497	-1459.147	210.6505	0.7444548	6.207963	1.983395	0.634905	0.365095	2.720429
20268	-1234.043	-1445.556	211.5137	0.9084053	6.207963	1.443319	0.669156	0.330844	2.303487
20274	-1234.859	-1445.984	211.1243	0.6401612	9.197037	1.170656	0.835897	0.164103	2.486141
20280	-1238.052	-1449.465	211.4131	0.7990227	9.197037	1.170656	0.835897	0.164103	2.201481
20286	-1235.564	-1447.252	211.6881	0.8203886	9.197037	1.170656	0.848911	0.151089	2.007116
20292	-1252.996	-1464.005	211.0093	0.5627064	6.924605	1.002083	0.714107	0.285893	2.965381
20298	-1259.017	-1468.856	209.8387	0.665987	6.924605	1.154769	0.735966	0.264034	3.511321
20304	-1244.365	-1455.205	210.8398	0.8347429	6.627076	1.154769	0.778312	0.221688	2.855488
20310	-1239.354	-1450.135	210.7816	0.9154268	6.627076	0.8369754	0.747751	0.252249	3.034948
20316	-1254.29	-1465.306	211.0158	0.7843004	6.627076	1.170052	0.747751	0.252249	2.770803
20322	-1254.352	-1464.886	210.5345	0.7560322	5.415442	2.003146	0.75924	0.24076	2.896453
20328	-1251.438	-1462.25	210.8127	0.8119321	4.438027	2.003146	0.762966	0.237034	2.862611
20334	-1264.109	-1475.436	211.3262	0.8405143	12.35724	0.792972	0.780637	0.219363	2.176358
20340	-1238.611	-1449.47	210.8587	0.7248497	7.380705	1.362246	0.758722	0.241278	2.706911
20346	-1234.318	-1445.641	211.3227	0.7741558	7.380705	1.331695	0.798598	0.201402	2.402904
20352	-1241.419	-1452.953	211.5343	0.7404576	7.380705	1.331695	0.812442	0.187558	2.289837
20358	-1238.062	-1449.29	211.2278	0.6064339	6.349645	0.9717618	0.812442	0.187558	2.902715
20364	-1245.424	-1457.32	211.8954	0.843196	7.176551	0.9963997	0.734248	0.265752	2.211681
20370	-1245.69	-1457.444	211.7535	0.8236389	7.176551	0.9963997	0.791208	0.208792	2.315304
20376	-1245.987	-1456.815	210.8284	0.7437927	6.740453	1.312656	0.677055	0.322945	2.820589
20382	-1239.8	-1451.074	211.2744	0.4762375	6.740453	1.122595	0.790062	0.209938	2.811778
20388	-1238.537	-1449.889	211.352	0.7070849	7.782598	1.122595	0.738099	0.261901	2.489176
20394	-1251.088	-1462.225	211.1377	0.5897569	9.652397	1.122595	0.803802	0.196198	2.489176
20400	-1242.52	-1453.485	210.9647	0.5503563	7.767197	1.122595	0.769944	0.230056	2.826132
20406	-1259.037	-1469.954	210.9173	0.7418878	7.767197	1.122595	0.726852	0.273148	2.738329
20412	-1242.673	-1453.201	210.5274	0.671738	7.763069	1.568492	0.740875	0.259125	2.80096
20418	-1239.665	-1450.307	210.6421	0.6054552	6.494737	1.244765	0.746915	0.253085	3.082883
20424	-1239.246	-1449.961	210.7145	0.701991	5.257181	1.421128	0.743278	0.256722	3.079168
20430	-1240.936	-1451.43	210.4936	0.7373121	5.725798	1.637743	0.743278	0.256722	3.023561
20436	-1244.355	-1454.447	210.0916	0.6444385	6.438112	2.078766	0.730939	0.269061	3.053344
20442	-1253.231	-1464.45	211.2188	0.8299175	5.834495	1.638953	0.720097	0.279903	2.507087
20448	-1248.379	-1459.242	210.863	0.9232953	5.035248	1.638953	0.701623	0.298377	2.79794
20454	-1246.158	-1456.845	210.6874	0.8164526	4.280865	1.307432	0.77502	0.22498	3.250129
20460	-1257.126	-1467.748	210.6225	0.538252	4.085825	1.131162	0.768889	0.231111	3.577262
20466	-1247.61	-1458.368	210.7581	0.6772772	4.390082	1.524129	0.722468	0.277532	3.171675
20472	-1244.523	-1455.773	211.2501	0.7683921	4.83606	1.638698	0.684763	0.315237	2.690619
20478	-1232.555	-1444.091	211.5367	0.7422646	6.560326	1.070881	0.777045	0.222955	2.541112
20484	-1231.916	-1442.69	210.7734	0.7325952	6.560326	1.070881	0.780534	0.219466	3.012667
20490	-1230.487	-1442.109	211.6213	0.7702066	7.521665	1.155096	0.816804	0.183196	2.292865
20496	-1240.084	-1451.607	211.5234	0.8054015	7.3576	1.155096	0.770448	0.229552	2.353942
20502	-1231.747	-1442.499	210.7522	0.6871928	5.313375	1.078598	0.748185	0.251815	3.229246
20508	-1234.824	-1445.114	210.2896	0.705845	6.195612	1.887979	0.76223	0.23777	2.999066
20514	-1239.394	-1449.874	210.4803	0.8311231	5.073432	2.457441	0.664747	0.335253	2.791057
20520	-1235.46	-1444.904	209.4444	0.8344155	3.946314	2.457441	0.632745	0.367255	3.608419
20526	-1246.792	-1457.198	210.4069	0.6775355	3.946314	2.457441	0.632745	0.367255	3.135371
20532	-1237.082	-1447.358	210.276	0.5512659	5.75909	2.656824	0.661091	0.338909	2.916925
20538	-1241.88	-1453.002	211.1213	0.6661598	4.273061	1.108229	0.655672	0.344328	3.186109
20544	-1252.638	-1463.741	211.1034	0.62271	8.859979	0.9278783	0.799074	0.200926	2.691295
20550	-1244.357	-1455.149	210.792	0.784862	8.859979	0.9026079	0.831652	0.168348	2.79905
20556	-1274.026	-1485.997	211.9709	0.784862	7.384204	0.9026079	0.822516	0.177484	2.236037
20562	-1267.232	-1478.787	211.5546	0.9815777	8.533358	0.9026079	0.773337	0.226663	2.236037
20568	-1266.766	-1477.919	211.1526	0.8238417	8.533358	0.8610611	0.787171	0.212829	2.617475
20574	-1238.254	-1449.697	211.4423	0.6915622	5.854958	1.351132	0.755288	0.244712	2.583049
20580	-1263.664	-1474.758	211.0938	0.6825484	9.331298	0.9554877	0.822939	0.177061	2.592895
20586	-1270.44	-1481.696	211.2563	0.7114191	9.331298	0.9554877	0.846174	0.153826	2.473659
20592	-1244.214	-1455.096	210.8825	0.6489329	7.487091	0.9139461	0.759854	0.240146	2.974363
20598	-1248.003	-1458.984	210.981	0.5337071	5.101877	1.229726	0.711732	0.288268	3.138058
20604	-1252.188	-1463.705	211.5175	0.742779	8.093053	0.821353	0.818516	0.181484	2.519609
20610	-1245.374	-1455.492	210.1184	0.59132	4.727675	1.752383	0.712246	0.287754	3.446612
20616	-1231.5	-1442.126	210.6258	0.7104764	5.11097	1.451222	0.644448	0.355552	3.137068
20622	-1231.785	-1443.118	211.333	0.8534761	5.11097	1.464478	0.644448	0.355552	2.616217
20628	-1234.688	-1445.777	211.089	0.7813633	4.265056	1.661413	0.732753	0.267247	2.877012
20634	-1236.315	-1447.279	210.9641	0.7994309	4.107081	1.661413	0.705694	0.294306	2.972346
20640	-1235.165	-1446.622	211.4568	0.7994309	4.107081	1.573045	0.709991	0.290009	2.710527
20646	-1240.94	-1451.451	210.511	0.8211464	4.107081	2.130594	0.6722	0.3278	3.05827
20652	-1237.226	-1447.887	210.6609	0.6732826	4.100905	2.130594	0.725478	0.274522	3.05827
20658	-1245.065	-1455.391	210.3266	0.6153004	4.246361	2.130594	0.725478	0.274522	3.263221
20664	-1244.805	-1455.361	210.5559	0.8233532	4.246361	2.130594	0.725478	0.274522	3.002946
20670	-1248.506	-1460.606	212.1008	0.8252049	5.731982	1.049696	0.749583	0.250417	2.269188
20676	-1255.603	-1466.833	211.2302	0.633237	5.731982	1.254834	0.713033	0.286967	2.816134
20682	-1237.623	-1448.512	210.8885	0.6686314	3.927484	1.910528	0.734799	0.265201	3.036402
20688	-1242.341	-1452.671	210.3309	0.6212667	3.927484	1.885283	0.626282	0.373718	3.403687
20694	-1245.278	-1456.984	211.7051	1.06581	5.479604	1.070244	0.740937	0.259063	2.396394
20700	-1248.199	-1458.06	209.8607	0.8172721	4.838556	1.767309	0.663578	0.336422	3.440657
20706	-1250.037	-1460.116	210.0789	0.7505474	4.198789	1.835976	0.66352	0.33648	3.440657
20712	-1262.009	-1473.19	211.1813	1.010393	4.314932	1.282529	0.710157	0.289843	2.844344
20718	-1259.873	-1471.257	211.3841	0.7194009	5.146981	1.356154	0.723934	0.276066	2.712559
20724	-1255.607	-1466.112	210.5048	0.7786965	4.08108	1.356154	0.695236	0.304764	3.394934
20730	-1238.179	-1449.095	210.9164	0.8292134	4.08108	1.356154	0.714768	0.285232	3.12197
20736	-1242.223	-1453.77	211.5467	0.7981186	4.444059	1.666995	0.740772	0.259228	2.54929
20742	-1241.626	-1453.211	211.5853	0.8705052	4.444059	1.509088	0.781079	0.218921	2.54929
20748	-1244.89	-1456.302	211.4116	0.8156302	4.444059	1.539654	0.682401	0.317599	2.676917
20754	-1243.494	-1454.194	210.7002	0.9167256	4.066293	1.539654	0.699328	0.300672	3.118978
20760	-1244.089	-1454.643	210.5541	0.699283	5.056985	1.885554	0.662154	0.337846	3.019537
20766	-1262.021	-1472.799	210.7779	0.7248242	5.056985	1.885554	0.65604	0.34396	2.869318
20772	-1256.004	-1468.435	212.4309	1.266492	3.789153	1.771021	0.722922	0.277078	1.761724
20778	-1257.083	-1469.006	211.9229	1.167016	4.148546	1.771021	0.802227	0.197773	2.090003
20784	-1253.138	-1465.321	212.1821	1.041033	4.914304	1.269795	0.736301	0.263699	2.090003
20790	-1240.55	-1452.83	212.2806	1.165939	4.655362	1.545417	0.76987	0.23013	1.847884
20796	-1242.669	-1454.509	211.84	1.051193	4.655362	1.761636	0.710451	0.289549	2.120755
20802	-1248.458	-1460.698	212.2403	0.8867614	4.669919	1.941904	0.771465	0.228535	1.885692
20808	-1240.761	-1451.092	210.3307	0.7588589	5.894227	1.395339	0.768338	0.231662	3.18828
20814	-1257.489	-1467.912	210.423	0.6954362	6.381696	0.794817	0.749523	0.250477	3.438937
20820	-1250.112	-1461.63	211.5178	0.9621834	4.411144	1.896539	0.712642	0.287358	2.378355
20826	-1250.317	-1461.796	211.4795	1.062649	5.399627	1.474037	0.753815	0.246185	2.340217
20832	-1251.054	-1461.524	210.4698	0.7458401	5.787989	1.132238	0.695707	0.304293	3.259857
20838	-1237.626	-1447.997	210.3713	0.7156398	4.896711	1.785975	0.701554	0.298446	3.182915
20844	-1241.762	-1451.821	210.0593	0.5844646	6.505026	1.802598	0.697581	0.302419	3.198092
20850	-1238.548	-1448.962	210.4147	0.6909436	4.390507	2.054799	0.731091	0.268909	3.164625
20856	-1243.161	-1454.055	210.8944	0.6749303	4.404236	2.265066	0.639053	0.360947	2.81386
20862	-1242.207	-1452.191	209.9839	0.7060649	4.464495	1.504373	0.742666	0.257334	3.603892
20868	-1242.963	-1453.351	210.3882	0.7682124	4.616875	1.525179	0.678903	0.321097	3.295201
20874	-1234.68	-1444.817	210.1365	0.6203036	5.027449	1.664467	0.720879	0.279121	3.402949
20880	-1246.107	-1456.351	210.244	0.6092181	4.629994	1.945025	0.719975	0.280025	3.308805
20886	-1257.24	-1467.945	210.7057	0.7912972	4.629994	1.945025	0.718426	0.281574	2.925333
20892	-1251.735	-1462.194	210.4585	0.8334843	4.812785	1.647524	0.696089	0.303911	3.129836
20898	-1239.665	-1451.22	211.5545	0.8624436	4.000661	1.647524	0.722265	0.277735	2.601432
20904	-1233.111	-1444.25	211.1384	0.8780455	4.350648	1.804225	0.72986	0.27014	2.714442
20910	-1239.119	-1450.868	211.7482	0.8666433	6.467289	1.676962	0.734728	0.265272	2.030914
20916	-1232.987	-1445.288	212.3006	0.9478389	6.088533	1.004884	0.778512	0.221488	2.030914
20922	-1244.099	-1454.555	210.4569	0.7470173	6.088533	1.640106	0.719772	0.280228	2.985576
20928	-1240.223	-1450.548	210.3256	0.6280481	5.863678	1.640106	0.730707	0.269293	3.167521
20934	-1253.744	-1465.309	211.5651	1.136372	5.388914	2.693377	0.735472	0.264528	1.768585
20940	-1247.043	-1459.022	211.9791	0.9964177	7.321593	1.682471	0.768097	0.231903	1.654205
20946	-1239.511	-1451.387	211.8757	0.8985523	7.445709	1.667494	0.740065	0.259935	1.785446
20952	-1235.998	-1447.374	211.3762	0.9354309	5.771133	1.026417	0.727695	0.272305	2.662792
20958	-1238.942	-1449.224	210.2824	0.7512805	6.747068	0.958053	0.747111	0.252889	3.334813
20964	-1237.207	-1448.405	211.1974	0.894856	7.317064	1.239164	0.747111	0.252889	2.462083
20970	-1256.354	-1468.112	211.7581	1.049196	6.850861	1.265719	0.758871	0.241129	2.051103
20976	-1259.913	-1470.827	210.914	0.9129266	6.850861	1.006441	0.787455	0.212545	2.81819
20982	-1247.713	-1459.912	212.1989	1.075862	6.87951	0.7558946	0.868868	0.131132	2.076846
20988	-1238.23	-1449.885	211.6557	0.7828202	6.87951	1.137616	0.74305	0.25695	2.357855
20994	-1242.292	-1454.035	211.7433	0.8723759	7.142002	1.367784	0.695872	0.304128	2.081981
21000	-1243.761	-1454.982	211.2212	0.9079343	4.667948	1.281377	0.736576	0.263424	2.817281
21006	-1234.307	-1444.672	210.3646	0.6466049	6.251104	1.746925	0.736576	0.263424	3.035368
21012	-1236.394	-1447.38	210.9858	0.8366949	5.617991	1.746925	0.727517	0.272483	2.636372
21018	-1246.924	-1457.626	210.7016	0.8377127	5.60439	1.746925	0.748286	0.251714	2.811943
21024	-1251.806	-1462.432	210.6255	0.7487531	5.60439	1.806181	0.747695	0.252305	2.888905
21030	-1253.363	-1464.132	210.7693	0.976664	5.60439	1.806181	0.687457	0.312543	2.662175
21036	-1238.398	-1449.45	211.0519	0.8691785	5.601696	1.416486	0.687457	0.312543	2.721818
21042	-1246.99	-1457.872	210.8826	0.9984145	5.601696	1.469435	0.753568	0.246432	2.721818
21048	-1239.788	-1451.28	211.4923	0.9680263	5.601696	1.469435	0.784095	0.215905	2.361052
21054	-1234.787	-1446.43	211.6426	0.8768707	5.601696	1.763356	0.760185	0.239815	2.192418
21060	-1238.176	-1449.873	211.6974	0.9618208	5.07619	1.763356	0.780545	0.219455	2.192418
21066	-1243.771	-1455.745	211.9732	1.02724	5.280072	0.7786889	0.739725	0.260275	2.480667
21072	-1245.678	-1457.225	211.5472	0.7209758	7.76182	1.187797	0.794159	0.205841	2.322841
21078	-1250.153	-1461.379	211.226	0.866807	7.76182	1.088116	0.739946	0.260054	2.490577
21084	-1241.538	-1452.785	211.2475	0.7626792	8.529745	1.226622	0.737963	0.262037	2.373963
21090	-1242.841	-1454.375	211.5345	0.6754108	5.966358	1.355801	0.780765	0.219235	2.516488
21096	-1241.847	-1453.638	211.7912	0.824308	5.939553	0.919446	0.705234	0.294766	2.516488
21102	-1242.913	-1453.914	211.002	0.6206222	8.555991	1.226622	0.824213	0.175787	2.613463
21108	-1246.458	-1457.671	211.2127	0.7665136	7.994635	0.9572168	0.769145	0.230855	2.613463
21114	-1235.445	-1446.729	211.2849	1.035818	5.534443	1.672112	0.798526	0.201474	2.369443
21120	-1237.052	-1448.131	211.079	0.7845021	6.014924	1.447259	0.758062	0.241938	2.679902
21126	-1240.371	-1451.572	211.2005	0.7211819	5.431848	1.567908	0.726633	0.273367	2.679902
21132	-1252.677	-1463.829	211.1522	0.8189463	7.299065	0.9941851	0.759653	0.240347	2.679902
21138	-1244.046	-1455.164	211.1185	0.8075402	4.879444	1.523825	0.754635	0.245365	2.789085
21144	-1238.496	-1449.702	211.2064	0.8123825	4.879444	1.467896	0.670909	0.329091	2.757626
21150	-1233.166	-1444.424	211.2573	0.930867	5.795862	1.467896	0.719409	0.280591	2.502319
21156	-1240.064	-1451.91	211.8457	0.9898507	5.795862	1.52766	0.658921	0.341079	2.059265
21162	-1233.067	-1444.69	211.6229	0.9898507	4.760459	1.52766	0.706807	0.293193	2.382839
21168	-1232.882	-1444.37	211.4874	0.8449028	5.187149	1.788457	0.70098	0.29902	2.37191
21174	-1243.439	-1456.012	212.5727	0.9922153	4.736315	1.384958	0.791634	0.208366	1.832612
21180	-1255.989	-1466.739	210.7501	0.7819936	5.830662	1.300158	0.781809	0.218191	2.978756
21186	-1252.451	-1463.342	210.8907	0.8149027	6.647456	1.390305	0.768481	0.231519	2.713942
21192	-1268.22	-1478.617	210.3972	0.8526904	6.260754	1.360131	0.666783	0.333217	3.057109
21198	-1248.35	-1459.731	211.3809	0.8266859	6.260754	1.228969	0.799045	0.200955	2.53947
21204	-1260.815	-1471.658	210.8429	0.8885161	5.803542	1.168041	0.750428	0.249572	2.930709
21210	-1246.541	-1457.144	210.6027	0.832693	6.510163	1.417955	0.769337	0.230663	2.884139
21216	-1244.392	-1455.299	210.9073	0.8019029	6.959247	1.417955	0.769582	0.230418	2.656966
21222	-1249.475	-1460.813	211.3379	0.9015643	7.478336	1.294976	0.787296	0.212704	2.318856
21228	-1254.253	-1465.529	211.2759	0.6034136	8.910049	1.294976	0.789591	0.210409	2.377931
21234	-1245.922	-1456.926	211.0038	0.8435337	9.138371	1.294976	0.849599	0.150401	2.373346
21240	-1240.513	-1452.058	211.5445	0.8002316	9.138371	1.068654	0.796721	0.203279	2.182743
21246	-1234.363	-1446.349	211.9857	0.9077137	6.922685	1.083844	0.75848	0.24152	2.090402
21252	-1226.774	-1438.035	211.261	0.9025287	6.922685	1.385977	0.721246	0.278754	2.393936
21258	-1225.302	-1436.507	211.2051	0.7079947	6.922685	1.219409	0.721292	0.278708	2.635448
21264	-1228.454	-1438.715	210.2607	0.6244151	6.512626	1.441538	0.721292	0.278708	3.202325
21270	-1238.93	-1450.067	211.1373	0.8849354	5.160709	0.9617708	0.714946	0.285054	2.975002
21276	-1245.443	-1456.01	210.5673	0.7399972	6.563149	1.293725	0.717933	0.282067	3.013474
21282	-1247.581	-1458.479	210.8979	0.7306144	6.175416	1.293725	0.758709	0.241291	2.873669
21288	-1238.87	-1449.934	211.0637	0.8146052	6.504566	1.293725	0.758709	0.241291	2.674991
21294	-1250.603	-1461.598	210.9947	0.8222717	5.008545	2.081818	0.700682	0.299318	2.614502
21300	-1245.392	-1456.895	211.5032	0.8793336	4.975528	2.109681	0.763083	0.236917	2.254377
21306	-1242.47	-1453.864	211.3938	0.8523178	5.64904	1.440285	0.669321	0.330679	2.502105
21312	-1245.382	-1456.826	211.4447	0.8889309	7.551251	1.440285	0.761721	0.238279	2.175187
21318	-1247.747	-1459.228	211.4806	0.9244923	9.504938	1.440285	0.71401	0.28599	1.893618
21324	-1259.916	-1471.155	211.2396	0.7298431	9.504938	1.043183	0.816423	0.183577	2.399232
21330	-1245.165	-1456.534	211.3685	0.6144443	9.423724	1.043183	0.817655	0.182345	2.399232
21336	-1234.335	-1445.208	210.873	0.6351165	10.97432	0.9099326	0.79266	0.20734	2.630148
21342	-1234.92	-1445.721	210.8002	0.5114438	10.97432	0.9099326	0.807232	0.192768	2.750804
21348	-1237.999	-1449.137	211.1385	0.73962	10.97432	0.7621726	0.783683	0.216317	2.505394
21354	-1250.049	-1461.671	211.6213	0.6805979	11.12808	1.020556	0.846703	0.153297	2.037626
21360	-1242.528	-1454.158	211.6293	0.7614945	11.53326	0.9661295	0.841463	0.158537	1.976599
21366	-1236.728	-1448.462	211.7343	0.846623	11.53326	0.9661295	0.841463	0.158537	1.847863
21372	-1240.633	-1452.481	211.8482	0.8970176	9.556612	0.9661295	0.802767	0.197233	1.939075
21378	-1242.404	-1453.729	211.3254	0.7721706	9.725269	0.9661295	0.819248	0.180752	2.344
21384	-1235.725	-1447.102	211.3768	0.6722382	9.478602	1.304974	0.804188	0.195812	2.20257
21390	-1255.039	-1467.045	212.0065	0.8078311	6.548805	1.103679	0.667915	0.332085	2.183456
21396	-1249.483	-1460.461	210.978	0.6334511	6.548805	1.103679	0.839229	0.160771	2.932336
21402	-1232.304	-1443.223	210.919	0.6867146	5.677326	1.103679	0.747219	0.252781	3.060252
21408	-1231.296	-1442.38	211.0841	0.7009761	6.887382	1.103679	0.767875	0.232125	2.782003
21414	-1229.182	-1440.327	211.1453	0.6797836	7.221884	0.9893037	0.679276	0.320724	2.782003
21420	-1228.803	-1439.779	210.9764	0.690015	7.763066	1.015736	0.797402	0.202598	2.796444
21426	-1239.965	-1451.14	211.1746	0.7712492	9.960321	0.9360869	0.807084	0.192916	2.435935
21432	-1233.361	-1444.564	211.2027	0.7892871	9.671978	0.9360869	0.811525	0.188475	2.435935
21438	-1246.916	-1457.859	210.9439	0.910074	9.765654	0.7452184	0.815756	0.184244	2.648029
21444	-1248.743	-1460.327	211.5842	0.8302616	9.765654	0.7452184	0.788465	0.211535	2.296593
21450	-1245.629	-1456.596	210.9667	0.7680791	9.858218	0.7452184	0.830982	0.169018	2.712184
21456	-1232.78	-1444.227	211.4464	0.822706	7.467262	0.7452184	0.785035	0.214965	2.64624
21462	-1238.993	-1449.522	210.5288	0.6832912	7.467262	1.025643	0.785035	0.214965	3.099431
21468	-1245.921	-1457.546	211.6251	0.9526664	7.467262	0.7600587	0.764476	0.235524	2.442723
21474	-1244.576	-1455.34	210.7633	0.5666106	9.25515	0.8640589	0.669724	0.330276	2.933231
21480	-1246.125	-1457.584	211.4594	0.7547877	8.377071	0.7292124	0.790406	0.209594	2.584756
21486	-1238.05	-1450.021	211.9711	0.9536314	8.081432	0.8425367	0.821182	0.178818	2.080603
21492	-1241.349	-1453.109	211.7606	1.095939	7.190631	1.772441	0.770689	0.229311	1.715909
21498	-1243.396	-1455.313	211.9171	1.220081	7.221322	1.368855	0.770689	0.229311	1.715909
21504	-1241.107	-1453.313	212.2058	1.072888	8.378841	0.9255539	0.778683	0.221317	1.741559
21510	-1247.399	-1459.136	211.7369	1.019979	7.925542	1.407354	0.762215	0.237785	1.86175
21516	-1258.254	-1470.725	212.4708	1.118261	7.925542	0.7877137	0.788134	0.211866	1.691693
21522	-1245.562	-1457.406	211.8446	1.118261	7.925542	1.220537	0.711701	0.288299	1.824778
21528	-1240.656	-1452.981	212.3244	1.118261	8.623734	0.7538403	0.784459	0.215541	1.732956
21534	-1232.893	-1444.302	211.4081	0.8542631	7.559486	1.120743	0.826208	0.173792	2.390019
21540	-1235.541	-1447.347	211.8064	0.9007875	8.612107	0.8578978	0.835201	0.164799	2.147987
21546	-1226.806	-1438.482	211.6761	0.923872	7.746971	0.8578978	0.787151	0.212849	2.32106
21552	-1236.818	-1447.05	210.2322	0.8077743	8.831457	0.6502428	0.735735	0.264265	3.306307
21558	-1252.925	-1463.619	210.6934	0.6271499	10.61956	0.6502428	0.824229	0.175771	2.967456
21564	-1235.625	-1446.238	210.613	0.6464775	9.850416	0.7154343	0.814748	0.185252	3.023581
21570	-1231.523	-1441.784	210.261	0.7313673	10.47868	0.7154343	0.8027	0.1973	3.12474
21576	-1232.371	-1443.988	211.6167	1.010194	10.47868	0.8232538	0.784097	0.215903	2.025069
21582	-1248.489	-1460.217	211.7279	0.8499897	10.47868	0.8232538	0.873066	0.126934	2.057522
21588	-1232.743	-1444.311	211.568	0.797011	10.27767	0.9075196	0.827049	0.172951	2.155685
21594	-1252.573	-1463.732	211.1589	0.7462349	9.111828	1.037521	0.716185	0.283815	2.484508
21600	-1247.701	-1459.255	211.5543	0.9470875	8.658699	0.9900618	0.842765	0.157235	2.185104
21606	-1245.802	-1457.02	211.2179	0.9530323	7.193465	0.7768233	0.785058	0.214942	2.717158
21612	-1248.367	-1458.161	209.794	0.6866876	8.62172	0.7767178	0.698437	0.301563	3.560203
21618	-1235.301	-1446.087	210.786	0.7700815	10.17584	0.7767178	0.772553	0.227447	2.76728
21624	-1230.434	-1440.913	210.4791	0.6457437	13.2941	0.7767178	0.788126	0.211874	2.76728
21630	-1230.434	-1441.565	211.1313	0.8981268	10.99778	0.8422814	0.821978	0.178022	2.348494
21636	-1239.309	-1450.53	211.2216	0.7951526	11.59558	0.9220701	0.800125	0.199875	2.246209
21642	-1234.616	-1445.597	210.981	0.7804286	11.59558	0.9220701	0.742682	0.257318	2.408834
21648	-1237.517	-1448.425	210.9079	0.6596916	8.955713	0.9220701	0.759279	0.240721	2.781857
21654	-1241.897	-1452.97	211.0728	0.7291717	6.136846	1.356605	0.705638	0.294362	2.742783
21660	-1251.384	-1461.132	209.7478	0.6276369	6.136846	1.356605	0.620329	0.379671	3.590721
21666	-1261.08	-1471.517	210.4369	0.4844935	6.950367	0.9384465	0.701765	0.298235	3.386936
21672	-1252.266	-1463.293	211.0265	0.713956	9.563219	1.317115	0.760589	0.239411	2.384738
21678	-1255.416	-1466.471	211.055	0.8077829	9.862125	0.9429926	0.798836	0.201164	2.493264
21684	-1238.231	-1449.518	211.2862	0.8688828	8.406225	1.60877	0.776869	0.223131	2.105599
21690	-1233.752	-1443.91	210.1583	0.6519453	8.406225	1.182772	0.664966	0.335034	3.144737
21696	-1246.512	-1457.75	211.238	0.7279263	8.406225	1.182772	0.712615	0.287385	2.440051
21702	-1238.307	-1449.472	211.1653	0.6413114	8.980148	0.8489926	0.773443	0.226557	2.681971
21708	-1243.764	-1455.134	211.37	0.8393744	9.039605	0.796542	0.803509	0.196491	2.463312
21714	-1247.552	-1458.445	210.8932	0.8375178	5.89608	1.716306	0.761691	0.238309	2.662518
21720	-1228.567	-1439.096	210.5293	0.6312489	5.89608	1.263502	0.708417	0.291583	3.208921
21726	-1242.672	-1453.174	210.5016	0.6589364	5.89608	1.263502	0.745785	0.254215	3.208921
21732	-1256.387	-1467.623	211.2361	0.6291998	6.020463	1.534914	0.710817	0.289183	2.638148
21738	-1238.697	-1449.76	211.063	0.7180375	6.059748	1.530611	0.796763	0.203237	2.68616
21744	-1245.482	-1455.776	210.2947	0.5822109	5.394252	1.666266	0.678838	0.321162	3.273112
21750	-1250.818	-1461.625	210.8067	0.6344813	8.818569	0.8462665	0.797126	0.202874	2.9234
21756	-1247.662	-1458.725	211.0632	0.6019381	9.106361	1.451132	0.782705	0.217295	2.414336
21762	-1241.585	-1453.453	211.8676	0.6750108	6.116993	1.451132	0.782705	0.217295	2.23617
21768	-1242.926	-1454.316	211.3892	0.9104195	5.973825	1.859151	0.689267	0.310733	2.235407
21774	-1241.533	-1452.356	210.823	0.5791317	5.23824	1.641079	0.699353	0.300647	2.995554
21780	-1237.485	-1447.688	210.2031	0.7738795	4.546474	1.641079	0.659012	0.340988	3.365242
21786	-1240.889	-1451.359	210.4701	0.5459176	4.288484	2.476574	0.65778	0.34222	3.103447
21792	-1237.108	-1449.049	211.9411	1.171412	5.617636	1.743404	0.707651	0.292349	1.802457
21798	-1231.716	-1443.128	211.4113	0.7604718	5.617636	2.19526	0.707651	0.292349	2.248898
21804	-1245.583	-1457.428	211.8454	0.7494252	6.709796	1.283822	0.762457	0.237543	2.200286
21810	-1242.816	-1453.421	210.6047	0.800495	4.581873	1.468964	0.679098	0.320902	3.178742
21816	-1242.838	-1453.555	210.7171	0.5852065	6.17151	1.348526	0.733617	0.266383	3.043774
21822	-1233.851	-1445.489	211.6383	0.7094171	6.470247	1.348526	0.765967	0.234033	2.359136
21828	-1240.129	-1451.618	211.4887	0.7671907	6.612774	0.9466203	0.820729	0.179271	2.624709
21834	-1229.025	-1440.199	211.174	0.9068724	7.304002	0.7856053	0.746863	0.253137	2.751875
21840	-1246.53	-1457.64	211.1093	0.6688503	6.58896	1.531476	0.784973	0.215027	2.612142
21846	-1253.248	-1464.405	211.1574	0.682559	6.316996	1.531476	0.69432	0.30568	2.612142
21852	-1241.326	-1451.823	210.4966	0.5274529	6.316996	1.905517	0.81924	0.18076	2.958449
21858	-1243.311	-1453.852	210.5412	0.7145603	5.838846	1.438096	0.682038	0.317962	3.077926
21864	-1246.37	-1458.141	211.7705	0.7653827	7.365641	1.120658	0.805087	0.194913	2.240497
21870	-1238.828	-1450.287	211.4594	0.7537246	6.405611	0.9929538	0.79104	0.20896	2.650673
21876	-1233.992	-1445.559	211.5672	0.6804684	8.126889	1.252361	0.751214	0.248786	2.255764
21882	-1248.399	-1459.854	211.4551	0.5603298	6.604795	0.8601191	0.774424	0.225576	2.830248
21888	-1237.181	-1447.702	210.5214	0.8117313	6.544175	1.085535	0.750241	0.249759	3.109922
21894	-1252.04	-1463.106	211.0654	0.905329	5.993547	1.875446	0.728728	0.271272	2.43524
21900	-1243.456	-1454.708	211.2521	0.899553	6.469058	2.163215	0.752397	0.247603	2.140859
21906	-1231.313	-1442.964	211.6519	0.9037022	6.375887	1.615674	0.775687	0.224313	2.111346
21912	-1235.388	-1446.764	211.3757	0.9074845	6.375887	1.213339	0.748683	0.251317	2.484073
21918	-1241.248	-1453.039	211.7908	0.8944678	7.620847	0.814548	0.770614	0.229386	2.314051
21924	-1254.277	-1465.452	211.1753	0.7485235	7.620847	1.007263	0.792112	0.207888	2.661059
21930	-1246.69	-1458.366	211.6762	0.8541923	8.092038	0.9016226	0.837781	0.162219	2.29257
21936	-1244.44	-1456.081	211.641	0.8155702	8.092038	0.9718961	0.777746	0.222254	2.29257
21942	-1243.54	-1454.419	210.8786	0.6361853	8.092038	1.086484	0.780606	0.219394	2.8089
21948	-1250.044	-1460.417	210.3736	0.6164976	9.004834	1.322991	0.72469	0.27531	2.902609
21954	-1249.385	-1460.48	211.0946	0.6857391	8.743116	0.8985146	0.759185	0.240815	2.689886
21960	-1260.3	-1471.106	210.8062	0.6463431	5.180635	1.906557	0.765134	0.234866	2.871328
21966	-1252.41	-1462.845	210.4353	0.6867231	5.180635	1.906557	0.765134	0.234866	3.070049
21972	-1246.346	-1457.885	211.5384	0.8848717	8.491236	0.8808824	0.810332	0.189668	2.328324
21978	-1258.303	-1469.592	211.2893	0.8848717	6.963667	0.8808824	0.740731	0.259269	2.671331
21984	-1244.356	-1455.405	211.0498	0.6584173	6.736877	1.451787	0.754683	0.245317	2.671331
21990	-1250.421	-1460.364	209.9432	0.6642491	4.484704	2.314235	0.753568	0.246432	3.35773
21996	-1244.134	-1454.9	210.7652	0.7798539	4.484704	2.259337	0.717721	0.282279	2.81532
22002	-1250.496	-1461.413	210.9176	0.7786197	5.839334	2.105474	0.773718	0.226282	2.545744
22008	-1247.698	-1458.844	211.146	0.7930012	5.092272	2.038584	0.711299	0.288701	2.539706
22014	-1244.244	-1455.427	211.1834	0.848417	5.092272	2.989544	0.783979	0.216021	2.182913
22020	-1240.357	-1450.466	210.1093	0.7995799	4.507501	2.859215	0.691574	0.308426	3.019824
22026	-1260.456	-1470.856	210.3997	0.869288	4.352801	1.965937	0.774194	0.225806	3.105374
22032	-1242.889	-1453.312	210.4227	0.8472151	6.180278	1.907534	0.696723	0.303277	2.828401
22038	-1252.686	-1463.441	210.7556	0.7586498	6.180278	1.907534	0.741175	0.258825	2.679121
22044	-1260.444	-1470.991	210.5464	0.6062645	6.180278	2.57883	0.78421	0.21579	2.679121
22050	-1262.545	-1474.279	211.7344	0.7552611	5.732539	1.920549	0.764669	0.235331	2.126276
22056	-1250.091	-1461.519	211.4281	0.7190861	6.498704	1.920549	0.704503	0.295497	2.230284
22062	-1256.432	-1467.727	211.2953	0.8584333	5.729262	1.920549	0.661758	0.338242	2.343219
22068	-1255.92	-1466.69	210.77	0.6861332	5.289007	1.94694	0.751464	0.248536	2.836642
22074	-1256.252	-1466.945	210.6922	0.7597942	5.289007	1.953853	0.762807	0.237193	2.836642
22080	-1259.804	-1471.228	211.4241	0.8223897	5.344911	2.16517	0.644063	0.355937	2.257028
22086	-1266.52	-1477.266	210.7465	0.737319	6.389676	1.464802	0.737917	0.262083	2.849918
22092	-1262.179	-1473.765	211.5858	0.8169229	3.740878	1.303186	0.701871	0.298129	2.82272
22098	-1253.072	-1463.486	210.4142	0.6799384	4.884644	2.410032	0.712929	0.287071	2.969049
22104	-1247.301	-1458.322	211.0206	0.6660369	5.03199	1.82841	0.660077	0.339923	2.783449
22110	-1246.711	-1458.265	211.5543	0.7966186	9.105013	1.512514	0.79567	0.20433	1.939204
22116	-1244.835	-1456.472	211.6368	0.7805754	8.686988	1.089179	0.809973	0.190027	2.173893
22122	-1242.179	-1453.732	211.5531	0.9058302	8.835172	1.089179	0.809973	0.190027	2.129834
22128	-1249.367	-1460.884	211.5169	0.6828281	7.991214	1.089179	0.751823	0.248177	2.39502
22134	-1237.448	-1448.795	211.3475	0.7243952	6.669176	1.581835	0.761047	0.238953	2.39502
22140	-1236.902	-1448.167	211.2655	0.7082778	9.449048	0.8796142	0.72837	0.27163	2.508296
22146	-1246.768	-1457.334	210.5656	0.5039367	9.984064	0.8796142	0.741202	0.258798	3.008083
22152	-1249.703	-1460.604	210.9007	0.6911936	8.883071	1.206338	0.842673	0.157327	2.607498
22158	-1241.982	-1453.328	211.3462	0.6511289	12.13934	0.7788549	0.764176	0.235824	2.314775
22164	-1238.168	-1449.784	211.6162	0.4928654	13.56195	0.7788549	0.813836	0.186164	2.125522
22170	-1231.177	-1442.092	210.9152	0.5458367	9.347452	0.7659832	0.794978	0.205022	2.913748
22176	-1246.219	-1456.67	210.451	0.690801	8.330435	0.8006255	0.787969	0.212031	3.186258
22182	-1244.714	-1455.692	210.9782	0.5787186	8.330435	0.8006255	0.861512	0.138488	2.938176
22188	-1249.459	-1460.255	210.7961	0.5645859	10.76099	0.6411364	0.846733	0.153267	2.938176
22194	-1261.206	-1471.965	210.7586	0.7880917	4.513309	1.614034	0.738916	0.261084	3.044684
22200	-1261.714	-1472.795	211.0804	0.8550324	6.955864	0.8504597	0.787469	0.212531	2.838879
22206	-1252.82	-1463.657	210.8379	0.8061979	6.955864	1.152923	0.770542	0.229458	2.831523
22212	-1244.891	-1456.035	211.1436	0.836017	6.249222	1.411315	0.770542	0.229458	2.590915
22218	-1237.734	-1449.139	211.4051	0.8769188	6.142344	1.424796	0.759288	0.240712	2.411116
22224	-1252.911	-1464.101	211.1894	0.7559887	6.240192	0.9280572	0.77491	0.22509	2.878347
22230	-1246.881	-1457.635	210.7535	0.7973874	6.260923	1.274771	0.753235	0.246765	2.917966
22236	-1251.999	-1462.367	210.3676	0.7780515	7.174567	1.274771	0.633694	0.366306	3.040658
22242	-1250.755	-1461.675	210.9196	0.809167	5.640682	1.48665	0.633694	0.366306	2.800896
22248	-1244.729	-1455.684	210.9543	0.8360628	5.502718	1.451566	0.713324	0.286676	2.800896
22254	-1262.004	-1473.082	211.078	0.5936855	6.15974	1.210528	0.627092	0.372908	2.892223
22260	-1252.823	-1463.108	210.2851	0.6878114	7.247422	1.210528	0.651779	0.348221	3.167095
22266	-1238.242	-1449.159	210.9169	0.543121	5.183428	1.210528	0.734131	0.265869	3.167095
22272	-1245.989	-1457.313	211.3244	0.6340312	8.000974	1.430708	0.728915	0.271085	2.36432
22278	-1243.759	-1454.407	210.6479	0.6608383	7.579248	0.8800928	0.741716	0.258284	3.118514
22284	-1253.111	-1463.669	210.5587	0.6769032	5.161922	2.098467	0.747166	0.252834	2.937503
22290	-1237.303	-1448.555	211.2525	0.8227879	7.351467	1.228773	0.817989	0.182011	2.473913
22296	-1236.274	-1447.636	211.3625	0.9443317	7.351467	1.228773	0.772973	0.227027	2.327642
22302	-1236.968	-1448.418	211.4504	0.9333862	6.738465	1.193626	0.761506	0.238494	2.380345
22308	-1231.561	-1443.108	211.5478	0.8283068	7.220024	1.122339	0.769201	0.230799	2.360694
22314	-1234.136	-1445.602	211.4665	1.040162	7.298246	1.122339	0.767704	0.232296	2.267146
22320	-1239.065	-1450.734	211.6687	0.9964847	8.91027	1.122339	0.777724	0.222276	1.964294
22326	-1249.129	-1461.3	212.1704	0.9835718	6.47076	1.122339	0.777724	0.222276	1.95981
22332	-1254.92	-1466.952	212.0318	0.9408508	6.33037	0.8019885	0.765055	0.234945	2.315804
22338	-1239.469	-1450.84	211.3705	0.8072554	6.33037	1.144988	0.752938	0.247062	2.593815
22344	-1239.052	-1449.782	210.7308	0.700833	7.474069	0.9617729	0.745611	0.254389	3.005722
22350	-1246.236	-1458.171	211.9343	0.8637372	7.290249	0.9617729	0.830767	0.169233	2.180781
22356	-1237.839	-1448.996	211.1562	0.7528118	7.645327	1.238955	0.730743	0.269257	2.535517
22362	-1241.119	-1452.102	210.9833	0.7104862	5.991209	1.583629	0.692021	0.307979	2.726551
22368	-1244.468	-1455.595	211.1269	0.9978994	5.991209	1.68564	0.668687	0.331313	2.415437
22374	-1236.875	-1448.305	211.4306	0.9695803	5.302846	1.540767	0.674214	0.325786	2.415437
22380	-1235.191	-1446.805	211.6132	0.9948054	5.297509	1.278391	0.651146	0.348854	2.412972
22386	-1248.855	-1460.706	211.8509	0.9484476	4.23398	0.9323778	0.740165	0.259835	2.688203
22392	-1240.939	-1451.968	211.0286	0.9435326	8.51896	0.8547256	0.727179	0.272821	2.626097
22398	-1242.344	-1453.759	211.4156	0.7775103	8.51896	1.563189	0.810325	0.189675	2.088272
22404	-1246.961	-1457.804	210.8435	0.9711335	5.490654	1.887631	0.69645	0.30355	2.606454
22410	-1250.163	-1460.468	210.3053	0.7348166	4.044666	1.935502	0.617156	0.382844	3.310817
22416	-1242.959	-1453.039	210.0798	0.7704666	4.647599	1.935502	0.699103	0.300897	3.310817
22422	-1250.335	-1460.71	210.3757	0.6158235	6.138524	1.433731	0.80349	0.19651	3.193989
22428	-1235.019	-1446.06	211.0414	0.7877871	6.083553	1.196741	0.683419	0.316581	2.814968
22434	-1242.705	-1454.621	211.9153	0.8947599	5.180325	1.003223	0.727164	0.272836	2.46301
22440	-1242.317	-1453.092	210.7747	0.8017339	5.034738	1.288733	0.682104	0.317896	3.082844
22446	-1254.614	-1465.529	210.9147	0.6493327	4.593116	1.467491	0.699908	0.300092	3.082844
22452	-1243.646	-1454.035	210.3887	0.6796432	4.851597	1.431156	0.668722	0.331278	3.347628
22458	-1248.589	-1458.788	210.1984	0.4341963	4.851597	1.42377	0.721975	0.278025	3.605408
22464	-1244.244	-1454.937	210.6932	0.7519854	5.845772	0.9048682	0.723782	0.276218	3.248618
22470	-1243.223	-1453.685	210.4617	0.6879837	6.546522	1.727552	0.772364	0.227636	2.919122
22476	-1244.823	-1455.232	210.4092	0.6245923	6.161596	1.763852	0.802102	0.197898	3.027794
22482	-1240.792	-1451.388	210.5956	0.6104524	6.161596	1.837537	0.783474	0.216526	2.895938
22488	-1237.175	-1447.22	210.0447	0.7251717	4.889908	1.837537	0.740357	0.259643	3.3519
22494	-1253.95	-1463.252	209.3022	0.5894733	4.305542	1.837537	0.723427	0.276573	3.962563
22500	-1248.852	-1460.024	211.1727	0.8529894	5.475843	1.440606	0.774	0.226	2.666212
22506	-1238.369	-1449.16	210.7911	0.7946574	5.475843	1.357707	0.757246	0.242754	2.972716
22512	-1251.788	-1462.589	210.8005	0.7104193	4.378802	2.03451	0.652492	0.347508	2.931426
22518	-1248.519	-1459.414	210.8947	0.7162918	4.684634	1.517251	0.740079	0.259921	3.01655
22524	-1238.603	-1448.713	210.1102	0.572597	4.751844	1.517251	0.643579	0.356421	3.552497
22530	-1246.447	-1457.775	211.3284	0.6988284	4.275446	1.308461	0.715097	0.284903	2.93849
22536	-1251.833	-1462.252	210.419	0.623723	4.574059	2.095821	0.715097	0.284903	3.154684
22542	-1241.263	-1452.371	211.1084	0.9200944	5.713112	1.582203	0.749028	0.250972	2.56307
22548	-1244.412	-1455.678	211.2663	0.7632764	5.850861	1.597121	0.66815	0.33185	2.534527
22554	-1236.429	-1447.773	211.3434	0.8051273	6.599195	1.405076	0.752222	0.247778	2.438622
22560	-1237.956	-1449.406	211.4508	0.6055785	5.549327	1.405076	0.693715	0.306285	2.652335
22566	-1240.847	-1450.967	210.12	0.6495844	5.549327	1.248616	0.693715	0.306285	3.497159
22572	-1227.567	-1439.064	211.4976	0.9038687	5.549327	1.248616	0.733813	0.266187	2.516758
22578	-1224.359	-1435.913	211.5546	0.7135413	7.590597	1.130143	0.734977	0.265023	2.37701
22584	-1235.313	-1446.531	211.2175	0.7468883	9.200012	1.140486	0.764011	0.235989	2.37701
22590	-1229.413	-1441.041	211.6275	0.8198057	9.200012	1.050462	0.780462	0.219538	2.120486
22596	-1229.214	-1441	211.7868	0.8835945	8.29599	1.050462	0.797002	0.202998	2.078724
22602	-1230.222	-1441.52	211.2982	0.8291254	9.339385	1.402693	0.771157	0.228843	2.116176
22608	-1236.976	-1448.123	211.1473	0.856372	8.399567	1.304754	0.765149	0.234851	2.351566
22614	-1237.407	-1448.573	211.1662	0.7235448	8.399567	1.153293	0.795354	0.204646	2.50502
22620	-1248.736	-1459.869	211.1335	0.5412227	8.722214	1.338605	0.780011	0.219989	2.50502
22626	-1245.163	-1456.039	210.8759	0.7330466	8.722214	1.338605	0.810275	0.189725	2.546043
22632	-1246.094	-1457.121	211.0277	1.029989	6.898082	0.8258625	0.810275	0.189725	2.789141
22638	-1240.285	-1452.511	212.2263	1.046578	6.898082	0.8733608	0.810275	0.189725	1.984598
22644	-1230.281	-1442.246	211.9646	0.9274568	6.667044	1.378007	0.765694	0.234306	1.960871
22650	-1230.421	-1440.898	210.4777	0.6871007	6.667044	1.378007	0.787498	0.212502	3.044464
22656	-1227.629	-1438.626	210.9976	0.7908704	5.385279	1.378007	0.787498	0.212502	2.85501
22662	-1241.829	-1452.534	210.7048	0.7074192	5.385279	1.064624	0.802101	0.197899	3.24189
22668	-1232.262	-1442.94	210.6772	0.8560229	5.385279	0.8525824	0.7218	0.2782	3.299967
22674	-1234.334	-1446.415	212.0806	0.9399829	5.385279	0.9286378	0.785415	0.214585	2.343729
22680	-1230.93	-1442.751	211.8207	0.8400684	5.385279	1.155089	0.79364	0.20636	2.432097
22686	-1237.306	-1448.545	211.2392	0.7522999	5.667916	1.197602	0.786722	0.213278	2.777885
22692	-1257.287	-1468.578	211.2909	0.6038281	10.75561	0.9485701	0.804554	0.195446	2.383172
22698	-1248.1	-1459.275	211.1753	0.7017784	10.57913	0.9991077	0.80533	0.19467	2.378379
22704	-1240.388	-1451.062	210.6736	0.427982	8.279813	1.214231	0.80926	0.19074	2.968044
22710	-1248.311	-1460.497	212.186	1.069987	5.347468	1.219971	0.753148	0.246852	2.017535
22716	-1253.37	-1465.35	211.9802	1.145069	3.687152	1.661926	0.701734	0.298266	2.216931
22722	-1263.965	-1474.955	210.9905	0.6765899	7.059402	1.084792	0.700953	0.299047	2.842243
22728	-1248.378	-1459.881	211.5027	0.839291	7.059402	1.768862	0.798874	0.201126	2.085638
22734	-1247.45	-1458.646	211.1962	0.8487618	5.485519	1.768862	0.751811	0.248189	2.510606
22740	-1254.395	-1466.067	211.6724	0.8498385	5.322554	1.140908	0.741311	0.258689	2.537197
22746	-1239.91	-1450.038	210.1271	0.5533013	5.322554	1.387613	0.753795	0.246205	3.518046
22752	-1240.657	-1451.708	211.0509	0.8447723	4.327325	1.721588	0.655297	0.344703	2.825245
22758	-1236.812	-1447.637	210.8258	0.9132505	5.366001	1.836555	0.722736	0.277264	2.692752
22764	-1242.975	-1453.815	210.8396	0.6552507	5.366001	1.626368	0.722736	0.277264	2.925366
22770	-1234.134	-1444.861	210.727	0.649835	5.933094	2.026149	0.748975	0.251025	2.756376
22776	-1247.719	-1457.983	210.2644	0.6894679	4.96244	1.555073	0.721925	0.278075	3.342639
22782	-1252.765	-1463.464	210.6982	0.7375493	4.96244	1.732017	0.798713	0.201287	2.984495
22788	-1262.722	-1473.962	211.2405	0.7441386	5.0914	1.732017	0.809044	0.190956	2.628516
22794	-1247.127	-1457.968	210.8409	0.7989695	5.105411	1.741154	0.676429	0.323571	2.833516
22800	-1239.324	-1449.452	210.1276	0.8133799	5.603424	1.939272	0.676429	0.323571	3.099748
22806	-1240.577	-1451.24	210.6633	0.7636133	5.997707	1.140164	0.806712	0.193288	3.099748
22812	-1253.001	-1464.646	211.6454	0.9730518	5.005565	1.511676	0.822471	0.177529	2.342077
22818	-1252.604	-1464.082	211.4777	0.8260869	4.689168	1.63915	0.714888	0.285112	2.54054
22824	-1255.439	-1466.328	210.8893	0.7449979	8.389509	1.072444	0.811612	0.188388	2.710364
22830	-1254.218	-1465.788	211.5695	0.7156778	7.244464	1.072444	0.811612	0.188388	2.444312
22836	-1246.524	-1457.649	211.1253	0.6363511	5.752584	1.072444	0.736047	0.263953	2.973022
22842	-1250.48	-1460.952	210.4719	0.6618864	5.752584	1.072444	0.681544	0.318456	3.346057
22848	-1257.354	-1468.676	211.3225	0.9891723	6.421932	1.072444	0.784993	0.215007	2.539275
22854	-1251.671	-1462.514	210.8433	0.8437811	7.103518	1.016714	0.699698	0.300302	2.864242
22860	-1265.103	-1476.456	211.353	1.014139	7.103518	1.016416	0.759415	0.240585	2.445301
22866	-1257.383	-1469.167	211.7842	0.7977877	7.22096	1.016416	0.780075	0.219925	2.293602
22872	-1262.164	-1474.392	212.2279	1.026293	6.483357	1.691009	0.82774	0.17226	1.578794
22878	-1254.355	-1466.361	212.0059	1.101042	6.483357	1.691009	0.705908	0.294092	1.684959
22884	-1243.133	-1455.224	212.0904	1.016298	5.523787	1.691009	0.787248	0.212752	1.846904
22890	-1239.743	-1451.214	211.4711	0.8851679	5.523787	1.691009	0.770984	0.229016	2.340516
22896	-1246.962	-1458.696	211.7336	0.915037	5.220114	1.691009	0.808317	0.191683	2.204558
22902	-1250.146	-1461.771	211.6242	0.7870694	5.220114	1.691009	0.6403	0.3597	2.356614
22908	-1243.082	-1454.601	211.5187	0.8698418	4.824858	1.691009	0.64048	0.35952	2.440771
22914	-1241.36	-1453.337	211.9769	1.092569	6.943695	0.8969674	0.734905	0.265095	2.095692
22920	-1244.348	-1456.495	212.1473	1.149634	6.806506	0.6612518	0.788145	0.211855	2.152674
22926	-1245.635	-1456.919	211.2833	1.038001	5.245147	0.9027227	0.803888	0.196112	2.818071
22932	-1251.867	-1462.828	210.9611	0.6627705	5.756979	1.284578	0.765597	0.234403	2.942278
22938	-1250.763	-1462.156	211.3932	0.7179518	6.0317	1.284578	0.710219	0.289781	2.603919
22944	-1235.31	-1446.954	211.6444	0.9855193	6.558127	1.310784	0.758279	0.241721	2.184989
22950	-1244.203	-1454.835	210.6315	0.5335361	5.305423	1.160681	0.765097	0.234903	3.347799
22956	-1242.496	-1452.548	210.0524	0.5769828	6.568715	1.160681	0.757619	0.242381	3.480936
22962	-1234.302	-1445.27	210.9687	0.6189873	7.469424	1.058635	0.802615	0.197385	2.854193
22968	-1233.896	-1444.627	210.731	0.6555195	6.609891	1.058635	0.777437	0.222563	3.084543
22974	-1241.548	-1452.954	211.4059	0.7446738	5.97861	1.362327	0.715177	0.284823	2.548413
22980	-1244.463	-1455.527	211.064	0.5599915	6.851685	1.362327	0.799849	0.200151	2.750002
22986	-1241.937	-1453.467	211.53	0.7983683	5.284818	1.393906	0.726206	0.273794	2.532243
22992	-1246.762	-1458.942	212.1795	0.8407193	5.261814	1.620535	0.771499	0.228501	1.984555
22998	-1236.688	-1447.958	211.2694	0.7974514	5.757582	1.909305	0.790874	0.209126	2.398121
23004	-1252.46	-1464.532	212.0718	1.020123	6.101365	1.249966	0.80257	0.19743	1.983605
23010	-1249.888	-1461.17	211.2828	0.6947267	5.757582	1.741125	0.668708	0.331292	2.520705
23016	-1244.614	-1455.539	210.9251	0.6792966	6.326566	1.741125	0.752354	0.247646	2.667259
23022	-1243.351	-1454.489	211.1379	0.7683673	6.201427	1.215975	0.752354	0.247646	2.740807
23028	-1256.565	-1467.729	211.1643	0.7217432	5.463733	1.215975	0.80933	0.19067	2.864126
23034	-1243.102	-1454.577	211.4752	0.7764382	6.209026	1.777152	0.807352	0.192648	2.263575
23040	-1242.984	-1453.894	210.91	0.5921034	8.741736	1.665132	0.808316	0.191684	2.460588
23046	-1251.783	-1463.159	211.3762	0.5813666	7.998232	1.28717	0.737168	0.262832	2.437094
23052	-1257.839	-1469.099	211.2597	0.8315215	8.558703	1.43669	0.775208	0.224792	2.210556
23058	-1251.612	-1462.661	211.0484	0.7104238	6.9258	1.312903	0.712394	0.287606	2.681871
23064	-1234.535	-1445.408	210.8737	0.7991695	8.000855	1.312903	0.712394	0.287606	2.601223
23070	-1237.108	-1448.277	211.1682	0.7640626	9.002541	1.342807	0.706977	0.293023	2.309456
23076	-1259.58	-1470.344	210.7643	0.5843844	9.026376	1.342807	0.833089	0.166911	2.672124
23082	-1245.04	-1456.075	211.035	0.93953	7.36278	1.155129	0.78193	0.21807	2.575489
23088	-1260.091	-1471.098	211.0063	0.8751722	7.832105	1.155129	0.80284	0.19716	2.575489
23094	-1257.968	-1468.287	210.3189	0.8496668	7.273648	1.109512	0.727145	0.272855	3.101243
23100	-1250.978	-1461.55	210.5714	0.7237151	7.275958	1.220602	0.808698	0.191302	2.965923
23106	-1243.395	-1454.659	211.2644	0.8370725	7.367612	1.220602	0.777169	0.222831	2.459822
23112	-1242.557	-1453.93	211.3732	0.8117349	8.118593	1.047153	0.83364	0.16636	2.414369
23118	-1246.127	-1457.378	211.2511	0.7251791	7.749149	1.480089	0.734165	0.265835	2.360221
23124	-1249.03	-1459.741	210.7117	0.7286518	7.749149	1.480089	0.729008	0.270992	2.694404
23130	-1250.96	-1462.272	211.3116	0.8611844	6.842061	1.087997	0.73328	0.26672	2.558506
23136	-1258.829	-1471.036	212.2068	0.9617661	7.125004	1.087997	0.74388	0.25612	1.875141
23142	-1248.289	-1460.471	212.1824	1.158013	7.724702	1.457753	0.811837	0.188163	1.442763
23148	-1245.527	-1457.452	211.9253	1.17524	7.724702	2.342106	0.811837	0.188163	1.195118
23154	-1249.237	-1461.383	212.1461	1.17524	8.615697	1.22899	0.844651	0.155349	1.470024
23160	-1242.395	-1454.694	212.2997	1.067062	7.279804	1.226574	0.835097	0.164903	1.626823
23166	-1245.656	-1457.038	211.3824	0.9927843	8.937078	1.226574	0.839801	0.160199	2.092431
23172	-1255.817	-1467.093	211.2763	0.6692846	6.707957	1.125725	0.768187	0.231813	2.695274
23178	-1264.716	-1475.918	211.2021	0.5668446	6.707957	1.26504	0.731305	0.268695	2.728911
23184	-1261.366	-1472.097	210.731	0.7098961	5.738798	1.094286	0.772996	0.227004	3.154437
23190	-1247.004	-1458.286	211.2817	0.8239356	8.687426	0.7535554	0.820309	0.179691	2.598573
23196	-1236.168	-1447.169	211.0009	0.8993305	10.21222	0.8095504	0.820309	0.179691	2.527601
23202	-1229.967	-1441.261	211.2943	0.77697	9.156271	0.8095504	0.744986	0.255014	2.527601
23208	-1230.246	-1441.047	210.8004	0.9646427	6.704413	1.30121	0.744986	0.255014	2.713399
23214	-1240.318	-1452.017	211.6995	0.7880363	6.704413	0.957088	0.745229	0.254771	2.461149
23220	-1236.791	-1448.285	211.4943	0.9266615	4.992936	1.258755	0.763916	0.236084	2.592272
23226	-1236.022	-1447.26	211.2383	1.066837	5.336101	1.273644	0.750944	0.249056	2.598212
23232	-1232.782	-1444.005	211.2236	0.8015177	5.336101	1.404694	0.739357	0.260643	2.706029
23238	-1242.722	-1453.89	211.1676	0.8574908	5.336101	1.404694	0.739357	0.260643	2.706029
23244	-1243.577	-1454.242	210.6653	0.902435	6.077831	1.387461	0.694044	0.305956	2.878996
23250	-1250.239	-1460.883	210.6438	0.5753715	6.892789	1.292563	0.786338	0.213662	3.023488
23256	-1257.396	-1467.718	210.3222	0.648268	7.386478	1.241622	0.775893	0.224107	3.135824
23262	-1243.34	-1454.545	211.2054	0.9102629	4.487693	1.387461	0.727307	0.272693	2.806629
23268	-1249.942	-1461.696	211.7538	0.8812903	4.878556	1.387461	0.727307	0.272693	2.413659
23274	-1249.077	-1459.933	210.8569	0.609578	7.612192	1.580365	0.744419	0.255581	2.650303
23280	-1247.417	-1458.145	210.7275	0.5774531	4.878556	2.104225	0.712728	0.287272	2.941453
23286	-1243.452	-1453.656	210.2043	0.6648832	4.878556	2.104225	0.62473	0.37527	3.201774
23292	-1244.549	-1454.653	210.1042	0.6765818	5.231675	1.410571	0.770255	0.229745	3.463283
23298	-1246.322	-1456.582	210.2604	0.7039052	7.33848	1.410571	0.755418	0.244582	3.063916
23304	-1253.515	-1463.697	210.1821	0.4909368	6.653319	1.410571	0.755418	0.244582	3.322955
23310	-1253.272	-1464.814	211.5422	0.9412543	4.813082	2.021023	0.725432	0.274568	2.251892
23316	-1255.507	-1466.169	210.662	0.7674867	5.28493	1.574912	0.685311	0.314689	2.999277
23322	-1236.648	-1448.511	211.8629	1.029788	6.403059	0.9323627	0.700235	0.299765	2.263435
23328	-1248.422	-1458.89	210.4673	0.9399218	6.671776	1.004865	0.68529	0.31471	3.095288
23334	-1243.462	-1455.42	211.9571	1.074448	5.210115	1.533644	0.754373	0.245627	2.027162
23340	-1245.851	-1458.023	212.1719	1.083753	5.210115	0.7988981	0.720985	0.279015	2.316107
23346	-1250.909	-1462.339	211.4304	1.059896	5.116593	0.7988981	0.720985	0.279015	2.807857
23352	-1255.43	-1466.784	211.3544	0.8454561	6.374371	1.490827	0.754564	0.245436	2.397569
23358	-1239.924	-1450.614	210.6895	0.6932579	6.817944	0.9818194	0.754564	0.245436	3.104603
23364	-1253.872	-1465.134	211.262	0.7870758	5.452703	0.7988981	0.711563	0.288437	3.019788
23370	-1236.107	-1446.866	210.7595	0.6924296	6.905797	1.353311	0.734548	0.265452	2.851983
23376	-1234.638	-1445.406	210.7685	0.8097714	6.905797	0.9374577	0.741759	0.258241	3.00375
23382	-1246.797	-1458.388	211.5907	0.8590618	6.905797	0.9374577	0.773758	0.226242	2.470246
23388	-1248.509	-1459.804	211.2953	1.011222	6.424202	1.399467	0.744022	0.255978	2.366537
23394	-1237.917	-1448.881	210.964	0.8219165	6.975554	1.389661	0.760843	0.239157	2.620978
23400	-1224.379	-1435.597	211.2183	0.8595523	8.564252	1.38758	0.779022	0.220978	2.242861
23406	-1230.86	-1442.625	211.7649	0.7513856	6.822865	1.209044	0.706794	0.293206	2.275711
23412	-1248.134	-1460.831	212.6974	1.321353	4.607402	1.209044	0.735813	0.264187	1.642285
23418	-1231.207	-1443.685	212.4778	1.181198	5.941534	1.209278	0.758516	0.241484	1.642285
23424	-1227.008	-1438.125	211.1169	0.809731	6.823766	1.539657	0.779411	0.220589	2.483989
23430	-1222.677	-1433.676	210.9991	0.6879161	6.008455	1.539657	0.841804	0.158196	2.747328
23436	-1224.315	-1435.265	210.9496	0.6501381	5.932981	1.691776	0.758738	0.241262	2.747328
23442	-1226.675	-1436.546	209.8709	0.6337057	5.932981	1.691776	0.657647	0.342353	3.401724
23448	-1240.834	-1450.633	209.7998	0.7659874	5.932981	0.9147324	0.657647	0.342353	3.743201
23454	-1238.589	-1449.226	210.6371	0.5549831	5.247078	1.057027	0.750375	0.249625	3.39744
23460	-1245.258	-1456.948	211.6906	1.000176	8.001141	0.6392283	0.770616	0.229384	2.405031
23466	-1254.932	-1465.949	211.0165	0.6470608	7.925681	0.8761316	0.770616	0.229384	2.867551
23472	-1243.262	-1454.85	211.588	0.7122675	5.757349	1.164739	0.788813	0.211187	2.592138
23478	-1237.565	-1448.092	210.5273	0.7250454	6.89142	0.9907186	0.713469	0.286531	3.167423
23484	-1236.581	-1447.237	210.6562	0.6111377	4.894435	1.558562	0.72962	0.27038	3.167423
23490	-1239.217	-1448.585	209.3684	0.559676	4.894435	1.978363	0.696172	0.303828	3.790812
23496	-1238.346	-1448.726	210.3802	0.7215019	4.894435	1.686005	0.750883	0.249117	3.213346
23502	-1235.649	-1446.59	210.9414	0.5786766	4.868762	1.128664	0.771702	0.228298	3.226706
23508	-1241.57	-1451.915	210.3451	0.5967366	4.868762	1.91277	0.682091	0.317909	3.226706
23514	-1253.747	-1465.328	211.581	0.7205027	4.796929	1.91277	0.716254	0.283746	2.41167
23520	-1238.676	-1450.669	211.9933	0.9181314	5.733467	1.054037	0.725149	0.274851	2.275657
23526	-1233.355	-1444.403	211.0484	0.8238478	5.733467	1.115133	0.691501	0.308499	2.885124
23532	-1234.294	-1445.221	210.9268	0.643992	5.733467	1.512152	0.705702	0.294298	2.871227
23538	-1234.933	-1445.703	210.7707	0.597197	5.733467	1.449002	0.750327	0.249673	3.02165
23544	-1238.31	-1448.552	210.2421	0.5692368	4.268095	1.934632	0.621743	0.378257	3.402688
23550	-1235.523	-1445.846	210.3231	0.5527025	5.977942	1.188758	0.751553	0.248447	3.402688
23556	-1234.906	-1445.169	210.2631	0.6401519	5.283665	1.178596	0.751553	0.248447	3.495172
23562	-1228.314	-1438.777	210.4627	0.8208651	5.283665	1.60017	0.700723	0.299277	3.076195
23568	-1234.695	-1446.072	211.3761	0.7515871	3.748031	1.60017	0.721346	0.278654	2.852062
23574	-1239.245	-1450.844	211.5985	0.9946384	4.334391	1.473776	0.714766	0.285234	2.501301
23580	-1241.33	-1451.646	210.3158	0.8913241	4.81627	1.473776	0.715627	0.284373	3.252909
23586	-1252.13	-1462.468	210.3377	0.663957	4.302933	2.024616	0.655601	0.344399	3.252909
23592	-1250.61	-1461.72	211.1103	0.6489904	4.067681	1.281828	0.727563	0.272437	3.152341
23598	-1244.504	-1455.636	211.1324	0.8554231	4.067681	1.41127	0.797774	0.202226	2.953859
23604	-1249.089	-1460.907	211.8172	0.7508189	4.559553	1.186686	0.735061	0.264939	2.617697
23610	-1242.075	-1453.245	211.1702	0.8435711	5.77981	1.186686	0.720361	0.279639	2.752979
23616	-1253.269	-1464.495	211.2252	0.7601038	5.230377	1.300083	0.692481	0.307519	2.798526
23622	-1236.275	-1447.688	211.4134	0.7601038	4.571051	1.300083	0.761687	0.238313	2.798526
23628	-1247.555	-1458.6	211.0452	0.8547201	4.903647	2.459218	0.601346	0.398654	2.456333
23634	-1253.397	-1464.051	210.6536	0.6929391	5.613505	1.284105	0.758326	0.241674	3.130192
23640	-1244.293	-1454.815	210.5213	0.6445133	7.249583	1.284105	0.724992	0.275008	3.014659
23646	-1231.031	-1442.095	211.0647	0.8160084	5.771184	0.848976	0.699523	0.300477	3.037348
23652	-1246.408	-1457.728	211.3205	0.6517226	8.790358	1.103978	0.711856	0.288144	2.437677
23658	-1243.71	-1454.852	211.1418	0.7476878	8.802225	1.103978	0.801365	0.198635	2.488276
23664	-1238.579	-1449.279	210.7003	0.553871	5.534741	1.395223	0.699607	0.300393	3.144183
23670	-1231.426	-1442.077	210.6512	0.7911117	5.457196	1.665856	0.684572	0.315428	2.926295
23676	-1231.475	-1441.819	210.3434	0.7276917	4.399554	1.448991	0.680793	0.319207	3.417418
23682	-1241.85	-1452.211	210.3608	0.7336659	4.399554	1.942075	0.757243	0.242757	3.208878
23688	-1236.265	-1447.049	210.7839	0.652644	5.73479	1.785679	0.738152	0.261848	2.839084
23694	-1237.984	-1448.943	210.9587	0.6728105	5.856914	1.460338	0.74087	0.25913	2.839084
23700	-1252.778	-1463.815	211.0371	0.8694375	3.889655	2.00408	0.731193	0.268807	2.799671
23706	-1253.523	-1464.669	211.1458	0.8050498	4.635939	1.56411	0.705455	0.294545	2.799671
23712	-1256.778	-1466.393	209.6152	0.5897656	4.732185	1.829181	0.742176	0.257824	3.710674
23718	-1253.662	-1463.887	210.2246	0.6270898	4.732185	1.543372	0.661046	0.338954	3.446315
23724	-1241.697	-1453.416	211.7188	0.8937625	10.87172	0.8965476	0.823015	0.176985	1.940622
23730	-1253.642	-1464.119	210.4772	0.5785864	4.808011	1.761588	0.644905	0.355095	3.22577
23736	-1251.408	-1461.671	210.2628	0.6155951	4.345757	1.880112	0.713406	0.286594	3.368402
23742	-1237.751	-1449.442	211.6906	0.9126103	10.91855	0.8965476	0.812031	0.187969	1.942257
23748	-1233.727	-1445.141	211.4141	0.7088472	8.518834	1.438275	0.770057	0.229943	2.193869
23754	-1235.17	-1445.987	210.8163	0.754975	7.258013	1.308204	0.772159	0.227841	2.756367
23760	-1256.079	-1468.258	212.1784	1.147915	5.755364	1.204498	0.718755	0.281245	1.908891
23766	-1259.758	-1472.448	212.6899	1.147915	6.785525	0.8801776	0.795127	0.204873	1.604111
23772	-1241.003	-1451.976	210.9725	0.7660091	4.429467	1.508992	0.653213	0.346787	2.989955
23778	-1237.064	-1448.338	211.2739	0.7589846	4.745101	1.282945	0.771573	0.228427	2.861076
23784	-1242.791	-1453.44	210.6484	0.7276979	4.745101	2.288794	0.692087	0.307913	2.861076
23790	-1236.51	-1447.239	210.7289	0.6833548	4.71653	2.23652	0.60926	0.39074	2.861076
23796	-1236.796	-1447.846	211.0502	0.8212855	4.967556	2.63364	0.711187	0.288813	2.409656
23802	-1237.664	-1448.588	210.9243	0.6136393	6.256369	1.187727	0.707734	0.292266	2.971186
23808	-1241.415	-1451.265	209.8507	0.5552427	6.457869	1.187727	0.752871	0.247129	3.611585
23814	-1247.565	-1458.767	211.2029	0.6831652	6.457869	0.7656796	0.794333	0.205667	2.99482
23820	-1249.367	-1460.185	210.8181	0.6700682	8.118805	0.7656796	0.772542	0.227458	3.028253
23826	-1253.785	-1465.258	211.4726	0.684295	7.759491	1.123958	0.772542	0.227458	2.429808
23832	-1252.206	-1463.174	210.9681	0.6540727	4.111001	1.568605	0.640563	0.359437	3.094751
23838	-1254.219	-1465.377	211.1579	0.6054691	4.737055	1.367685	0.603827	0.396173	2.983785
23844	-1247.472	-1458.207	210.7351	0.6787673	6.312503	1.563821	0.728642	0.271358	2.859322
23850	-1240.187	-1451.361	211.1741	0.969343	4.388167	1.769587	0.66779	0.33221	2.642756
23856	-1252.878	-1464.099	211.2213	0.8299123	4.705885	1.763253	0.725415	0.274585	2.642756
23862	-1248.298	-1458.917	210.6187	0.6808519	7.128067	0.8825157	0.802192	0.197808	3.177078
23868	-1237.615	-1448.694	211.0783	0.6248442	7.354972	1.280161	0.756395	0.243605	2.677514
23874	-1248.383	-1459.396	211.0136	0.6025594	6.287644	1.280161	0.761543	0.238457	2.872044
23880	-1252.616	-1464.009	211.3934	0.7541223	6.713475	1.280161	0.761543	0.238457	2.486091
23886	-1240.668	-1452.128	211.4602	0.5827698	7.313518	1.232573	0.777616	0.222384	2.496914
23892	-1233.098	-1444.339	211.2415	0.7569509	6.990718	1.369095	0.785069	0.214931	2.496914
23898	-1223.271	-1434.352	211.0807	0.9373587	5.804379	1.645107	0.77706	0.22294	2.528214
23904	-1236.518	-1447.087	210.5689	0.7048532	5.194096	1.645107	0.743527	0.256473	3.077906
23910	-1235.296	-1445.834	210.5383	0.5049337	7.116534	1.645107	0.743527	0.256473	2.942157
23916	-1219.038	-1429.749	210.7117	0.6490602	7.362645	1.02711	0.794662	0.205338	3.022374
23922	-1229.187	-1439.617	210.4295	0.659327	8.522366	0.7803206	0.753296	0.246704	3.211299
23928	-1237.365	-1447.683	210.3176	0.7333696	8.532728	0.7803206	0.727009	0.272991	3.232597
23934	-1249.044	-1460.56	211.516	0.8457593	8.054067	0.7803206	0.746778	0.253222	2.491038
23940	-1257.459	-1468.721	211.2613	0.861071	9.670215	0.7641971	0.79212	0.20788	2.47631
23946	-1250.164	-1461.479	211.3149	0.7948656	8.316111	0.7399931	0.810524	0.189476	2.647827
23952	-1230.866	-1441.599	210.7324	0.8041135	8.514504	0.7399931	0.804468	0.195532	2.974567
23958	-1235.504	-1446.228	210.7239	0.8041135	8.892897	0.7399931	0.804468	0.195532	2.939399
23964	-1237.12	-1448.373	211.2529	0.8795053	6.539122	1.112947	0.779778	0.220222	2.610529
23970	-1232.575	-1444.32	211.7458	0.9120666	4.990639	1.686565	0.807222	0.192778	2.241336
23976	-1241.428	-1453.447	212.0187	0.9998916	4.120137	1.653495	0.729718	0.270282	2.193424
23982	-1239.276	-1450.7	211.424	0.8509209	5.051859	1.652495	0.75184	0.24816	2.487962
23988	-1236.016	-1447.936	211.9199	1.025875	4.859889	1.652495	0.739642	0.260358	2.093316
23994	-1238.394	-1449.914	211.5192	0.9414295	4.859889	2.169141	0.773594	0.226406	2.203928
24000	-1231.012	-1442.805	211.7921	0.8573684	4.615917	1.862151	0.770023	0.229977	2.243831
24006	-1241.888	-1452.41	210.5215	0.5755445	4.615917	1.550517	0.730321	0.269679	3.319561
24012	-1261.775	-1472.372	210.5974	0.6545277	8.226301	0.9708221	0.725111	0.274889	3.020792
24018	-1252.801	-1463.268	210.467	0.7562359	8.226301	1.274345	0.768237	0.231763	2.869854
24024	-1260.421	-1470.467	210.0458	0.7832626	8.212936	1.824405	0.663748	0.336252	2.869854
24030	-1256.164	-1466.945	210.7813	0.6521306	4.812361	1.650926	0.754575	0.245425	3.04409
24036	-1237.383	-1448.431	211.0476	0.7138909	4.812361	1.650926	0.695199	0.304801	2.846532
24042	-1251.247	-1461.61	210.363	0.7794865	6.077202	1.376796	0.674306	0.325694	3.139169
24048	-1251.95	-1462.361	210.4113	0.6672256	5.69368	1.241627	0.682672	0.317328	3.29798
24054	-1234.385	-1445.833	211.4477	0.8591937	5.223927	1.642482	0.82513	0.17487	2.442648
24060	-1246.217	-1456.879	210.6614	0.5850811	7.525349	1.269799	0.765652	0.234348	2.93968
24066	-1243.442	-1453.454	210.0121	0.5953136	5.742839	1.482438	0.684001	0.315999	3.455277
24072	-1245.566	-1456.117	210.5511	0.6646791	5.742839	1.482438	0.708359	0.291641	3.096227
24078	-1248.35	-1459.457	211.1071	0.7512828	6.06751	1.482438	0.717935	0.282065	2.659122
24084	-1239.175	-1449.923	210.7483	0.7194013	3.894251	1.761763	0.73572	0.26428	3.152226
24090	-1256.684	-1468.094	211.4101	0.8298046	5.531969	1.49623	0.706115	0.293885	2.498654
24096	-1242.828	-1454.077	211.2486	0.9495752	6.144801	1.120307	0.706115	0.293885	2.62188
24102	-1236.518	-1448.085	211.5672	1.031213	7.125473	1.564127	0.764742	0.235258	1.99841
24108	-1232.224	-1443.582	211.3582	0.8980479	7.125473	1.564127	0.771471	0.228529	2.222677
24114	-1244.514	-1455.878	211.3632	0.6684077	6.849454	1.718833	0.739415	0.260585	2.336333
24120	-1241.376	-1452.793	211.417	0.7485899	6.426735	1.463842	0.732225	0.267775	2.424242
24126	-1245.802	-1457.568	211.766	0.767626	6.426735	1.463842	0.735725	0.264275	2.189258
24132	-1252.889	-1464.575	211.6864	0.8396331	6.426735	1.228879	0.756071	0.243929	2.314843
24138	-1257.052	-1469.175	212.1224	0.849242	6.426735	1.245909	0.756071	0.243929	2.015559
24144	-1249.721	-1460.479	210.7579	0.5438528	9.066634	1.121875	0.753045	0.246955	2.812206
24150	-1241.286	-1452.142	210.8559	0.6415117	7.237833	1.168869	0.785778	0.214222	2.875895
24156	-1241.201	-1452.314	211.1132	0.7520058	6.98814	1.35044	0.721253	0.278747	2.589337
24162	-1245.305	-1456.988	211.6825	0.7908726	6.668713	1.644868	0.721253	0.278747	2.108838
24168	-1253.846	-1464.321	210.4745	0.6839282	6.668713	1.644868	0.77554	0.22446	2.930903
24174	-1252.053	-1462.056	210.0035	0.5889384	3.866042	1.412691	0.713134	0.286866	3.812856
24180	-1257.874	-1467.901	210.0266	0.7320718	3.866042	1.432268	0.693971	0.306029	3.708349
24186	-1265.042	-1475.21	210.1686	0.5900724	3.866042	1.432203	0.628227	0.371773	3.708349
24192	-1245.099	-1456.429	211.3293	1.01746	9.881693	1.284105	0.752817	0.247183	1.975227
24198	-1248.405	-1459.963	211.5572	0.9195485	7.950928	1.495683	0.736121	0.263879	2.002618
24204	-1253.992	-1464.731	210.7394	0.6512978	7.503007	1.049078	0.780895	0.219105	2.974562
24210	-1243.096	-1454.683	211.5867	0.816393	7.217408	1.432105	0.768189	0.231811	2.178098
24216	-1243.654	-1455.96	212.3059	1.075579	7.232934	1.432105	0.809903	0.190097	1.501231
24222	-1230.221	-1441.149	210.9272	0.8627954	7.950928	0.6138988	0.696634	0.303366	2.986255
24228	-1230.202	-1441.254	211.0526	0.6338905	9.533675	1.068267	0.730394	0.269606	2.558487
24234	-1230.424	-1441.313	210.8898	0.7234061	9.30877	1.068267	0.664016	0.335984	2.626953
24240	-1241.838	-1452.785	210.9466	0.7856948	7.743953	0.9016862	0.7227	0.2773	2.830247
24246	-1252.829	-1464.028	211.1995	0.7876737	8.204647	0.9705379	0.829691	0.170309	2.57563
24252	-1257.21	-1468.745	211.5346	0.6058216	6.148701	1.735632	0.739493	0.260507	2.36081
24258	-1249.609	-1462.072	212.4631	1.013831	5.674546	1.25567	0.739493	0.260507	1.789601
24264	-1235.588	-1447.772	212.1847	1.013119	4.877272	1.547143	0.739947	0.260053	1.971684
24270	-1233.127	-1443.926	210.7992	0.9055805	4.369992	2.365645	0.672492	0.327508	2.705565
24276	-1233.826	-1445.007	211.1817	0.741327	4.369992	2.007705	0.747647	0.252353	2.691905
24282	-1231.855	-1442.094	210.2384	0.7508186	4.369992	2.344654	0.740172	0.259828	3.143833
24288	-1229.011	-1440.352	211.3409	0.9514601	4.194589	1.461622	0.742685	0.257315	2.720545
24294	-1225.555	-1436.207	210.6522	0.917957	5.360837	2.299165	0.638345	0.361655	2.634367
24300	-1228.435	-1439.255	210.8197	0.777253	4.085309	2.299165	0.628917	0.371083	2.848291
24306	-1230.413	-1442.403	211.99	0.9647774	4.929046	2.084096	0.728002	0.271998	1.895296
24312	-1234.945	-1446.717	211.772	1.239169	4.929046	1.986691	0.613283	0.386717	1.895296
24318	-1252.942	-1465.017	212.0748	1.034087	4.929046	1.943832	0.748756	0.251244	1.845977
24324	-1244.71	-1456.627	211.9173	0.7606236	6.139692	1.721616	0.786721	0.213279	2.01966
24330	-1249.74	-1459.37	209.6301	0.8705903	5.125163	1.686888	0.606467	0.393533	3.527971
24336	-1249.846	-1459.839	209.9924	0.5082807	5.125163	1.686888	0.780222	0.219778	3.527971
24342	-1239.278	-1449.954	210.6765	0.5653451	4.922332	1.37112	0.643356	0.356644	3.260887
24348	-1229.485	-1439.757	210.2724	0.680963	4.395108	1.37112	0.644387	0.355613	3.522049
24354	-1248.051	-1456.752	208.7004	0.5848235	4.395108	1.37112	0.643123	0.356877	4.475966
24360	-1253.517	-1463.548	210.0307	0.5129509	4.395108	1.993813	0.632328	0.367672	3.515189
24366	-1244.887	-1456.037	211.15	0.903743	4.563062	1.993813	0.69255	0.30745	2.579628
24372	-1247.914	-1458.02	210.1056	0.8783726	4.563062	1.650412	0.64252	0.35748	3.354415
24378	-1239.849	-1449.768	209.9185	0.6813507	3.584047	1.682578	0.673216	0.326784	3.754926
24384	-1256.474	-1466.445	209.971	0.4365025	4.138499	1.682578	0.616051	0.383949	3.754926
24390	-1243.35	-1452.53	209.1797	0.4255429	4.17262	1.750897	0.702453	0.297547	4.18175
24396	-1246.306	-1455.511	209.2044	0.5815038	4.677609	1.750897	0.686859	0.313141	3.989531
24402	-1253.559	-1464.948	211.3887	0.9811887	5.8273	1.533069	0.813538	0.186462	2.352845
24408	-1258.276	-1470.501	212.2252	1.055	5.568374	0.7430169	0.813538	0.186462	2.283405
24414	-1248.157	-1458.993	210.8361	0.6756073	6.562415	1.381294	0.786592	0.213408	2.847978
24420	-1245.107	-1455.987	210.8797	0.8460375	4.941309	1.354286	0.719185	0.280815	2.977419
24426	-1247.806	-1459.497	211.6915	0.7279372	3.804138	1.333418	0.719185	0.280815	2.784055
24432	-1242.241	-1454	211.7593	0.881682	3.596731	2.088153	0.671678	0.328322	2.37886
24438	-1243.293	-1454.494	211.2009	1.025475	3.596731	2.098882	0.637913	0.362087	2.634082
24444	-1244.514	-1454.816	210.3016	0.8215529	4.427721	2.098882	0.680824	0.319176	3.132468
24450	-1232.188	-1443.296	211.1077	0.6794735	5.823316	1.345423	0.658255	0.341745	2.803543
24456	-1251.743	-1462.883	211.1402	0.658665	6.145057	0.9526279	0.621178	0.378822	2.964658
24462	-1238.327	-1448.975	210.6472	0.6554717	6.145057	0.9526279	0.755692	0.244308	3.260325
24468	-1242.922	-1453.262	210.3393	0.7783887	5.09853	0.9526279	0.77022	0.22978	3.525454
24474	-1243.117	-1452.854	209.7379	0.6319978	3.829029	0.9172369	0.714366	0.285634	4.202097
24480	-1244.939	-1455.791	210.852	0.7458511	3.829029	1.625298	0.67556	0.32444	3.142527
24486	-1242.143	-1451.624	209.4802	0.7412582	4.493431	1.573207	0.67556	0.32444	3.84076
24492	-1245.939	-1455.46	209.5212	0.7412582	4.892606	1.606605	0.754666	0.245334	3.735681
24498	-1244.262	-1454.915	210.6536	0.4572076	5.030467	1.606605	0.626151	0.373849	3.217395
24504	-1246.777	-1456.728	209.9506	0.6012555	5.030467	1.429637	0.721501	0.278499	3.620268
24510	-1249.876	-1459.191	209.3144	0.540955	5.506072	1.429637	0.725789	0.274211	3.947909
24516	-1261.569	-1471.963	210.3937	0.6589323	5.506072	1.429637	0.656781	0.343219	3.25234
24522	-1260.623	-1471.164	210.5411	0.5472922	5.444116	1.28961	0.657571	0.342429	3.306227
24528	-1261.902	-1472.857	210.9552	0.8873731	5.650642	1.004759	0.748543	0.251457	2.979345
24534	-1266.674	-1477.843	211.1689	0.9241113	4.731363	1.004759	0.707264	0.292736	2.979345
24540	-1262.327	-1472.233	209.9062	0.7935699	4.522282	1.457344	0.762914	0.237086	3.608205
24546	-1252.52	-1463.303	210.7834	0.8261747	3.855161	1.457344	0.600578	0.399422	3.201856
24552	-1273.937	-1485.73	211.7924	0.8403237	5.919153	1.377773	0.812036	0.187964	2.245114
24558	-1264.184	-1476.333	212.149	0.9366775	5.045968	1.112184	0.693258	0.306742	2.245114
24564	-1254.228	-1465.875	211.6469	0.9112996	3.855161	1.457344	0.653743	0.346257	2.629003
24570	-1256.721	-1468.627	211.906	1.105677	4.98469	2.010062	0.819006	0.180994	1.874931
24576	-1239.907	-1452.081	212.1741	1.132036	4.98469	1.512631	0.770853	0.229147	1.894913
24582	-1249.243	-1461.389	212.1457	0.9628151	4.98469	1.301329	0.712817	0.287183	2.13496
24588	-1252.684	-1463.173	210.4892	1.088597	4.98469	2.648045	0.697906	0.302094	2.585956
24594	-1253.8	-1464.789	210.9891	0.90557	5.287408	2.648045	0.682571	0.317429	2.33498
24600	-1249.066	-1459.86	210.7942	0.90557	5.183344	2.648045	0.685675	0.314325	2.47572
24606	-1248.542	-1460.248	211.7062	1.088905	5.183344	2.648045	0.755951	0.244049	1.756443
24612	-1261.631	-1472.094	210.4636	0.7629682	4.623082	1.285029	0.71576	0.28424	3.362101
24618	-1253.75	-1464.134	210.3839	0.7979463	5.36568	0.6817626	0.751653	0.248347	3.630126
24624	-1244.989	-1456.086	211.0966	1.014671	5.36568	0.6062548	0.741904	0.258096	3.146069
24630	-1251.956	-1463.732	211.7751	1.014671	5.16973	0.6062548	0.744247	0.255753	2.769389
24636	-1242.164	-1452.773	210.609	0.7855663	4.573926	1.090242	0.723816	0.276184	3.372726
24642	-1242.008	-1453.077	211.0684	0.8613521	4.700294	2.152148	0.712438	0.287562	2.575089
24648	-1237.551	-1448.223	210.6725	0.5854334	4.987869	2.522898	0.716848	0.283152	2.818498
24654	-1233.37	-1444.61	211.2397	0.6704706	5.163776	1.596161	0.771381	0.228619	2.718735
24660	-1240.694	-1451.076	210.382	0.5773695	5.163776	1.931664	0.734153	0.265847	3.1606
24666	-1235.937	-1446.899	210.9621	0.7271542	5.630759	1.931664	0.734153	0.265847	2.645104
24672	-1240.717	-1451.603	210.8863	0.5994342	5.630759	1.904283	0.710634	0.289366	2.780061
24678	-1243.528	-1453.802	210.2735	0.677012	5.630759	2.777453	0.780558	0.219442	2.828239
24684	-1246.889	-1459.013	212.1242	1.049777	5.048162	1.407317	0.763027	0.236973	2.024693
24690	-1255.669	-1466.228	210.5589	0.7684574	4.549151	1.407317	0.729277	0.270723	3.258379
24696	-1261.664	-1471.869	210.2049	0.619136	5.429688	1.407317	0.655578	0.344422	3.408603
24702	-1275.47	-1486.926	211.4558	0.9125526	6.243083	1.4762	0.813151	0.186849	2.316765
24708	-1258.477	-1469.934	211.4578	0.7617298	7.724133	1.4762	0.86366	0.13634	2.209492
24714	-1255.003	-1465.079	210.0755	0.7386457	4.893388	2.885138	0.686833	0.313167	3.00148
24720	-1250.073	-1461.022	210.949	0.9293278	4.893388	2.885138	0.681814	0.318186	2.346257
24726	-1250.221	-1460.83	210.6087	0.8517919	4.614588	2.530213	0.704801	0.295199	2.75883
24732	-1249.403	-1459.651	210.2474	0.7701091	4.614588	2.888334	0.730487	0.269513	2.927337
24738	-1261.844	-1471.592	209.7476	0.7212386	5.290324	1.999323	0.725795	0.274205	3.406053
24744	-1260.712	-1472.057	211.3453	0.5450465	5.36082	1.272273	0.752604	0.247396	2.84899
24750	-1256.307	-1466.004	209.6966	0.5488586	4.841507	1.999323	0.737152	0.262848	3.608959
24756	-1256.949	-1467.137	210.1884	0.616672	5.753552	1.521329	0.662556	0.337444	3.320991
24762	-1268.177	-1478.403	210.2261	0.6553941	7.576428	1.029744	0.812971	0.187029	3.280143
24768	-1261.387	-1472.105	210.7187	0.6341494	7.576428	1.02504	0.733967	0.266033	3.002577
24774	-1254.144	-1464.926	210.7819	0.6300416	7.576428	0.7281146	0.746973	0.253027	3.163969
24780	-1243.223	-1453.953	210.7299	0.6474335	7.437764	1.36247	0.746532	0.253468	2.825631
24786	-1256.826	-1468.514	211.6878	0.843884	5.646438	1.205735	0.714504	0.285496	2.442654
24792	-1240.852	-1452.22	211.3681	0.8553702	6.216642	1.413046	0.714504	0.285496	2.442654
24798	-1244.391	-1454.728	210.337	0.649364	6.019465	1.245256	0.765347	0.234653	3.303171
24804	-1245.557	-1455.281	209.7237	0.6702025	4.732384	2.076535	0.700413	0.299587	3.515117
24810	-1244.229	-1455.247	211.0185	0.812748	4.732384	1.322459	0.709553	0.290447	2.965514
24816	-1234.423	-1445.529	211.1058	0.7382899	4.360109	1.834612	0.764455	0.235545	2.806116
24822	-1246.571	-1457.379	210.8076	0.5756526	6.206176	1.437356	0.673487	0.326513	2.948869
24828	-1243.668	-1454.508	210.8401	0.7413732	3.905457	2.132218	0.698319	0.301681	2.948869
24834	-1239.771	-1450.441	210.6698	0.7413732	3.905457	2.018076	0.72322	0.27678	3.089865
24840	-1241.053	-1450.91	209.8565	0.5607212	5.267105	1.636362	0.73222	0.26778	3.574027
24846	-1236.426	-1446.193	209.7673	0.5998789	5.004421	1.312087	0.729766	0.270234	3.784745
24852	-1242.049	-1451.318	209.2684	0.5706033	5.004421	1.251448	0.646316	0.353684	4.115887
24858	-1254.615	-1464.406	209.7912	0.3786967	5.004421	1.251448	0.706275	0.293725	3.926951
24864	-1250.82	-1460.992	210.172	0.3509377	4.640961	1.509407	0.738009	0.261991	3.66764
24870	-1253.632	-1463.805	210.1731	0.4586075	4.640961	1.495652	0.614156	0.385844	3.610413
24876	-1250.769	-1460.908	210.1392	0.5720422	4.640961	2.146308	0.635441	0.364559	3.322126
24882	-1252.225	-1463.044	210.8195	0.7105774	4.023385	1.657205	0.599593	0.400407	3.130325
24888	-1240.739	-1451.126	210.3866	0.4879498	5.685731	1.474587	0.661328	0.338672	3.310364
24894	-1234.148	-1444.466	210.318	0.668181	4.252654	1.474587	0.639944	0.360056	3.482957
24900	-1245.794	-1456.529	210.7358	0.789921	4.179378	1.474587	0.639944	0.360056	3.17942
24906	-1256.652	-1468.102	211.4503	1.046657	4.179378	1.534103	0.639944	0.360056	2.564579
24912	-1249.044	-1460.392	211.3481	0.8076485	5.237459	1.428009	0.711104	0.288896	2.630909
24918	-1238.848	-1450.012	211.1639	0.7975425	5.237459	1.428009	0.701035	0.298965	2.750237
24924	-1236.902	-1447.449	210.5467	0.7835239	4.801544	1.654238	0.701035	0.298965	3.106276
24930	-1252.027	-1462.809	210.7818	0.5946867	4.801544	1.587315	0.737073	0.262927	3.106276
24936	-1254.552	-1465.349	210.7968	0.5796584	4.801544	1.587315	0.753812	0.246188	3.106276
24942	-1251.144	-1462.67	211.5264	1.275533	3.831784	2.111034	0.653399	0.346601	2.213983
24948	-1243.639	-1454.857	211.2183	0.9515608	4.396838	2.40496	0.632615	0.367385	2.398583
24954	-1246.357	-1456.041	209.6837	0.5998709	3.916359	2.015533	0.63931	0.36069	3.749287
24960	-1246.798	-1456.836	210.0373	0.6863739	3.641936	1.597443	0.671197	0.328803	3.704865
24966	-1255.473	-1465.8	210.327	0.5226123	3.641936	1.699593	0.7445	0.2555	3.591483
24972	-1236.761	-1446.298	209.5372	0.650086	3.588622	1.699593	0.642535	0.357465	3.984283
24978	-1243.51	-1454.381	210.8713	0.7791883	3.588622	1.699593	0.642535	0.357465	3.132433
24984	-1240.2	-1450.375	210.1752	0.6200902	4.442854	1.699593	0.596553	0.403447	3.467082
24990	-1240.282	-1450.665	210.3829	0.6567825	4.442854	2.653862	0.652323	0.347677	3.009305
24996	-1243.705	-1453.959	210.2535	0.636307	4.369146	2.245066	0.737626	0.262374	3.234003
25002	-1250.501	-1461.158	210.6577	0.6030694	3.909296	1.86232	0.738671	0.261329	3.234003
25008	-1259.251	-1470.509	211.2584	0.848846	4.769577	1.86232	0.720407	0.279593	2.557638
25014	-1265.46	-1476.498	211.0375	0.8213019	5.844987	1.799623	0.686232	0.313768	2.557638
25020	-1254.234	-1465.582	211.3481	0.8298775	6.428267	1.089236	0.758491	0.241509	2.611511
25026	-1259.79	-1470.701	210.9116	0.6834379	6.984978	1.089236	0.744611	0.255389	2.89284
25032	-1242.652	-1453.397	210.745	0.5562913	6.984978	1.221552	0.738711	0.261289	2.998264
25038	-1232.339	-1442.931	210.5914	0.6464117	5.769054	1.337524	0.752414	0.247586	3.145667
25044	-1240.621	-1452.01	211.3886	0.8972638	5.478927	0.918128	0.752414	0.247586	2.791864
25050	-1244.973	-1456.57	211.597	0.7695266	5.410084	0.918128	0.80021	0.19979	2.75366
25056	-1249.118	-1461.427	212.3092	1.064848	4.630001	1.635664	0.785591	0.214409	1.859298
25062	-1253.058	-1464.059	211.0017	0.8612796	4.630001	2.87749	0.67368	0.32632	2.406795
25068	-1242.786	-1453.498	210.7113	0.6394762	4.829987	1.770716	0.660469	0.339531	3.042969
25074	-1253.622	-1465.352	211.7301	0.5701754	4.829987	1.770716	0.702036	0.297964	2.462401
25080	-1244.45	-1455.399	210.9498	0.7707736	5.265287	1.66505	0.716288	0.283712	2.788809
25086	-1249.606	-1460.427	210.8214	0.7211402	5.265287	2.320143	0.650601	0.349399	2.660292
25092	-1239.548	-1450.7	211.1524	0.8028161	6.275482	1.736226	0.725364	0.274636	2.45864
25098	-1246.226	-1458.26	212.0335	0.8462122	7.098748	1.618052	0.843915	0.156085	1.785301
25104	-1241.593	-1452.592	210.9986	0.9511744	6.533905	1.822219	0.715863	0.284137	2.389987
25110	-1248.058	-1458.595	210.5371	0.8029787	4.456725	1.724342	0.738945	0.261055	3.133774
25116	-1245.801	-1456.894	211.0923	0.824405	4.251617	1.724342	0.738945	0.261055	2.825999
25122	-1262.229	-1472.965	210.7365	0.7797387	4.731876	1.413476	0.738077	0.261923	3.111187
25128	-1254.765	-1465.352	210.5866	0.8391183	4.731876	1.413476	0.758139	0.241861	3.16501
25134	-1253.428	-1463.757	210.3293	0.6378209	5.132108	1.413476	0.768651	0.231349	3.368703
25140	-1250.079	-1460.61	210.5315	0.6731458	5.132108	1.413476	0.708476	0.291524	3.228764
25146	-1254.191	-1464.759	210.5685	0.6502885	5.132108	1.773071	0.716001	0.283999	3.070151
25152	-1258.29	-1467.965	209.6755	0.6721815	6.318136	1.778973	0.698394	0.301606	3.406613
25158	-1265.437	-1474.183	208.7467	0.6237232	6.318136	1.083208	0.6758	0.3242	4.277499
25164	-1235.795	-1447.228	211.4332	0.6523283	7.439797	0.9926624	0.766009	0.233991	2.592612
25170	-1237.387	-1448.185	210.7981	0.6931154	5.07254	0.9926624	0.765673	0.234327	3.286795
25176	-1233.383	-1443.985	210.6012	0.7492713	5.517212	1.90426	0.765673	0.234327	2.879906
25182	-1233.508	-1444.037	210.5289	0.6740113	5.517212	1.590309	0.693726	0.306274	3.091735
25188	-1237.78	-1448.42	210.6399	0.8166735	5.365589	1.590309	0.701304	0.298696	2.963568
25194	-1245.012	-1454.558	209.5455	0.6129829	4.615959	1.792234	0.627207	0.372793	3.77089
25200	-1240.682	-1450.999	210.3176	0.6975958	5.065766	1.452539	0.725196	0.274804	3.333793
25206	-1237.562	-1447.666	210.1041	0.6049698	6.272685	1.452539	0.70748	0.29252	3.333793
25212	-1237.226	-1447.655	210.4288	0.7599832	4.487058	1.625538	0.746535	0.253465	3.257457
25218	-1237.755	-1447.849	210.0937	0.5661615	5.184256	1.098361	0.746535	0.253465	3.694438
25224	-1249.251	-1459.688	210.4369	0.6864229	5.055698	1.018683	0.747097	0.252903	3.4901
25230	-1247.441	-1457.486	210.0451	0.6415917	6.207801	1.018683	0.717973	0.282027	3.573382
25236	-1242.344	-1453.124	210.7796	0.6058575	6.207801	1.018683	0.768318	0.231682	3.162996
25242	-1246.471	-1457.338	210.8673	0.7831572	6.207801	1.018683	0.723571	0.276429	3.004853
25248	-1240.616	-1452.119	211.5023	0.9434028	6.661361	1.2114	0.747743	0.252257	2.342051
25254	-1252.077	-1463.599	211.522	0.9527463	6.661361	1.2114	0.645306	0.354694	2.323579
25260	-1235.668	-1447.412	211.7438	0.734603	6.644615	1.2114	0.766531	0.233469	2.323579
25266	-1237.859	-1449.5	211.6412	0.9760975	7.467155	0.888748	0.78294	0.21706	2.323579
25272	-1247.85	-1459.026	211.176	0.8422638	7.467155	1.185701	0.782791	0.217209	2.518232
25278	-1243.317	-1453.759	210.4417	0.8422638	7.467155	1.367157	0.795914	0.204086	2.876412
25284	-1228.765	-1439.735	210.9701	0.6890042	6.749512	1.469368	0.72852	0.27148	2.691741
25290	-1234.668	-1445.58	210.9115	0.6918568	6.749512	1.081746	0.735027	0.264973	2.922803
25296	-1235.811	-1446.407	210.5963	0.6031001	8.561781	1.39358	0.708105	0.291895	2.788969
25302	-1236.633	-1446.673	210.0405	0.7317693	6.842844	1.39358	0.684198	0.315802	3.247734
25308	-1236.752	-1446.95	210.1973	0.5749095	6.842844	1.39358	0.656614	0.343386	3.247734
25314	-1245.613	-1455.986	210.3735	0.5122965	5.817706	1.227836	0.721699	0.278301	3.399933
25320	-1265.375	-1476.104	210.7286	0.7198814	4.572137	1.626652	0.606212	0.393788	3.087462
25326	-1260.242	-1471.629	211.3868	0.8422379	4.572137	0.9933668	0.606212	0.393788	2.932873
25332	-1261.54	-1472.749	211.2087	0.7823142	4.840202	1.654431	0.754324	0.245676	2.70015
25338	-1261.655	-1473.241	211.5856	0.835729	5.555095	1.654431	0.617592	0.382408	2.309685
25344	-1237.977	-1449.723	211.7455	0.8491147	6.062651	1.59094	0.704215	0.295785	2.145049
25350	-1234.128	-1446.206	212.0788	0.9655491	4.684862	1.59094	0.766884	0.233116	2.09001
25356	-1237.259	-1448.888	211.6295	0.6703737	5.279756	1.735681	0.809028	0.190972	2.398213
25362	-1238.622	-1450.172	211.5506	0.6512933	5.498068	1.801605	0.667243	0.332757	2.396858
25368	-1232.045	-1442.574	210.5289	0.5959099	5.955007	1.801605	0.68807	0.31193	2.98837
25374	-1243.77	-1454.789	211.0189	0.7656278	5.354609	1.801605	0.797001	0.202999	2.680241
25380	-1245.505	-1456.604	211.099	0.726633	5.165588	1.884427	0.745667	0.254333	2.654352
25386	-1237.165	-1447.779	210.614	0.5253736	4.822639	1.884427	0.716688	0.283312	3.127654
25392	-1235.452	-1446.296	210.8437	0.7477484	6.649898	1.042029	0.72526	0.27474	2.966001
25398	-1243.759	-1454.016	210.2569	0.5660201	6.821405	1.268805	0.72526	0.27474	3.279872
25404	-1248.064	-1458.777	210.7137	0.5421755	7.34014	1.305945	0.817514	0.182486	2.938574
25410	-1241.107	-1451.868	210.7611	0.6554778	7.13375	1.305945	0.673356	0.326644	2.867245
25416	-1234.978	-1446.173	211.1954	0.7115895	7.13375	1.305945	0.70554	0.29446	2.566646
25422	-1239.619	-1450.86	211.2413	0.6505719	4.717331	1.601458	0.70554	0.29446	2.804863
25428	-1247.45	-1457.62	210.1694	0.5734257	4.69844	1.601458	0.707362	0.292638	3.49169
25434	-1240.407	-1452.084	211.6772	0.8131732	4.961559	1.123919	0.767779	0.232221	2.627921
25440	-1249.63	-1460.468	210.8379	0.7361737	7.343922	1.195908	0.761348	0.238652	2.801687
25446	-1235.907	-1447.054	211.1471	0.6341524	7.124979	1.277203	0.758866	0.241134	2.660151
25452	-1239.704	-1450.397	210.6924	0.7868882	4.916531	1.465027	0.697608	0.302392	3.078131
25458	-1253.172	-1464.01	210.8379	0.5997072	6.022111	1.025545	0.706505	0.293495	3.154191
25464	-1247.807	-1458.346	210.5385	0.6024485	5.07355	1.70113	0.739253	0.260747	3.154191
25470	-1247.536	-1458.151	210.6149	0.7275092	5.07355	1.70113	0.70154	0.29846	3.034053
25476	-1253.368	-1464.231	210.8631	0.7414326	4.555646	1.832785	0.699651	0.300349	2.91548
25482	-1251.775	-1462.9	211.1249	0.8356213	4.352684	1.317095	0.718257	0.281743	2.959723
25488	-1243.792	-1454.814	211.0224	0.8168856	4.352684	2.273948	0.730945	0.269055	2.655643
25494	-1254.092	-1464.797	210.7043	0.6669771	4.352684	1.935926	0.66384	0.33616	3.055087
25500	-1249.249	-1460.26	211.0109	0.66087	4.352684	2.153408	0.717759	0.282241	2.798165
25506	-1249.651	-1460.384	210.7335	0.7425304	4.733574	2.20006	0.711473	0.288527	2.831302
25512	-1249.235	-1460.814	211.5794	0.8016719	6.700039	1.328199	0.76396	0.23604	2.315671
25518	-1254.135	-1465.837	211.7024	1.060514	6.700039	1.690264	0.719392	0.280608	1.89063
25524	-1238.151	-1449.468	211.3174	0.8493956	7.689482	1.225634	0.719392	0.280608	2.37535
25530	-1234.72	-1446.22	211.5007	0.6083255	7.689482	1.35034	0.797552	0.202448	2.346649
25536	-1237.346	-1448.43	211.0841	0.5940781	7.355261	1.197368	0.76994	0.23006	2.735976
25542	-1243.381	-1454.554	211.1735	0.6315069	6.667283	1.197368	0.781214	0.218786	2.747667
25548	-1236.665	-1447.559	210.894	0.5891399	6.667283	1.197368	0.791266	0.208734	2.942974
25554	-1238.619	-1449.629	211.0103	0.5984216	6.667283	1.109122	0.75865	0.24135	2.91503
25560	-1238.846	-1449.36	210.5143	0.6219356	4.682547	1.56335	0.716372	0.283628	3.279407
25566	-1243.657	-1454.303	210.6463	0.795971	5.635503	1.56335	0.716372	0.283628	2.941528
25572	-1251.905	-1462.845	210.9399	0.5247743	6.777247	1.56335	0.743652	0.256348	2.765148
25578	-1249.95	-1461.113	211.1623	0.7045573	5.864804	1.801408	0.72186	0.27814	2.548883
25584	-1250.864	-1462.283	211.4195	0.8019709	5.864804	1.801408	0.72186	0.27814	2.325784
25590	-1255.308	-1467.335	212.0276	1.085095	6.9206	1.085857	0.694462	0.305538	1.943661
25596	-1255.787	-1466.332	210.5458	0.866406	6.448614	1.085857	0.647847	0.352153	3.075458
25602	-1243.411	-1454.163	210.7522	0.8063134	5.043977	1.817244	0.655801	0.344199	2.863529
25608	-1237.077	-1447.284	210.2065	0.8226301	4.722287	1.817244	0.715448	0.284552	3.235243
25614	-1242.417	-1453.335	210.9186	0.6964926	4.722287	1.817244	0.715448	0.284552	2.885001
25620	-1242.321	-1452.419	210.0981	0.8185387	4.671571	1.391707	0.712561	0.287439	3.485047
25626	-1242.59	-1452.455	209.8648	0.6946197	4.671571	1.143341	0.64923	0.35077	3.812546
25632	-1242.953	-1453.613	210.6605	0.7206995	4.671571	1.143341	0.721304	0.278696	3.3347
25638	-1251.218	-1461.286	210.0674	0.7235833	5.34325	1.658684	0.728757	0.271243	3.3347
25644	-1242.138	-1452.237	210.0997	0.8390563	4.810134	1.658684	0.728757	0.271243	3.3347
25650	-1244.407	-1455.687	211.2803	0.9381652	7.37706	1.386496	0.721464	0.278536	2.298563
25656	-1244.494	-1456.468	211.9737	0.988068	7.37706	1.409423	0.835082	0.164918	1.79411
25662	-1238.92	-1449.904	210.9838	0.8808069	10.66866	1.253568	0.835261	0.164739	2.228783
25668	-1230.208	-1441.429	211.2203	0.8461126	10.66866	1.253568	0.86349	0.13651	2.09755
25674	-1236.888	-1447.784	210.8956	0.7502816	10.66866	1.253568	0.747559	0.252441	2.368556
25680	-1229.292	-1440.619	211.3271	0.8054106	10.66866	1.253568	0.803802	0.196198	2.053994
25686	-1232.749	-1443.847	211.0982	0.6732696	7.919657	1.099265	0.797266	0.202734	2.664576
25692	-1229.764	-1440.884	211.12	0.7772841	7.919657	1.166645	0.78867	0.21133	2.54878
25698	-1241.418	-1452.861	211.4429	0.8106295	8.085889	1.166645	0.78867	0.21133	2.304466
25704	-1238.97	-1450.964	211.9942	0.9812794	6.925668	1.190803	0.757302	0.242698	1.971118
25710	-1241.418	-1453.327	211.9088	1.092392	6.159873	0.8775347	0.786109	0.213891	2.267935
25716	-1233.562	-1445.375	211.8136	0.9269244	6.263229	1.593766	0.814424	0.185576	2.01657
25722	-1240.89	-1451.331	210.4414	0.7252675	5.745297	1.300114	0.735622	0.264378	3.209433
25728	-1240.952	-1453.014	212.062	1.014217	4.676385	1.140083	0.812331	0.187669	2.302815
25734	-1241.359	-1452.147	210.788	0.8619697	5.955362	1.956804	0.740444	0.259556	2.61025
25740	-1240.969	-1451.808	210.8384	0.6571685	5.955362	1.96602	0.718371	0.281629	2.702003
25746	-1233.714	-1446.091	212.3772	0.97227	5.100844	1.96602	0.782839	0.217161	1.634101
25752	-1240.201	-1451.997	211.7959	0.9970054	4.639975	1.316694	0.725818	0.274182	2.393578
25758	-1259.575	-1470.672	211.097	0.9970054	4.532344	2.552453	0.770773	0.229227	2.374014
25764	-1261.235	-1470.689	209.4536	0.7801357	4.151122	2.479146	0.687567	0.312433	3.588708
25770	-1252.713	-1464.301	211.5883	0.8305467	4.151122	2.343641	0.720553	0.279447	2.310224
25776	-1239.45	-1450.018	210.5682	0.8599116	5.252448	2.41913	0.699819	0.300181	2.701553
25782	-1236.007	-1447.016	211.0092	0.8686475	5.465458	2.41913	0.737054	0.262946	2.386428
25788	-1231.486	-1443.542	212.0554	0.8963859	5.964982	1.253921	0.743556	0.256444	2.095947
25794	-1248.834	-1460.187	211.3524	0.6422224	7.120299	1.321025	0.736309	0.263691	2.506185
25800	-1257.524	-1467.703	210.179	0.7017412	5.198443	1.483996	0.703459	0.296541	3.377576
25806	-1257.288	-1469.457	212.1696	1.069297	5.198443	0.9304813	0.709735	0.290265	2.234834
25812	-1249.623	-1460.299	210.6761	0.7287763	5.71053	1.392276	0.749508	0.250492	3.028973
25818	-1245.684	-1456.908	211.2248	0.8014612	4.067734	1.405545	0.746426	0.253574	2.933366
25824	-1237.853	-1448.241	210.3878	0.695726	5.272569	1.405545	0.729005	0.270995	3.281376
25830	-1244.7	-1455.726	211.0257	0.6514065	4.932201	1.702659	0.75425	0.24575	2.855747
25836	-1239.262	-1449.604	210.3412	0.7742008	5.154064	1.676262	0.762935	0.237065	3.166114
25842	-1237.396	-1447.387	209.9918	0.645504	5.154064	1.90555	0.638864	0.361136	3.361735
25848	-1238.138	-1448.639	210.5012	0.645504	4.806721	1.63864	0.700812	0.299188	3.220659
25854	-1247.016	-1458.037	211.021	0.7773048	4.806721	1.624105	0.691175	0.308825	2.836357
25860	-1239.506	-1449.963	210.4566	0.6571568	6.338118	1.764439	0.731665	0.268335	2.954858
25866	-1231.129	-1443.005	211.876	0.8307002	6.338118	1.326053	0.809912	0.190088	2.159607
25872	-1241.349	-1452.652	211.303	0.7448688	7.31593	1.326053	0.750604	0.249396	2.444916
25878	-1237.917	-1449.162	211.2458	0.8493142	7.203128	1.326053	0.761932	0.238068	2.429811
25884	-1236.629	-1446.723	210.0933	0.7860293	6.209538	1.326053	0.750729	0.249271	3.3003
25890	-1233.158	-1444.051	210.8926	0.6831843	6.209538	1.326053	0.741748	0.258252	2.88479
25896	-1236.984	-1448.028	211.0449	0.7610042	6.209538	1.063469	0.711445	0.288555	2.88479
25902	-1244.92	-1455.867	210.9471	0.8588426	6.209538	1.063469	0.687538	0.312462	2.88479
25908	-1256.971	-1467.243	210.2724	0.7485362	6.293221	1.28574	0.738598	0.261402	3.224602
25914	-1245.746	-1455.994	210.2486	0.6172291	6.738197	1.353316	0.735146	0.264854	3.224602
25920	-1245.153	-1456.755	211.6016	0.6668524	7.170838	1.317537	0.748943	0.251057	2.328687
25926	-1238.352	-1450.126	211.7742	0.9092619	5.517395	1.096554	0.72855	0.27145	2.429752
25932	-1251.002	-1461.702	210.7003	0.8020419	5.651533	1.254297	0.733401	0.266599	3.046331
25938	-1248.666	-1459.14	210.4738	0.8130845	7.5404	1.025143	0.716957	0.283043	3.046331
25944	-1263.435	-1473.637	210.2026	0.8820297	5.254201	0.8988894	0.748068	0.251932	3.55313
25950	-1244.795	-1456.057	211.2623	1.079696	8.835782	1.025143	0.788514	0.211486	2.24534
25956	-1248.647	-1460.029	211.3827	0.9581001	8.835782	0.8677881	0.754901	0.245099	2.35106
25962	-1241.573	-1453.09	211.5175	0.9561474	6.237683	1.932191	0.771508	0.228492	2.051804
25968	-1237.209	-1448.371	211.1623	1.026953	6.278199	1.932191	0.767686	0.232314	2.231186
25974	-1246.053	-1456.506	210.4527	0.5642709	5.455385	1.39402	0.727133	0.272867	3.297339
25980	-1238.269	-1448.944	210.6748	0.5558431	5.455385	1.669462	0.752045	0.247955	3.052237
25986	-1237.747	-1448.548	210.8007	0.7250229	5.353924	1.669462	0.756364	0.243636	2.890876
25992	-1256.783	-1466.817	210.0343	0.5327512	5.662937	1.669462	0.718257	0.281743	3.413208
25998	-1245.158	-1456.358	211.2001	0.552688	5.662937	1.362545	0.789716	0.210284	2.84053
26004	-1250.74	-1461.678	210.9378	0.6918029	5.662937	1.444639	0.818319	0.181681	2.876713
26010	-1244.978	-1455.494	210.5155	0.7145491	5.731308	1.444639	0.706881	0.293119	3.106295
26016	-1242.899	-1453.907	211.0076	0.7376103	5.73684	1.466343	0.713909	0.286091	2.785348
26022	-1235.224	-1446.297	211.0723	0.8527902	4.97488	1.524258	0.762771	0.237229	2.772963
26028	-1228.983	-1440.066	211.0829	0.7729448	7.141637	0.990035	0.737776	0.262224	2.772963
26034	-1229.899	-1440.666	210.7669	0.7575004	5.9633	1.079851	0.727027	0.272973	3.07984
26040	-1233.515	-1443.814	210.2998	0.5648419	4.881491	1.264787	0.653755	0.346245	3.539404
26046	-1245.376	-1455.689	210.3122	0.7039472	4.881491	1.264787	0.619532	0.380468	3.45103
26052	-1256.895	-1468.823	211.9276	1.186309	5.965645	1.957861	0.71011	0.28989	1.646249
26058	-1253.408	-1465.002	211.5939	0.9704977	5.971403	1.987275	0.75296	0.24704	2.011867
26064	-1265.948	-1476.474	210.5261	0.9268241	5.750402	1.948729	0.68428	0.31572	2.765299
26070	-1251.742	-1462.435	210.6933	0.6360816	5.52774	1.317069	0.81077	0.18923	3.137441
26076	-1257.159	-1466.734	209.5752	0.7749981	3.727018	2.754327	0.737315	0.262685	3.529188
26082	-1252.848	-1463.777	210.9291	0.9414958	4.422141	2.754327	0.620901	0.379099	2.476375
26088	-1239.504	-1451.475	211.9714	0.7389421	5.381009	1.378856	0.766002	0.233998	2.282375
26094	-1235.782	-1447.126	211.3438	0.9409167	4.830493	1.378856	0.717684	0.282316	2.644847
26100	-1239.492	-1450.865	211.3734	0.858976	5.008949	1.378856	0.702545	0.297455	2.64585
26106	-1235.392	-1446.743	211.3516	0.8822692	5.757013	1.378856	0.702545	0.297455	2.522367
26112	-1230.599	-1442.469	211.87	0.8454886	4.584152	1.697182	0.764357	0.235643	2.27573
26118	-1234.479	-1445.55	211.0715	0.7591572	7.172685	1.066005	0.751111	0.248889	2.738942
26124	-1229.602	-1440.89	211.2883	0.6957538	6.672762	1.082919	0.79905	0.20095	2.7008
26130	-1227.871	-1438.834	210.9632	0.6205902	6.072295	1.082919	0.65145	0.34855	3.026894
26136	-1237.037	-1447.589	210.552	0.4602707	6.072295	1.623581	0.711505	0.288495	3.109365
26142	-1236.672	-1447.073	210.4012	0.4980215	6.072295	1.623581	0.667804	0.332196	3.176561
26148	-1239.292	-1450.807	211.5146	0.8647697	6.072295	1.266954	0.731447	0.268553	2.43974
26154	-1238.353	-1448.308	209.9559	0.7242525	5.415593	1.266954	0.731447	0.268553	3.560548
26160	-1253.88	-1465.974	212.0939	0.8362982	10.18683	0.7720662	0.871331	0.128669	1.892096
26166	-1244.807	-1456.841	212.0346	0.8490805	9.270138	0.7720662	0.852273	0.147727	2.022681
26172	-1239.917	-1451.296	211.3791	0.7891725	9.270138	0.7720662	0.851686	0.148314	2.482889
26178	-1241.629	-1452.789	211.1595	0.6356023	6.533457	0.9426583	0.79068	0.20932	2.919229
26184	-1232.644	-1442.727	210.0827	0.5586422	7.338869	0.9582077	0.789207	0.210793	3.491261
26190	-1237.827	-1448.663	210.8353	0.6850402	7.067801	0.9582077	0.807731	0.192269	3.004882
26196	-1246.172	-1456.572	210.3993	0.6870491	7.191897	0.9582077	0.718213	0.281787	3.247771
26202	-1244.489	-1455.434	210.9442	0.7338825	7.191897	0.9582077	0.718213	0.281787	2.894255
26208	-1247.816	-1458.723	210.9067	0.6525261	5.456821	1.157747	0.743426	0.256574	3.092328
26214	-1255.921	-1465.804	209.8827	0.5606021	5.061609	1.536002	0.752517	0.247483	3.632482
26220	-1241.578	-1452.54	210.9625	0.6765015	6.438807	1.406485	0.772878	0.227122	2.775681
26226	-1231.239	-1441.39	210.1506	0.6623793	6.438807	1.621913	0.739421	0.260579	3.177677
26232	-1250.086	-1461.266	211.1796	0.8716548	5.405482	2.200916	0.696793	0.303207	2.358957
26238	-1240.141	-1450.839	210.6979	0.7219616	4.16161	2.139213	0.687818	0.312182	2.99218
26244	-1233.254	-1444.185	210.9313	0.8116104	5.200066	1.217101	0.761967	0.238033	2.99218
26250	-1240.6	-1452.2	211.6003	1.015928	5.045187	1.535134	0.775537	0.224463	2.325649
26256	-1245.534	-1456.764	211.2305	0.8724375	6.186284	1.535134	0.740339	0.259661	2.465764
26262	-1244.493	-1455.327	210.8337	0.8821862	4.853466	1.812427	0.749495	0.250505	2.802564
26268	-1238.878	-1449.825	210.9476	0.7027793	5.981794	1.23742	0.796825	0.203175	2.916865
26274	-1246.717	-1458.968	212.251	1.213519	4.959571	0.9624157	0.701897	0.298103	2.109634
26280	-1256.948	-1467.219	210.2703	0.717838	5.632229	2.108143	0.746824	0.253176	3.008458
26286	-1253.03	-1463.417	210.3868	0.7314269	4.922352	2.033669	0.665067	0.334933	3.070154
26292	-1252.412	-1462.125	209.7129	0.5622449	4.465826	1.351574	0.636021	0.363979	3.91018
26298	-1261.575	-1472.208	210.6333	0.7204569	4.465826	1.104932	0.67174	0.32826	3.407939
26304	-1265.432	-1477.506	212.0737	1.185842	7.232201	1.103866	0.774163	0.225837	1.787021
26310	-1253.956	-1465.593	211.637	1.080015	5.819157	1.279716	0.745393	0.254607	2.257529
26316	-1263.178	-1475.385	212.2076	0.9309139	5.58341	1.279716	0.818072	0.181928	2.021197
26322	-1243.852	-1455.035	211.183	0.8614369	6.511517	1.266055	0.809251	0.190749	2.585656
26328	-1237.587	-1448.89	211.3027	0.8455896	6.511517	1.266055	0.746325	0.253675	2.521046
26334	-1247.288	-1457.716	210.4285	0.739903	6.511517	1.604785	0.624304	0.375696	2.962661
26340	-1248.951	-1460.454	211.5025	0.9264018	5.221609	1.661886	0.75528	0.24472	2.357623
26346	-1251.471	-1462.809	211.338	1.057464	4.64322	1.235717	0.717765	0.282235	2.682456
26352	-1246.636	-1457.418	210.782	0.76236	5.637056	1.552855	0.752554	0.247446	2.884182
26358	-1245.668	-1455.791	210.1228	0.6646448	6.395288	1.474726	0.728562	0.271438	3.261175
26364	-1247.129	-1458.215	211.0858	0.6971715	7.354682	1.474726	0.758079	0.241921	2.533642
26370	-1260.946	-1472.642	211.6961	0.8432895	5.796041	1.049885	0.81352	0.18648	2.503592
26376	-1256.715	-1468.52	211.8056	0.8563038	4.770544	1.120877	0.778458	0.221542	2.55732
26382	-1252.684	-1463.42	210.7362	0.6097024	4.770544	1.825037	0.73643	0.26357	3.035468
26388	-1268.486	-1479.197	210.7114	0.6241811	4.211747	2.087511	0.723675	0.276325	3.050286
26394	-1250.644	-1460.911	210.2672	0.592721	5.085695	1.379919	0.688191	0.311809	3.454279
26400	-1243.991	-1453.947	209.9561	0.6054725	5.085695	1.826489	0.754163	0.245837	3.445832
26406	-1247.927	-1458.812	210.8847	0.5998841	6.509274	1.32012	0.702965	0.297035	2.901109
26412	-1258.537	-1469.637	211.1005	0.6825711	7.343689	1.272338	0.784793	0.215207	2.633683
26418	-1256.204	-1466.852	210.6484	0.5247945	7.343689	1.272338	0.744742	0.255258	3.004498
26424	-1250.249	-1461.009	210.7604	0.7782429	4.447374	1.517539	0.619996	0.380004	3.102485
26430	-1261.78	-1472.568	210.788	0.6350265	7.343689	1.054694	0.69977	0.30023	2.971252
26436	-1275.893	-1486.527	210.6337	0.5421796	6.042298	1.271942	0.706734	0.293266	3.17463
26442	-1236.978	-1447.133	210.1551	0.6434948	4.738006	1.354673	0.746905	0.253095	3.55938
26448	-1239.64	-1450.445	210.8053	0.5296848	5.076894	1.555456	0.695043	0.304957	3.097971
26454	-1246.375	-1456.783	210.4081	0.6809911	6.49801	1.132414	0.747488	0.252512	3.235165
26460	-1251.556	-1461.93	210.3744	0.677935	4.855441	1.637356	0.77235	0.22765	3.268675
26466	-1256.303	-1466.906	210.6026	0.6946366	4.855441	1.637356	0.697857	0.302143	3.123503
26472	-1245.707	-1456.45	210.7432	0.6205827	6.771195	0.9793258	0.802294	0.197706	3.123503
26478	-1233.298	-1443.845	210.5473	0.6408794	5.237511	1.181049	0.687862	0.312138	3.334317
26484	-1241.357	-1451.404	210.0477	0.7153588	5.237511	1.52994	0.73163	0.26837	3.420652
26490	-1229.413	-1440.025	210.6115	0.8184604	5.237511	1.107897	0.716609	0.283391	3.230661
26496	-1227.322	-1437.97	210.6482	0.5760955	6.130412	1.107897	0.743758	0.256242	3.218837
26502	-1234.805	-1445.522	210.7171	0.7852642	6.130412	1.431619	0.698828	0.301172	2.890423
26508	-1240.424	-1451.452	211.028	0.6530704	4.25038	1.584949	0.731398	0.268602	3.025588
26514	-1235.39	-1446.62	211.2297	0.6610309	4.747922	1.681965	0.759007	0.240993	2.76652
26520	-1259.272	-1470.173	210.9005	0.7483971	5.410412	0.9018917	0.77185	0.22815	3.195528
26526	-1263.599	-1474.258	210.6587	0.836686	4.919403	1.592748	0.744732	0.255268	3.012723
26532	-1252.312	-1463.441	211.1291	0.6943931	5.351501	1.504914	0.698339	0.301661	2.78073
26538	-1257.769	-1467.721	209.9518	0.6032029	5.351501	1.504914	0.710872	0.289128	3.534978
26544	-1252.191	-1462.543	210.3511	0.661122	5.351501	1.647014	0.710164	0.289836	3.207531
26550	-1248.445	-1458.82	210.3746	0.6376276	5.351501	1.647014	0.725015	0.274985	3.207531
26556	-1245.87	-1456.273	210.403	0.7399576	5.189062	1.613419	0.723684	0.276316	3.169569
26562	-1240.592	-1451.076	210.484	0.7334826	5.189062	1.508798	0.701292	0.298708	3.169569
26568	-1233.903	-1444.719	210.8166	0.8923091	4.40149	1.508798	0.741197	0.258803	3.013034
26574	-1237.993	-1447.809	209.8157	0.7234369	5.266268	1.458962	0.710617	0.289383	3.577265
26580	-1241.922	-1451.07	209.1482	0.6196543	4.197629	1.695396	0.686832	0.313168	4.105462
26586	-1246.192	-1456.154	209.9624	0.6088156	3.917071	1.473249	0.665978	0.334022	3.788531
26592	-1246.292	-1455.628	209.3355	0.5035031	4.360452	1.473249	0.6902	0.3098	4.124537
26598	-1253.099	-1462.566	209.4677	0.6142574	4.499911	1.125612	0.562095	0.437905	4.124537
26604	-1247.485	-1457.836	210.3514	0.7397798	5.444922	1.550747	0.687127	0.312873	3.186049
26610	-1245.998	-1455.196	209.1982	0.6031319	5.996872	2.066153	0.677336	0.322664	3.66765
26616	-1238.521	-1448.204	209.6831	0.7439616	5.179725	2.042628	0.735061	0.264939	3.433237
26622	-1241.828	-1452.539	210.7108	0.9195321	5.250256	2.042628	0.686656	0.313344	2.702336
26628	-1245.675	-1457.029	211.3542	0.8763779	5.354592	1.498224	0.720177	0.279823	2.532506
26634	-1251.92	-1463.012	211.0924	0.9968427	4.839437	1.498224	0.711676	0.288324	2.707785
26640	-1250.906	-1462.901	211.9948	1.048732	3.34326	2.346573	0.742806	0.257194	2.091056
26646	-1238.373	-1451.275	212.9017	1.111497	3.140547	1.183156	0.71787	0.28213	2.014004
26652	-1239.226	-1451.433	212.2067	1.053845	3.614854	1.979366	0.652815	0.347185	2.014004
26658	-1249.414	-1461.056	211.6424	1.120361	3.614854	1.294709	0.714413	0.285587	2.634398
26664	-1240.433	-1450.961	210.5275	0.4384771	6.491358	1.589758	0.694619	0.305381	3.092934
26670	-1254.532	-1465.905	211.3734	0.8490423	4.704868	1.344842	0.629079	0.370921	2.722177
26676	-1248.203	-1458.95	210.7468	0.8969904	4.836605	2.286897	0.709714	0.290286	2.682143
26682	-1243.166	-1453.325	210.1595	0.7138459	4.154681	1.824621	0.709148	0.290852	3.427533
26688	-1230.872	-1441.106	210.2335	0.6169154	5.783556	1.224065	0.702224	0.297776	3.427533
26694	-1227.085	-1437.918	210.8334	0.7426059	5.783556	1.224065	0.702224	0.297776	2.997739
26700	-1251.479	-1462.154	210.6752	0.6382396	4.869638	1.476134	0.713127	0.286873	3.179874
26706	-1247.745	-1459.087	211.3421	0.7844257	4.326188	1.758746	0.651269	0.348731	2.669487
26712	-1236.54	-1447.796	211.2556	0.7142457	6.771883	1.891641	0.767733	0.232267	2.316385
26718	-1246.707	-1458.455	211.7482	0.8714936	6.383362	1.038237	0.719491	0.280509	2.372075
26724	-1244.635	-1456.346	211.7119	0.9214108	6.383362	1.038237	0.802512	0.197488	2.363431
26730	-1244.582	-1455.89	211.3085	0.9962118	5.318393	0.7928959	0.749248	0.250752	2.891517
26736	-1244.366	-1455.887	211.5202	0.8701872	4.243137	1.082596	0.771961	0.228039	2.844712
26742	-1257.198	-1468.796	211.5977	0.8297469	4.004384	1.082596	0.723813	0.276187	2.869792
26748	-1246.287	-1458.414	212.1274	0.9106073	5.723227	1.335173	0.719263	0.280737	2.034315
26754	-1240.056	-1452.453	212.3969	1.156837	5.084516	1.025157	0.720054	0.279946	1.98578
26760	-1244.297	-1455.742	211.4453	1.074734	5.084516	1.374566	0.707614	0.292386	2.455956
26766	-1248.417	-1460.611	212.1939	1.008605	5.344141	0.9953326	0.724351	0.275649	2.189944
26772	-1252.794	-1464.667	211.8724	0.8746953	6.608459	0.9953326	0.796435	0.203565	2.285526
26778	-1253.928	-1465.526	211.598	0.9984445	5.786029	0.9953326	0.761834	0.238166	2.503044
26784	-1255.321	-1465.841	210.5197	0.876781	5.589389	1.386722	0.772941	0.227059	3.054941
26790	-1247.041	-1457.854	210.8138	0.5826546	5.589389	1.386722	0.763072	0.236928	3.054941
26796	-1243.873	-1454.883	211.0096	0.6790083	6.707345	0.97894	0.699263	0.300737	2.937583
26802	-1238.466	-1449.386	210.9206	0.8372732	5.636768	1.457081	0.742377	0.257623	2.797232
26808	-1254.879	-1466.202	211.3237	0.8793035	6.124875	1.457081	0.741984	0.258016	2.448093
26814	-1250.762	-1462.971	212.2084	0.9810988	6.124875	1.189998	0.826826	0.173174	1.949042
26820	-1242.374	-1453.675	211.3019	0.7833865	6.532817	1.189998	0.756752	0.243248	2.597678
26826	-1247.934	-1459.536	211.6022	0.91194	7.284047	1.189998	0.843632	0.156368	2.225175
26832	-1239.384	-1450.882	211.4983	0.821282	7.057842	1.07605	0.761219	0.238781	2.445001
26838	-1234.232	-1445.792	211.5597	0.8340247	6.285983	1.379824	0.806758	0.193242	2.341088
26844	-1239.675	-1450.611	210.9357	0.8085563	7.152476	1.226947	0.777452	0.222548	2.705465
26850	-1237.384	-1448.738	211.3542	0.7669149	7.152476	1.216378	0.780871	0.219129	2.477584
26856	-1249.958	-1460.962	211.0043	0.7790669	5.191946	1.225239	0.780871	0.219129	2.964978
26862	-1241.019	-1451.861	210.8417	0.7027016	6.716848	1.315883	0.760721	0.239279	2.838985
26868	-1251.902	-1462.787	210.8852	0.6581862	4.918041	1.315883	0.703736	0.296264	3.108908
26874	-1264.581	-1475.625	211.0438	0.6878223	5.662863	1.397812	0.725582	0.274418	2.83665
26880	-1236.841	-1446.858	210.0169	0.7288528	6.656558	0.9321883	0.760072	0.239928	3.530774
26886	-1245.36	-1457.636	212.2759	0.9005851	6.56843	0.9321883	0.699945	0.300055	2.054449
26892	-1233.919	-1445.786	211.8665	0.9567537	8.247543	0.819195	0.7604	0.2396	2.144284
26898	-1230.464	-1440.929	210.4648	0.7688816	8.247543	0.819195	0.725955	0.274045	3.127874
26904	-1243.291	-1453.49	210.1991	0.569185	6.90716	1.043932	0.784087	0.215913	3.419807
26910	-1248.94	-1460.059	211.1186	0.8719724	5.955586	1.043932	0.650816	0.349184	2.820949
26916	-1251.053	-1461.918	210.8655	0.6208452	4.246973	1.043932	0.766188	0.233812	3.404381
26922	-1259.717	-1468.607	208.8896	0.6599463	4.28845	2.433553	0.697423	0.302577	3.970615
26928	-1255.971	-1465.706	209.7351	0.5517436	3.84598	2.345867	0.637682	0.362318	3.656619
26934	-1259.971	-1471.662	211.6906	0.8425622	3.375877	1.584522	0.655246	0.344754	2.695449
26940	-1260.651	-1470.027	209.3767	0.6302	5.081325	0.9368315	0.739446	0.260554	4.176138
26946	-1248.657	-1458.974	210.3176	0.7292544	5.081325	0.773704	0.756101	0.243899	3.685502
26952	-1239.877	-1450.638	210.7601	0.6212421	5.604758	1.198839	0.719066	0.280934	3.15391
26958	-1238.727	-1449.045	210.318	0.5758122	5.604758	1.866823	0.72076	0.27924	3.15391
26964	-1234.93	-1445.312	210.3813	0.6144091	5.604758	1.084957	0.683991	0.316009	3.441965
26970	-1233.907	-1444.609	210.702	0.5747358	5.286209	1.698845	0.746432	0.253568	3.039584
26976	-1229.807	-1440.595	210.7882	0.864196	4.484085	2.324357	0.694155	0.305845	2.729073
26982	-1240.405	-1451.562	211.157	0.7652655	6.506626	1.720774	0.628371	0.371629	2.452485
26988	-1243.282	-1454.476	211.1946	0.7992795	6.400641	1.340588	0.775662	0.224338	2.594761
26994	-1252.839	-1463.673	210.8333	0.6546758	6.400641	1.340588	0.750005	0.249995	2.904027
27000	-1256.528	-1467.03	210.5015	0.8226276	5.922654	2.373261	0.684668	0.315332	2.674283
27006	-1247.22	-1458.141	210.9208	0.6744135	4.548429	1.959532	0.684668	0.315332	2.875556
27012	-1239.757	-1450.773	211.0163	0.8024185	5.334457	1.959532	0.752437	0.247563	2.602421
27018	-1246.625	-1458.064	211.4392	0.8473632	5.245344	2.214259	0.729636	0.270364	2.231141
27024	-1249.932	-1461.091	211.1594	0.7981517	5.911768	1.785299	0.696927	0.303073	2.491555
27030	-1251.266	-1463.636	212.3699	1.036064	5.911768	1.058123	0.720688	0.279312	1.919203
27036	-1245.416	-1457.345	211.9284	0.8629404	5.911768	1.740278	0.741433	0.258567	1.972377
27042	-1242.512	-1453.804	211.2924	1.13042	6.253775	1.546613	0.733604	0.266396	2.24743
27048	-1234.444	-1445.46	211.0159	0.7839776	6.442275	1.248548	0.733604	0.266396	2.754791
27054	-1227.857	-1438.724	210.867	0.6953466	6.442275	1.248548	0.694363	0.305637	2.899067
27060	-1234.913	-1446.543	211.6302	0.8832491	7.132116	1.031588	0.804598	0.195402	2.339569
27066	-1240.882	-1451.611	210.7287	0.7645605	7.803288	1.3501	0.688857	0.311143	2.716742
27072	-1250.409	-1461.551	211.1422	0.6104034	5.609004	1.778076	0.763345	0.236655	2.668413
27078	-1262.358	-1473.597	211.2396	0.7906864	5.065239	1.580464	0.709408	0.290592	2.668413
27084	-1247.34	-1458.254	210.9132	0.8234469	7.428815	1.101904	0.702713	0.297287	2.743653
27090	-1237.911	-1449.388	211.4766	0.6694695	7.428815	1.101904	0.764848	0.235152	2.490574
27096	-1237.269	-1448.798	211.5295	0.7754838	7.409191	1.101904	0.764247	0.235753	2.393108
27102	-1241.58	-1452.309	210.729	0.7574814	5.7198	1.101904	0.669796	0.330204	3.12597
27108	-1233.578	-1443.657	210.0798	0.7159726	4.418521	1.797683	0.726539	0.273461	3.433821
27114	-1240.156	-1450.575	210.4188	0.7077163	5.318165	1.568952	0.677293	0.322707	3.177258
27120	-1237.524	-1448.145	210.621	0.5971033	5.318165	1.443223	0.697195	0.302805	3.17752
27126	-1253.739	-1464.387	210.6482	0.4806663	5.66157	1.443223	0.652345	0.347655	3.17752
27132	-1250.606	-1461.284	210.6783	0.5912342	4.339408	1.443223	0.586494	0.413506	3.314488
27138	-1253.013	-1463.506	210.4929	0.5856816	4.627995	1.583664	0.571272	0.428728	3.314488
27144	-1251.108	-1462.454	211.3465	0.9986131	5.121217	0.9479477	0.605065	0.394935	2.794914
27150	-1247.796	-1459.034	211.2379	0.5676202	5.121217	1.411232	0.789289	0.210711	2.872182
27156	-1238.192	-1448.848	210.6562	0.8199687	5.121217	1.463784	0.719792	0.280208	3.046324
27162	-1255.836	-1467.316	211.4804	0.792633	7.15437	1.29026	0.822747	0.177253	2.342149
27168	-1255.677	-1466.619	210.942	0.7083111	7.15437	1.19146	0.697049	0.302951	2.78145
27174	-1251.455	-1462.843	211.3876	0.7892716	5.090722	1.568977	0.724028	0.275972	2.578515
27180	-1250.365	-1460.629	210.2635	0.6002372	7.212616	1.568977	0.74742	0.25258	3.069559
27186	-1238.563	-1450.237	211.6744	0.9327184	5.873889	1.750751	0.740615	0.259385	2.096138
27192	-1243.872	-1455.12	211.2487	0.7922435	5.598713	1.750751	0.71914	0.28086	2.502241
27198	-1249.64	-1459.936	210.2967	0.61447	5.598713	2.041894	0.592643	0.407357	3.082211
27204	-1240.786	-1451.688	210.9024	0.7131345	4.654293	1.638203	0.679955	0.320045	2.967904
27210	-1249.367	-1459.428	210.0613	0.6411013	5.444649	1.035423	0.753263	0.246737	3.664331
27216	-1258.713	-1468.03	209.3165	0.5784049	6.005425	1.517936	0.753263	0.246737	3.815874
27222	-1249.956	-1460.149	210.1923	0.6791023	6.341285	2.091404	0.703869	0.296131	2.98121
27228	-1252.95	-1464.382	211.4317	0.7815376	6.200627	1.30322	0.705836	0.294164	2.505972
27234	-1250.706	-1461.505	210.7989	0.6866933	7.891255	1.232356	0.776338	0.223662	2.770425
27240	-1247.679	-1459.287	211.6081	0.7354427	7.891255	1.232356	0.765958	0.234042	2.233785
27246	-1245.281	-1456.162	210.8813	0.6402779	7.891255	1.853391	0.767272	0.232728	2.469866
27252	-1254.173	-1465.546	211.3735	0.7263749	7.891255	1.197865	0.800115	0.199885	2.408047
27258	-1255.824	-1467.924	212.1	0.6461274	5.688906	1.197865	0.75467	0.24533	2.304325
27264	-1252.74	-1463.369	210.6284	0.5566112	3.427666	1.759085	0.714248	0.285752	3.419616
27270	-1247.961	-1458.097	210.1358	0.5533517	3.427666	2.665568	0.714248	0.285752	3.419616
27276	-1243.815	-1455.227	211.412	0.7330963	3.407878	1.206636	0.721517	0.278483	3.100578
27282	-1260.831	-1471.456	210.6254	0.6013979	7.149966	1.545032	0.693864	0.306136	2.869399
27288	-1254.617	-1465.652	211.0356	0.7692554	6.498724	0.9114023	0.776644	0.223356	2.938012
27294	-1238.499	-1449.717	211.2182	0.8353814	4.574412	1.043807	0.759316	0.240684	3.008047
27300	-1250.208	-1461.666	211.4578	0.7380669	4.699515	1.090988	0.703604	0.296396	2.872784
27306	-1250.799	-1461.83	211.0307	0.8939697	4.699515	1.896132	0.735872	0.264128	2.670342
27312	-1246.675	-1458.374	211.6995	1.016186	4.650266	1.274516	0.703455	0.296545	2.462054
27318	-1234.252	-1445.807	211.5554	0.9696516	4.650266	1.134327	0.775776	0.224224	2.656332
27324	-1242.895	-1454.15	211.2555	0.9543631	6.327962	1.086813	0.762888	0.237112	2.607462
27330	-1260.673	-1472.136	211.4633	0.8292717	7.100528	1.502255	0.694268	0.305732	2.231475
27336	-1246.881	-1458.502	211.6213	0.7653725	7.010429	1.402463	0.735619	0.264381	2.231475
27342	-1251.155	-1462.383	211.2275	0.7705158	6.260131	1.785329	0.682446	0.317554	2.413943
27348	-1232.559	-1442.833	210.2739	0.7702475	6.260131	1.694474	0.728478	0.271522	3.03507
27354	-1243.232	-1453.421	210.1885	0.7198307	5.490707	1.465755	0.689214	0.310786	3.323716
27360	-1241.465	-1451.189	209.7243	0.7945703	5.46106	1.466663	0.709629	0.290371	3.555694
27366	-1253.689	-1463.933	210.2441	0.8283857	5.018936	0.967528	0.676856	0.323144	3.555694
27372	-1247.13	-1458.192	211.0622	0.761773	8.507676	0.8501201	0.745436	0.254564	2.721686
27378	-1247.796	-1459.037	211.2409	0.8457764	8.507676	0.8330173	0.805064	0.194936	2.571733
27384	-1254.946	-1466.056	211.1095	0.6796635	7.786571	1.42998	0.737105	0.262895	2.49717
27390	-1251.616	-1462.877	211.2611	0.8714587	8.429562	1.222982	0.754124	0.245876	2.309697
27396	-1255.478	-1467.267	211.7898	0.7080763	8.466677	0.7565636	0.811508	0.188492	2.375499
27402	-1254.336	-1464.932	210.5961	0.6758349	7.693181	0.8107099	0.753016	0.246984	3.17377
27408	-1269.811	-1480.266	210.4549	0.6030003	8.294906	0.8921897	0.734528	0.265472	3.178356
27414	-1258.95	-1468.989	210.039	0.5814305	7.431186	1.037422	0.744369	0.255631	3.446147
27420	-1251.347	-1462.372	211.0253	0.6344313	6.224846	1.037422	0.683425	0.316575	2.985825
27426	-1251.78	-1462.922	211.1424	0.7923649	7.217829	1.037422	0.717928	0.282072	2.686242
27432	-1260.161	-1471.064	210.9029	0.6119088	7.217829	0.9768634	0.757314	0.242686	2.977892
27438	-1252.15	-1463.738	211.5883	0.8581308	7.762179	0.9768634	0.797606	0.202394	2.336076
27444	-1256.72	-1468.415	211.6948	0.8659565	6.242856	1.727135	0.81233	0.18767	2.07873
27450	-1266.661	-1477.739	211.0783	0.7854204	5.923655	1.327684	0.761939	0.238061	2.750473
27456	-1274.361	-1486.474	212.1124	0.9867066	4.367697	1.757243	0.648728	0.351272	2.043556
27462	-1257.232	-1468.512	211.2803	0.9623481	3.80332	2.842111	0.648728	0.351272	2.34547
27468	-1247.871	-1459.778	211.9062	0.9576652	3.80332	1.690764	0.678885	0.321115	2.34547
27474	-1251.316	-1462.186	210.8698	1.059894	3.80332	2.456539	0.72385	0.27615	2.654419
27480	-1249.194	-1459.958	210.7647	0.8152081	6.219227	1.741533	0.820841	0.179159	2.697452
27486	-1240.883	-1452.251	211.3681	0.8846576	6.219227	0.9227492	0.743626	0.256374	2.697452
27492	-1239.036	-1449.998	210.9617	0.6549374	7.277827	1.096686	0.794291	0.205709	2.838471
27498	-1249.142	-1460.571	211.4293	0.7552826	6.220467	1.096686	0.77339	0.22661	2.632773
27504	-1252.43	-1464.14	211.7093	0.7552826	6.859942	1.340825	0.818759	0.181241	2.233252
27510	-1242.027	-1453.558	211.5307	0.7658488	6.781567	1.340825	0.770647	0.229353	2.351633
27516	-1235.652	-1447.794	212.1415	0.9115826	6.188779	1.259226	0.722607	0.277393	1.990525
27522	-1241.928	-1452.625	210.6964	0.8825602	5.789432	0.980223	0.750574	0.249426	3.130856
27528	-1249.844	-1460.266	210.4216	0.7570193	6.581954	0.6450136	0.711731	0.288269	3.48916
27534	-1238.842	-1449.571	210.7286	0.7323979	6.581954	1.470569	0.720796	0.279204	2.834765
27540	-1247.087	-1457.982	210.8955	0.5854047	6.581954	1.470569	0.730156	0.269844	2.822662
27546	-1260.482	-1471.763	211.2812	0.7399489	5.670537	1.463047	0.759424	0.240576	2.627835
27552	-1246.956	-1456.937	209.9803	0.8079638	3.029614	2.646233	0.731016	0.268984	3.460274
27558	-1250.982	-1460.026	209.0433	0.4996437	3.143904	2.463544	0.720336	0.279664	4.200211
27564	-1249.911	-1461.338	211.4265	1.040627	5.603377	1.105138	0.669867	0.330133	2.546295
27570	-1257.044	-1467.486	210.4421	0.7120806	4.049342	1.703694	0.790807	0.209193	3.329038
27576	-1235.879	-1446.61	210.7307	0.7131843	4.503494	1.897403	0.676046	0.323954	2.997595
27582	-1247.238	-1457.83	210.5913	0.7900877	4.596697	1.753653	0.793977	0.206023	3.072365
27588	-1252.001	-1463.905	211.9048	0.9660169	4.596697	1.729984	0.793977	0.206023	2.158933
27594	-1245.271	-1455.12	209.849	0.7639436	5.248238	1.349873	0.720139	0.279861	3.586155
27600	-1247.667	-1457.689	210.0226	0.6854586	5.248238	1.349873	0.648818	0.351182	3.530878
27606	-1261.205	-1470.919	209.7146	0.5882287	5.702301	1.749229	0.724028	0.275972	3.530878
27612	-1249.959	-1461.438	211.4787	0.7408695	5.983385	1.28571	0.75814	0.24186	2.543319
27618	-1246.394	-1458.757	212.3624	1.139385	6.122	0.8476443	0.75814	0.24186	1.967856
27624	-1244.579	-1456.724	212.1445	0.9563494	6.630466	0.8239775	0.777349	0.222651	2.17307
27630	-1232.977	-1445.284	212.3071	1.136371	4.292427	1.50372	0.768746	0.231254	1.946254
27636	-1234.831	-1446.969	212.1384	1.136371	4.292427	1.909462	0.722215	0.277785	1.87742
27642	-1234.777	-1446.668	211.8903	0.9228794	4.292427	1.909462	0.658249	0.341751	2.183779
27648	-1240.599	-1452.285	211.6857	0.8814275	4.622664	1.909462	0.698072	0.301928	2.276743
27654	-1245.665	-1457.435	211.7701	0.7227805	7.386234	1.332672	0.771993	0.228007	2.147826
27660	-1246.787	-1458.653	211.8655	0.9010498	4.883707	1.951446	0.763129	0.236871	2.08136
27666	-1247.269	-1459.063	211.7939	0.8139584	8.672433	1.287988	0.772873	0.227127	1.934106
27672	-1238.886	-1450.166	211.2803	0.7433605	6.376943	1.291487	0.683761	0.316239	2.604414
27678	-1251.5	-1462.227	210.7279	0.4297526	6.29233	1.027823	0.677571	0.322429	3.280807
27684	-1246.053	-1457.3	211.2466	0.6735318	6.738778	1.291348	0.789534	0.210466	2.618302
27690	-1242.029	-1453.269	211.2406	0.9646679	6.738778	1.565666	0.789534	0.210466	2.30784
27696	-1253.641	-1464.859	211.218	0.7200372	6.185276	1.565666	0.661326	0.338674	2.55518
27702	-1238.395	-1449.264	210.8696	0.6325334	6.185276	1.565666	0.753975	0.246025	2.823002
27708	-1231.82	-1443.116	211.296	0.754583	5.885415	1.29966	0.753975	0.246025	2.655548
27714	-1236.917	-1447.573	210.6556	0.5879595	6.811047	1.29966	0.751041	0.248959	3.016006
27720	-1234.584	-1446.037	211.4534	0.9005365	5.803546	1.29966	0.728731	0.271269	2.479725
27726	-1247.19	-1458.704	211.514	0.9491196	5.126326	1.181933	0.720693	0.279307	2.584142
27732	-1255.512	-1466.086	210.5746	0.878378	5.467178	1.510888	0.662526	0.337474	2.983865
27738	-1247.293	-1458.126	210.8329	0.6249537	5.513063	1.561696	0.707866	0.292134	2.951748
27744	-1261.67	-1472.606	210.9363	0.5676524	5.344108	1.546341	0.730229	0.269771	2.957237
27750	-1253.438	-1463.442	210.0043	0.7536041	5.930584	1.78466	0.746035	0.253965	3.217047
27756	-1247.396	-1457.396	210.0001	0.7131902	5.930584	1.78466	0.822973	0.177027	3.243463
27762	-1248.203	-1458.899	210.696	0.5538131	4.826559	2.379941	0.747429	0.252571	2.894496
27768	-1237.594	-1447.818	210.2242	0.6379469	4.826559	1.62988	0.661703	0.338297	3.388486
27774	-1236.005	-1447.061	211.0558	0.8515171	4.826559	1.887157	0.729685	0.270315	2.661598
27780	-1237.309	-1447.801	210.4914	0.8801339	4.826559	1.842496	0.697743	0.302257	3.003816
27786	-1230.62	-1442.402	211.7821	0.8565819	4.816406	1.64872	0.615081	0.384919	2.301907
27792	-1246.739	-1457.709	210.9693	0.7417084	7.24093	1.247513	0.721906	0.278094	2.703861
27798	-1247.947	-1459.046	211.0991	0.6494983	7.24093	1.064314	0.721906	0.278094	2.781402
27804	-1247.124	-1457.411	210.2872	0.7200387	3.633991	1.52704	0.722376	0.277624	3.571241
27810	-1251.915	-1462.524	210.6096	0.6867488	8.276291	1.334292	0.774634	0.225366	2.790063
27816	-1259.043	-1469.916	210.8725	0.718024	8.276291	0.7730826	0.749435	0.250565	2.943762
27822	-1244.422	-1455.258	210.8366	0.6942258	9.766	0.7865723	0.823535	0.176465	2.814942
27828	-1237.191	-1448.227	211.0354	0.7982008	9.766	0.7865723	0.778971	0.221029	2.629455
27834	-1253.128	-1464.286	211.1576	0.7756372	9.766	0.7865723	0.778971	0.221029	2.567754
27840	-1237.229	-1448.619	211.3901	0.8887763	5.893798	1.255911	0.73589	0.26411	2.535415
27846	-1251.92	-1464.014	212.0943	0.8367738	5.893798	0.8093819	0.818201	0.181799	2.402529
27852	-1245.085	-1456.29	211.2054	0.9190584	7.648331	0.8093819	0.759106	0.240894	2.665408
27858	-1239.055	-1451.443	212.3885	1.104321	5.942548	0.8093819	0.759106	0.240894	2.031931
27864	-1245.892	-1457.528	211.6365	0.9692136	6.82994	1.121056	0.831312	0.168688	2.267688
27870	-1253.132	-1463.251	210.1191	0.493199	8.602231	0.763514	0.809339	0.190661	3.494847
27876	-1244.391	-1455.682	211.2909	0.7867792	8.602231	0.9584239	0.753421	0.246579	2.481759
27882	-1239.305	-1450.7	211.3951	0.7867792	6.208061	1.338462	0.704527	0.295473	2.506664
27888	-1235.525	-1447.223	211.6977	0.8252492	7.466025	1.338462	0.704527	0.295473	2.114554
27894	-1256.248	-1467.754	211.5062	0.6744661	7.714907	1.124731	0.75143	0.24857	2.419908
27900	-1239.816	-1451.678	211.8624	0.9002067	7.804811	1.338462	0.820828	0.179172	1.91054
27906	-1241.733	-1453.714	211.9817	0.803984	7.04233	1.338462	0.770841	0.229159	1.998711
27912	-1239.738	-1450.62	210.8829	0.6604969	6.58716	1.437862	0.682272	0.317728	2.798922
27918	-1224.662	-1435.414	210.7519	0.6460405	6.107318	1.437862	0.729682	0.270318	2.953843
27924	-1217.964	-1429.044	211.08	0.5688218	5.593303	1.437862	0.711332	0.288668	2.878936
27930	-1226.416	-1437.77	211.3546	0.8078597	6.08204	1.362817	0.736674	0.263326	2.525275
27936	-1227.133	-1437.858	210.7246	0.7239503	6.08204	1.615776	0.790197	0.209803	2.848999
27942	-1225.83	-1437.467	211.6373	0.8957841	6.659259	1.049454	0.750171	0.249829	2.380688
27948	-1235.392	-1446.854	211.4619	0.9075885	6.929978	1.576949	0.734738	0.265262	2.170275
27954	-1228.323	-1439.667	211.3433	0.8579954	4.871758	1.489908	0.703999	0.296001	2.63692
27960	-1235.036	-1446.251	211.2157	0.8284739	6.929978	1.461032	0.822852	0.177148	2.432044
27966	-1232.434	-1443.165	210.7307	0.7720939	8.50843	1.230276	0.713849	0.286151	2.69064
27972	-1236.182	-1447.469	211.2871	0.8848994	7.765583	1.327258	0.727302	0.272698	2.308867
27978	-1228.255	-1439.724	211.4689	0.8378948	8.541943	1.699798	0.717254	0.282746	1.947455
27984	-1238.009	-1448.583	210.5735	0.7386091	8.377213	1.127272	0.717254	0.282746	2.876835
27990	-1247.25	-1458.753	211.503	0.7969425	8.377213	0.9634254	0.751807	0.248193	2.364139
27996	-1240.905	-1452.328	211.4234	0.5601351	9.871124	0.8240416	0.761392	0.238608	2.498549
28002	-1243.487	-1454.612	211.1252	0.804956	10.65701	0.745209	0.805102	0.194898	2.515148
28008	-1240.363	-1452.302	211.9395	0.7804369	10.35506	0.745209	0.755171	0.244829	2.037877
28014	-1236.682	-1448.028	211.3455	0.6280811	11.28657	1.592775	0.787184	0.212816	1.926288
28020	-1252.027	-1462.785	210.7582	0.6495259	6.244857	0.8532165	0.732334	0.267666	3.24782
28026	-1268.334	-1479.543	211.2094	0.7837405	7.315292	1.221992	0.72998	0.27002	2.533491
28032	-1240.272	-1451.488	211.2161	0.6519971	11.59842	0.8607241	0.759622	0.240378	2.383438
28038	-1249.628	-1459.882	210.2544	0.6393859	6.232738	0.9434751	0.739826	0.260174	3.493813
28044	-1249.827	-1460.509	210.6821	0.7344203	5.883087	1.840339	0.732776	0.267224	2.807875
28050	-1250.463	-1460.972	210.5096	0.7433365	6.837953	1.447442	0.721559	0.278441	2.937037
28056	-1249.262	-1459.656	210.3948	0.7470622	8.387075	0.9036235	0.71699	0.28301	3.111058
28062	-1248.45	-1458.728	210.2775	0.5801161	10.41306	0.8554177	0.679381	0.320619	3.111058
28068	-1242.666	-1453.315	210.6494	0.5050309	10.09928	0.8554177	0.759685	0.240315	2.962352
28074	-1235.742	-1446.701	210.9598	0.6462743	10.37699	1.095987	0.758488	0.241512	2.509137
28080	-1250.445	-1461.222	210.7775	0.6458255	9.836986	1.095987	0.69952	0.30048	2.67466
28086	-1243.361	-1454.374	211.0136	0.8048003	9.681972	0.6850903	0.725363	0.274637	2.725487
28092	-1238.364	-1449.245	210.8806	0.6424024	7.794255	1.353269	0.729939	0.270061	2.698032
28098	-1253.97	-1464.576	210.6063	0.6941665	7.794255	1.421495	0.64334	0.35666	2.801498
28104	-1253.915	-1464.969	211.0533	0.7725185	7.794255	1.421495	0.648051	0.351949	2.477349
28110	-1248.761	-1460.057	211.296	0.9398569	6.753346	1.828969	0.659124	0.340876	2.172852
28116	-1246.316	-1457.259	210.9432	0.7454108	8.176156	1.828969	0.798974	0.201026	2.340042
28122	-1250.94	-1460.671	209.7313	0.6180038	3.883442	1.749504	0.676354	0.323646	3.812345
28128	-1267.505	-1477.14	209.6352	0.5009455	3.849679	1.749504	0.619652	0.380348	3.941359
28134	-1241.278	-1452.328	211.0495	0.6475102	6.385078	1.823971	0.730844	0.269156	2.568796
28140	-1240.678	-1451.821	211.1424	0.7139813	8.284172	1.581117	0.731095	0.268905	2.325469
28146	-1236.738	-1448.579	211.8401	0.8208476	8.284172	1.281064	0.817175	0.182825	1.949549
28152	-1239.637	-1450.506	210.8697	0.7876442	7.217202	1.281064	0.788951	0.211049	2.722523
28158	-1243.109	-1454.201	211.0923	0.6939015	7.878583	1.281064	0.823918	0.176082	2.561673
28164	-1248.558	-1459.379	210.8219	0.5190945	6.854595	1.129679	0.719716	0.280284	3.039984
28170	-1236.57	-1447.793	211.2233	0.6883436	9.313658	1.281064	0.766342	0.233658	2.321015
28176	-1241.772	-1453.159	211.3871	0.9660671	6.968105	1.281064	0.842438	0.157562	2.321015
28182	-1235.149	-1445.915	210.7661	0.7753281	6.176475	1.281064	0.735896	0.264104	2.932425
28188	-1242.939	-1453.313	210.3736	0.7900387	6.45796	1.281064	0.802364	0.197636	3.119713
28194	-1245.233	-1456.377	211.1444	0.7405187	6.197624	1.281064	0.750731	0.249269	2.720737
28200	-1242.533	-1452.558	210.0249	0.7623424	6.197624	1.281064	0.725528	0.274472	3.377732
28206	-1240.62	-1451.79	211.1698	0.6675166	6.197624	1.281064	0.721909	0.278091	2.749826
28212	-1239.238	-1450.299	211.0611	0.5723061	6.406884	1.281064	0.743684	0.256316	2.844499
28218	-1227.25	-1438.309	211.0593	0.8789644	7.387116	1.281064	0.743684	0.256316	2.527491
28224	-1220.364	-1432.076	211.712	0.9235733	7.387116	1.191665	0.757209	0.242791	2.131751
28230	-1242.874	-1454.249	211.3756	0.6532807	7.676901	1.191665	0.784951	0.215049	2.482293
28236	-1242.317	-1454.016	211.6992	0.7886672	7.676901	1.315581	0.784951	0.215049	2.122197
28242	-1252.731	-1464.693	211.9625	0.9232536	6.651593	1.462601	0.75144	0.24856	1.923741
28248	-1242.672	-1453.993	211.3211	0.6989033	7.128983	2.030224	0.811276	0.188724	2.181965
28254	-1244.548	-1456.491	211.9429	0.8731039	6.465207	1.933354	0.785543	0.214457	1.784268
28260	-1249.157	-1460.235	211.078	0.6885218	6.031439	1.17397	0.72541	0.27459	2.872697
28266	-1255.137	-1465.912	210.7745	0.5693024	6.031439	1.102266	0.72541	0.27459	3.165052
28272	-1246.491	-1458.523	212.0318	0.7420124	7.28184	1.132804	0.741926	0.258074	2.089716
28278	-1248.634	-1459.734	211.0998	0.7393542	7.823827	1.132804	0.746986	0.253014	2.615125
28284	-1243.761	-1455.384	211.6227	0.7151601	5.630234	1.525789	0.762323	0.237677	2.407728
28290	-1247.404	-1458.863	211.4586	0.8444576	5.570839	1.37408	0.791597	0.208403	2.510912
28296	-1236.015	-1447.178	211.1635	0.749364	5.570839	1.584516	0.763586	0.236414	2.655909
28302	-1246.711	-1458.157	211.446	0.8625775	8.433102	0.9450314	0.781173	0.218827	2.364271
28308	-1245.855	-1456.513	210.6584	0.8692412	7.173539	1.819529	0.709735	0.290265	2.568845
28314	-1253.303	-1464.966	211.6623	0.810788	7.627318	1.968952	0.780878	0.219122	1.836568
28320	-1244.854	-1455.549	210.695	0.6709953	6.749251	1.603169	0.794508	0.205492	2.811887
28326	-1240.62	-1451.999	211.3792	0.7415913	8.15491	1.005006	0.830291	0.169709	2.476397
28332	-1232.697	-1444.317	211.6194	0.7555364	9.383684	1.307715	0.807977	0.192023	1.99755
28338	-1251.157	-1463.098	211.9409	0.94059	6.9694	1.243115	0.759655	0.240345	1.99755
28344	-1244.587	-1456.015	211.428	0.6812694	7.754704	1.088645	0.744013	0.255987	2.48088
28350	-1237.262	-1448.802	211.54	0.6772429	6.205817	1.360794	0.762761	0.237239	2.47372
28356	-1240.513	-1450.304	209.7914	0.5878792	6.205817	1.360794	0.77297	0.22703	3.577157
28362	-1244.397	-1456.449	212.0527	1.033977	5.647848	1.255095	0.710784	0.289216	2.0583
28368	-1234.025	-1445.473	211.4476	0.8580769	5.085547	1.980473	0.726135	0.273865	2.33153
28374	-1242.006	-1452.245	210.239	0.4403961	4.661348	2.129146	0.711924	0.288076	3.342913
28380	-1233.484	-1444.194	210.7102	0.5979824	5.687399	1.718772	0.676337	0.323663	2.950193
28386	-1231.57	-1442.1	210.53	0.7413063	5.687399	1.718772	0.66426	0.33574	2.972368
28392	-1243.347	-1453.589	210.2417	0.738225	5.687399	2.129463	0.633662	0.366338	2.997846
28398	-1234.705	-1445.493	210.7886	0.6698787	5.816495	1.564676	0.640161	0.359839	2.903772
28404	-1239.114	-1450.137	211.0238	0.5328044	6.24358	1.424625	0.737461	0.262539	2.844669
28410	-1247.264	-1458.191	210.9263	0.6025017	7.701898	1.088673	0.749503	0.250497	2.844669
28416	-1249.848	-1461.243	211.395	0.6284672	5.193223	1.321435	0.756418	0.243582	2.770829
28422	-1244.014	-1453.638	209.6236	0.7359747	6.425518	0.9761005	0.758104	0.241896	3.758296
28428	-1239.578	-1450.597	211.0185	0.6796302	6.260214	0.9761005	0.765162	0.234838	2.99445
28434	-1237.863	-1448.764	210.9012	0.7547212	6.260214	0.9761005	0.74687	0.25313	3.019776
28440	-1241.896	-1452.919	211.0228	0.5109903	6.321422	1.347897	0.710129	0.289871	2.883787
28446	-1245.742	-1456.218	210.4765	0.5938997	6.321422	1.354378	0.699393	0.300607	3.1584
28452	-1251.769	-1462.487	210.7177	0.7376255	6.855516	1.234158	0.768945	0.231055	2.915766
28458	-1246.931	-1458.075	211.144	0.69779	5.632966	1.234158	0.698587	0.301413	2.85511
28464	-1234.977	-1445.88	210.9026	0.7741457	5.216492	1.234158	0.710236	0.289764	3.020382
28470	-1230.035	-1441.52	211.485	0.9391004	5.216492	1.669287	0.74845	0.25155	2.358357
28476	-1229.444	-1441.545	212.1006	1.057562	4.544031	1.669287	0.743826	0.256174	2.006955
28482	-1236.263	-1447.564	211.3015	1.045608	5.768344	1.186445	0.768306	0.231694	2.54942
28488	-1240.036	-1450.361	210.3251	0.8953118	4.7342	1.811583	0.66579	0.33421	3.121837
28494	-1235.039	-1445.65	210.6106	0.7982132	5.672882	1.987555	0.654376	0.345624	2.78998
28500	-1240.079	-1451.233	211.154	0.8501103	5.125949	1.987555	0.72301	0.27699	2.511917
28506	-1237.842	-1448.746	210.9046	0.7095609	5.125949	1.987555	0.655297	0.344703	2.752652
28512	-1237.445	-1448.091	210.6469	0.6482935	5.474093	1.527279	0.718731	0.281269	3.070156
28518	-1243.43	-1454.244	210.8142	0.8917201	4.053563	1.527279	0.727201	0.272799	3.073802
28524	-1259.669	-1470.013	210.3442	0.8968905	5.242816	0.7552316	0.699009	0.300991	3.560311
28530	-1244.262	-1454.918	210.656	0.6848012	5.501584	1.527279	0.696072	0.303928	3.038632
28536	-1236.075	-1447.543	211.468	0.8495822	6.468517	1.515597	0.78633	0.21367	2.297566
28542	-1244.619	-1455.569	210.9494	0.8052974	6.468517	1.131202	0.726159	0.273841	2.841354
28548	-1253.036	-1464.104	211.0677	0.7577898	7.033371	1.131202	0.771255	0.228745	2.722807
28554	-1245.275	-1456.53	211.2552	0.7140547	5.448089	1.681477	0.706771	0.293229	2.599539
28560	-1248.381	-1460.56	212.1789	0.760164	8.010535	0.8760574	0.78435	0.21565	2.055247
28566	-1256.39	-1467.701	211.3116	0.5290696	10.60493	0.8760574	0.875656	0.124344	2.480219
28572	-1244.259	-1455.319	211.0598	0.8162497	6.27389	1.740736	0.672507	0.327493	2.506608
28578	-1242.005	-1452.931	210.9263	0.8149752	7.373952	1.727422	0.717538	0.282462	2.446761
28584	-1239.196	-1449.926	210.7301	0.8072396	6.5865	1.643059	0.742987	0.257013	2.712471
28590	-1250.821	-1461.769	210.9483	0.8796198	7.161656	1.117557	0.798705	0.201295	2.712471
28596	-1244.609	-1455.967	211.3579	0.750813	6.182445	1.524729	0.765579	0.234421	2.467388
28602	-1241.381	-1452.922	211.5408	0.8623006	7.646001	1.405846	0.713652	0.286348	2.134865
28608	-1246.542	-1457.104	210.5626	0.5361394	5.447897	1.405846	0.746465	0.253535	3.244826
28614	-1243.088	-1453.112	210.0242	0.6487448	5.447897	1.502804	0.642306	0.357694	3.452281
28620	-1258.429	-1468.582	210.1529	0.7086478	4.714506	1.772401	0.625498	0.374502	3.352286
28626	-1240.478	-1451.493	211.0154	0.7993026	4.714506	2.156033	0.753763	0.246237	2.642349
28632	-1243.328	-1453.805	210.4768	0.6145464	4.984458	2.156033	0.657364	0.342636	3.03434
28638	-1238.432	-1449.047	210.6154	0.7907428	4.566727	1.793867	0.62783	0.37217	3.047487
28644	-1245.416	-1456.888	211.4726	0.7130918	6.339065	1.793867	0.714012	0.285988	2.27955
28650	-1251.373	-1461.87	210.4962	0.7045526	5.099885	1.934802	0.756241	0.243759	3.025992
28656	-1252.185	-1462.865	210.6799	0.6921818	6.39174	2.3406	0.725477	0.274523	2.586665
28662	-1258.196	-1469.417	211.2211	0.7823576	5.75592	1.52508	0.687941	0.312059	2.597268
28668	-1260.686	-1472.577	211.8911	0.8315087	5.75592	1.52508	0.687941	0.312059	2.141082
28674	-1243.489	-1455.151	211.6617	0.9133027	5.890496	1.52508	0.81266	0.18734	2.215283
28680	-1254.354	-1464.942	210.588	0.6686341	4.701042	1.52508	0.685106	0.314894	3.221289
28686	-1257.235	-1467.695	210.4601	0.663149	4.701042	1.52508	0.753118	0.246882	3.300072
28692	-1250.424	-1460.93	210.5059	0.6121435	5.533382	1.23899	0.768081	0.231919	3.300072
28698	-1245.369	-1456.216	210.8473	0.6631338	5.533382	1.58021	0.722721	0.277279	2.908956
28704	-1245.081	-1456.138	211.0576	0.7709563	6.185268	1.58021	0.68417	0.31583	2.616675
28710	-1235.021	-1446.102	211.0802	0.76561	7.220486	1.021627	0.684097	0.315903	2.74989
28716	-1237.64	-1448.534	210.8941	0.6058363	6.472406	0.9039389	0.803676	0.196324	3.128946
28722	-1237.829	-1448.865	211.0369	0.6119053	6.582335	0.9984204	0.775132	0.224868	2.9664
28728	-1248.803	-1458.833	210.0309	0.5661353	6.759143	1.488108	0.775132	0.224868	3.319597
28734	-1245.56	-1455.872	210.3117	0.6068768	6.759143	1.488108	0.685231	0.314769	3.129313
28740	-1236.491	-1447.764	211.2726	0.5389663	6.759143	1.396439	0.74111	0.25889	2.630712
28746	-1239.332	-1450.625	211.293	0.6995464	7.05458	1.295076	0.782339	0.217661	2.529292
28752	-1243.522	-1454.602	211.0798	0.6788848	7.036249	1.295076	0.737639	0.262361	2.676459
28758	-1243.893	-1454.241	210.3479	0.5504118	7.036249	1.484416	0.737639	0.262361	3.107498
28764	-1255.67	-1466.448	210.778	0.539081	6.633653	1.439782	0.749595	0.250405	2.928849
28770	-1244.661	-1455.698	211.0373	0.6065752	5.290921	1.439782	0.721482	0.278518	2.928849
28776	-1255.518	-1466.744	211.2255	0.8038156	5.290921	0.995636	0.794254	0.205746	2.928849
28782	-1260.484	-1471.679	211.1953	0.7268721	5.70376	0.995636	0.746335	0.253665	2.928849
28788	-1263.989	-1475.608	211.6191	0.9891274	5.70376	1.915858	0.746335	0.253665	2.054957
28794	-1253.47	-1465.656	212.1863	1.049465	5.156957	1.266677	0.750664	0.249336	2.038733
28800	-1247.426	-1459.235	211.8086	1.093648	6.105696	1.266677	0.725109	0.274891	2.099244
28806	-1245.265	-1456.519	211.2545	0.8151013	5.151514	1.204436	0.743086	0.256914	2.80936
28812	-1249.267	-1459.83	210.5627	0.8185856	8.255467	0.8559679	0.792846	0.207154	3.013727
28818	-1252	-1462.498	210.4973	0.7576791	8.255467	1.190766	0.675144	0.324856	2.890582
28824	-1251.67	-1462.321	210.6512	0.6661254	8.255467	1.026608	0.727822	0.272178	2.944733
28830	-1261.329	-1471.266	209.9374	0.5939199	9.482239	1.114268	0.759808	0.240192	3.23624
28836	-1253.132	-1464.41	211.2784	0.7649315	8.183024	0.7219189	0.71244	0.28756	2.717782
28842	-1256.978	-1467.345	210.3664	0.727072	8.183024	0.7219189	0.734014	0.265986	3.287936
28848	-1254.51	-1464.89	210.3792	0.7582121	8.183024	1.038626	0.734014	0.265986	3.0537
28854	-1261.695	-1472.495	210.8003	0.7358502	6.364802	1.683549	0.753674	0.246326	2.727164
28860	-1250.772	-1461.855	211.083	0.7508799	11.08923	1.106906	0.72819	0.27181	2.292049
28866	-1255.229	-1465.895	210.6659	0.7474587	7.795893	1.106906	0.685265	0.314735	2.893149
28872	-1260.175	-1469.832	209.6569	0.5365344	5.129871	1.821622	0.712879	0.287121	3.654783
28878	-1247.764	-1458.072	210.3084	0.6277635	4.567645	1.979657	0.693646	0.306354	3.258724
28884	-1250.27	-1460.765	210.4953	0.7567202	4.663589	1.46048	0.693646	0.306354	3.258724
28890	-1256.289	-1466.978	210.6889	0.5769067	5.1646	1.598144	0.770306	0.229694	3.106804
28896	-1256.925	-1467.458	210.5328	0.8181281	5.1646	1.258862	0.77237	0.22763	3.210429
28902	-1255.25	-1467.014	211.7642	0.7861342	5.1646	1.258862	0.75468	0.24532	2.482073
28908	-1245.319	-1456.737	211.4179	0.7854522	6.571132	1.258862	0.735159	0.264841	2.482073
28914	-1235.718	-1447.888	212.1696	0.9006557	6.571132	1.413733	0.774616	0.225384	1.835502
28920	-1245.599	-1457.443	211.8442	0.9092522	6.571132	1.347522	0.80107	0.19893	2.083141
28926	-1257.74	-1469.681	211.9416	0.6693874	6.571132	1.535448	0.705845	0.294155	2.083141
28932	-1254.617	-1466.273	211.6563	0.8759885	6.571132	1.283941	0.767808	0.232192	2.260354
28938	-1256.603	-1468.743	212.1399	1.03018	5.96444	1.043343	0.767808	0.232192	2.07744
28944	-1245.333	-1455.103	209.7695	0.578754	8.943532	0.685503	0.697304	0.302696	3.670992
28950	-1256.612	-1467.091	210.4795	1.012787	4.832586	1.003561	0.744825	0.255175	3.319682
28956	-1247.774	-1456.903	209.1285	0.6804444	5.751309	1.003561	0.737854	0.262146	4.149783
28962	-1245.009	-1455.492	210.4828	0.8963727	4.757067	1.437691	0.724653	0.275347	3.177298
28968	-1253.407	-1465.024	211.6166	1.053605	4.757067	1.437691	0.635609	0.364391	2.389284
28974	-1249.697	-1461.618	211.9216	1.078692	4.757067	1.562082	0.714412	0.285588	2.118341
28980	-1249.945	-1461.027	211.0817	0.8335827	4.012042	2.211724	0.713937	0.286063	2.69745
28986	-1261.276	-1473.017	211.7416	0.976038	4.33677	1.33944	0.75316	0.24684	2.487787
28992	-1249.647	-1460.242	210.595	0.8197056	5.731623	1.438234	0.699115	0.300885	2.998743
28998	-1266.83	-1477.856	211.0259	0.9157681	5.957324	2.021978	0.740527	0.259473	2.403763
29004	-1255.423	-1466.27	210.8474	0.6987939	4.405782	1.392734	0.698001	0.301999	3.161494
29010	-1256.573	-1467.294	210.7212	0.7806866	5.030769	1.444375	0.723498	0.276502	3.054678
29016	-1251.138	-1462.276	211.1374	0.8669103	5.030769	1.224206	0.692894	0.307106	2.85893
29022	-1254.038	-1464.633	210.5948	0.8112131	5.030769	2.091149	0.658913	0.341087	2.85893
29028	-1255.049	-1467.153	212.1043	0.9428463	3.954623	1.050997	0.633993	0.366007	2.518043
29034	-1239.128	-1449.214	210.0869	0.7458869	5.200816	1.485097	0.697096	0.302904	3.404873
29040	-1261.65	-1471.039	209.3891	0.4574854	4.792493	1.430447	0.655841	0.344159	4.064303
29046	-1263.774	-1473.961	210.1865	0.6159483	4.840626	1.151896	0.671025	0.328975	3.639211
29052	-1242.28	-1453.324	211.0435	0.62445	5.444561	1.674167	0.663182	0.336818	2.78814
29058	-1245.287	-1456.684	211.3974	0.7230844	3.65163	1.821706	0.698497	0.301503	2.78814
29064	-1246.547	-1457.508	210.9606	0.695852	4.803449	1.541803	0.667023	0.332977	2.957657
29070	-1265.845	-1476.395	210.55	0.7600691	4.309513	1.246111	0.644511	0.355489	3.388839
29076	-1251.953	-1462.458	210.5051	0.7528265	4.547694	1.246111	0.644511	0.355489	3.376137
29082	-1250.608	-1461.549	210.941	0.7753001	4.141665	1.249441	0.697431	0.302569	3.179466
29088	-1247.987	-1458.516	210.5284	0.780364	4.826162	1.500208	0.728714	0.271286	3.179466
29094	-1242.47	-1453.453	210.9832	0.8586678	4.101373	1.500208	0.737499	0.262501	2.994738
29100	-1246.252	-1457.544	211.2923	0.7056262	4.101373	1.298966	0.748173	0.251827	2.994738
29106	-1248.831	-1459.756	210.9247	0.7681553	4.987872	1.342863	0.790841	0.209159	2.994738
29112	-1244.026	-1455.306	211.2794	0.6498854	4.987872	1.836997	0.767204	0.232796	2.638937
29118	-1241.853	-1452.906	211.0537	0.8349468	4.785899	1.401171	0.722086	0.277914	2.883897
29124	-1246.38	-1457.551	211.1702	0.6806546	4.933391	1.176986	0.725156	0.274844	2.99278
29130	-1238.774	-1448.593	209.819	0.6914417	4.933391	1.418524	0.725156	0.274844	3.664983
29136	-1250.796	-1461.865	211.0689	0.7306722	3.853327	1.950846	0.705096	0.294904	2.891297
29142	-1250.195	-1461.115	210.9195	0.7012336	4.99328	1.72262	0.730019	0.269981	2.871449
29148	-1241.431	-1452.373	210.9421	0.7506482	4.99328	1.72262	0.730019	0.269981	2.827773
29154	-1247.274	-1457.75	210.4757	0.7682895	4.99328	1.793656	0.690281	0.309719	3.070244
29160	-1250.393	-1461.227	210.8332	0.9020946	6.116879	1.650878	0.67071	0.32929	2.653977
29166	-1254.44	-1465.966	211.5252	0.890462	5.147468	1.268619	0.775788	0.224212	2.563868
29172	-1256.89	-1469.288	212.3975	1.236728	4.614292	1.340169	0.709922	0.290078	1.834199
29178	-1242.679	-1454.932	212.2524	1.050977	4.614292	1.340169	0.788415	0.211585	2.056901
29184	-1241.802	-1454.108	212.3062	1.037504	4.614292	1.340169	0.76022	0.23978	2.030233
29190	-1242.942	-1454.566	211.6244	1.01441	4.027477	2.543501	0.691964	0.308036	2.130045
29196	-1234.934	-1446.238	211.3034	0.838062	4.027477	0.9686823	0.719402	0.280598	3.10409
29202	-1242.43	-1452.306	209.8757	0.6789441	5.002752	1.282145	0.74595	0.25405	3.690961
29208	-1241.326	-1451.13	209.8036	0.554863	6.226612	1.180084	0.720197	0.279803	3.673892
29214	-1234.612	-1444.384	209.7719	0.4506298	5.056461	1.628651	0.706145	0.293855	3.723253
29220	-1246.726	-1459.047	212.3212	1.146801	6.474129	1.142491	0.754948	0.245052	1.731216
29226	-1243.251	-1455.639	212.3876	1.20796	5.930199	1.142491	0.769026	0.230974	1.731405
29232	-1240.728	-1452.262	211.5339	0.9629856	5.640976	1.142491	0.721527	0.278473	2.500434
29238	-1239.717	-1451.274	211.5573	0.9846328	5.640976	1.456323	0.780805	0.219195	2.309034
29244	-1241.736	-1453.547	211.811	0.9367271	5.640976	1.002272	0.725722	0.274278	2.42661
29250	-1253.86	-1464.212	210.3514	0.8631536	5.676785	1.204804	0.725722	0.274278	3.238851
29256	-1255.571	-1466.392	210.8216	0.5661384	5.676785	1.169522	0.725722	0.274278	3.154565
29262	-1260.153	-1470.573	210.4199	0.5984774	5.344558	1.691278	0.708573	0.291427	3.187228
29268	-1250.781	-1461.379	210.5976	0.5095793	5.344558	1.691278	0.732979	0.267021	3.134504
29274	-1244.093	-1454.184	210.0911	0.9792088	6.15431	1.458748	0.71389	0.28611	3.133791
29280	-1236.839	-1447.576	210.7362	0.5726939	6.15431	1.458748	0.726791	0.273209	2.991217
29286	-1240.537	-1451.229	210.6916	0.6685627	6.508869	1.289484	0.761785	0.238215	2.991217
29292	-1237.716	-1448.796	211.0793	0.5935112	6.508869	1.295674	0.77806	0.22194	2.799139
29298	-1249.163	-1460.632	211.4693	0.7977856	6.508869	0.8114734	0.77806	0.22194	2.723796
29304	-1232.573	-1444.012	211.4389	0.9348815	6.508869	0.9270823	0.767924	0.232076	2.578855
29310	-1233.627	-1444.476	210.8491	0.8393368	6.508869	1.767956	0.801536	0.198464	2.578855
29316	-1233.456	-1445.062	211.607	0.8393368	4.083717	1.767956	0.638038	0.361962	2.516265
29322	-1239.826	-1451.251	211.4244	0.9479384	5.538246	2.051344	0.70678	0.29322	2.184564
29328	-1244.446	-1455.505	211.059	0.7771936	6.172757	1.88518	0.661966	0.338034	2.489048
29334	-1254.851	-1466.257	211.406	0.873664	5.275473	1.675004	0.728692	0.271308	2.437144
29340	-1240.225	-1450.322	210.0977	0.7755883	5.405773	1.35436	0.747775	0.252225	3.40774
29346	-1241.142	-1451.39	210.2481	0.6440157	5.251048	1.35436	0.673633	0.326367	3.420821
29352	-1240.682	-1451.444	210.7627	0.8627294	4.477917	1.35436	0.729818	0.270182	3.119056
29358	-1233.369	-1444.162	210.7934	0.6456146	4.477917	1.605189	0.729818	0.270182	3.119056
29364	-1230.72	-1440.456	209.7365	0.5834244	4.136788	1.643949	0.58753	0.41247	3.820782
29370	-1228.827	-1439.082	210.2548	0.568045	4.227485	2.191655	0.672201	0.327799	3.317116
29376	-1240.915	-1452.272	211.3574	0.8804955	4.227485	2.191655	0.633422	0.366578	2.460105
29382	-1240.781	-1451.563	210.7822	0.7206581	3.984235	2.408841	0.798893	0.201107	2.891423
29388	-1241.644	-1452.756	211.1128	0.6980653	4.405823	1.83978	0.713873	0.286127	2.815707
29394	-1240.635	-1451.121	210.4864	0.6615017	4.405823	1.973034	0.713873	0.286127	3.165059
29400	-1243.762	-1453.641	209.8785	0.5944839	5.528918	1.973034	0.746953	0.253047	3.375899
29406	-1245.48	-1456.944	211.4643	0.8052888	5.660301	1.700905	0.713035	0.286965	2.369166
29412	-1250.264	-1460.775	210.5109	0.7400048	6.199288	1.392511	0.764618	0.235382	3.049952
29418	-1260.909	-1471.136	210.2264	0.8250905	5.373439	0.6964291	0.796102	0.203898	3.69327
29424	-1245.824	-1457.928	212.1032	1.135538	4.084927	2.359785	0.71064	0.28936	1.775295
29430	-1244.498	-1456.829	212.3311	0.8540504	5.356344	1.252055	0.700463	0.299537	2.044829
29436	-1239.972	-1452.083	212.111	0.9971895	5.413959	1.88162	0.757872	0.242128	1.781219
29442	-1238.208	-1450.02	211.8111	0.9015303	5.413959	2.03996	0.796495	0.203505	1.9863
29448	-1233.571	-1444.981	211.4104	0.8375154	4.976523	1.572137	0.783378	0.216622	2.552768
29454	-1250.621	-1461.844	211.223	0.9587576	5.404173	1.522905	0.710759	0.289241	2.543481
29460	-1239.42	-1450.155	210.7345	0.6517995	4.060482	1.024502	0.71048	0.28952	3.509544
29466	-1248.87	-1458.121	209.2509	0.7145277	4.060482	1.545808	0.729023	0.270977	4.077519
29472	-1248.853	-1459.408	210.5549	0.502161	4.563171	1.31152	0.624766	0.375234	3.459251
29478	-1239.663	-1450.082	210.4195	0.6714583	4.563171	1.225507	0.667268	0.332732	3.481423
29484	-1241.541	-1451.987	210.4465	0.5796714	4.563171	1.83512	0.745981	0.254019	3.258379
29490	-1244.954	-1455.563	210.6093	0.8708661	4.563171	2.110063	0.699942	0.300058	2.889722
29496	-1236.185	-1447.221	211.0358	0.7588446	5.645793	2.066594	0.731895	0.268105	2.528362
29502	-1239.534	-1450.029	210.4951	0.8154761	6.61811	0.8939574	0.787674	0.212326	3.228309
29508	-1242.964	-1453.528	210.5632	0.5681974	6.852552	1.212331	0.758212	0.241788	3.121548
29514	-1241.494	-1452.237	210.7431	0.6636889	6.056539	1.078969	0.729512	0.270488	3.137033
29520	-1234.703	-1445.4	210.6965	0.6587693	5.339465	1.641	0.756183	0.243817	3.007456
29526	-1240.183	-1450.35	210.1673	0.7626808	5.339465	1.641	0.752954	0.247046	3.260517
29532	-1255.334	-1466.7	211.3663	0.7762049	9.356444	0.9097684	0.783507	0.216493	2.391368
29538	-1239.718	-1450.947	211.2292	0.8013834	9.356444	0.561687	0.783507	0.216493	2.735382
29544	-1249.248	-1460.289	211.0411	0.8840894	8.090488	0.6394635	0.777766	0.222234	2.867088
29550	-1245.578	-1456.807	211.229	0.7990742	8.202691	0.6394635	0.85126	0.14874	2.791806
29556	-1248.494	-1459.73	211.2359	0.7990742	6.859499	0.7650899	0.783152	0.216848	2.851761
29562	-1247.691	-1458.783	211.0927	0.9378775	5.275088	2.38486	0.770692	0.229308	2.332555
29568	-1259.02	-1470.1	211.0798	0.7833395	5.275088	1.884591	0.713551	0.286449	2.6128
29574	-1243.405	-1454.571	211.1659	0.8140659	5.275088	2.061987	0.690062	0.309938	2.474609
29580	-1246.156	-1457.234	211.0781	0.7317554	6.152071	1.349644	0.794591	0.205409	2.739147
29586	-1244.659	-1455.661	211.0013	0.7683878	6.842996	1.362988	0.708569	0.291431	2.661457
29592	-1243.273	-1454.101	210.8284	0.7192241	6.208622	1.24183	0.704291	0.295709	2.943943
29598	-1232.081	-1443.831	211.7495	0.9967153	6.208622	1.591872	0.723999	0.276001	2.022148
29604	-1245.235	-1457.177	211.9424	0.9377346	5.420106	1.490169	0.723999	0.276001	2.11099
29610	-1252.505	-1463.465	210.9601	0.8133698	5.164116	1.38496	0.706651	0.293349	2.896731
29616	-1257.506	-1468.774	211.2686	0.6372098	4.666253	1.958957	0.664243	0.335757	2.664692
29622	-1243.779	-1454.68	210.9014	0.7372855	4.770454	1.524217	0.707024	0.292976	2.981724
29628	-1256.426	-1468.001	211.5754	0.8182972	3.618408	1.245706	0.686104	0.313896	2.883926
29634	-1240.081	-1450.357	210.2755	0.6837604	6.888664	1.602866	0.738568	0.261432	3.039081
29640	-1262.721	-1473.709	210.9873	0.810917	5.346285	1.096301	0.693947	0.306053	3.000394
29646	-1260.472	-1471.119	210.647	0.6196348	4.80218	1.406483	0.693947	0.306053	3.250318
29652	-1242.338	-1452.916	210.5785	0.7602316	4.474624	1.654973	0.715162	0.284838	3.158902
29658	-1245.421	-1456.224	210.8028	0.6222729	5.685242	1.654973	0.715162	0.284838	2.905861
29664	-1246.01	-1457.515	211.5051	0.7010882	4.975034	1.654973	0.720427	0.279573	2.543222
29670	-1234.075	-1444.947	210.8727	0.72554	4.007934	1.813441	0.67533	0.32467	3.031559
29676	-1253.103	-1463.542	210.4385	0.5944459	4.007934	1.813441	0.662963	0.337037	3.36662
29682	-1258.38	-1468.265	209.8854	0.4355537	4.645662	1.402603	0.627544	0.372456	3.829658
29688	-1253.581	-1463.79	210.2094	0.6525533	4.645662	1.887111	0.670524	0.329476	3.3216
29694	-1252.24	-1461.952	209.7111	0.7666009	3.751268	1.887111	0.664852	0.335148	3.714756
29700	-1252.689	-1463.849	211.1594	0.8718726	5.403441	1.144152	0.677994	0.322006	2.824051
29706	-1236.341	-1447.258	210.9177	0.8029584	4.712372	1.813911	0.661995	0.338005	2.824051
29712	-1229.924	-1441.342	211.4187	0.774326	4.418052	1.813911	0.730438	0.269562	2.588846
29718	-1237.837	-1447.368	209.5317	0.6921831	4.418052	1.649325	0.638039	0.361961	3.822316
29724	-1241.466	-1450.914	209.4483	0.5572459	4.418052	1.70653	0.717136	0.282864	3.925579
29730	-1241.632	-1451.126	209.4935	0.5120505	4.418052	1.70653	0.741717	0.258283	3.925579
29736	-1243.366	-1452.976	209.6107	0.6531051	4.777569	1.156342	0.643329	0.356671	3.957612
29742	-1235.916	-1446.324	210.4078	0.5728399	4.777569	1.276964	0.680211	0.319789	3.48332
29748	-1248.539	-1458.789	210.2491	0.4809951	5.092702	1.276964	0.746944	0.253056	3.57721
29754	-1249.072	-1459.162	210.0903	0.6042598	4.703343	1.362017	0.702945	0.297055	3.622368
29760	-1250.588	-1461.811	211.2221	0.6755484	7.34603	1.066198	0.707462	0.292538	2.675859
29766	-1247.017	-1457.891	210.8743	0.7895625	7.34603	0.929097	0.71787	0.28213	2.902061
29772	-1248.238	-1459.361	211.1234	0.9028368	7.34603	1.312449	0.800158	0.199842	2.461538
29778	-1244.26	-1455.631	211.3711	0.7223771	7.34603	1.312449	0.800158	0.199842	2.419286
29784	-1258.783	-1470.806	212.0229	0.848435	7.34603	0.909207	0.759815	0.240185	2.161677
29790	-1257.847	-1468.712	210.8642	0.605959	5.910206	1.014438	0.733606	0.266394	3.157454
29796	-1249.996	-1461.263	211.2668	0.7533049	6.163577	2.004083	0.786125	0.213875	2.329393
29802	-1245.228	-1456.805	211.5774	0.8644854	5.862902	2.004083	0.67005	0.32995	2.103776
29808	-1252.772	-1464.253	211.4811	1.082143	5.030202	2.089356	0.718887	0.281113	2.134852
29814	-1249.353	-1460.523	211.1705	0.8860101	3.908438	1.24598	0.675159	0.324841	3.025005
29820	-1245.899	-1456.429	210.5297	0.7098093	4.069859	1.806032	0.674913	0.325087	3.235474
29826	-1236.537	-1446.94	210.4028	0.8217849	4.069859	1.806032	0.713253	0.286747	3.244311
29832	-1231.212	-1441.694	210.4822	0.6394096	5.600308	1.328089	0.741242	0.258758	3.244311
29838	-1233.711	-1444.862	211.1516	0.8124549	4.835642	1.757916	0.686807	0.313193	2.675272
29844	-1235.324	-1446.17	210.8463	0.7783357	5.535591	1.04144	0.737482	0.262518	3.105783
29850	-1245.763	-1456.503	210.7405	0.703437	4.206207	1.23731	0.725404	0.274596	3.334051
29856	-1254.263	-1465.096	210.8326	0.7539696	3.606687	1.313549	0.630048	0.369952	3.334051
29862	-1262.02	-1473.865	211.8445	0.7643596	4.779701	1.759355	0.783496	0.216504	2.280711
29868	-1268.543	-1480.671	212.1284	0.894505	4.726683	0.972139	0.705742	0.294258	2.42954
29874	-1238.708	-1449.531	210.8222	0.8093058	5.562912	1.006538	0.683365	0.316635	3.117929
29880	-1236.582	-1447.796	211.2135	0.6919534	5.562912	1.221452	0.727181	0.272819	2.833911
29886	-1244.02	-1454.093	210.0727	0.5989598	5.701949	1.284312	0.684691	0.315309	3.514228
29892	-1246.097	-1456.973	210.8759	0.6967797	5.701949	1.770515	0.715029	0.284971	2.767204
29898	-1245.934	-1456.687	210.7536	0.5865157	4.950319	1.770515	0.689602	0.310398	3.028887
29904	-1249.575	-1460.076	210.5009	0.830841	5.912096	1.770515	0.705897	0.294103	2.881939
29910	-1242.432	-1453.388	210.9558	0.7294912	5.912096	1.558868	0.742919	0.257081	2.75424
29916	-1236.128	-1446.107	209.979	0.8021515	5.912096	1.558868	0.752259	0.247741	3.296093
29922	-1249.774	-1458.776	209.0018	0.5616835	4.798922	1.157844	0.652513	0.347487	4.351425
29928	-1252.699	-1461.615	208.9159	0.6475935	4.798922	1.157844	0.702774	0.297226	4.351425
29934	-1239.763	-1449.597	209.8347	0.5591258	3.972602	1.157844	0.66947	0.33053	4.026766
29940	-1247.356	-1458.01	210.6544	0.7357499	3.569682	1.721203	0.729369	0.270631	3.282292
29946	-1249.544	-1459.816	210.2713	0.5888483	4.096268	1.570343	0.680893	0.319107	3.54558
29952	-1281.553	-1491.032	209.4793	0.6400148	5.448246	1.305611	0.626021	0.373979	3.861277
29958	-1271.256	-1479.961	208.7049	0.5935571	4.594548	2.064178	0.713088	0.286912	4.172562
29964	-1259.395	-1469.498	210.1023	0.5935571	4.920401	2.064178	0.724457	0.275543	3.31054
29970	-1251.056	-1461.72	210.6632	0.9038426	4.920401	2.064178	0.724457	0.275543	2.789284
29976	-1252.757	-1463.766	211.009	0.7518436	4.812648	1.718392	0.778524	0.221476	2.819367
29982	-1246.379	-1457.534	211.1551	0.7518436	5.202476	1.286793	0.700649	0.299351	2.857378
29988	-1246.637	-1457.377	210.7398	0.6249041	4.825692	1.196633	0.697364	0.302636	3.290012
29994	-1248.382	-1459.384	211.0019	0.6249041	6.076172	1.092124	0.758509	0.241491	2.995419
30000	-1247.428	-1457.936	210.5078	0.64506	6.076172	1.12874	0.722845	0.277155	3.257341
30006	-1246.771	-1456.379	209.6078	0.5281949	6.462735	1.114654	0.726795	0.273205	3.804987
30012	-1245.321	-1456.912	211.5911	1.072712	4.118944	2.798955	0.694675	0.305325	2.015001
30018	-1236.667	-1448.069	211.4018	0.9178656	4.041681	1.89889	0.741845	0.258155	2.552608
30024	-1255.596	-1467.014	211.4184	0.7436913	5.136497	1.631814	0.698122	0.301878	2.552608
30030	-1254.005	-1465.984	211.979	0.8779027	4.721484	1.787018	0.697104	0.302896	2.119689
30036	-1251.375	-1461.41	210.0349	0.6140221	4.721484	1.787018	0.720837	0.279163	3.47014
30042	-1255.573	-1466.175	210.602	0.6667015	4.721484	2.03138	0.685227	0.314773	3.015649
30048	-1258.954	-1469.849	210.8957	0.6284915	4.620379	1.523269	0.771115	0.228885	3.077273
30054	-1253.273	-1464.311	211.0384	0.5182148	6.365009	1.523269	0.734124	0.265876	2.782909
30060	-1249.996	-1459.701	209.7057	0.5881483	3.458991	1.850487	0.657336	0.342664	3.895324
30066	-1247.626	-1456.893	209.267	0.6089544	4.94537	1.019215	0.697778	0.302222	4.224512
30072	-1244.709	-1455.57	210.8608	0.7517601	4.050371	1.523269	0.678688	0.321312	3.131804
30078	-1240.68	-1451.619	210.9391	0.6653171	4.201888	1.875327	0.697562	0.302438	2.966243
30084	-1246.209	-1457.297	211.0879	0.7904633	4.201888	1.497225	0.646273	0.353727	2.954397
30090	-1248.763	-1459.936	211.1723	0.9762189	4.081539	1.680658	0.711453	0.288547	2.736157
30096	-1241.62	-1452.774	211.1538	0.7076376	5.671989	1.44057	0.711453	0.288547	2.736157
30102	-1243.123	-1453.972	210.8495	0.8650163	4.269879	1.207227	0.652504	0.347496	3.177407
30108	-1245.683	-1455.468	209.7846	0.5461851	3.806772	1.547818	0.652504	0.347496	3.917373
30114	-1248.718	-1457.895	209.1772	0.5972412	3.745463	1.27406	0.652504	0.347496	4.366185
30120	-1241.135	-1451.215	210.0797	0.5049422	3.745463	1.832882	0.719268	0.280732	3.673603
30126	-1259.744	-1470.159	210.4146	0.4131974	4.380229	1.212452	0.727723	0.272277	3.673603
30132	-1264.31	-1475.822	211.5115	0.90045	6.491259	1.20628	0.78034	0.21966	2.390378
30138	-1251.069	-1461.562	210.4938	0.5895889	5.968538	2.276388	0.765573	0.234427	2.845282
30144	-1239.73	-1450.928	211.1977	0.68716	5.86071	1.420167	0.738874	0.261126	2.702517
30150	-1233.975	-1445.503	211.5276	0.8691123	5.058725	2.01081	0.738874	0.261126	2.26668
30156	-1245.262	-1456.395	211.1329	0.7667607	5.385562	1.768553	0.744248	0.255752	2.617269
30162	-1242.404	-1453.289	210.8846	0.5564733	6.298258	1.394876	0.749771	0.250229	2.920703
30168	-1244.924	-1455.542	210.6176	0.5813453	6.298258	1.923493	0.737003	0.262997	2.84883
30174	-1250.58	-1461.293	210.7134	0.7015049	6.01192	1.445171	0.738054	0.261946	2.954058
30180	-1248.907	-1459.403	210.4961	0.5667158	6.450361	1.216494	0.80545	0.19455	3.213023
30186	-1242.582	-1453.25	210.6678	0.5717299	6.450361	1.216494	0.748412	0.251588	3.108057
30192	-1239.012	-1449.411	210.3987	0.4830251	4.864545	1.728984	0.762172	0.237828	3.331414
30198	-1238.918	-1449.43	210.5114	0.6547527	4.911016	1.549184	0.700457	0.299543	3.228518
30204	-1238.629	-1449.126	210.4978	0.44288	5.229236	1.502708	0.721988	0.278012	3.32936
30210	-1242.253	-1452.876	210.6236	0.5943614	6.500185	1.705886	0.721749	0.278251	2.892823
30216	-1243.608	-1453.653	210.0457	0.6345191	6.204179	1.705886	0.738714	0.261286	3.25474
30222	-1249.713	-1460.012	210.2985	0.6835505	6.204179	1.705886	0.751424	0.248576	3.075467
30228	-1251.174	-1460.646	209.4721	0.6720835	5.01732	1.343486	0.708481	0.291519	3.896255
30234	-1246.913	-1456.821	209.9083	0.8158777	5.326902	1.721394	0.729916	0.270084	3.351875
30240	-1243.802	-1454.708	210.9062	0.7920082	4.896704	1.721394	0.738738	0.261262	2.841515
30246	-1239.565	-1450.721	211.1559	0.5905818	5.977243	1.819041	0.757955	0.242045	2.599618
30252	-1242.434	-1453.602	211.1679	0.6753561	4.408692	1.819041	0.740255	0.259745	2.803406
30258	-1244.548	-1455.504	210.9564	0.7376128	4.408692	2.082817	0.662495	0.337505	2.798047
30264	-1243.904	-1454.968	211.0638	0.7879749	5.591768	1.891746	0.664019	0.335981	2.565744
30270	-1242.605	-1452.516	209.9108	0.7450595	5.856909	1.891746	0.669085	0.330915	3.248394
30276	-1238.216	-1449.242	211.0268	0.7393694	5.856909	1.262941	0.669085	0.330915	2.852231
30282	-1243.178	-1454.208	211.0306	0.6255964	5.856909	1.018596	0.711793	0.288207	3.051939
30288	-1252.737	-1463.791	211.0538	0.6984121	5.560093	1.210164	0.679217	0.320783	2.93295
30294	-1244.742	-1455.071	210.3295	0.5923825	4.486127	1.619633	0.673549	0.326451	3.417003
30300	-1246.874	-1457.264	210.39	0.5986078	7.981612	0.8867139	0.784893	0.215107	3.257653
30306	-1246.684	-1456.932	210.2472	0.6228251	7.035074	0.9171659	0.739522	0.260478	3.419651
30312	-1244.619	-1454.971	210.3519	0.5182041	7.035074	0.9171659	0.732734	0.267266	3.419651
30318	-1237.127	-1448.71	211.5827	0.8782348	4.856871	1.156438	0.745265	0.254735	2.64627
30324	-1246.619	-1457.862	211.2424	0.7710255	4.748077	1.156438	0.711099	0.288901	2.938105
30330	-1248.305	-1459.883	211.5775	0.8330838	6.911674	1.070929	0.737649	0.262351	2.410317
30336	-1254.929	-1466.508	211.5795	0.8121857	4.327772	1.179955	0.752004	0.247996	2.77358
30342	-1243.269	-1454.036	210.7663	0.7968148	5.478009	2.461717	0.65144	0.34856	2.568241
30348	-1247.869	-1458.363	210.4935	1.022109	5.437994	2.580245	0.747167	0.252833	2.568241
30354	-1253.21	-1463.915	210.7045	0.770364	5.475548	1.632465	0.648564	0.351436	2.917493
30360	-1256.6	-1467.226	210.6258	0.6561055	4.646202	2.017145	0.691361	0.308639	3.026034
30366	-1250.42	-1460.764	210.344	0.6459605	4.350053	2.017145	0.702985	0.297015	3.253588
30372	-1237.13	-1447.54	210.409	0.6211721	4.095165	1.605572	0.73313	0.26687	3.432073
30378	-1239.073	-1449.002	209.9283	0.5494098	6.002807	1.630099	0.73313	0.26687	3.432073
30384	-1239.078	-1448.961	209.8828	0.5824363	6.002807	1.272062	0.73313	0.26687	3.597093
30390	-1243.301	-1454.469	211.1677	0.6221087	6.002807	1.315655	0.690618	0.309382	2.789811
30396	-1239.189	-1449.539	210.3502	0.5704223	5.516279	1.581987	0.744049	0.255951	3.262853
30402	-1229.319	-1439.712	210.3931	0.8115198	4.959579	1.27362	0.653714	0.346286	3.323118
30408	-1222.306	-1433.518	211.2119	0.7764445	5.87974	1.453456	0.773441	0.226559	2.620319
30414	-1234.644	-1445.988	211.3444	0.7486284	5.758381	1.453456	0.719865	0.280135	2.574148
30420	-1255.515	-1466.38	210.865	0.7326942	4.472056	2.036142	0.666735	0.333265	2.860899
30426	-1247.621	-1458.087	210.4667	0.6375636	6.23936	1.240898	0.731247	0.268753	3.204885
30432	-1246.292	-1457.386	211.0941	0.8165723	6.23936	1.240898	0.837573	0.162427	2.719595
30438	-1257.379	-1468.239	210.8605	0.7510297	6.072781	1.143968	0.725571	0.274429	2.97641
30444	-1243.257	-1453.761	210.5041	0.7538204	5.646947	1.327397	0.701684	0.298316	3.15684
30450	-1227.665	-1438.1	210.4352	0.6890503	5.646947	1.327397	0.740558	0.259442	3.236059
30456	-1239.08	-1449.791	210.7109	0.8149652	7.190952	1.327397	0.805966	0.194034	2.783031
30462	-1246.467	-1458.001	211.5341	0.6914683	7.158597	1.327397	0.837734	0.162266	2.352512
30468	-1247.142	-1458.93	211.7881	0.8851436	8.423716	1.327397	0.734852	0.265148	1.898339
30474	-1249.069	-1460.283	211.2143	0.9373563	5.930354	0.937645	0.760167	0.239833	2.791852
30480	-1255.045	-1466.958	211.9122	1.037596	5.930354	1.846603	0.737939	0.262061	1.815485
30486	-1248.449	-1460.311	211.8617	0.7937827	7.241943	1.083076	0.741851	0.258149	2.20224
30492	-1245.668	-1457.289	211.6206	0.9355178	5.544898	1.280667	0.71933	0.28067	2.403581
30498	-1232.806	-1444.863	212.0573	0.7838715	5.544898	1.280667	0.764538	0.235462	2.221703
30504	-1240.584	-1452.412	211.8279	0.7424119	6.14936	1.097371	0.807217	0.192783	2.402156
30510	-1245.089	-1456.405	211.3157	0.7993832	5.441781	1.157318	0.737258	0.262742	2.759668
30516	-1239.349	-1450.94	211.5909	0.7632448	4.636149	1.107411	0.737258	0.262742	2.778745
30522	-1239.446	-1450.87	211.4236	0.8511358	4.636149	1.195736	0.753219	0.246781	2.778745
30528	-1243.816	-1455.01	211.1936	0.6826122	4.636149	1.195736	0.730955	0.269045	3.019547
30534	-1250.407	-1460.958	210.5511	0.835564	4.658367	1.195736	0.685598	0.314402	3.30639
30540	-1254.733	-1466.033	211.3003	0.8086291	4.980364	1.977671	0.719551	0.280449	2.475289
30546	-1251.769	-1462.293	210.524	0.5995522	4.980364	1.977671	0.661007	0.338993	3.076789
30552	-1240.458	-1451.849	211.3911	0.9234827	5.624354	1.452005	0.715095	0.284905	2.457618
30558	-1243.307	-1454.133	210.8258	0.7672223	5.624354	1.213677	0.749201	0.250799	3.016902
30564	-1250.968	-1461.763	210.794	0.8073779	5.749758	1.168046	0.79625	0.20375	3.016902
30570	-1244.093	-1454.718	210.6246	0.6861753	6.777907	1.651613	0.792178	0.207822	2.821363
30576	-1244.744	-1454.848	210.1043	0.5561434	6.777907	1.651613	0.722565	0.277435	3.211269
30582	-1247.273	-1458.591	211.3181	0.6733795	6.327753	1.651613	0.77003	0.22997	2.463767
30588	-1242.561	-1453.827	211.2657	0.6934757	6.720437	1.618255	0.795757	0.204243	2.442903
30594	-1241.039	-1452.32	211.2808	0.660862	5.392606	1.762542	0.761474	0.238526	2.592555
30600	-1249.186	-1459.186	209.9999	0.547186	6.563432	1.762542	0.78733	0.21267	3.262773
30606	-1239.153	-1449.178	210.0251	0.6652061	5.701987	1.85896	0.729074	0.270926	3.262773
30612	-1242.145	-1452.026	209.881	0.5563353	5.701987	1.651473	0.751509	0.248491	3.490423
30618	-1234.021	-1444.381	210.3601	0.6648493	6.109721	1.058899	0.779103	0.220897	3.366465
30624	-1235.041	-1445.591	210.5505	0.662369	6.109721	1.058899	0.698789	0.301211	3.255749
30630	-1258.527	-1469.563	211.0364	0.7816412	7.631328	1.020985	0.768788	0.231212	2.71642
30636	-1250.062	-1461.625	211.5634	0.8855914	5.05569	1.592888	0.766401	0.233599	2.403821
30642	-1246.801	-1456.454	209.6535	0.8470792	4.63315	1.491018	0.699234	0.300766	3.689725
30648	-1250.658	-1461.079	210.4204	0.9087965	4.72505	0.8541667	0.785188	0.214812	3.526084
30654	-1244.995	-1455.15	210.1549	0.6879595	6.655334	1.142465	0.740262	0.259738	3.354205
30660	-1239.226	-1449.479	210.2532	0.6865926	6.655334	1.323956	0.791738	0.208262	3.205532
30666	-1250.704	-1462.239	211.535	1.030741	3.512477	1.323956	0.759647	0.240353	2.763886
30672	-1259.238	-1470.966	211.7277	0.8633389	4.036227	1.583724	0.655066	0.344934	2.513329
30678	-1249.914	-1460.982	211.0679	0.7989801	4.856347	1.583724	0.720604	0.279396	2.803092
30684	-1267.039	-1477.99	210.951	0.6243516	5.798009	1.118495	0.696304	0.303696	3.052132
30690	-1266.53	-1476.424	209.8946	0.7347199	4.313626	0.9466428	0.671765	0.328235	3.944776
30696	-1266.586	-1476.572	209.9856	0.913333	4.313626	0.9466428	0.768225	0.231775	3.789959
30702	-1258.938	-1469.287	210.3497	0.9220736	5.660772	0.7104153	0.751281	0.248719	3.51169
30708	-1254.684	-1464.049	209.3647	0.7603698	5.660772	0.7104153	0.698444	0.301556	4.171088
30714	-1256.827	-1466.648	209.8207	0.8234793	5.660772	0.9874346	0.715998	0.284002	3.693367
30720	-1247.755	-1457.447	209.6915	0.7151868	5.452391	2.003783	0.715998	0.284002	3.415796
30726	-1264.293	-1474.803	210.5099	0.8268134	5.503323	1.915217	0.789288	0.210712	2.886372
30732	-1254.928	-1465.383	210.4544	0.8769107	5.503323	1.915217	0.712225	0.287775	2.889638
30738	-1248.943	-1459.831	210.8874	0.7363902	6.339409	1.442532	0.706139	0.293861	2.782022
30744	-1236.989	-1447.875	210.8861	0.7376805	6.339409	1.442532	0.789359	0.210641	2.782022
30750	-1243.459	-1454.233	210.7744	0.7652971	6.339409	1.442532	0.823491	0.176509	2.833155
30756	-1245.432	-1457.066	211.6342	0.8626232	6.339409	1.415919	0.785832	0.214168	2.2494
30762	-1237.166	-1448.565	211.3994	1.016226	6.515383	1.290752	0.735485	0.264515	2.339319
30768	-1237.435	-1449.628	212.1935	1.118152	6.000277	1.290752	0.716726	0.283274	1.828007
30774	-1239.207	-1451.208	212.001	0.9448014	6.380146	1.558565	0.716726	0.283274	1.876998
30780	-1241.05	-1452.924	211.8746	1.142797	6.598096	1.866943	0.719225	0.280775	1.649672
30786	-1240.275	-1451.034	210.7586	0.9345299	5.598861	1.238559	0.784484	0.215516	2.947901
30792	-1237.421	-1448.215	210.7939	1.01834	5.598861	1.104409	0.703001	0.296999	2.947901
30798	-1233.261	-1444.181	210.9201	0.9070794	5.207899	1.751725	0.66781	0.33219	2.69788
30804	-1240.192	-1450.986	210.7935	0.7137372	4.937915	1.714553	0.69758	0.30242	2.952593
30810	-1238.369	-1448.424	210.0551	0.6889236	4.534604	1.345586	0.656972	0.343028	3.630502
30816	-1237.498	-1449.195	211.6969	1.097745	5.595868	1.3456	0.680796	0.319204	2.209178
30822	-1241.363	-1452.818	211.4554	0.8927695	6.57183	1.781999	0.656598	0.343402	2.145344
30828	-1236.525	-1448.242	211.7171	1.090646	6.002798	1.325982	0.632435	0.367565	2.145344
30834	-1239.633	-1451.553	211.9195	1.113194	4.52713	1.455939	0.632435	0.367565	2.192427
30840	-1235.075	-1446.844	211.7686	1.077547	6.162462	0.9299124	0.764022	0.235978	2.330507
30846	-1242.514	-1454.482	211.9679	0.8883784	6.162462	0.9299124	0.850078	0.149922	2.324091
30852	-1244.711	-1456.374	211.6629	0.7995884	6.976318	1.146905	0.796517	0.203483	2.324091
30858	-1248.898	-1460.711	211.8124	0.8099897	6.893926	1.146905	0.781816	0.218184	2.232956
30864	-1243.656	-1455.404	211.7475	0.9798853	6.893926	1.146905	0.743072	0.256928	2.165012
30870	-1229.651	-1440.509	210.8588	0.5910308	6.877682	0.8595554	0.771267	0.228733	3.134483
30876	-1234.527	-1445.575	211.0479	0.6727346	6.877682	1.12435	0.69917	0.30083	2.810948
30882	-1229.548	-1440.722	211.1739	0.8309837	5.67749	1.039635	0.736731	0.263269	2.856598
30888	-1234.724	-1445.62	210.8963	0.8067894	5.67749	1.038392	0.728308	0.271692	3.03907
30894	-1241.114	-1452.076	210.9616	0.7027939	5.67749	1.614375	0.738042	0.261958	2.778747
30900	-1235.286	-1446.698	211.4114	0.9691282	4.067161	1.614375	0.723741	0.276259	2.624294
30906	-1248.611	-1460.127	211.5168	0.8638052	4.067161	1.614375	0.738406	0.261594	2.624294
30912	-1260.986	-1470.472	209.4853	0.8609368	4.925875	2.00517	0.639915	0.360085	3.534347
30918	-1254.872	-1465.643	210.7705	0.8066338	3.956684	1.610964	0.766274	0.233726	3.134609
30924	-1245.684	-1456.647	210.9627	0.7532934	5.247103	1.157671	0.742284	0.257716	3.031971
30930	-1238.773	-1450.843	212.0698	0.9270172	3.782513	1.388967	0.65435	0.34565	2.403731
30936	-1252.569	-1463.611	211.0418	0.9194412	3.782513	1.388967	0.709558	0.290442	3.038728
30942	-1252.405	-1463.837	211.4316	0.8393868	3.782513	2.349602	0.700585	0.299415	2.480704
30948	-1257.289	-1468.078	210.789	0.7849751	3.653834	2.408261	0.765039	0.234961	2.918471
30954	-1254.238	-1465.873	211.6352	0.9783642	4.662165	1.193937	0.692565	0.307435	2.566501
30960	-1243.983	-1455.237	211.2542	0.9042978	4.805732	1.648321	0.760441	0.239559	2.605634
30966	-1250.565	-1462.577	212.0118	1.031623	5.026841	1.581569	0.818118	0.181882	2.030105
30972	-1238.796	-1449.446	210.65	0.8257088	6.03298	1.435766	0.692243	0.307757	2.918645
30978	-1244.23	-1454.577	210.3467	0.8354085	4.799706	1.150663	0.68692	0.31308	3.425588
30984	-1240.981	-1451.825	210.8439	0.7897444	3.957869	1.512762	0.690165	0.309835	3.142307
30990	-1256.554	-1467.845	211.2904	0.8250198	3.957869	1.001487	0.702501	0.297499	3.113805
30996	-1245.333	-1457.542	212.2096	0.9761304	4.978165	1.001487	0.727707	0.272293	2.261289
31002	-1238.447	-1448.961	210.5133	0.8348225	4.282039	0.8409213	0.743762	0.256238	3.602571
31008	-1247.321	-1457.893	210.5718	0.9032556	6.237656	0.8443692	0.742894	0.257106	3.214882
31014	-1248.905	-1460.883	211.9779	0.754604	4.707701	2.028512	0.737327	0.262673	2.10741
31020	-1242.479	-1453.599	211.1202	0.8787693	5.046634	2.022699	0.731432	0.268568	2.51599
31026	-1237.595	-1449.041	211.4456	0.8427578	5.768946	1.940102	0.754629	0.245371	2.243216
31032	-1237.671	-1449.183	211.5118	0.8871633	5.768946	1.500135	0.779654	0.220346	2.358819
31038	-1233.144	-1444.056	210.9114	0.6554969	5.768946	1.253824	0.660224	0.339776	2.990196
31044	-1240.274	-1449.705	209.4314	0.6247461	4.9771	1.157473	0.702552	0.297448	4.043046
31050	-1234.036	-1443.911	209.875	0.76161	5.929721	1.157473	0.654234	0.345766	3.565342
31056	-1230.871	-1441.842	210.9717	0.6049783	6.801097	1.157473	0.771995	0.228005	2.890097
31062	-1236.539	-1447.1	210.5603	0.5644252	6.801097	1.373919	0.796102	0.203898	3.052756
31068	-1233.336	-1444.588	211.2519	0.8618816	6.57337	1.373919	0.819172	0.180828	2.479304
31074	-1233.403	-1445.377	211.9738	0.7909547	5.541412	1.306923	0.720955	0.279045	2.257532
31080	-1233.004	-1444.432	211.4277	0.699437	5.541412	0.9904104	0.747337	0.252663	2.833035
31086	-1248.367	-1459.374	211.0067	0.6744303	5.541412	1.386651	0.845837	0.154163	2.8913
31092	-1241.332	-1452.043	210.7109	0.6222069	5.541412	1.420302	0.787173	0.212827	3.084625
31098	-1241.764	-1452.248	210.4838	0.5935048	6.060734	1.420302	0.787173	0.212827	3.160154
31104	-1231.957	-1441.333	209.3766	0.617338	6.060734	1.781921	0.674424	0.325576	3.646934
31110	-1249.117	-1459.94	210.8233	0.8319231	6.060734	1.789535	0.73653	0.26347	2.655142
31116	-1235.169	-1446.976	211.8071	0.812913	6.175826	1.789535	0.67291	0.32709	2.023166
31122	-1244.824	-1456.338	211.5136	1.097482	6.816452	1.204196	0.715018	0.284982	2.21832
31128	-1237.577	-1448.752	211.175	0.9564742	6.816452	2.094202	0.754588	0.245412	2.12887
31134	-1242.103	-1453.578	211.4748	0.7105345	6.89084	0.9918995	0.795557	0.204443	2.602082
31140	-1235.368	-1445.875	210.5073	0.6061102	6.305387	1.307832	0.724049	0.275951	3.15734
31146	-1237.861	-1447.75	209.8891	0.7208535	5.733148	1.130716	0.687639	0.312361	3.623082
31152	-1240.037	-1450.719	210.6819	0.5488823	5.826285	1.19105	0.757217	0.242783	3.214232
31158	-1248.754	-1459.701	210.9472	0.8346808	6.145508	1.177067	0.72022	0.27978	2.845248
31164	-1239.241	-1450.03	210.7891	0.7405768	6.145508	1.651569	0.72022	0.27978	2.775545
31170	-1240.336	-1450.695	210.3589	0.6979132	5.970143	2.003123	0.668027	0.331973	2.953061
31176	-1246.777	-1457.582	210.8055	0.79371	5.416315	1.337984	0.621828	0.378172	2.983447
31182	-1244.331	-1454.374	210.0425	0.8980429	6.171649	1.544982	0.694485	0.305515	3.170874
31188	-1235.237	-1446.089	210.852	0.5667728	5.447842	1.663408	0.629801	0.370199	2.942935
31194	-1244.365	-1454.493	210.1279	0.4829718	5.447842	1.862428	0.674755	0.325245	3.346668
31200	-1253.381	-1463.998	210.6165	0.6034049	8.804936	1.376281	0.693424	0.306576	2.758385
31206	-1254.786	-1466.136	211.3499	0.857572	5.455723	1.439396	0.733559	0.266441	2.557596
31212	-1252.471	-1463.519	211.0484	0.9040188	4.681871	1.745787	0.707604	0.292396	2.714818
31218	-1246.908	-1457.047	210.1391	0.766966	6.389283	1.852561	0.742686	0.257314	3.038864
31224	-1244.313	-1456.229	211.9155	1.057491	7.161676	1.402219	0.770494	0.229506	1.82086
31230	-1241.808	-1453.785	211.9768	0.8435788	6.188771	1.788643	0.767952	0.232048	1.886862
31236	-1244.971	-1456.642	211.6716	0.9112015	6.188771	1.577694	0.741914	0.258086	2.139337
31242	-1258.692	-1470.023	211.3309	0.8876891	6.968117	1.577694	0.81337	0.18663	2.262104
31248	-1247.016	-1457.862	210.8458	0.6663113	6.990883	1.499462	0.79144	0.20856	2.73624
31254	-1237.852	-1449.483	211.6307	0.8439131	9.363042	0.9118869	0.779757	0.220243	2.176539
31260	-1238.265	-1449.247	210.9827	0.9802553	9.732625	1.306725	0.815627	0.184373	2.230549
31266	-1241.767	-1453.137	211.3697	0.8349776	9.732625	1.349582	0.756016	0.243984	2.050267
31272	-1243.349	-1454.595	211.2458	1.062592	9.732625	1.224062	0.781387	0.218613	2.050267
31278	-1245.286	-1456.36	211.0739	0.8684932	7.608173	1.855482	0.818913	0.181087	2.236904
31284	-1249.194	-1460.341	211.147	0.702279	10.0494	1.597886	0.723509	0.276491	2.129084
31290	-1246.521	-1458.18	211.6585	0.7354192	7.820691	1.197665	0.819007	0.180993	2.229368
31296	-1240.506	-1451.752	211.2455	0.8437447	7.820691	1.197665	0.819007	0.180993	2.423427
31302	-1256.177	-1467.812	211.6345	0.9032737	9.304855	1.192922	0.751397	0.248603	1.962272
31308	-1249.846	-1461.034	211.1877	0.9032611	9.304855	1.00326	0.742105	0.257895	2.368184
31314	-1238.938	-1450.188	211.2501	0.7930767	9.304855	1.00326	0.740074	0.259926	2.398441
31320	-1235.546	-1446.476	210.9301	0.6350175	6.999622	1.00326	0.742406	0.257594	2.959178
31326	-1241.65	-1452.131	210.481	0.7619991	9.575941	0.9166796	0.742406	0.257594	2.91896
31332	-1251.532	-1461.967	210.4347	0.5729737	9.346373	1.06346	0.742048	0.257952	2.994304
31338	-1251.872	-1462.849	210.9768	0.6480613	9.346373	0.7405891	0.705282	0.294718	2.833624
31344	-1253.454	-1463.474	210.02	0.6552168	6.666929	1.15719	0.763712	0.236288	3.443237
31350	-1252.247	-1463.665	211.4179	0.7780933	7.688402	1.269165	0.820835	0.179165	2.333594
31356	-1251.459	-1462.699	211.2403	0.6759053	8.442561	1.269165	0.753134	0.246866	2.420563
31362	-1244.771	-1456.002	211.2309	0.8089835	7.547711	1.269165	0.802139	0.197861	2.449882
31368	-1242.509	-1453.64	211.1315	0.9492863	7.547711	1.269165	0.802139	0.197861	2.424104
31374	-1254.429	-1465.751	211.3214	0.8481225	9.577323	0.9290268	0.825494	0.174506	2.338112
31380	-1241.205	-1453.272	212.0665	1.029137	8.009515	0.8008262	0.786079	0.213921	2.008456
31386	-1247.911	-1459.987	212.0765	1.069454	8.009515	0.8008262	0.813892	0.186108	1.974854
31392	-1261.799	-1471.979	210.1795	0.6951742	4.644496	2.011127	0.643272	0.356728	3.270499
31398	-1257.805	-1469.284	211.4786	0.98479	4.589858	2.011127	0.643272	0.356728	2.31065
31404	-1255.815	-1466.831	211.0167	0.6572068	12.00769	1.141378	0.775221	0.224779	2.292181
31410	-1256.715	-1469.215	212.4997	1.280662	6.385969	1.263241	0.770799	0.229201	1.440704
31416	-1253.981	-1466.067	212.086	1.160335	6.385969	1.263241	0.801957	0.198043	1.826304
31422	-1247.509	-1459.002	211.4929	0.8149478	10.23151	0.9639916	0.831386	0.168614	2.158846
31428	-1245.796	-1457.026	211.2302	0.6153245	10.23151	1.450331	0.772626	0.227374	2.182761
31434	-1235.49	-1446.983	211.4929	0.8374993	7.696751	0.9357512	0.772771	0.227229	2.444424
31440	-1244.028	-1455.212	211.1837	0.7374455	7.696751	1.044672	0.805547	0.194453	2.630902
31446	-1256.217	-1466.94	210.7232	0.768864	7.696751	1.044672	0.756884	0.243116	2.89288
31452	-1228.969	-1440.558	211.5887	0.8465606	6.170647	1.125703	0.71633	0.28367	2.467498
31458	-1226.569	-1437.915	211.3458	0.7893561	6.451164	1.621652	0.767363	0.232637	2.368321
31464	-1227.971	-1439.677	211.7062	0.8404632	6.163537	1.315567	0.778374	0.221626	2.294551
31470	-1251.467	-1462.7	211.2338	0.6552463	10.38707	0.7653868	0.824412	0.175588	2.550691
31476	-1245.968	-1457.041	211.0733	0.7355827	10.38707	0.8752366	0.824412	0.175588	2.52129
31482	-1235.698	-1446.928	211.2306	0.8011335	4.84965	1.516407	0.72396	0.27604	2.733048
31488	-1249.693	-1460.458	210.7653	0.6647837	4.806598	2.421096	0.7566	0.2434	2.775885
31494	-1241.276	-1452.989	211.7129	0.7196476	4.204343	1.627881	0.727492	0.272508	2.558495
31500	-1245.979	-1457.597	211.6178	0.8147185	4.204343	1.627881	0.762915	0.237085	2.558495
31506	-1240.835	-1452.632	211.7971	1.07553	4.337796	1.627881	0.731447	0.268553	2.253744
31512	-1254.47	-1466.327	211.8565	0.7473304	4.583869	1.627881	0.731959	0.268041	2.37679
31518	-1252.945	-1463.733	210.7882	0.549471	5.47401	1.159532	0.733958	0.266042	3.220379
31524	-1252.641	-1464.359	211.7188	0.7215805	5.630578	1.159532	0.712107	0.287893	2.527777
31530	-1244.143	-1454.924	210.7811	0.7438084	5.929747	1.308931	0.757536	0.242464	2.964194
31536	-1238.582	-1448.948	210.3655	0.7037294	4.16622	1.308931	0.732221	0.267779	3.526018
31542	-1230.697	-1441.002	210.3053	0.6985205	5.397014	1.319469	0.686404	0.313596	3.348927
31548	-1240.154	-1450.205	210.0513	0.8098101	5.397014	1.01311	0.718551	0.281449	3.592216
31554	-1258.414	-1470.628	212.2137	1.139423	5.292848	1.618011	0.850953	0.149047	1.752663
31560	-1244.453	-1454.736	210.2839	0.7456766	6.129751	0.8041514	0.799952	0.200048	3.518701
31566	-1241.064	-1451.384	210.3205	0.6749094	5.821064	1.228457	0.699815	0.300185	3.334766
31572	-1254.528	-1466.041	211.5128	0.7573997	4.161472	1.445401	0.69659	0.30341	2.748151
31578	-1251.53	-1462.376	210.8457	0.7169028	4.891586	1.445401	0.740195	0.259805	3.041363
31584	-1241.18	-1452.281	211.1011	0.6832679	4.74644	1.445401	0.713513	0.286487	2.933427
31590	-1266.075	-1476.726	210.6504	0.7317327	5.065986	1.208844	0.722549	0.277451	3.233258
31596	-1262.442	-1472.421	209.9787	0.6009697	5.070346	1.325672	0.738465	0.261535	3.64494
31602	-1246.219	-1457.629	211.4099	0.9452889	4.657412	1.05083	0.742575	0.257425	2.806791
31608	-1243.252	-1454.291	211.0385	0.8077714	5.711315	1.221754	0.694449	0.305551	2.846806
31614	-1242.218	-1452.978	210.7601	0.6151488	7.128011	1.325672	0.64804	0.35196	2.883286
31620	-1237.807	-1448.819	211.0113	0.7418791	7.128011	1.325672	0.713812	0.286188	2.652608
31626	-1235.506	-1446.489	210.9828	0.6425419	7.81287	1.313419	0.709944	0.290056	2.652608
31632	-1249.949	-1460.637	210.6873	0.8193983	5.914258	1.974112	0.757722	0.242278	2.698338
31638	-1253.608	-1464.215	210.6075	0.7068423	5.390494	1.974112	0.681942	0.318058	2.896373
31644	-1246.776	-1456.673	209.897	0.7391969	6.27044	1.874171	0.779321	0.220679	3.207852
31650	-1241.073	-1452.057	210.9839	0.6749533	5.0615	1.50819	0.693574	0.306426	2.926776
31656	-1241.857	-1452.538	210.6806	0.7341481	5.0615	1.872014	0.637389	0.362611	2.926776
31662	-1242.767	-1453.404	210.6375	0.8656429	5.992886	1.872014	0.695225	0.304775	2.726709
31668	-1250.635	-1461.033	210.3974	0.9454351	5.543034	1.591206	0.728937	0.271063	3.003646
31674	-1238.754	-1449.583	210.8298	0.8477675	5.38107	1.787438	0.727081	0.272919	2.747041
31680	-1237.079	-1447.816	210.7362	0.8153113	4.729276	1.551596	0.645376	0.354624	3.02941
31686	-1240.329	-1451.152	210.8228	0.6252	5.486191	1.551596	0.783331	0.216669	2.966204
31692	-1231.16	-1441.993	210.8321	0.7010045	4.447459	1.723545	0.693095	0.306905	3.020593
31698	-1239.978	-1449.973	209.9949	0.5344965	4.447459	1.723545	0.738955	0.261045	3.611787
31704	-1245.949	-1456.117	210.1676	0.4968737	5.372767	1.723545	0.738955	0.261045	3.378949
31710	-1244.131	-1454.711	210.5794	0.6929967	5.185094	1.826239	0.773924	0.226076	3.009117
31716	-1243.263	-1454.497	211.2346	0.7692359	5.185094	1.826239	0.79649	0.20351	2.5632
31722	-1251.121	-1461.705	210.584	0.8572683	5.185094	1.826239	0.706847	0.293153	2.907504
31728	-1253.779	-1464.788	211.0089	0.6707898	6.887344	1.192274	0.706847	0.293153	2.797597
31734	-1247.393	-1459.036	211.6431	0.7585332	5.054012	1.192274	0.755373	0.244627	2.628934
31740	-1256.511	-1467.236	210.7245	0.8332319	5.683182	2.071889	0.694724	0.305276	2.667284
31746	-1248.77	-1459.785	211.0147	0.8332319	4.807067	1.152354	0.72515	0.27485	3.029401
31752	-1240.709	-1450.515	209.8063	0.4886021	4.807067	1.521261	0.673825	0.326175	3.766139
31758	-1243.264	-1453.227	209.9635	0.6246604	5.291281	1.013568	0.709657	0.290343	3.766139
31764	-1253.736	-1465.053	211.317	0.923268	5.37228	1.955569	0.672105	0.327895	2.333233
31770	-1257.24	-1468.331	211.0902	0.9321085	4.799621	1.955667	0.672105	0.327895	2.569714
31776	-1255.036	-1465.141	210.1053	0.828388	4.121282	1.955667	0.720369	0.279631	3.351415
31782	-1252.971	-1462.839	209.8682	0.6370146	4.829058	1.59301	0.677364	0.322636	3.611233
31788	-1243.273	-1454.054	210.7814	0.7201697	4.744868	1.879294	0.696215	0.303785	2.926122
31794	-1239.624	-1450.175	210.5516	0.5564632	8.509425	1.192315	0.722111	0.277889	2.950407
31800	-1233.702	-1444.416	210.7144	0.4982986	8.28907	1.076094	0.801887	0.198113	2.975282
31806	-1245.375	-1456.025	210.6503	0.7766617	7.295038	1.076094	0.754126	0.245874	2.962636
31812	-1244.572	-1455.647	211.0753	0.81279	6.960018	1.292042	0.709699	0.290301	2.60817
31818	-1244.505	-1455.574	211.0685	0.7387403	7.046253	1.391761	0.782678	0.217322	2.597475
31824	-1238.299	-1449.651	211.3525	0.8763686	8.978218	1.278385	0.772825	0.227175	2.154872
31830	-1250.918	-1461.862	210.944	0.6534566	8.978218	1.278385	0.691865	0.308135	2.555904
31836	-1244.282	-1455.416	211.1338	0.5403412	7.077369	1.658436	0.68646	0.31354	2.555904
31842	-1242.983	-1453.918	210.9354	0.7225434	9.666377	1.658436	0.75043	0.24957	2.265466
31848	-1250.83	-1462.09	211.2603	0.7225434	8.946815	1.051394	0.702451	0.297549	2.445125
31854	-1247.558	-1458.333	210.7751	0.6835395	6.543961	1.858798	0.756537	0.243463	2.680326
31860	-1249.475	-1460.494	211.0181	0.661164	6.543961	1.368637	0.750727	0.249273	2.754565
31866	-1232.314	-1442.764	210.45	0.5753493	5.627963	1.368637	0.736395	0.263605	3.277915
31872	-1237.537	-1447.853	210.3155	0.6513994	5.627963	1.444393	0.682278	0.317722	3.277915
31878	-1252.121	-1463.577	211.4565	0.8640802	5.214155	1.444393	0.719042	0.280958	2.524878
31884	-1246.72	-1457.388	210.6681	0.5831721	5.309942	1.444393	0.7553	0.2447	3.158608
31890	-1241.668	-1451.686	210.0177	0.6425458	5.104843	1.029181	0.770277	0.229723	3.74492
31896	-1244.186	-1454.298	210.1118	0.5871036	5.681795	1.515551	0.71755	0.28245	3.396455
31902	-1248.401	-1458.642	210.2412	0.6575712	6.062061	1.183468	0.725666	0.274334	3.380065
31908	-1251.725	-1460.968	209.2435	0.7438523	4.413305	1.183468	0.636385	0.363615	4.163946
31914	-1263.886	-1473.539	209.6533	0.6457084	4.333945	0.8900193	0.689953	0.310047	4.163946
31920	-1255.987	-1466.564	210.5768	0.8583904	4.205598	1.471639	0.711166	0.288834	3.229323
31926	-1252.09	-1462.594	210.5033	0.6762713	4.08653	2.16326	0.666668	0.333332	3.142472
31932	-1266.558	-1478.416	211.8581	0.7929537	6.557371	0.9907286	0.719014	0.280986	2.356931
31938	-1272.683	-1483.534	210.8509	0.748556	7.899792	1.489641	0.729169	0.270831	2.573857
31944	-1242.132	-1453.437	211.305	0.956868	4.404597	1.636507	0.720776	0.279224	2.621181
31950	-1246.929	-1458.124	211.1946	0.8134508	5.20449	1.596723	0.754247	0.245753	2.651543
31956	-1238.495	-1449.509	211.0138	0.8014037	5.20449	1.572348	0.692899	0.307101	2.780216
31962	-1237.208	-1447.223	210.0145	0.6124243	6.492865	1.612759	0.717958	0.282042	3.284289
31968	-1249.356	-1459.53	210.1743	0.5678279	7.041214	1.065996	0.760538	0.239462	3.405989
31974	-1248.801	-1459.542	210.7416	0.6341326	8.240525	1.322179	0.752727	0.247273	2.75166
31980	-1240.545	-1451.231	210.6861	0.7824876	5.4239	1.322179	0.72593	0.27407	3.068113
31986	-1250.303	-1460.51	210.2068	0.8510718	5.4239	1.322179	0.710168	0.289832	3.311657
31992	-1249.002	-1458.691	209.6885	0.5241691	5.4239	1.322179	0.786839	0.213161	3.803481
31998	-1243.349	-1453.375	210.0263	0.5446068	5.810805	1.527152	0.68303	0.31697	3.447562
32004	-1247.726	-1458.15	210.4241	0.3870172	5.532766	1.498904	0.676996	0.323004	3.360034
32010	-1239.414	-1449.904	210.4903	0.6063832	4.619531	1.455723	0.65668	0.34332	3.360034
32016	-1240.656	-1451.225	210.5684	0.5606922	4.599187	1.455723	0.705163	0.294837	3.344558
32022	-1238.265	-1447.49	209.2252	0.4972571	4.595463	1.622002	0.696059	0.303941	4.089042
32028	-1246.707	-1457.232	210.5257	0.741834	4.595463	1.437663	0.717272	0.282728	3.271717
32034	-1234.095	-1444.534	210.4385	0.6705926	3.87475	1.839736	0.678952	0.321048	3.338764
32040	-1248.988	-1458.81	209.8223	0.4929174	3.964156	2.019461	0.659696	0.340304	3.720259
32046	-1246.922	-1456.752	209.8305	0.657561	4.289709	1.361436	0.675083	0.324917	3.815035
32052	-1248.998	-1458.903	209.9053	0.54401	6.003565	1.361436	0.707791	0.292209	3.564091
32058	-1239.496	-1449.896	210.3999	0.5203399	4.916915	1.407832	0.707791	0.292209	3.434009
32064	-1242.363	-1453.42	211.057	0.8544767	4.082525	1.251972	0.768129	0.231871	3.073614
32070	-1244.123	-1454.775	210.6516	0.701499	4.855411	2.107267	0.712973	0.287027	2.915446
32076	-1246.26	-1456.43	210.1704	0.7346684	3.756257	1.404111	0.722803	0.277197	3.658355
32082	-1244.865	-1454.928	210.0625	0.6295663	4.258732	1.45433	0.65	0.35	3.661666
32088	-1235.213	-1445.842	210.6289	0.6043724	4.944159	1.777353	0.684186	0.315814	3.09113
32094	-1240.83	-1451.186	210.3562	0.7518605	4.571755	1.751001	0.669612	0.330388	3.240216
32100	-1238.619	-1448.079	209.4602	0.63507	4.571755	1.618134	0.699604	0.300396	3.881509
32106	-1240.872	-1451.623	210.751	0.7245338	5.440802	1.299764	0.738166	0.261834	3.072205
32112	-1245.424	-1457.262	211.8383	0.8717636	6.002733	1.263375	0.759954	0.240046	2.241932
32118	-1232.847	-1443.661	210.8147	0.8316464	6.104652	1.075813	0.705617	0.294383	2.988818
32124	-1235.409	-1445.786	210.3766	0.700797	4.60665	1.089476	0.678491	0.321509	3.552732
32130	-1232.775	-1444.022	211.2462	0.8215422	6.104652	0.9880247	0.718729	0.281271	2.785813
32136	-1239.461	-1449.74	210.2783	0.8446925	5.147515	2.794078	0.747664	0.252336	2.796349
32142	-1236.721	-1446.66	209.9387	0.9023933	4.04482	1.247172	0.785144	0.214856	3.711373
32148	-1230.734	-1441.277	210.543	0.6442278	5.449819	1.021772	0.732665	0.267335	3.388839
32154	-1231.005	-1440.952	209.9469	0.7277066	5.719758	1.048679	0.745191	0.254809	3.632155
32160	-1248.321	-1459.546	211.2248	0.7338283	6.19953	0.9899237	0.705953	0.294047	2.837366
32166	-1242.129	-1452.957	210.8282	0.7064619	5.988749	1.194078	0.671849	0.328151	3.007965
32172	-1241.503	-1452.405	210.9014	0.6670462	5.988749	1.348959	0.671849	0.328151	2.909839
32178	-1244.493	-1454.653	210.1607	0.6448207	5.988749	1.838907	0.746664	0.253336	3.160066
32184	-1250.643	-1461.185	210.5427	0.646882	5.032902	1.838907	0.777442	0.222558	3.078988
32190	-1243.221	-1454.256	211.0352	0.8255941	5.032902	1.796636	0.72589	0.27411	2.689039
32196	-1234.141	-1444.833	210.6921	0.9276606	5.784386	1.796636	0.724236	0.275764	2.715533
32202	-1241.393	-1452.042	210.6488	0.7131116	4.534122	1.333776	0.75787	0.24213	3.274816
32208	-1259.34	-1471.013	211.6729	0.86546	5.222194	1.333776	0.777113	0.222887	2.44112
32214	-1250.426	-1460.795	210.3691	0.8214896	5.824149	1.736144	0.625263	0.374737	2.993523
32220	-1243.113	-1454.098	210.9848	0.8399253	4.316382	1.717513	0.658834	0.341166	2.871995
32226	-1261.022	-1471.045	210.0236	0.9610056	6.455333	1.067465	0.658834	0.341166	3.338127
32232	-1246.514	-1456.761	210.2464	0.5831143	6.455333	1.46095	0.679985	0.320015	3.234258
32238	-1245.366	-1456.049	210.6837	0.75824	4.270085	1.563091	0.683165	0.316835	3.173605
32244	-1237.998	-1447.905	209.907	0.6952069	4.429902	1.563091	0.690957	0.309043	3.636436
32250	-1249.191	-1459.657	210.4654	0.7166747	5.374426	1.556081	0.7035	0.2965	3.140823
32256	-1247.921	-1457.846	209.9246	0.6996937	5.374426	1.573153	0.695163	0.304837	3.462364
32262	-1235.998	-1445.828	209.8293	0.4871458	4.407916	1.563091	0.736917	0.263083	3.805419
32268	-1238.331	-1449.071	210.74	0.8154035	4.54145	1.491213	0.667855	0.332145	3.086841
32274	-1247.842	-1459.401	211.5589	0.8403346	4.54145	2.54983	0.667855	0.332145	2.177408
32280	-1240.341	-1451.504	211.1625	0.8579948	4.929302	1.665715	0.714556	0.285444	2.661652
32286	-1248.261	-1458.823	210.5613	0.7008732	4.929302	2.606228	0.816657	0.183343	2.801517
32292	-1249.943	-1460.036	210.0924	0.795168	6.208735	0.6502775	0.702258	0.297742	3.703555
32298	-1252.04	-1462.596	210.5564	0.6894176	5.614839	0.7079114	0.702258	0.297742	3.53546
32304	-1236.872	-1448.097	211.225	0.7026678	5.154298	1.518809	0.745294	0.254706	2.743367
32310	-1243.077	-1454.018	210.9408	0.6571451	5.969171	1.513334	0.766299	0.233701	2.819025
32316	-1245.943	-1456.823	210.8803	0.964016	4.653963	1.780521	0.645298	0.354702	2.772242
32322	-1250.046	-1461.11	211.0635	0.8394898	5.921772	1.842509	0.694123	0.305877	2.501472
32328	-1245.751	-1456.865	211.1141	0.8210321	5.921772	1.566774	0.612713	0.387287	2.595712
32334	-1242.169	-1453.204	211.0347	0.7982479	5.577998	1.615184	0.682755	0.317245	2.690749
32340	-1240.709	-1450.751	210.0424	0.6146272	6.228201	1.618814	0.681553	0.318447	3.299942
32346	-1242.618	-1453.321	210.7028	0.6689833	5.459215	1.285637	0.687611	0.312389	3.138118
32352	-1246.758	-1457.709	210.9509	0.7659253	5.558155	0.8930452	0.758919	0.241081	3.138118
32358	-1255.176	-1466.042	210.8657	0.9396147	4.355452	0.8101676	0.729084	0.270916	3.342641
32364	-1259.011	-1469.02	210.0097	1.014994	4.355452	1.714778	0.729084	0.270916	3.342641
32370	-1252.571	-1463.061	210.4905	0.8219427	4.622559	1.818675	0.735501	0.264499	3.083978
32376	-1249.238	-1460.776	211.538	0.8572482	6.583109	1.109821	0.738329	0.261671	2.442309
32382	-1248.996	-1461.189	212.1933	0.9485227	4.816942	1.109821	0.738329	0.261671	2.252213
32388	-1248.114	-1459.023	210.9088	0.6407396	4.816942	1.540355	0.734307	0.265693	3.020139
32394	-1255.999	-1466.909	210.9103	0.6682822	5.627835	1.675733	0.681335	0.318665	2.813137
32400	-1258.152	-1468.259	210.1077	0.7109949	4.569855	1.403904	0.653965	0.346035	3.554351
32406	-1246.883	-1457.274	210.3908	0.6584715	5.04768	1.403904	0.69175	0.30825	3.338504
32412	-1260.881	-1472.121	211.2394	0.8681885	4.625254	0.8682512	0.796434	0.203566	3.075442
32418	-1258.993	-1471.519	212.526	1.316607	4.85912	0.8682512	0.724495	0.275505	1.944393
32424	-1234.809	-1445.097	210.2876	0.6605743	4.405988	1.436819	0.640271	0.359729	3.493454
32430	-1248.187	-1457.828	209.6417	0.6590637	4.405988	1.613803	0.659485	0.340515	3.794283
32436	-1256.653	-1466.807	210.1542	0.8354363	4.405988	1.613803	0.648869	0.351131	3.394137
32442	-1249.902	-1460.966	211.0643	0.9482136	4.187058	1.477997	0.715645	0.284355	2.884937
32448	-1234.504	-1445.419	210.9153	0.7789489	4.854481	1.477997	0.704351	0.295649	2.954093
32454	-1241.611	-1452.115	210.5038	0.6875198	4.981956	1.477997	0.62223	0.37777	3.232487
32460	-1239.14	-1450.292	211.1523	0.8752133	4.981956	1.398241	0.741399	0.258601	2.766869
32466	-1250.143	-1461.009	210.8658	0.7811414	5.446899	1.398241	0.761344	0.238656	2.921306
32472	-1263.997	-1474.998	211.0008	0.7589601	5.446899	1.258403	0.7394	0.2606	2.921306
32478	-1250.523	-1461.774	211.2506	0.9389311	5.284315	0.8579054	0.740177	0.259823	2.921306
32484	-1248.487	-1458.611	210.1236	0.6945469	7.128252	2.483851	0.716656	0.283344	2.783504
32490	-1235.815	-1446.646	210.8306	0.9120083	5.163733	1.880652	0.716656	0.283344	2.707087
32496	-1244.793	-1456.059	211.2655	0.6012623	5.163733	1.880652	0.718864	0.281136	2.630711
32502	-1235.95	-1446.741	210.7917	0.7825989	5.163733	1.880652	0.718864	0.281136	2.809865
32508	-1245.047	-1456.094	211.0478	0.8841736	3.852759	1.96139	0.635877	0.364123	2.807315
32514	-1241.251	-1451.61	210.3596	0.9058116	4.382359	2.165335	0.678095	0.321905	3.033862
32520	-1239.772	-1450.444	210.672	0.6180505	4.148105	2.165335	0.705813	0.294187	3.063879
32526	-1237.21	-1447.6	210.3895	0.6130989	4.193016	2.165335	0.582968	0.417032	3.226064
32532	-1240.99	-1452.689	211.6992	0.888184	4.37453	1.295565	0.696097	0.303903	2.583716
32538	-1235.612	-1445.771	210.1586	0.6656034	4.987224	1.295565	0.656225	0.343775	3.530652
32544	-1258.748	-1469.764	211.0167	0.8229932	7.317067	0.7785977	0.737651	0.262349	2.901882
32550	-1243.165	-1454.623	211.4583	0.8581941	5.692556	0.9906108	0.659948	0.340052	2.693801
32556	-1258.452	-1469.692	211.2402	0.8459406	5.85926	1.558882	0.707613	0.292387	2.514802
32562	-1245.716	-1455.866	210.1506	0.667199	5.872574	2.330832	0.616675	0.383325	3.002418
32568	-1249.903	-1460.399	210.4967	0.783343	6.726917	1.305191	0.600843	0.399157	3.002418
32574	-1237.237	-1448.542	211.3051	0.6673453	7.17103	1.305191	0.748901	0.251099	2.521458
32580	-1231.648	-1442.709	211.061	0.8099482	6.473777	1.305191	0.811651	0.188349	2.678025
32586	-1235.688	-1447.045	211.3578	0.6854588	7.542733	1.524233	0.744838	0.255162	2.322958
32592	-1241.962	-1452.339	210.3767	0.6758556	5.021629	2.607342	0.747233	0.252767	2.912515
32598	-1247.785	-1458.002	210.2169	0.7201642	6.005532	2.803802	0.724277	0.275723	2.772721
32604	-1243.154	-1454.883	211.7297	0.7378047	7.094452	1.425979	0.815996	0.184004	2.155936
32610	-1235.68	-1446.822	211.1425	0.7735036	5.870741	1.008933	0.738229	0.261771	2.899508
32616	-1233.421	-1444.351	210.9292	0.5489231	5.870741	1.211362	0.647438	0.352562	3.05001
32622	-1247.891	-1458.729	210.8375	0.6281981	5.870741	1.818372	0.767367	0.232633	2.78823
32628	-1238.266	-1448.815	210.5492	0.627166	6.908144	1.818372	0.72568	0.27432	2.81942
32634	-1240.525	-1452.099	211.574	0.9519643	8.202282	1.361212	0.745932	0.254068	2.006575
32640	-1229.267	-1439.893	210.6267	0.8554825	6.908144	1.095444	0.715132	0.284868	2.967307
32646	-1232.976	-1444.54	211.5636	0.6916572	5.419274	1.185607	0.745867	0.254133	2.661972
32652	-1239.168	-1449.823	210.655	0.833007	5.419274	0.9092997	0.756843	0.243157	3.284597
32658	-1241.459	-1451.568	210.1094	0.6277916	5.419274	0.9092997	0.719344	0.280656	3.722608
32664	-1235.056	-1445.722	210.6659	0.7360275	5.419274	0.9092997	0.774858	0.225142	3.335284
32670	-1239.166	-1450.193	211.0273	0.8576552	5.478298	1.91205	0.737943	0.262057	2.555624
32676	-1250.846	-1462.116	211.2695	0.8275822	3.961432	1.949007	0.761626	0.238374	2.6881
32682	-1260.518	-1472.368	211.8505	0.8012056	6.535557	1.629393	0.72609	0.27391	2.017743
32688	-1246.89	-1457.798	210.9078	0.7970966	5.189928	1.836347	0.684171	0.315829	2.742703
32694	-1249.647	-1460.553	210.9061	0.6583361	5.593024	1.24149	0.733788	0.266212	3.024564
32700	-1241.382	-1452.52	211.1378	0.7384095	6.390339	1.726326	0.75015	0.24985	2.495605
32706	-1249.901	-1460.507	210.6069	0.7074264	4.808858	1.726326	0.745423	0.254577	3.085694
32712	-1256.323	-1467.201	210.8779	0.6653793	5.165351	1.619597	0.740706	0.259294	2.931491
32718	-1249.563	-1459.344	209.7815	0.7485822	4.613212	1.619597	0.779853	0.220147	3.622863
32724	-1250.628	-1461.718	211.0898	0.7599715	4.613212	1.619597	0.813364	0.186636	2.84161
32730	-1262.256	-1472.927	210.6716	0.6847011	4.613212	1.619597	0.718352	0.281648	3.137926
32736	-1259.896	-1469.751	209.855	0.7390279	4.011232	2.424539	0.708187	0.291813	3.421513
32742	-1247.218	-1457.617	210.3983	0.9756743	5.628444	1.717595	0.712831	0.287169	2.920014
32748	-1255.198	-1466.032	210.8341	0.8744423	5.628444	1.61191	0.744075	0.255925	2.760418
32754	-1248.821	-1458.797	209.9769	0.497593	3.989913	1.586895	0.732043	0.267957	3.782664
32760	-1258.52	-1470.181	211.6605	1.073233	4.383625	2.189804	0.767361	0.232639	2.111565
32766	-1243.467	-1455.09	211.6226	0.8947897	6.384953	1.76747	0.711935	0.288065	2.068331
32772	-1262.578	-1472.261	209.6835	0.8471751	4.243451	1.967142	0.705367	0.294633	3.55986
32778	-1251.205	-1461.45	210.2453	0.5760437	4.041032	1.534924	0.626539	0.373461	3.593504
32784	-1262.965	-1473.402	210.4378	0.7001372	3.644372	1.512724	0.675331	0.324669	3.498987
32790	-1272.169	-1483.072	210.9036	0.678335	6.109366	1.260301	0.749963	0.250037	2.928051
32796	-1267.916	-1479.337	211.4207	0.8695115	6.109366	1.260301	0.721658	0.278342	2.493555
32802	-1253.505	-1462.582	209.0765	0.5486885	4.373297	1.736545	0.736334	0.263666	4.139352
32808	-1257.114	-1467.144	210.0304	0.4961325	4.373297	1.736545	0.677892	0.322108	3.621908
32814	-1258.74	-1470.421	211.6806	0.7725646	3.382279	2.103402	0.636842	0.363158	2.541934
32820	-1261.039	-1471.798	210.7593	0.6736199	5.137089	1.454053	0.706609	0.293391	3.073955
32826	-1265.069	-1475.852	210.7835	0.5473614	6.226559	1.454053	0.754377	0.245623	2.969926
32832	-1255.732	-1466.66	210.928	0.7124299	5.83226	1.174153	0.821891	0.178109	2.977943
32838	-1258.426	-1470.383	211.957	0.7187424	5.256822	1.174153	0.807031	0.192969	2.433499
32844	-1249.782	-1461.796	212.0138	0.8882338	5.574618	1.479157	0.703814	0.296186	2.075642
32850	-1253.907	-1464.854	210.9466	0.6969359	6.205589	1.666415	0.764288	0.235712	2.691057
32856	-1245.535	-1456.876	211.3408	0.6306378	6.205589	1.666415	0.778465	0.221535	2.487843
32862	-1245.886	-1457.686	211.8005	0.8826134	8.111838	1.199138	0.768268	0.231732	2.002777
32868	-1253.21	-1463.773	210.5621	0.6726012	8.111838	1.465199	0.768268	0.231732	2.784511
32874	-1247.877	-1459.244	211.3675	0.818017	5.338398	2.189778	0.748569	0.251431	2.28856
32880	-1247.888	-1458.784	210.8969	0.8058647	7.180533	0.7365519	0.776365	0.223635	3.032218
32886	-1256.588	-1467.146	210.5573	0.9023645	5.991149	0.7365519	0.822635	0.177365	3.334391
32892	-1249.784	-1460.96	211.176	0.781117	7.773887	0.7365519	0.822635	0.177365	2.806713
32898	-1246.946	-1457.812	210.8663	0.6843507	9.631687	0.8385767	0.791341	0.208659	2.77909
32904	-1254.029	-1463.612	209.5828	0.7212593	6.566621	0.8965589	0.707884	0.292116	3.820061
32910	-1239.937	-1451.308	211.3711	0.8924187	7.946573	0.8419537	0.812965	0.187035	2.520172
32916	-1255.585	-1466.318	210.7333	0.8475561	7.946573	1.624072	0.711376	0.288624	2.520172
32922	-1260.592	-1471.315	210.7227	0.5271456	7.172085	1.501992	0.738128	0.261872	2.871554
32928	-1254.844	-1466.048	211.2037	0.8308947	7.080737	1.554943	0.732397	0.267603	2.374505
32934	-1242.523	-1453.394	210.8711	0.6773739	7.080737	1.554943	0.804956	0.195044	2.677681
32940	-1238.438	-1449.212	210.7745	0.7045836	7.615978	1.554943	0.7594	0.2406	2.653154
32946	-1240.988	-1451.135	210.147	0.5914727	6.201833	1.238651	0.805119	0.194881	3.42658
32952	-1247.634	-1457.883	210.2489	0.7617566	5.617974	1.930124	0.717304	0.282696	3.05922
32958	-1241.921	-1452.592	210.6716	0.7329633	4.451384	1.820766	0.654995	0.345005	3.05922
32964	-1240.411	-1450.158	209.7472	0.6656175	5.545369	1.900364	0.649078	0.350922	3.434291
32970	-1251.623	-1462.486	210.8631	0.7712299	3.922379	1.808658	0.648978	0.351022	3.029121
32976	-1245.008	-1455.457	210.4493	0.8231426	3.922379	1.297501	0.626691	0.373309	3.460397
32982	-1239.194	-1448.996	209.8014	0.7801281	4.869603	2.204783	0.738835	0.261165	3.340244
32988	-1252.883	-1463.476	210.5934	0.5960452	4.869603	2.247214	0.74432	0.25568	2.965322
32994	-1249.731	-1460.46	210.7285	0.8041428	5.084337	1.028566	0.645995	0.354005	3.23935
33000	-1245.55	-1456.896	211.3461	0.8102786	5.084337	1.107388	0.713149	0.286851	2.820804
33006	-1249.982	-1462.177	212.1951	1.073071	5.465214	1.107388	0.704394	0.295606	2.055484
33012	-1254.237	-1466.408	212.1709	0.9744415	5.465214	1.107388	0.727058	0.272942	2.136191
33018	-1248.756	-1460.065	211.3097	0.7667074	5.434203	1.65075	0.679284	0.320716	2.548237
33024	-1245.05	-1455.934	210.8842	0.6585144	5.579151	1.749918	0.736655	0.263345	2.812622
33030	-1246.125	-1456.854	210.7288	0.7224319	6.025799	1.818096	0.700596	0.299404	2.774168
33036	-1243.152	-1452.471	209.3193	0.6182751	4.115412	1.818096	0.6954	0.3046	3.978456
33042	-1244.721	-1454.768	210.0471	0.7318929	4.744428	1.394842	0.6954	0.3046	3.551321
33048	-1252.865	-1463.101	210.2363	0.6758855	4.390072	1.071737	0.710676	0.289324	3.696689
33054	-1249.229	-1460.342	211.113	0.9225934	3.834321	1.229206	0.710676	0.289324	3.061384
33060	-1240.807	-1451.884	211.0773	0.8121338	3.728134	2.243226	0.691043	0.308957	2.762961
33066	-1253.464	-1464.8	211.3363	0.9515298	4.018555	1.633789	0.705933	0.294067	2.683155
33072	-1250.396	-1461.085	210.6888	0.983969	5.768764	1.185861	0.76151	0.23849	2.961762
33078	-1256.096	-1466.873	210.7764	0.9330233	5.296779	1.185447	0.726654	0.273346	3.013154
33084	-1243.474	-1453.551	210.0766	0.6366356	4.889049	1.722716	0.675464	0.324536	3.428562
33090	-1244.673	-1455.017	210.3442	0.6321393	4.889049	1.358145	0.720254	0.279746	3.428562
33096	-1242.758	-1453.675	210.9171	0.4956541	4.662629	1.358145	0.745404	0.254596	3.210477
33102	-1250.935	-1461.768	210.8333	0.61951	5.518561	1.224628	0.688988	0.311012	3.111292
33108	-1252.177	-1463.048	210.8706	0.6301996	6.826047	1.224628	0.688988	0.311012	2.897079
33114	-1240.117	-1452.011	211.8942	0.9898348	5.074044	1.491334	0.738762	0.261238	2.168822
33120	-1249.072	-1459.562	210.4895	0.7152661	7.037517	1.224628	0.820237	0.179763	3.047858
33126	-1253.436	-1464.237	210.801	0.7037112	5.588619	1.224628	0.694146	0.305854	3.069559
33132	-1251.217	-1462.659	211.4419	0.7795882	5.588619	1.224628	0.762387	0.237613	2.634825
33138	-1240.081	-1451.286	211.2052	0.6252979	6.941039	1.158887	0.823282	0.176718	2.7165
33144	-1258.131	-1468.41	210.2797	0.6166924	7.037417	1.158887	0.694677	0.305323	3.265278
33150	-1239.101	-1450.632	211.5309	1.021855	4.648114	1.796168	0.677035	0.322965	2.326174
33156	-1240.818	-1452.176	211.358	1.130849	4.866913	1.796168	0.647749	0.352251	2.326174
33162	-1250.508	-1462.297	211.789	0.8528062	5.959805	1.496807	0.728754	0.271246	2.174474
33168	-1250.066	-1461.062	210.9959	0.8528062	4.85981	1.496807	0.624181	0.375819	2.851485
33174	-1239.821	-1451.255	211.434	0.8350388	4.342715	1.422942	0.772283	0.227717	2.723817
33180	-1253.128	-1465.198	212.0703	1.100845	5.857948	1.894919	0.767054	0.232946	1.65136
33186	-1262.992	-1475.158	212.1667	1.100845	5.857948	1.781718	0.673118	0.326882	1.633051
33192	-1252.172	-1462.366	210.1942	0.6671004	7.527312	1.258093	0.765595	0.234405	3.175552
33198	-1248.254	-1459.187	210.9323	0.788656	8.101351	1.258093	0.767066	0.232934	2.587752
33204	-1246.084	-1457.401	211.3165	0.6702859	8.155476	0.9608069	0.755257	0.244743	2.587752
33210	-1240.543	-1451.748	211.2045	0.8661615	5.710722	1.708641	0.749043	0.250957	2.483213
33216	-1240.4	-1451.656	211.2565	0.8661615	4.606516	1.708641	0.646609	0.353391	2.639029
33222	-1248.009	-1458.43	210.4211	0.6658486	6.49491	1.628102	0.733792	0.266208	3.004159
33228	-1250.157	-1460.588	210.4307	0.5379161	4.301454	1.21474	0.786164	0.213836	3.605245
33234	-1241.274	-1452.288	211.0144	0.6765562	7.643031	1.21474	0.741587	0.258413	2.683516
33240	-1245.892	-1457.152	211.2596	0.9205938	6.847335	1.539913	0.741132	0.258868	2.320516
33246	-1232.838	-1444.138	211.2991	0.7844679	6.753032	1.176033	0.735305	0.264695	2.576106
33252	-1238.425	-1450.291	211.8669	1.02439	4.893105	1.513041	0.656921	0.343079	2.186759
33258	-1236.313	-1446.632	210.319	1.003229	4.893105	2.042235	0.689171	0.310829	2.949858
33264	-1245.219	-1454.763	209.5441	0.6596248	4.893105	2.042235	0.699013	0.300987	3.610102
33270	-1244.639	-1454.534	209.8943	0.6723301	5.401652	0.9832235	0.771254	0.228746	3.779205
33276	-1243.153	-1453.39	210.2377	0.7188568	5.401652	0.9832235	0.733252	0.266748	3.553412
33282	-1243.25	-1453.624	210.3734	0.7578198	4.593391	1.954439	0.626101	0.373899	3.147431
33288	-1239.787	-1450.936	211.149	0.8810799	4.593391	2.102902	0.715388	0.284612	2.549609
33294	-1253.699	-1465.023	211.324	0.8789521	6.98234	1.574918	0.81185	0.18815	2.271496
33300	-1246.803	-1457.93	211.1274	0.8566265	5.06573	1.365183	0.781483	0.218517	2.794892
33306	-1246.325	-1457.114	210.7883	0.6102563	7.926291	1.268648	0.798418	0.201582	2.800635
33312	-1228.388	-1439.82	211.4321	0.6598624	7.6271	1.149272	0.811738	0.188262	2.472484
33318	-1230.015	-1440.495	210.4797	0.7141258	6.916915	1.503377	0.783876	0.216124	2.937337
33324	-1238.576	-1449.775	211.1993	0.5679645	5.785511	1.503377	0.747689	0.252311	2.74771
33330	-1225.666	-1436.259	210.5931	0.7438622	5.785511	1.524652	0.734936	0.265064	2.99884
33336	-1219.471	-1429.453	209.9814	0.6736496	6.264477	1.485237	0.734936	0.265064	3.352314
33342	-1234.909	-1445.499	210.5893	0.570752	5.443816	1.383275	0.716992	0.283008	3.219548
33348	-1247.011	-1457.642	210.6303	0.7961014	4.274996	1.886692	0.723848	0.276152	3.054706
33354	-1251.633	-1462.632	210.9991	0.6427207	5.10342	1.886692	0.712232	0.287768	2.776578
33360	-1251.21	-1463.036	211.8264	0.8607718	7.217961	1.487224	0.809538	0.190462	1.963503
33366	-1241.986	-1453.94	211.9543	0.7348366	7.217961	0.8824095	0.788857	0.211143	2.314643
33372	-1230.935	-1441.815	210.8804	0.4993958	6.76936	1.054084	0.772608	0.227392	3.070119
33378	-1234.616	-1446.068	211.4525	0.7786933	5.502829	1.886375	0.740952	0.259048	2.343906
33384	-1243.99	-1454.908	210.9184	0.8424537	6.467464	1.675497	0.738791	0.261209	2.577592
33390	-1243.25	-1454.194	210.9439	0.710711	5.429692	1.675497	0.738501	0.261499	2.798093
33396	-1254.975	-1465.958	210.9834	0.5227724	5.545179	1.675497	0.738501	0.261499	2.869991
33402	-1253.091	-1463.653	210.5628	0.7227965	5.335825	1.675497	0.801749	0.198251	3.035761
33408	-1250.171	-1460.287	210.1159	0.5852961	5.069374	1.682576	0.735652	0.264348	3.421576
33414	-1243.176	-1453.712	210.5357	0.6906764	5.069374	1.664848	0.692363	0.307637	3.118589
33420	-1232.989	-1443.985	210.9968	0.8416568	5.800908	1.664848	0.709289	0.290711	2.631809
33426	-1235.412	-1446.307	210.8954	0.7866379	5.800908	1.664848	0.648683	0.351317	2.727967
33432	-1241.875	-1452.593	210.718	0.763539	6.656653	1.664848	0.794587	0.205413	2.727967
33438	-1239.951	-1451.187	211.2368	0.6237642	7.588345	0.9309475	0.811353	0.188647	2.751764
33444	-1244.71	-1455.786	211.0758	0.6655822	7.588345	1.049138	0.842754	0.157246	2.751764
33450	-1249.261	-1461.162	211.9004	1.007803	5.616551	1.508289	0.826175	0.173825	2.05036
33456	-1249.643	-1460.966	211.3235	0.9908331	5.789108	1.547995	0.813606	0.186394	2.387286
33462	-1241.579	-1453.753	212.1743	0.8376401	6.279592	1.30995	0.766283	0.233717	1.975784
33468	-1241.191	-1453.422	212.2309	0.972279	6.279592	1.26551	0.766283	0.233717	1.871381
33474	-1248.418	-1460.009	211.591	1.03074	4.839061	2.217627	0.766162	0.233838	2.085531
33480	-1240.766	-1451.662	210.8967	0.6913022	7.398038	1.63049	0.723464	0.276536	2.580098
33486	-1254.978	-1465.907	210.9291	0.658949	7.398038	1.63049	0.848554	0.151446	2.580098
33492	-1248.702	-1459.701	210.999	0.9413238	7.398038	1.63049	0.809597	0.190403	2.359204
33498	-1242.477	-1452.957	210.481	0.793012	4.965143	1.63049	0.633235	0.366765	3.121569
33504	-1245.711	-1456.113	210.4024	0.6982961	6.191257	1.18022	0.781296	0.218704	3.244783
33510	-1242.351	-1452.768	210.4175	0.8430088	4.965143	1.816567	0.741051	0.258949	3.056361
33516	-1252.116	-1463.124	211.0083	0.7770979	6.520714	2.116256	0.74996	0.25004	2.385257
33522	-1244.055	-1454.373	210.3184	0.662422	6.520714	2.116256	0.754058	0.245942	2.882153
33528	-1240.02	-1451.105	211.0849	0.5643262	6.313739	1.500691	0.681542	0.318458	2.743685
33534	-1238.857	-1448.386	209.5289	0.5896025	6.230718	0.9638203	0.727165	0.272835	3.929966
33540	-1242.155	-1452.384	210.229	0.6235723	7.071046	1.612299	0.755421	0.244579	3.075748
33546	-1244.787	-1455.914	211.1267	0.5917023	7.071046	1.385613	0.724175	0.275825	2.652096
33552	-1248.568	-1459.576	211.0081	0.7281858	7.071046	1.156607	0.762868	0.237132	2.758488
33558	-1234.631	-1446.048	211.4168	0.7281858	7.139097	1.156607	0.752305	0.247695	2.497251
33564	-1229.935	-1440.639	210.7036	0.6469719	7.139097	1.308926	0.72278	0.27722	2.904988
33570	-1228.18	-1439.096	210.9163	0.6703329	6.639268	1.158462	0.72278	0.27722	2.904988
33576	-1224.285	-1434.259	209.9741	0.6358275	4.091984	1.848181	0.686884	0.313116	3.584552
33582	-1242.449	-1453.01	210.561	0.4925026	5.283618	1.848181	0.744638	0.255362	3.115794
33588	-1241.771	-1451.183	209.4117	0.5157154	5.283618	1.233514	0.718598	0.281402	4.030571
33594	-1242.027	-1452.847	210.82	0.6389836	5.134652	1.315484	0.75917	0.24083	3.123324
33600	-1231.066	-1440.844	209.7776	0.4980769	5.130914	1.315484	0.711413	0.288587	3.815582
33606	-1232.68	-1443.299	210.6185	0.6556618	3.779874	1.55068	0.652026	0.347974	3.374866
33612	-1219.467	-1429.93	210.4634	0.6492221	4.912009	1.55068	0.745631	0.254369	3.259363
33618	-1219.063	-1429.65	210.5868	0.5830708	4.609274	1.55068	0.675711	0.324289	3.277792
33624	-1236.697	-1447.123	210.4258	0.726668	4.403714	1.609862	0.742889	0.257111	3.300436
33630	-1232.08	-1443.163	211.0834	0.8837505	4.825313	1.420298	0.741052	0.258948	2.820484
33636	-1240.215	-1451.517	211.3023	0.7018188	5.080621	1.360686	0.786322	0.213678	2.782272
33642	-1241.162	-1452.274	211.1127	0.6841671	6.583579	0.962681	0.79191	0.20809	2.898879
33648	-1245.182	-1456.226	211.0438	0.6927639	6.583579	1.300128	0.75352	0.24648	2.747817
33654	-1259.468	-1469.662	210.1943	0.5987003	4.600756	1.317679	0.660156	0.339844	3.603569
33660	-1251.108	-1462.526	211.4172	0.9821527	4.609256	1.300128	0.774262	0.225738	2.653196
33666	-1251.089	-1462.005	210.9158	0.7529069	4.95481	1.545037	0.752567	0.247433	2.922795
33672	-1243.293	-1454.116	210.8228	0.6812609	5.947164	1.544242	0.76487	0.23513	2.865627
33678	-1248.186	-1458.112	209.9258	0.6542683	5.258843	1.120211	0.656915	0.343085	3.717201
33684	-1247.315	-1457.272	209.9575	0.5979055	4.429029	1.437083	0.757641	0.242359	3.717201
33690	-1254.235	-1464.906	210.6717	0.6746501	3.885099	1.107313	0.780628	0.219372	3.521406
33696	-1251.422	-1461.364	209.9419	0.7023502	3.885099	1.570196	0.719202	0.280798	3.712155
33702	-1240.118	-1451.365	211.2473	0.9369436	6.158198	2.24631	0.698649	0.301351	2.137109
33708	-1240.863	-1452.394	211.5314	0.864711	4.811646	1.847806	0.707616	0.292384	2.374487
33714	-1238.828	-1449.913	211.0859	0.8208007	4.811646	1.619589	0.752614	0.247386	2.771397
33720	-1256.923	-1467.904	210.9813	0.6250004	8.488816	1.234634	0.744186	0.255814	2.626793
33726	-1264.712	-1476.005	211.2932	0.7951629	8.488816	1.357996	0.769164	0.230836	2.259784
33732	-1262.315	-1473.9	211.5851	0.7703608	4.953794	1.371708	0.763042	0.236958	2.582784
33738	-1253.753	-1464.866	211.1132	0.7703608	4.298331	1.592156	0.789507	0.210493	2.891523
33744	-1265.651	-1475.736	210.0848	0.7281761	5.146084	1.404215	0.757547	0.242453	3.460934
33750	-1264.828	-1475.471	210.6427	0.5818925	5.146084	1.404215	0.710953	0.289047	3.218928
33756	-1254.477	-1463.951	209.4741	0.7026832	3.700166	2.139333	0.716638	0.283362	3.813849
33762	-1269.774	-1479.922	210.1477	0.8443626	3.700166	2.099631	0.559137	0.440863	3.35292
33768	-1278.137	-1489.941	211.8041	1.041847	3.833261	2.576268	0.681645	0.318355	2.026902
33774	-1272.387	-1484.606	212.2193	1.152395	3.833261	2.366732	0.702674	0.297326	1.739644
33780	-1266.122	-1478.056	211.9341	1.077275	4.606325	1.304301	0.686861	0.313139	2.267331
33786	-1257.877	-1469.24	211.363	0.9321862	6.452019	1.304301	0.717706	0.282294	2.417557
33792	-1258.109	-1469.427	211.3188	0.7696129	5.88164	1.321129	0.750701	0.249299	2.622029
33798	-1253.253	-1464.729	211.476	0.6493162	6.848577	1.321129	0.75247	0.24753	2.460512
33804	-1250.863	-1461.929	211.0663	0.8260369	6.848577	1.321129	0.784584	0.215416	2.60569
33810	-1258.947	-1469.66	210.7123	0.7773462	7.06482	1.321129	0.716379	0.283621	2.824186
33816	-1252.735	-1463.49	210.7547	0.7130477	5.103747	1.321129	0.760707	0.239293	3.120484
33822	-1249.851	-1460.159	210.3075	0.7719657	5.414508	1.545848	0.740113	0.259887	3.19978
33828	-1241.904	-1452.26	210.356	0.6450844	5.39037	1.667582	0.728672	0.271328	3.19978
33834	-1247.398	-1458.027	210.6294	0.6142603	8.144705	0.9957643	0.747256	0.252744	3.019712
33840	-1260.171	-1470.711	210.5401	0.7051297	8.068471	1.008611	0.807593	0.192407	3.019712
33846	-1248.942	-1460.048	211.106	0.7928506	8.068471	1.008611	0.784992	0.215008	2.622359
33852	-1255.671	-1466.824	211.1525	0.77514	8.068471	1.819047	0.789473	0.210527	2.203757
33858	-1247.238	-1458.671	211.4331	0.8805203	7.627921	1.819047	0.818335	0.181665	2.006344
33864	-1247.291	-1457.27	209.9798	0.6728078	6.147878	1.819047	0.740711	0.259289	3.23557
33870	-1249.706	-1460.295	210.5885	0.6084834	4.746022	1.819047	0.740711	0.259289	3.130878
33876	-1242.74	-1454.076	211.3362	0.6458328	4.746022	1.389261	0.729193	0.270807	2.839982
33882	-1238.847	-1449.194	210.3472	0.6152414	4.564288	1.697979	0.723281	0.276719	3.347995
33888	-1250.426	-1460.613	210.188	0.7612982	4.608107	1.697979	0.740704	0.259296	3.347995
33894	-1249.119	-1459.829	210.71	0.6363127	5.515165	1.940016	0.638607	0.361393	2.869627
33900	-1243.174	-1454.433	211.2589	0.8166922	5.764663	1.940016	0.713374	0.286626	2.37974
33906	-1237.185	-1448.88	211.6951	1.078364	5.452952	1.940016	0.715507	0.284493	1.978128
33912	-1231.932	-1443.458	211.5259	0.9397432	6.552665	1.47666	0.770599	0.229401	2.208662
33918	-1237.09	-1448.13	211.0398	0.9400603	6.552665	1.420168	0.679091	0.320909	2.543412
33924	-1239.911	-1451.202	211.2902	0.8191183	6.552665	1.372	0.79229	0.20771	2.485923
33930	-1236.616	-1447.837	211.221	0.757533	6.306817	1.372	0.784867	0.215133	2.602213
33936	-1248.062	-1458.307	210.2458	0.8563431	5.634823	1.356081	0.757311	0.242689	3.237389
33942	-1246.623	-1457.41	210.7876	0.6755313	5.634823	1.356081	0.777652	0.222348	3.022518
33948	-1244.943	-1455.425	210.4827	0.5801176	5.885273	1.356081	0.756627	0.243373	3.223664
33954	-1247.87	-1458.917	211.0474	0.6099702	5.885273	1.356081	0.74403	0.25597	2.867881
33960	-1250.184	-1460.44	210.2564	0.4813798	9.21115	0.9882185	0.74403	0.25597	3.212684
33966	-1232.123	-1442.573	210.4507	0.3600585	8.599801	1.052002	0.771678	0.228322	3.195138
33972	-1236.698	-1446.934	210.236	0.5748019	8.599801	1.052002	0.771578	0.228422	3.195138
33978	-1243.48	-1455.024	211.5439	0.5555153	8.599801	1.588959	0.771578	0.228422	2.128255
33984	-1250.487	-1461.327	210.8392	0.7668724	6.769705	1.383621	0.778663	0.221337	2.761582
33990	-1237.51	-1449.387	211.8773	0.9090515	7.655023	1.467124	0.789041	0.210959	1.846521
33996	-1237.297	-1448.622	211.3244	0.7932208	7.655023	0.8823765	0.747193	0.252807	2.617809
34002	-1247.573	-1458.448	210.8743	0.5355921	5.98239	1.200916	0.735506	0.264494	3.07993
34008	-1240.54	-1450.987	210.4475	0.6732688	7.151836	1.386145	0.756017	0.243983	3.004665
34014	-1234.938	-1445.774	210.8358	0.6531235	6.314897	1.386145	0.701318	0.298682	2.893612
34020	-1243.583	-1455.03	211.4472	0.9803075	5.544264	1.384978	0.682013	0.317987	2.431847
34026	-1243.595	-1454.906	211.3103	0.7471999	4.703706	1.774233	0.776634	0.223366	2.634909
34032	-1233.414	-1444.831	211.4163	0.8061901	4.500808	1.538262	0.705441	0.294559	2.66975
34038	-1237.625	-1448.274	210.6499	0.6871688	5.630788	1.538262	0.702988	0.297012	3.016203
34044	-1221.776	-1432.589	210.8132	0.7092848	5.004655	1.538262	0.759184	0.240816	3.00523
34050	-1229.087	-1440.517	211.4306	0.7147713	4.862458	1.092081	0.774307	0.225693	2.874012
34056	-1235.248	-1445.343	210.0944	0.8207997	4.862458	1.611911	0.665504	0.334496	3.358589
34062	-1240.403	-1450.15	209.7479	0.7829096	4.83005	1.273384	0.702814	0.297186	3.737327
34068	-1242.759	-1452.66	209.9007	0.546379	6.545824	1.37873	0.739371	0.260629	3.483932
34074	-1236.7	-1447.877	211.1774	0.7556946	6.545824	1.345301	0.749596	0.250404	2.609724
34080	-1239.257	-1449.812	210.5549	0.6367124	4.929732	1.345301	0.70574	0.29426	3.301342
34086	-1250.599	-1460.262	209.6621	0.5442511	4.96158	1.291335	0.674708	0.325292	3.893852
34092	-1236.456	-1447.222	210.7662	0.701436	5.97008	1.291335	0.74293	0.25707	3.001368
34098	-1237.119	-1448.265	211.146	0.812529	5.97008	1.753067	0.74293	0.25707	2.495095
34104	-1249.002	-1459.296	210.2937	0.7596577	6.577785	1.676521	0.7313	0.2687	2.993325
34110	-1252.43	-1463.422	210.9917	0.5582509	7.448767	1.302161	0.688916	0.311084	2.748627
34116	-1244.919	-1456.52	211.6019	0.746493	7.192251	1.041379	0.820647	0.179353	2.430054
34122	-1240.347	-1452.081	211.7341	0.9200042	5.442113	1.478982	0.688379	0.311621	2.259184
34128	-1237.767	-1449.06	211.2932	0.6185385	5.442113	1.69458	0.77824	0.22176	2.630666
34134	-1235.945	-1446.919	210.9742	0.6579513	5.233596	1.69458	0.689167	0.310833	2.835702
34140	-1240.108	-1450.482	210.3736	0.5516955	5.233596	1.279007	0.723177	0.276823	3.439978
34146	-1230.414	-1441.298	210.8838	0.4397517	6.058318	1.279007	0.730437	0.269563	3.080946
34152	-1228.067	-1439.065	210.9979	0.8289907	6.058318	1.279007	0.760133	0.239867	2.77741
34158	-1239.223	-1450.18	210.9573	0.7542923	4.946118	2.286695	0.760133	0.239867	2.621124
34164	-1231.034	-1441.632	210.5979	0.7566143	5.427955	2.286695	0.771331	0.228669	2.759891
34170	-1237.64	-1449.169	211.5291	0.7566143	5.908954	1.943687	0.780017	0.219983	2.221307
34176	-1240.472	-1451.527	211.0555	0.7036857	6.607075	2.094688	0.766646	0.233354	2.397297
34182	-1254.126	-1465.388	211.2623	0.8733677	6.852093	2.094688	0.765283	0.234717	2.120925
34188	-1253.783	-1464.411	210.6276	0.6711052	6.852093	2.094688	0.765283	0.234717	2.650956
34194	-1234.341	-1445.645	211.3039	0.7202009	7.560882	0.9916321	0.765283	0.234717	2.61623
34200	-1238.226	-1449.361	211.1355	0.675701	11.04581	0.8153464	0.807648	0.192352	2.501065
34206	-1244.716	-1456.278	211.5624	0.7415287	11.04581	0.5971894	0.850155	0.149845	2.36935
34212	-1237.575	-1449.142	211.5669	0.6078009	11.04581	0.7410174	0.827737	0.172263	2.328276
34218	-1236.95	-1448.117	211.1661	0.4328125	11.48462	0.7410174	0.851198	0.148802	2.64955
34224	-1249.541	-1460.886	211.3444	0.5678868	10.24812	0.6982076	0.742994	0.257006	2.60202
34230	-1245.849	-1457.212	211.3627	0.4761932	10.24812	0.6982076	0.807247	0.192753	2.647327
34236	-1258.973	-1469.305	210.3324	0.6576612	10.24812	0.6982076	0.759719	0.240281	3.160352
34242	-1243.543	-1453.755	210.2121	0.701754	10.24812	0.7584051	0.774629	0.225371	3.160352
34248	-1236.482	-1447.417	210.9355	0.8097561	6.389025	0.7584051	0.743025	0.256975	3.093748
34254	-1233.948	-1444.621	210.6732	0.7392052	6.389025	0.7584051	0.824671	0.175329	3.291089
34260	-1235.714	-1446.878	211.1641	0.7141558	12.06032	0.9271419	0.807596	0.192404	2.290859
34266	-1249.149	-1459.961	210.8129	0.7940978	11.23716	0.9585235	0.686483	0.313517	2.513495
34272	-1243.822	-1455.101	211.279	0.5630481	11.23716	0.8904801	0.791718	0.208282	2.411292
34278	-1243.172	-1454.073	210.9011	0.6592128	11.81716	0.8904801	0.768266	0.231734	2.537041
34284	-1239.492	-1451.057	211.5654	0.609306	11.02449	0.8904801	0.802225	0.197775	2.218625
34290	-1240.796	-1452.061	211.2656	0.6243958	11.13519	1.338681	0.701876	0.298124	2.122535
34296	-1233.499	-1445.026	211.5263	0.9183932	7.044324	1.338681	0.812438	0.187562	2.221825
34302	-1241.571	-1453.091	211.5202	0.6614898	7.357561	1.385319	0.759327	0.240673	2.325083
34308	-1241.935	-1452.458	210.5226	0.7718316	6.42333	2.325024	0.759327	0.240673	2.635186
34314	-1244.527	-1456.492	211.9655	0.9602479	6.0392	1.252096	0.802647	0.197353	2.102305
34320	-1246.931	-1458.919	211.988	0.8864261	6.0392	1.252096	0.799394	0.200606	2.135892
34326	-1237.547	-1448.712	211.165	0.8861021	5.563718	1.252096	0.791303	0.208697	2.729097
34332	-1250.918	-1461.815	210.897	0.9997898	5.476348	2.660743	0.69576	0.30424	2.298004
34338	-1242.211	-1453.376	211.165	0.7973433	5.68169	1.762719	0.751971	0.248029	2.533327
34344	-1239.106	-1450.554	211.4482	0.7885271	5.937165	1.29791	0.782478	0.217522	2.533327
34350	-1249.421	-1460.432	211.0113	0.633696	7.526093	1.29791	0.821973	0.178027	2.683046
34356	-1241.592	-1452.187	210.5955	0.6407888	6.205698	1.613144	0.65968	0.34032	2.960642
34362	-1238.009	-1449.112	211.1033	0.6007919	6.205698	1.271665	0.774224	0.225776	2.834602
34368	-1234.045	-1444.912	210.8666	0.7032875	4.662479	1.435137	0.765489	0.234511	3.081542
34374	-1236.904	-1447.883	210.9789	0.6827462	3.658968	2.119677	0.72192	0.27808	2.957102
34380	-1265.764	-1478.117	212.353	1.057538	6.339613	1.228894	0.803416	0.196584	1.739784
34386	-1247.382	-1458.412	211.0293	0.9121486	6.453343	1.228894	0.800815	0.199185	2.676716
34392	-1243.858	-1455.607	211.7485	0.9067756	5.982143	1.228894	0.789043	0.210957	2.298961
34398	-1254.289	-1466.234	211.9458	0.9518024	6.116188	1.422243	0.762002	0.237998	2.018532
34404	-1247.96	-1458.668	210.7082	0.7648022	4.244463	1.46421	0.718012	0.281988	3.202817
34410	-1251.102	-1462.777	211.675	0.9828942	4.244463	1.594799	0.726314	0.273686	2.423801
34416	-1242.157	-1453.773	211.6157	0.7183463	5.357634	1.594799	0.753337	0.246663	2.423801
34422	-1234.909	-1446.677	211.7686	0.869126	5.702182	0.9618945	0.812764	0.187236	2.511578
34428	-1235.451	-1447.135	211.6833	0.8292272	7.549119	0.9618945	0.72953	0.27047	2.330464
34434	-1233.857	-1445.075	211.2185	0.6368692	4.754085	2.019319	0.724608	0.275392	2.657932
34440	-1223.438	-1433.823	210.3858	0.6402277	4.535938	1.813426	0.661007	0.338993	3.27139
34446	-1231.94	-1441.691	209.7509	0.7384426	4.535938	1.813426	0.704603	0.295397	3.585632
34452	-1241.232	-1450.827	209.5949	0.6319179	4.535938	1.441457	0.636466	0.363534	3.885593
34458	-1243.525	-1453.329	209.8036	0.562018	4.535938	1.368049	0.604152	0.395848	3.838466
34464	-1236.596	-1446.974	210.3777	0.6921585	3.798545	1.742412	0.674675	0.325325	3.413961
34470	-1255.097	-1465.897	210.8009	0.4913753	7.449357	1.30695	0.720555	0.279445	2.902713
34476	-1248.947	-1459.389	210.4422	0.6621649	6.759897	1.766166	0.755802	0.244198	2.902713
34482	-1246.377	-1457.307	210.9308	0.8105076	6.934703	1.766166	0.840223	0.159777	2.488375
34488	-1238.895	-1449.873	210.9784	0.7553801	7.426456	1.428119	0.732682	0.267318	2.576973
34494	-1241.353	-1452.57	211.2172	0.7417555	4.797441	1.775171	0.693755	0.306245	2.678326
34500	-1233.823	-1444.418	210.5956	0.6327503	5.948381	1.23796	0.715638	0.284362	3.173909
34506	-1236.764	-1447.747	210.9831	0.695234	7.014933	1.662483	0.75979	0.24021	2.559753
34512	-1240.706	-1452.13	211.4239	0.7465108	7.572515	1.43199	0.810245	0.189755	2.28172
34518	-1229.624	-1440.209	210.5852	0.6393772	5.883705	1.680332	0.754391	0.245609	2.986522
34524	-1238.186	-1448.885	210.6996	0.6458713	5.311459	1.486324	0.71606	0.28394	3.083588
34530	-1243.665	-1454.332	210.6669	0.6194482	5.537045	1.486324	0.720624	0.279376	3.083588
34536	-1246.467	-1458.124	211.6569	0.9834798	5.609855	1.486324	0.738214	0.261786	2.236697
34542	-1242.116	-1454.408	212.2919	0.930168	4.62573	1.486324	0.703311	0.296689	2.034023
34548	-1234.331	-1446.402	212.071	0.8937414	5.391837	1.533714	0.754936	0.245064	2.039263
34554	-1228.388	-1439.651	211.2633	0.8623966	6.80674	1.096367	0.725324	0.274676	2.587635
34560	-1227.269	-1438.31	211.041	0.699182	9.013776	1.05426	0.740987	0.259013	2.587635
34566	-1227.727	-1439.598	211.8703	0.8089656	8.097165	0.9522693	0.75456	0.24544	2.161383
34572	-1229.9	-1441.289	211.389	0.7480002	6.617903	0.8805707	0.749999	0.250001	2.740552
34578	-1229.898	-1441.321	211.423	0.833523	6.904746	1.310651	0.765838	0.234162	2.375578
34584	-1225.436	-1435.945	210.5085	0.6298907	5.187983	1.601507	0.754967	0.245033	3.177396
34590	-1226.02	-1436.599	210.5784	0.617163	5.790551	1.367258	0.775444	0.224556	3.15355
34596	-1230.177	-1440.932	210.7551	0.7476455	5.742588	1.532685	0.669289	0.330711	2.901986
34602	-1231.239	-1441.769	210.5301	0.6437096	5.818143	1.532685	0.758553	0.241447	3.088152
34608	-1238.225	-1448.829	210.6048	0.7364706	5.739764	1.532685	0.634182	0.365818	2.999646
34614	-1249.937	-1460.264	210.3273	0.6597132	6.016543	1.562392	0.698944	0.301056	3.157836
34620	-1245.808	-1456.473	210.6649	0.8447208	5.504767	1.64263	0.660838	0.339162	2.887712
34626	-1248.784	-1460.008	211.2242	0.8447208	5.768279	1.64263	0.668548	0.331452	2.50314
34632	-1240.734	-1451.283	210.5492	0.7693281	5.130524	1.720891	0.691407	0.308593	3.031126
34638	-1241.731	-1451.718	209.9866	0.6261253	6.094749	1.720891	0.73539	0.26461	3.30394
34644	-1240.363	-1451.41	211.0466	0.8581035	6.391765	1.121532	0.726721	0.273279	2.76611
34650	-1232.647	-1444.479	211.8322	0.8359035	7.137597	1.317687	0.784088	0.215912	2.07447
34656	-1235.957	-1448.272	212.3148	0.9267231	6.168251	1.317687	0.756325	0.243675	1.833528
34662	-1238.039	-1450.057	212.0184	0.8266497	6.168251	1.317687	0.774235	0.225765	2.099522
34668	-1248.198	-1459.74	211.5417	0.7103546	6.523154	1.507214	0.654108	0.345892	2.335393
34674	-1253.975	-1463.734	209.7594	0.6499049	5.923997	1.253654	0.712724	0.287276	3.649596
34680	-1244.108	-1454.69	210.5819	0.674732	7.974012	0.9050815	0.752514	0.247486	3.087578
34686	-1250.641	-1461.68	211.0387	0.630917	7.17232	1.099725	0.752514	0.247486	2.817819
34692	-1254.36	-1465.447	211.0866	0.7582312	7.17232	1.099725	0.770033	0.229967	2.710843
34698	-1240.643	-1452.05	211.4061	0.7965478	9.294422	1.125529	0.824197	0.175803	2.223327
34704	-1232.99	-1444.453	211.4636	0.852663	6.842951	1.573035	0.745921	0.254079	2.218717
34710	-1244.19	-1454.972	210.782	0.4826138	7.877288	0.9517082	0.796993	0.203007	3.064474
34716	-1242.724	-1453.848	211.1243	0.7775833	8.219315	0.8712981	0.817526	0.182474	2.691776
34722	-1240.753	-1451.709	210.9567	0.7515427	9.318819	0.8712981	0.817526	0.182474	2.691776
34728	-1246.126	-1457.9	211.7733	0.8234895	9.318819	0.8765672	0.809171	0.190829	2.126766
34734	-1249.902	-1459.753	209.851	0.5574978	6.194591	1.485775	0.677974	0.322026	3.505993
34740	-1242.206	-1453.103	210.8967	0.6632289	5.571798	1.485775	0.74789	0.25211	2.914264
34746	-1246.941	-1458.285	211.3438	0.704616	7.756984	1.485775	0.74789	0.25211	2.310706
34752	-1253.132	-1463.911	210.7786	0.8121398	7.756984	1.376055	0.74789	0.25211	2.649758
34758	-1252.64	-1464.252	211.6122	0.6616074	7.756984	1.119548	0.74789	0.25211	2.358819
34764	-1232.335	-1443.821	211.4856	0.8671943	5.551142	0.9691641	0.771785	0.228215	2.706981
34770	-1227.803	-1438.891	211.0875	0.7740711	4.401174	1.287448	0.723634	0.276366	3.024572
34776	-1233.076	-1444.078	211.0018	0.7086868	6.039842	1.287448	0.826695	0.173305	2.846652
34782	-1255.603	-1465.549	209.946	0.7749362	5.003664	1.774468	0.746376	0.253624	3.385269
34788	-1250.842	-1461.296	210.4535	0.8581634	5.638468	1.774468	0.67048	0.32952	2.933713
34794	-1247.541	-1458.737	211.1964	0.9549693	5.073757	1.52748	0.67048	0.32952	2.615617
34800	-1255.131	-1465.64	210.5088	0.6860611	6.588514	1.52748	0.67048	0.32952	2.969384
34806	-1256.184	-1467.281	211.0972	0.6476967	5.675654	1.117491	0.729852	0.270148	2.969384
34812	-1261.793	-1472.23	210.4368	0.4628759	6.010553	1.117491	0.705051	0.294949	3.421553
34818	-1244.718	-1455.2	210.4825	0.5467845	6.010553	1.117491	0.714116	0.285884	3.345537
34824	-1249.522	-1460.657	211.1348	0.7415777	6.978025	1.117491	0.820224	0.179776	2.706506
34830	-1258.647	-1468.867	210.2198	0.6620049	4.89883	1.830966	0.72933	0.27067	3.286972
34836	-1251.456	-1461.966	210.5095	0.6508879	4.89883	1.25276	0.736935	0.263065	3.369518
34842	-1247.069	-1456.568	209.499	0.5778577	4.405236	1.504752	0.745717	0.254283	3.967537
34848	-1255.841	-1465.774	209.9331	0.5979099	4.226388	1.032378	0.69081	0.30919	3.967537
34854	-1255.96	-1464.986	209.026	0.7492403	4.981425	1.163171	0.733011	0.266989	4.199337
34860	-1254.666	-1465.18	210.5139	0.6536835	4.560585	1.163171	0.738293	0.261707	3.468939
34866	-1256.57	-1466.077	209.507	0.6418493	4.560585	1.260186	0.611976	0.388024	4.008657
34872	-1244.313	-1455.01	210.6975	0.6467194	4.560585	1.260186	0.691451	0.308549	3.316144
34878	-1249.941	-1459.683	209.7422	0.465024	4.560585	1.611505	0.746094	0.253906	3.821785
34884	-1246.595	-1458.137	211.5426	0.998273	7.362348	1.398855	0.853916	0.146084	2.08536
34890	-1238.344	-1449.626	211.2823	0.7030203	7.151047	1.398855	0.783096	0.216904	2.469404
34896	-1245.632	-1456.975	211.3424	0.8242667	5.710993	1.324229	0.738085	0.261915	2.598261
34902	-1238.974	-1449.105	210.1311	0.9295109	5.475972	1.324229	0.749828	0.250172	3.301066
34908	-1245.661	-1457.423	211.7616	0.9295109	6.189332	1.407369	0.66648	0.33352	2.150537
34914	-1248.51	-1458.98	210.4698	0.8436151	6.189332	2.060329	0.736943	0.263057	2.745597
34920	-1248.495	-1459.905	211.4107	0.9063349	5.913699	1.741343	0.750506	0.249494	2.281843
34926	-1254.754	-1466.329	211.575	0.9687246	7.253946	1.449043	0.746603	0.253397	2.072866
34932	-1251.103	-1461.731	210.6289	0.945776	5.584075	1.598815	0.758378	0.241622	2.854307
34938	-1248.895	-1460.084	211.1888	0.6761722	5.624762	1.411748	0.762453	0.237547	2.754771
34944	-1257.062	-1466.749	209.687	0.4606339	5.896998	1.411748	0.689164	0.310836	3.731164
34950	-1246.604	-1457.753	211.1486	0.7149581	6.516842	1.297206	0.730545	0.269455	2.680578
34956	-1237.484	-1448.84	211.3554	0.8988486	6.516842	1.297206	0.761517	0.238483	2.43779
34962	-1264.834	-1476.422	211.588	0.8001685	6.567469	1.899839	0.761517	0.238483	2.071411
34968	-1261.302	-1472.221	210.9193	0.8507849	7.138115	1.892653	0.737836	0.262164	2.393142
34974	-1245.58	-1456.08	210.5002	0.6680817	4.245581	2.590039	0.67011	0.32989	2.987541
34980	-1240.133	-1451.014	210.8803	0.7658756	5.096617	2.106502	0.680826	0.319174	2.696033
34986	-1246.334	-1456.384	210.0505	0.672758	5.096617	2.075867	0.627947	0.372053	3.261334
34992	-1253.335	-1464.755	211.4194	0.890366	8.292191	0.9035192	0.850323	0.149677	2.407698
34998	-1255.019	-1466.05	211.0309	0.7756626	7.843344	1.428768	0.850323	0.149677	2.479978
35004	-1233.161	-1444.624	211.4626	0.6738	6.368257	0.9755772	0.786039	0.213961	2.713897
35010	-1231.994	-1443.41	211.4159	0.795285	8.649573	0.9755772	0.809598	0.190402	2.38139
35016	-1230.042	-1440.867	210.8252	0.8088815	8.649573	1.240614	0.781168	0.218832	2.588607
35022	-1240.144	-1451.323	211.1789	0.8746476	8.298056	1.009003	0.808535	0.191465	2.49936
35028	-1243.533	-1455.388	211.8551	0.9740724	8.298056	1.009003	0.748619	0.251381	2.000191
35034	-1245.743	-1457.341	211.598	0.9876482	6.948626	1.476449	0.834946	0.165054	2.073947
35040	-1238.759	-1450.721	211.962	0.9876482	6.948626	1.429519	0.737172	0.262828	1.853355
35046	-1246.234	-1457.273	211.0397	0.840766	6.948626	1.588863	0.783635	0.216365	2.474147
35052	-1248.452	-1459.049	210.5968	0.8260011	4.228446	1.886266	0.745549	0.254451	3.065921
35058	-1251.431	-1461.384	209.9532	0.7248921	4.228446	1.886266	0.749024	0.250976	3.505227
35064	-1245.318	-1456.183	210.8654	0.9406195	6.660314	0.9036922	0.717908	0.282092	2.920527
35070	-1237.877	-1448.773	210.8958	0.9240234	6.660314	1.200369	0.777852	0.222148	2.73796
35076	-1247.355	-1458.907	211.5514	0.8988105	5.133779	1.433289	0.747654	0.252346	2.462742
35082	-1246.113	-1457.399	211.2858	0.9518803	5.133779	1.452975	0.738776	0.261224	2.586002
35088	-1250.07	-1461.398	211.328	0.9384203	3.586414	1.814631	0.69669	0.30331	2.716253
35094	-1243.141	-1454.906	211.7652	1.008499	3.586414	1.814631	0.676888	0.323112	2.400875
35100	-1249.211	-1461.225	212.0137	1.152801	5.147062	1.814631	0.752371	0.247629	1.819315
35106	-1267.845	-1479.111	211.2656	0.9055589	5.294321	1.964749	0.73233	0.26767	2.386768
35112	-1245.277	-1456.583	211.3055	0.8169363	6.07137	1.043691	0.73233	0.26767	2.723678
35118	-1244.339	-1454.573	210.2337	0.8563038	6.362232	1.043691	0.752053	0.247947	3.302056
35124	-1248.458	-1459.804	211.3461	0.9740423	5.395518	1.043691	0.76092	0.23908	2.706366
35130	-1245.573	-1456.156	210.5832	0.6811526	6.680698	1.043691	0.760901	0.239099	3.156479
35136	-1252.209	-1462.46	210.2509	0.7138338	5.966055	1.227814	0.631332	0.368668	3.332273
35142	-1250.492	-1461.192	210.7004	0.5615387	5.966055	1.117832	0.767369	0.232631	3.214445
35148	-1244.21	-1454.628	210.4181	0.6533482	5.802708	1.390503	0.693631	0.306369	3.214568
35154	-1249.579	-1461.202	211.6222	1.057933	3.730093	0.9105101	0.741327	0.258673	2.878891
35160	-1243.509	-1454.76	211.2512	0.9699392	5.71808	1.514601	0.72269	0.27731	2.47231
35166	-1247.189	-1459.243	212.0538	1.182778	5.348668	1.514601	0.69772	0.30228	1.873612
35172	-1238.293	-1449.296	211.0025	0.862019	5.554785	1.136767	0.696861	0.303139	2.905296
35178	-1237.243	-1448.863	211.6194	0.8482432	5.554785	1.168283	0.740193	0.259807	2.51803
35184	-1234.439	-1445.888	211.4491	0.7531221	5.61866	1.377	0.713231	0.286769	2.564676
35190	-1233.669	-1443.902	210.2334	0.770526	5.61866	1.505167	0.777394	0.222606	3.230704
35196	-1230.592	-1441.063	210.4704	0.6704255	5.61866	1.505167	0.739986	0.260014	3.149519
35202	-1235.999	-1446.951	210.9523	0.6061973	6.413683	1.505167	0.766743	0.233257	2.78301
35208	-1247.035	-1458.033	210.998	0.7650079	4.56811	1.413947	0.730042	0.269958	2.992583
35214	-1255.222	-1465.667	210.4452	0.9034447	5.293829	2.17211	0.730042	0.269958	2.822665
35220	-1250.095	-1461.054	210.9596	0.9619541	6.048891	0.8614764	0.803235	0.196765	2.96368
35226	-1243.821	-1454.838	211.0171	0.7379398	7.771127	0.9249174	0.854922	0.145078	2.798107
35232	-1244.735	-1455.637	210.9026	0.6551497	8.132688	1.114087	0.774682	0.225318	2.762437
35238	-1254.658	-1465.992	211.3333	0.8338466	8.323397	0.7944801	0.761205	0.238795	2.570472
35244	-1244.799	-1455.775	210.9755	0.8662372	6.932837	1.510924	0.75416	0.24584	2.535284
35250	-1234.907	-1446.42	211.5128	0.941432	6.173942	1.510924	0.731472	0.268528	2.255876
35256	-1238.102	-1448.679	210.5776	0.920519	5.752194	1.510924	0.708497	0.291503	2.91287
35262	-1232.116	-1442.88	210.7641	0.8350902	6.785501	1.364579	0.75444	0.24556	2.772774
35268	-1235.741	-1446.418	210.6765	0.7739055	6.785501	1.290638	0.839522	0.160478	2.89931
35274	-1247.817	-1458.279	210.4622	0.6789205	7.550799	1.290638	0.686095	0.313905	2.989586
35280	-1237.63	-1448.272	210.6422	0.6129426	6.915578	1.288375	0.684711	0.315289	3.001081
35286	-1249.851	-1460.953	211.1024	0.8625562	7.438327	1.098424	0.744297	0.255703	2.604063
35292	-1248.372	-1460.078	211.7064	0.8034619	7.438327	1.282409	0.775137	0.224863	2.156588
35298	-1236.04	-1447.236	211.1965	0.7704748	8.133038	1.282409	0.779227	0.220773	2.417644
35304	-1251.878	-1463.412	211.5339	0.8069018	7.195799	1.282409	0.758031	0.241969	2.297627
35310	-1246.268	-1457.71	211.4417	0.8991083	7.195799	1.282409	0.69191	0.30809	2.297627
35316	-1239.917	-1451.82	211.903	0.8639459	7.307079	0.8207235	0.799262	0.200738	2.297627
35322	-1235.738	-1447.403	211.665	1.013794	6.249926	1.666945	0.694363	0.305637	2.026156
35328	-1242.323	-1454.196	211.8731	0.9692127	6.030413	1.666945	0.761238	0.238762	1.951633
35334	-1241.538	-1453.269	211.7305	0.9413565	6.087365	1.242312	0.761238	0.238762	2.264852
35340	-1267.138	-1478.02	210.8814	0.710519	6.917246	1.410781	0.773032	0.226968	2.737841
35346	-1270.66	-1481.114	210.4532	0.8835642	6.917246	1.142291	0.702344	0.297656	3.027569
35352	-1258.171	-1469.918	211.7473	1.191825	8.21493	1.175944	0.786172	0.213828	1.830311
35358	-1256.603	-1467.907	211.3045	0.9128267	8.21493	1.846828	0.816461	0.183539	1.983911
35364	-1237.715	-1448.518	210.8028	0.936286	4.352362	2.047283	0.68088	0.31912	2.793704
35370	-1247.658	-1459.3	211.6422	0.8424125	7.265182	1.869241	0.738466	0.261534	1.919715
35376	-1243.994	-1455.342	211.3481	0.8488022	8.583879	1.095886	0.732211	0.267789	2.32344
35382	-1247.878	-1459.481	211.6028	0.8397579	7.196118	0.873219	0.770654	0.229346	2.479715
35388	-1252.596	-1464.114	211.5184	0.800237	5.472144	1.461588	0.752618	0.247382	2.475167
35394	-1242.082	-1453.75	211.6681	0.9091616	5.472144	1.030666	0.807719	0.192281	2.542957
35400	-1244.227	-1454.615	210.388	0.7562359	5.472144	1.087118	0.691168	0.308832	3.373803
35406	-1244.28	-1454.305	210.0244	0.5561777	6.397078	1.495211	0.713883	0.286117	3.373803
35412	-1236.385	-1447.111	210.7262	0.6690923	6.397078	1.872186	0.680135	0.319865	2.734468
35418	-1252.435	-1463.344	210.9089	0.6991864	6.397078	1.560726	0.655212	0.344788	2.730572
35424	-1240.686	-1451.33	210.644	0.7225296	6.071169	1.496659	0.759941	0.240059	2.951511
35430	-1234.326	-1444.997	210.6707	0.9466138	4.150359	1.729909	0.733844	0.266156	3.024115
35436	-1246.791	-1458.503	211.7124	0.9120522	5.111403	1.729909	0.693965	0.306035	2.222742
35442	-1235.808	-1447.256	211.4482	1.025	6.445095	1.432254	0.728983	0.271017	2.240982
35448	-1236.748	-1447.959	211.2112	0.841979	7.904353	1.590622	0.769161	0.230839	2.240982
35454	-1236.925	-1448.363	211.4382	0.8662653	7.904353	1.5294	0.805357	0.194643	2.106113
35460	-1246.323	-1458.36	212.0372	0.9604609	6.475599	1.14985	0.721487	0.278513	2.046574
35466	-1253.465	-1465.533	212.068	1.091203	9.16243	1.348867	0.84395	0.15605	1.445739
35472	-1249.807	-1461.517	211.7097	0.9983421	4.848844	1.496611	0.760013	0.239987	2.320402
35478	-1246.077	-1457.816	211.7386	1.037938	4.848844	1.396929	0.771047	0.228953	2.324753
35484	-1237.698	-1448.591	210.8933	0.9520968	4.848844	3.071007	0.68698	0.31302	2.324753
35490	-1232.832	-1444.803	211.9716	1.070727	6.747686	1.292687	0.820272	0.179728	1.893674
35496	-1244.304	-1456.306	212.0019	1.05815	7.205591	1.292687	0.732196	0.267804	1.814785
35502	-1241.072	-1452.343	211.2708	0.943622	7.205591	1.803377	0.713823	0.286177	2.134698
35508	-1248.446	-1460.421	211.9754	1.116883	7.205591	0.8942869	0.779674	0.220326	2.046265
35514	-1236.935	-1448.706	211.7713	1.016855	5.685945	1.449297	0.778645	0.221355	2.14634
35520	-1234.68	-1446.336	211.6564	1.04586	4.601516	1.449297	0.666185	0.333815	2.392574
35526	-1237.266	-1449.09	211.8233	1.08734	4.601516	1.184444	0.672521	0.327479	2.39706
35532	-1258.269	-1468.567	210.2978	0.6899075	5.175388	2.488732	0.672521	0.327479	2.960588
35538	-1251.163	-1462.137	210.9736	0.8885865	5.97455	1.349019	0.764097	0.235903	2.733398
35544	-1242.191	-1454.378	212.1866	1.244123	7.636261	1.419216	0.801784	0.198216	1.409127
35550	-1244.864	-1456.963	212.0995	1.137841	8.225235	0.9871162	0.801784	0.198216	1.745759
35556	-1245.036	-1456.56	211.5241	0.7676163	8.225235	1.222165	0.801784	0.198216	2.232157
35562	-1246.549	-1457.929	211.3803	0.7907916	8.225235	1.313377	0.769915	0.230085	2.260702
35568	-1241.17	-1452.192	211.0221	0.6330113	8.225235	1.409686	0.741125	0.258875	2.538562
35574	-1255.738	-1466.999	211.2603	0.8482683	4.383829	1.166711	0.80824	0.19176	2.941601
35580	-1240.08	-1450.315	210.2346	0.6579431	5.760489	1.567073	0.73038	0.26962	3.249038
35586	-1231.246	-1441.529	210.2824	0.5937935	5.826319	1.567073	0.769997	0.230003	3.249038
35592	-1233.783	-1444.85	211.0677	0.7026235	5.441432	1.567073	0.747867	0.252133	2.771387
35598	-1233.942	-1445.598	211.6562	0.8219052	6.771725	1.321775	0.765122	0.234878	2.246778
35604	-1242.758	-1453.706	210.9478	0.805897	6.771725	1.321775	0.765122	0.234878	2.701035
35610	-1233.154	-1443.69	210.5365	0.7851619	6.771725	1.678533	0.765122	0.234878	2.804457
35616	-1237.462	-1447.832	210.3704	0.6869884	6.771725	1.816501	0.656657	0.343343	2.910109
35622	-1235.818	-1446.204	210.3853	0.784344	5.484414	1.863126	0.656923	0.343077	3.009182
35628	-1250.51	-1461.656	211.1461	0.9805282	5.271881	1.863126	0.810696	0.189304	2.457483
35634	-1242.396	-1453.884	211.4882	0.965989	4.688701	1.319083	0.677266	0.322734	2.595143
35640	-1233.846	-1445.675	211.8286	0.8944017	6.898987	1.319083	0.708768	0.291232	2.070851
35646	-1245.247	-1457.202	211.9548	0.9161609	6.898987	1.029336	0.755283	0.244717	2.142666
35652	-1243.76	-1455.724	211.9644	0.699622	6.754579	0.8219495	0.776332	0.223668	2.436139
35658	-1240.437	-1451.429	210.9915	0.7653095	6.754579	1.237596	0.811636	0.188364	2.744237
35664	-1244.086	-1455.575	211.4892	1.028987	7.682258	1.203873	0.811636	0.188364	2.162916
35670	-1244.454	-1456.179	211.7246	1.03257	7.682258	1.565581	0.779828	0.220172	1.813549
35676	-1233.083	-1443.501	210.4179	0.7397747	6.869098	1.126873	0.741852	0.258148	3.148974
35682	-1243.132	-1454.357	211.2253	0.9331467	6.869098	1.126873	0.734751	0.265249	2.541367
35688	-1244.006	-1454.963	210.9576	0.9331467	5.479006	1.66857	0.731994	0.268006	2.64843
35694	-1244.176	-1454.488	210.3126	0.6657381	6.380362	1.66857	0.78892	0.21108	3.068241
35700	-1253.262	-1464.21	210.9475	0.8170708	6.885489	1.342308	0.679986	0.320014	2.669093
35706	-1238.792	-1449.685	210.8935	0.898397	8.5451	1.342308	0.740082	0.259918	2.449531
35712	-1243.602	-1454.9	211.2978	0.9546869	6.855073	1.342308	0.764081	0.235919	2.368719
35718	-1237.946	-1449.218	211.2722	0.8142774	6.855073	1.342308	0.764081	0.235919	2.473306
35724	-1245.301	-1455.499	210.1976	0.6102427	5.628888	1.342308	0.704595	0.295405	3.417892
35730	-1249.72	-1459.408	209.6881	0.7453184	4.350786	2.011894	0.695803	0.304197	3.581209
35736	-1244.471	-1455.175	210.7045	0.6874478	5.738525	1.229371	0.698197	0.301803	3.111811
35742	-1242.823	-1454.097	211.274	0.8081098	7.293791	1.311703	0.734639	0.265361	2.433535
35748	-1246.423	-1457.341	210.9183	0.8968534	5.188255	1.130915	0.714878	0.285122	2.996562
35754	-1254.75	-1465.677	210.9264	0.6813308	5.188255	2.138095	0.70579	0.29421	2.693321
35760	-1243.923	-1454.837	210.9138	0.6576207	6.577699	1.615129	0.737535	0.262465	2.704564
35766	-1233.677	-1444.416	210.7384	0.6593409	6.577699	1.881153	0.72814	0.27186	2.704564
35772	-1236.104	-1447.273	211.1689	0.6594658	6.577699	1.102776	0.72814	0.27186	2.797512
35778	-1237.272	-1449.288	212.0158	0.9703234	6.577699	0.7702105	0.801199	0.198801	2.295614
35784	-1247.031	-1459.345	212.3143	0.8279846	6.577699	0.649143	0.81187	0.18813	2.295614
35790	-1235.194	-1446.711	211.5169	0.8017843	7.025845	0.9153117	0.851104	0.148896	2.550716
35796	-1231.91	-1443.793	211.8827	0.7573382	5.949927	0.9153117	0.835511	0.164489	2.502345
35802	-1237.728	-1449.349	211.6214	0.9278527	5.949927	1.22993	0.803687	0.196313	2.370831
35808	-1229.42	-1440.999	211.5792	0.8276621	7.113747	1.289331	0.739428	0.260572	2.262558
35814	-1236.164	-1447.561	211.3969	0.9437074	6.540973	1.186259	0.776443	0.223557	2.439288
35820	-1230.221	-1441.957	211.7365	1.007706	6.607245	1.077555	0.76608	0.23392	2.236145
35826	-1231.832	-1443.711	211.8793	0.8871743	10.32759	1.077555	0.76608	0.23392	1.765701
35832	-1235.167	-1446.77	211.6039	0.8617606	8.84572	1.562867	0.722602	0.277398	1.867158
35838	-1237.063	-1448.485	211.4221	0.7351339	10.03526	0.8348004	0.772556	0.227444	2.365069
35844	-1233.061	-1445.013	211.9522	0.8847038	8.87289	0.9297359	0.80823	0.19177	1.980435
35850	-1228.851	-1440.546	211.6957	0.7994565	8.87289	1.209129	0.818865	0.181135	2.030463
35856	-1239.896	-1450.738	210.8418	0.6657445	11.59785	1.016533	0.781578	0.218422	2.507284
35862	-1241.309	-1452.475	211.1662	0.9278858	9.528903	0.9094025	0.793804	0.206196	2.40419
35868	-1231.16	-1442.374	211.2139	0.9014245	9.528903	0.6544518	0.793804	0.206196	2.583306
35874	-1231.73	-1443.164	211.4346	0.7792291	9.460584	0.9360719	0.779328	0.220672	2.317378
35880	-1228.133	-1439.336	211.2028	0.7911809	6.069459	0.9360719	0.764341	0.235659	2.868214
35886	-1238.164	-1449.908	211.7438	0.7896187	6.001108	1.019862	0.820779	0.179221	2.494261
35892	-1228.278	-1439.889	211.6107	0.9573921	6.986403	1.338049	0.740666	0.259334	2.150119
35898	-1242.418	-1454.053	211.6356	0.8392938	4.052948	1.338049	0.680236	0.319764	2.695868
35904	-1238.776	-1450.035	211.259	0.6175044	3.381337	2.01508	0.712765	0.287235	2.926151
35910	-1245.431	-1456.714	211.2827	1.151758	3.844862	1.179937	0.70846	0.29154	2.844846
35916	-1234.597	-1446.614	212.0175	1.151758	5.910215	1.332648	0.744017	0.255983	1.916811
35922	-1242.846	-1453.917	211.0713	0.9283121	4.565179	1.431836	0.738765	0.261235	2.842089
35928	-1249.277	-1460.555	211.278	0.8949878	4.625299	1.431836	0.734701	0.265299	2.725405
35934	-1250.293	-1461.673	211.3806	0.8451471	4.885486	1.291754	0.746437	0.253563	2.714402
35940	-1249.255	-1458.723	209.4688	0.7105864	4.944467	0.892784	0.712043	0.287957	4.126597
35946	-1251.879	-1461.817	209.938	0.7917605	4.944467	1.575651	0.654231	0.345769	3.46841
35952	-1230.675	-1441.536	210.8604	0.7504021	7.332334	1.185276	0.738245	0.261755	2.786445
35958	-1236.626	-1448.14	211.5145	0.9352578	6.504785	0.9410766	0.773624	0.226376	2.523023
35964	-1250.47	-1462.504	212.0342	0.9435301	6.947026	0.9350738	0.807593	0.192407	2.128692
35970	-1263.567	-1473.123	209.5553	0.6904324	7.137468	1.071781	0.70735	0.29265	3.679985
35976	-1271.23	-1480.498	209.2675	0.6586447	6.294143	0.9452295	0.65928	0.34072	4.042451
35982	-1241.504	-1453.919	212.4159	1.111245	5.018776	1.001543	0.67358	0.32642	2.031226
35988	-1247.362	-1459.265	211.9034	1.190781	5.018776	1.525997	0.629981	0.370019	2.024286
35994	-1242.49	-1454.51	212.0192	1.223012	4.511471	1.525997	0.74131	0.25869	2.024286
36000	-1237.798	-1450.394	212.5967	1.082592	4.550767	1.525997	0.763107	0.236893	1.717644
36006	-1242.611	-1454.954	212.3432	1.200861	4.550767	1.525997	0.802118	0.197882	1.812025
36012	-1248.426	-1460.744	212.3179	1.2032	6.317628	1.525997	0.728215	0.271785	1.494163
36018	-1248.559	-1460.641	212.0822	0.9509571	6.317628	1.525997	0.751458	0.248542	1.843069
36024	-1249.09	-1461.046	211.956	1.055858	6.410225	1.525997	0.76369	0.23631	1.843069
36030	-1248.491	-1460.099	211.6078	0.8539918	4.963474	1.438697	0.724641	0.275359	2.482609
36036	-1257.42	-1468.908	211.4885	0.7884198	4.690633	1.438697	0.750468	0.249532	2.646399
36042	-1261.626	-1473.326	211.7001	1.273912	4.936794	2.362356	0.743515	0.256485	1.777266
36048	-1256.794	-1468.997	212.2032	1.273912	4.765344	1.075554	0.742359	0.257641	2.06455
36054	-1248.108	-1460.16	212.0521	1.203153	4.765344	1.075554	0.745696	0.254304	2.209378
36060	-1252.677	-1465.626	212.9489	1.317139	5.098689	1.075554	0.759458	0.240542	1.444098
36066	-1249.912	-1462.377	212.4644	1.294251	5.098689	1.186367	0.752869	0.247131	1.740638
36072	-1241.228	-1453.099	211.8712	0.9124477	5.549094	1.968621	0.720963	0.279037	1.943093
36078	-1240.443	-1451.98	211.5374	0.7344071	5.005852	1.351588	0.691832	0.308168	2.635352
36084	-1255.883	-1466.925	211.0414	0.7225317	4.964229	1.351588	0.698028	0.301972	2.951838
36090	-1239.459	-1450.629	211.1695	0.8966564	4.679156	1.351588	0.762454	0.237546	2.818865
36096	-1238.08	-1448.361	210.281	0.697018	5.233057	1.351588	0.762454	0.237546	3.374604
36102	-1238.151	-1450.118	211.9667	0.9510892	5.233057	1.466019	0.690132	0.309868	2.13071
36108	-1235.146	-1447.399	212.2533	0.8589376	5.233057	1.466019	0.700205	0.299795	2.002416
36114	-1231.062	-1441.996	210.9335	0.8972667	5.261176	2.5845	0.777601	0.222399	2.399029
36120	-1260.572	-1471.691	211.119	1.142511	7.212909	2.752364	0.815087	0.184913	1.7602
36126	-1247.765	-1460.318	212.5529	1.073569	5.481509	1.299186	0.792013	0.207987	1.69401
36132	-1242.996	-1454.686	211.6902	1.174169	7.571345	1.689834	0.762863	0.237137	1.69401
36138	-1236.505	-1448.612	212.1064	1.188586	6.730144	1.135293	0.784913	0.215087	1.816493
36144	-1237.198	-1449.33	212.132	1.211094	7.111971	0.9088612	0.789202	0.210798	1.880468
36150	-1234.767	-1447.157	212.3903	1.090431	5.28248	0.8492267	0.789202	0.210798	2.120687
36156	-1233.599	-1445.264	211.6651	0.9464105	4.881602	1.243977	0.757543	0.242457	2.501094
36162	-1229.998	-1440.837	210.8389	0.6757285	5.889716	1.243977	0.742503	0.257497	3.00865
36168	-1224.862	-1435.66	210.798	0.8518851	6.34571	1.799053	0.736209	0.263791	2.613399
36174	-1243.932	-1455.995	212.0625	0.7710867	6.035414	1.579401	0.693937	0.306063	1.997203
36180	-1239.373	-1451.309	211.936	0.9425824	5.765247	0.8636005	0.783776	0.216224	2.416622
36186	-1242.126	-1453.333	211.2066	0.7791317	7.273412	1.355193	0.743445	0.256555	2.474723
36192	-1252.507	-1464.206	211.6994	1.087012	6.807488	1.145331	0.787419	0.212581	2.139673
36198	-1239.427	-1450.863	211.4367	0.8876916	6.807488	1.252473	0.813136	0.186864	2.376432
36204	-1240.498	-1451.833	211.3347	0.8860843	6.807488	1.379975	0.777192	0.222808	2.376432
36210	-1248.914	-1460.477	211.5626	0.8427928	5.004388	1.00241	0.713262	0.286738	2.744064
36216	-1246.226	-1457.216	210.9895	0.8787916	5.004388	1.70875	0.756542	0.243458	2.724395
36222	-1243.667	-1454.989	211.3222	0.691674	5.004388	1.500123	0.696978	0.303022	2.724395
36228	-1233.865	-1445.253	211.3882	0.8182135	5.045163	1.241508	0.802683	0.197317	2.724395
36234	-1238.739	-1449.612	210.8724	0.7232735	6.310141	2.015109	0.757847	0.242153	2.570497
36240	-1238.316	-1448.4	210.0844	0.7467521	4.546682	1.157438	0.739545	0.260455	3.670022
36246	-1234.69	-1446.255	211.5644	0.6885022	4.547679	1.544994	0.739545	0.260455	2.639225
36252	-1234.59	-1445.053	210.4632	0.8068152	3.025769	1.54444	0.696728	0.303272	3.54953
36258	-1235.51	-1445.923	210.4125	0.6448269	3.276405	1.704105	0.632598	0.367402	3.54953
36264	-1233.445	-1445.105	211.6595	0.8227336	5.144512	1.596933	0.705942	0.294058	2.365453
36270	-1230.01	-1441.187	211.1761	0.810262	5.144512	1.38432	0.7372	0.2628	2.771048
36276	-1241.203	-1452.366	211.1633	0.9450969	6.025973	1.087736	0.799768	0.200232	2.713199
36282	-1236.37	-1448.086	211.7167	0.9216468	6.025973	1.087736	0.745761	0.254239	2.383449
36288	-1242.797	-1454.547	211.7504	1.020292	5.121619	1.556998	0.70885	0.29115	2.202897
36294	-1243.266	-1454.386	211.1192	1.049897	5.548994	1.60948	0.816613	0.183387	2.489553
36300	-1235.929	-1448.166	212.2364	1.028278	5.548994	0.9531104	0.699795	0.300205	2.142692
36306	-1231.671	-1443.128	211.4575	0.8970012	5.548994	1.619183	0.69652	0.30348	2.368534
36312	-1232.305	-1442.705	210.3999	0.7485172	6.373464	1.553832	0.673234	0.326766	3.015087
36318	-1241.097	-1451.594	210.4974	0.6178046	6.373464	1.547608	0.712139	0.287861	3.037655
36324	-1237.668	-1448.125	210.4567	0.6308059	4.325407	1.21604	0.689297	0.310703	3.531039
36330	-1241.39	-1451.072	209.6818	0.7621328	4.635025	1.392804	0.702642	0.297358	3.765031
36336	-1250.325	-1461.23	210.9049	0.6640573	6.599378	1.045595	0.702642	0.297358	2.984223
36342	-1258.141	-1469.311	211.17	0.892551	6.573952	1.717978	0.727925	0.272075	2.355524
36348	-1265.074	-1476.668	211.5934	0.9643387	5.300182	1.717978	0.704137	0.295863	2.237742
36354	-1251.029	-1462.611	211.5818	1.031102	5.300182	1.591029	0.714592	0.285408	2.257852
36360	-1258.066	-1468.166	210.1006	0.7835564	6.310225	1.064785	0.731885	0.268115	3.418133
36366	-1259.361	-1469.766	210.4047	0.6760399	6.310225	1.545082	0.731885	0.268115	3.068051
36372	-1243.174	-1454.538	211.3646	0.8420464	6.51155	1.421874	0.741653	0.258347	2.406283
36378	-1239.419	-1450.331	210.912	0.7890312	5.217111	1.421874	0.790983	0.209017	2.914543
36384	-1246.787	-1456.454	209.6667	0.5626092	5.342091	1.427647	0.695834	0.304166	3.758602
36390	-1260.444	-1471.494	211.0495	0.730777	5.22196	1.815759	0.711569	0.288431	2.699144
36396	-1247.282	-1459.025	211.7428	0.7490292	5.22196	1.815759	0.789285	0.210715	2.253048
36402	-1230.199	-1441.796	211.5973	0.8425173	5.958717	0.8788665	0.768189	0.231811	2.649814
36408	-1229.643	-1440.661	211.0176	0.7804082	4.935788	1.241231	0.708724	0.291276	2.990718
36414	-1236.22	-1447.965	211.7456	0.8853417	5.546213	1.304459	0.750745	0.249255	2.343572
36420	-1239.221	-1450.235	211.0139	0.715078	7.264223	1.254763	0.812484	0.187516	2.686107
36426	-1239.916	-1450.428	210.5116	0.7009444	4.788287	1.254763	0.783825	0.216175	3.35656
36432	-1258.311	-1469.75	211.4386	0.8613725	4.006377	1.254763	0.724202	0.275798	2.853786
36438	-1243.138	-1454.938	211.7997	0.7878901	3.916283	1.595876	0.618181	0.381819	2.535474
36444	-1239.195	-1450.952	211.7571	0.9783256	5.882686	1.595876	0.816757	0.183243	2.079118
36450	-1229.773	-1441.15	211.3766	0.7769638	7.207377	1.556199	0.795314	0.204686	2.281384
36456	-1246.708	-1457.914	211.2064	0.7921998	5.943383	1.556199	0.797786	0.202214	2.557738
36462	-1229.709	-1441.368	211.6596	0.7936253	5.943383	1.010006	0.776157	0.223843	2.559029
36468	-1238.944	-1450.009	211.0645	0.6976007	5.25202	1.338223	0.773947	0.226053	2.911558
36474	-1245.558	-1456.006	210.4476	0.747573	5.25202	1.338223	0.741448	0.258552	3.25001
36480	-1235.096	-1446.29	211.1946	0.8528491	5.809439	1.798361	0.738741	0.261259	2.44574
36486	-1227.091	-1438.461	211.3701	0.8677724	5.12555	1.496	0.715932	0.284068	2.567395
36492	-1234.902	-1446.464	211.5619	0.9924339	5.625723	1.048219	0.765662	0.234338	2.521995
36498	-1232.193	-1444.074	211.881	1.003373	6.931824	1.048219	0.716883	0.283117	2.117304
36504	-1244.284	-1455.511	211.2264	0.880916	6.931824	1.078066	0.829869	0.170131	2.592919
36510	-1231.905	-1442.778	210.8731	0.8332958	5.21366	1.79959	0.727591	0.272409	2.752035
36516	-1235.979	-1447.189	211.2093	0.7404608	5.990392	1.7432	0.727591	0.272409	2.501479
36522	-1239.344	-1451.044	211.7007	0.8453468	6.647255	1.029998	0.768025	0.231975	2.386083
36528	-1252.041	-1463.611	211.57	0.7682335	5.798196	1.514324	0.777709	0.222291	2.386083
36534	-1237.405	-1448.241	210.8359	0.768104	4.348762	1.383482	0.729618	0.270382	3.142044
36540	-1241.632	-1452.862	211.2299	0.9189547	4.348762	2.085907	0.70059	0.29941	2.528485
36546	-1243.116	-1454.729	211.6129	0.8279323	4.539135	1.24308	0.688851	0.311149	2.669925
36552	-1250.819	-1462.642	211.8228	0.867609	4.673369	1.547984	0.706624	0.293376	2.340493
36558	-1252.838	-1463.487	210.6499	0.8738411	4.673369	1.232075	0.701653	0.298347	3.204225
36564	-1237.065	-1447.695	210.6309	0.6066214	5.876757	1.36213	0.789767	0.210233	3.118334
36570	-1238.304	-1449.808	211.504	0.651015	6.118057	1.232075	0.738423	0.261577	2.591341
36576	-1243.233	-1454.049	210.8164	0.7583102	5.92995	2.151752	0.710103	0.289897	2.591341
36582	-1238.437	-1449.446	211.0088	0.841676	5.869197	2.151752	0.693219	0.306781	2.428404
36588	-1239.909	-1450.744	210.8351	1.059795	5.690869	2.151752	0.692418	0.307582	2.428404
36594	-1242.89	-1454.738	211.8484	1.018324	4.597474	1.550024	0.762446	0.237554	2.241302
36600	-1242.026	-1453.504	211.4785	1.141072	5.919803	2.030262	0.746308	0.253692	1.966631
36606	-1240.667	-1452.551	211.8836	1.098806	5.919803	1.082343	0.747059	0.252941	2.182839
36612	-1232.631	-1444.255	211.6235	0.883223	5.919803	1.684701	0.769976	0.230024	2.182839
36618	-1234.861	-1446.003	211.1422	0.7256906	5.919803	1.507545	0.744589	0.255411	2.663825
36624	-1238.785	-1449.66	210.8747	0.5939109	6.069642	1.507545	0.712997	0.287003	2.885293
36630	-1233.406	-1443.757	210.3506	0.764614	7.393261	0.7798406	0.71542	0.28458	3.323391
36636	-1249.152	-1460.488	211.3359	0.948463	8.475063	1.296582	0.754208	0.245792	2.166819
36642	-1247.359	-1458.933	211.5734	0.772658	8.267416	1.155092	0.799094	0.200906	2.23006
36648	-1239.334	-1450.627	211.2922	0.8756913	7.096776	0.8162055	0.729858	0.270142	2.702807
36654	-1239.814	-1450.617	210.8029	0.7392802	7.096776	1.110349	0.7103	0.2897	2.898641
36660	-1239.977	-1450.54	210.5632	0.7675325	7.096776	1.357791	0.746561	0.253439	2.898641
36666	-1247.249	-1458.599	211.3505	0.8149339	6.935284	1.467201	0.858966	0.141034	2.351776
36672	-1235.469	-1446.881	211.4125	0.875026	6.363967	1.467201	0.7978	0.2022	2.354636
36678	-1225.798	-1437.397	211.5989	0.9846577	8.330646	1.031932	0.74191	0.25809	2.143218
36684	-1231.243	-1442.242	210.9997	0.7905943	8.561192	0.9099268	0.74191	0.25809	2.69606
36690	-1244.409	-1454.339	209.9301	0.6149142	5.984399	1.264359	0.689418	0.310582	3.557068
36696	-1243.665	-1454.792	211.1262	0.688793	5.786077	1.422255	0.669634	0.330366	2.75558
36702	-1235.666	-1446.399	210.7328	0.7123722	5.346783	1.316781	0.712991	0.287009	3.096825
36708	-1241.575	-1452.165	210.59	0.7327062	5.572423	1.316781	0.671418	0.328582	3.134735
36714	-1249.385	-1460.39	211.0052	0.7506693	5.298989	1.611359	0.742622	0.257378	2.784218
36720	-1244.4	-1455.427	211.0277	0.7061745	5.298989	1.295826	0.742622	0.257378	2.941721
36726	-1250.906	-1460.588	209.6815	0.6034509	5.221244	1.304147	0.664313	0.335687	3.801434
36732	-1248.677	-1458.882	210.2048	0.7601341	4.786706	1.685813	0.656969	0.343031	3.312514
36738	-1241.509	-1451.713	210.2035	0.7345393	5.332639	1.323345	0.713924	0.286076	3.395672
36744	-1238.741	-1449.989	211.2481	0.834975	5.939211	1.200534	0.710502	0.289498	2.679059
36750	-1234.27	-1445.5	211.2308	0.7644806	6.164368	1.239791	0.792235	0.207765	2.679059
36756	-1238.351	-1449.249	210.8975	0.6847885	7.380139	1.502416	0.74342	0.25658	2.642116
36762	-1245.225	-1456.29	211.0659	0.6359515	6.811166	1.502416	0.74342	0.25658	2.642116
36768	-1242.97	-1454.31	211.3402	0.7936829	6.259109	1.668024	0.74342	0.25658	2.377055
36774	-1242.098	-1452.614	210.5159	0.6825133	5.635735	1.668024	0.701256	0.298744	3.044302
36780	-1245.35	-1455.681	210.3312	0.6824408	5.765534	1.382211	0.741875	0.258125	3.258048
36786	-1252.24	-1462.616	210.3761	0.5729885	5.765534	1.382211	0.781493	0.218507	3.296131
36792	-1230.277	-1441.798	211.5206	0.6945449	7.947692	1.407924	0.8121	0.1879	2.217766
36798	-1249.966	-1459.574	209.6084	0.542428	5.922335	1.407924	0.722331	0.277669	3.727449
36804	-1249.788	-1459.416	209.628	0.522844	5.922335	1.407924	0.700776	0.299224	3.727449
36810	-1246.181	-1456.912	210.7305	0.5832571	5.922335	1.407924	0.786319	0.213681	3.044869
36816	-1237.779	-1448.401	210.6215	0.7093588	4.801585	1.809695	0.726432	0.273568	3.044869
36822	-1236.065	-1447.022	210.9571	0.7769487	4.801181	1.255568	0.701342	0.298658	3.044869
36828	-1246.798	-1457.217	210.4195	0.6590331	7.19164	1.157341	0.768262	0.231738	3.139029
36834	-1229.763	-1440.364	210.6015	0.6607274	6.35081	1.157341	0.694817	0.305183	3.139029
36840	-1255.374	-1465.296	209.9219	0.5164497	7.445082	1.629922	0.71887	0.28113	3.268663
36846	-1261.028	-1471.049	210.0208	0.6504599	7.445082	1.629922	0.71887	0.28113	3.1306
36852	-1256.417	-1467.351	210.9338	0.7197956	5.266559	1.081489	0.753796	0.246204	3.107902
36858	-1254.998	-1466.135	211.1369	0.8412993	5.748569	1.47984	0.753796	0.246204	2.634517
36864	-1246.599	-1457.951	211.3521	0.8150097	7.095251	1.150257	0.77631	0.22369	2.492698
36870	-1254.969	-1465.994	211.0249	0.6552701	7.095251	1.150257	0.756018	0.243982	2.793076
36876	-1245.931	-1457.653	211.7213	0.7709569	6.909206	1.150257	0.777754	0.222246	2.31234
36882	-1244.66	-1456.387	211.7273	0.9092071	6.909206	0.9163016	0.777754	0.222246	2.366156
36888	-1225.526	-1436.256	210.7305	0.6461637	7.159205	1.041363	0.751478	0.248522	3.029643
36894	-1229.106	-1440.586	211.4806	0.6512116	7.159205	1.041363	0.78391	0.21609	2.569717
36900	-1229.536	-1441.463	211.9268	0.7899708	7.159205	1.196002	0.78391	0.21609	2.106813
36906	-1239.933	-1451.123	211.1901	0.6669336	7.159205	0.8286479	0.756076	0.243924	2.875495
36912	-1239.787	-1450.6	210.813	0.5069503	7.159205	1.123527	0.75546	0.24454	3.017208
36918	-1232.701	-1443.776	211.0741	0.6340496	5.760825	0.9703694	0.780015	0.219985	3.064053
36924	-1235.509	-1446.93	211.4212	0.7311732	6.330708	0.9703694	0.795228	0.204772	2.712695
36930	-1235.266	-1446.141	210.8743	0.6365877	6.330708	1.769585	0.792115	0.207885	2.712695
36936	-1236.498	-1447.88	211.3814	0.6913626	4.98349	1.769585	0.788238	0.211762	2.577504
36942	-1249.793	-1460.65	210.8572	0.5415275	6.283855	1.769585	0.767679	0.232321	2.78788
36948	-1255.043	-1465.742	210.6989	0.7656093	6.283855	1.759175	0.707139	0.292861	2.751891
36954	-1250.292	-1462.79	212.4983	1.14493	5.513816	1.258979	0.819253	0.180747	1.699884
36960	-1250.231	-1461.385	211.1533	0.8421315	5.222863	1.364631	0.770587	0.229413	2.761957
36966	-1247.037	-1458.883	211.8464	0.6915326	5.222863	1.336904	0.786366	0.213634	2.439698
36972	-1237.798	-1449.113	211.3141	0.7385782	5.222863	1.57568	0.715146	0.284854	2.630068
36978	-1229.06	-1440.243	211.1826	0.8789608	5.407869	1.762693	0.702866	0.297134	2.515452
36984	-1231.773	-1443.276	211.5023	0.8334279	8.129434	1.833595	0.789215	0.210785	1.920663
36990	-1239.001	-1451.057	212.0562	0.9936494	8.129434	0.8328901	0.827674	0.172326	1.99904
36996	-1234.31	-1446.699	212.3884	1.102632	7.035814	0.8328901	0.78078	0.21922	1.847895
37002	-1241.734	-1454.502	212.768	1.277202	6.31453	0.8972227	0.765052	0.234948	1.515553
37008	-1247.218	-1459.136	211.9174	1.021678	7.171297	0.8972227	0.765052	0.234948	2.149404
37014	-1253.02	-1463.916	210.8956	0.717192	5.694989	1.14239	0.699156	0.300844	3.032083
37020	-1255.633	-1466.508	210.8743	0.7124421	8.229213	1.099452	0.716992	0.283008	2.741962
37026	-1246.763	-1457.868	211.1049	0.7553068	8.229213	0.9607207	0.753963	0.246037	2.657522
37032	-1235.836	-1445.934	210.0981	0.6515965	8.258327	0.9607207	0.751493	0.248507	3.321597
37038	-1249.505	-1461.14	211.6351	0.961596	8.258327	0.8433194	0.823769	0.176231	2.271557
37044	-1250.747	-1461.95	211.2031	0.712432	6.382655	1.451718	0.805362	0.194638	2.592431
37050	-1239.299	-1450.16	210.8609	0.7581811	4.994104	1.594897	0.732808	0.267192	2.924729
37056	-1238.206	-1448.744	210.5384	0.7281555	5.851171	1.594897	0.708604	0.291396	3.001302
37062	-1244.101	-1455.011	210.9091	0.6137185	5.851171	1.260027	0.763615	0.236385	3.001302
37068	-1246.967	-1456.504	209.5376	0.5826527	5.851171	2.04701	0.637878	0.362122	3.509424
37074	-1243.129	-1454.038	210.9096	0.8164907	5.851171	1.961173	0.638628	0.361372	2.577298
37080	-1248.069	-1459.693	211.6237	0.9891758	6.546896	1.696811	0.816033	0.183967	2.011486
37086	-1253.047	-1464.755	211.7089	0.7981359	6.716775	1.696811	0.716798	0.283202	2.056629
37092	-1249.249	-1460.884	211.6357	0.8802514	5.60796	1.475509	0.746781	0.253219	2.321836
37098	-1259.429	-1470.953	211.5243	0.9682354	5.60796	2.124534	0.745975	0.254025	2.067132
37104	-1244.588	-1456.522	211.9335	1.112935	5.270569	1.15187	0.785304	0.214696	2.207492
37110	-1246.601	-1457.934	211.3323	0.8896676	5.463523	1.29848	0.745975	0.254025	2.616252
37116	-1247.248	-1459.087	211.8384	0.9128074	4.673937	1.29848	0.765512	0.234488	2.422869
37122	-1258.707	-1469.453	210.746	0.6812822	4.673937	2.138289	0.655672	0.344328	2.892121
37128	-1252.303	-1462.427	210.1237	0.6796237	5.112008	2.005654	0.656937	0.343063	3.235457
37134	-1246.442	-1457.971	211.5288	0.8028551	4.462371	2.12105	0.738923	0.261077	2.379034
37140	-1252.396	-1463.788	211.3917	0.7284586	4.780384	1.567106	0.710147	0.289853	2.668743
37146	-1246.058	-1456.657	210.5991	0.6350147	5.91252	1.567106	0.731586	0.268414	3.023485
37152	-1247.807	-1459.16	211.3535	0.7073504	5.514675	0.9683171	0.67221	0.32779	2.890964
37158	-1246.758	-1458.309	211.5515	0.8225313	6.69421	0.9683171	0.74795	0.25205	2.526305
37164	-1254.168	-1465.838	211.6699	1.01417	7.316947	1.020506	0.758319	0.241681	2.212701
37170	-1251.953	-1463.031	211.0779	0.6723355	7.316947	1.799119	0.715106	0.284894	2.419255
37176	-1249.683	-1460.284	210.6007	0.8105586	5.840572	1.154266	0.754215	0.245785	3.124356
37182	-1247.608	-1458.55	210.9423	0.8633363	5.314881	2.085917	0.617871	0.382129	2.568218
37188	-1250.256	-1462.141	211.8848	1.047293	5.314881	1.035545	0.755773	0.244227	2.342894
37194	-1243.869	-1454.821	210.952	0.5582074	4.87257	1.536615	0.679338	0.320662	3.035745
37200	-1243.888	-1454.655	210.7671	0.5298242	5.492072	1.536615	0.679338	0.320662	3.062299
37206	-1250.298	-1461.065	210.7668	0.6022459	5.580444	1.325664	0.73781	0.26219	3.101611
37212	-1252.147	-1462.462	210.3148	0.5701129	6.63035	1.449854	0.709598	0.290402	3.183141
37218	-1240.527	-1450.88	210.3529	0.6017103	7.211647	1.023946	0.73075	0.26925	3.28403
37224	-1238.941	-1449.633	210.6922	0.7125315	4.884502	1.821648	0.74889	0.25111	2.981782
37230	-1248.493	-1460.025	211.5326	0.9335123	4.884502	1.864106	0.751807	0.248193	2.310178
37236	-1248.37	-1459.689	211.3192	0.9335123	3.657156	2.278828	0.687502	0.312498	2.54317
37242	-1252.049	-1463.272	211.2238	0.7821106	4.113912	2.278828	0.636376	0.363624	2.598528
37248	-1248.062	-1459.508	211.4465	0.9492515	4.193008	1.945291	0.651565	0.348435	2.456476
37254	-1244.161	-1455.702	211.541	0.8138457	4.193008	1.139696	0.675981	0.324019	2.844084
37260	-1248.459	-1459.6	211.1414	0.6960386	4.193008	1.139696	0.720053	0.279947	3.154631
37266	-1243.272	-1453.929	210.6574	0.5188768	4.534097	1.139696	0.734254	0.265746	3.480927
37272	-1243.878	-1453.562	209.6835	0.4523587	4.534097	1.421294	0.781066	0.218934	3.946865
37278	-1251.364	-1461.392	210.0281	0.7470198	4.534097	1.421294	0.726407	0.273593	3.578227
37284	-1241.36	-1452.773	211.4126	0.7043001	9.092947	1.188216	0.803203	0.196797	2.26422
37290	-1256.261	-1467.917	211.6553	0.8265441	4.508879	1.421294	0.681884	0.318116	2.561576
37296	-1253.324	-1464.576	211.2527	0.7491155	5.156806	1.544762	0.754776	0.245224	2.686032
37302	-1252.737	-1464.324	211.5877	0.6492829	5.073447	1.224433	0.781102	0.218898	2.709777
37308	-1238.5	-1450.435	211.9346	0.9174034	4.081425	1.303246	0.77313	0.22687	2.473646
37314	-1249.543	-1460.385	210.842	0.6731837	6.59958	1.018343	0.769211	0.230789	3.032411
37320	-1252.004	-1463.217	211.2132	0.6111926	5.375549	1.059601	0.732603	0.267397	3.000852
37326	-1245.562	-1457.101	211.5388	0.6346223	5.375549	1.203705	0.768089	0.231911	2.709567
37332	-1268.58	-1479.591	211.0108	0.8530808	7.046444	1.043657	0.793317	0.206683	2.747928
37338	-1253.663	-1465.279	211.6162	0.8215935	7.046444	1.011995	0.768607	0.231393	2.411136
37344	-1241.145	-1452.031	210.8856	0.9218432	6.166676	1.011334	0.755062	0.244938	2.920601
37350	-1250.61	-1462.144	211.5341	0.7924803	7.083181	1.309126	0.742811	0.257189	2.307679
37356	-1247.614	-1458.793	211.1791	0.8057258	7.083181	1.309126	0.717713	0.282287	2.523229
37362	-1242.679	-1453.358	210.679	0.6347708	7.232736	1.256379	0.717713	0.282287	2.941716
37368	-1248.342	-1459.82	211.4783	0.7466316	5.4692	1.256379	0.717071	0.282929	2.635089
37374	-1246.429	-1457.138	210.709	0.59122	4.990515	1.80392	0.740755	0.259245	3.03318
37380	-1251.948	-1462.04	210.0924	0.7823832	5.74479	2.187016	0.652988	0.347012	3.03318
37386	-1244.203	-1455.062	210.8592	0.8977562	4.477421	1.64513	0.652988	0.347012	2.912086
37392	-1238.647	-1450.421	211.7739	0.8276681	6.048002	1.069488	0.768805	0.231195	2.4142
37398	-1242.177	-1453.631	211.4544	0.9204127	6.048002	1.282715	0.723105	0.276895	2.438004
37404	-1240.715	-1452.413	211.6981	0.733132	5.952059	1.240687	0.778469	0.221531	2.439208
37410	-1233.796	-1444.574	210.7778	0.557548	7.152956	1.417957	0.725902	0.274098	2.860328
37416	-1239.583	-1450.25	210.6664	0.6323058	7.152956	1.46641	0.757082	0.242918	2.860328
37422	-1238.764	-1448.497	209.7336	0.7412609	7.152956	1.46641	0.710933	0.289067	3.351463
37428	-1245.275	-1455.471	210.1961	0.7768521	4.61324	1.46641	0.698266	0.301734	3.428974
37434	-1239.447	-1449.23	209.7832	0.5916252	4.61324	1.46641	0.677755	0.322245	3.776309
37440	-1236.054	-1446.801	210.7471	0.932135	4.61324	1.645581	0.729431	0.270569	2.933929
37446	-1239.445	-1449.965	210.5193	0.6074374	5.31845	1.645581	0.729431	0.270569	3.1454
37452	-1244.329	-1455.811	211.4819	0.8068973	5.31845	1.368001	0.823773	0.176227	2.563875
37458	-1240.591	-1450.343	209.7523	0.6993255	5.31845	1.482512	0.755636	0.244364	3.609775
37464	-1273.804	-1485.407	211.6035	0.7860907	6.812186	1.290411	0.795072	0.204928	2.31425
37470	-1252.71	-1464.78	212.0703	0.9821635	5.804545	1.290411	0.799849	0.200151	2.035434
37476	-1243.258	-1454.49	211.2322	0.8935731	5.475456	1.290411	0.64605	0.35395	2.677719
37482	-1249.729	-1461.137	211.4075	0.7590752	5.823209	1.377076	0.758769	0.241231	2.554859
37488	-1255.241	-1466.29	211.0494	0.7818375	7.423363	1.139198	0.758769	0.241231	2.665345
37494	-1245.152	-1457.085	211.9333	0.9350753	5.745723	1.777474	0.751612	0.248388	1.931965
37500	-1230.313	-1442.208	211.8951	1.104653	5.180587	1.612735	0.763356	0.236644	2.016486
37506	-1231.189	-1443.624	212.435	1.104653	5.180587	1.734404	0.71718	0.28282	1.585152
37512	-1235.137	-1446.644	211.5071	0.892166	6.615015	1.734404	0.79742	0.20258	2.125858
37518	-1241.166	-1452.813	211.6478	1.173516	7.928455	1.646845	0.691295	0.308705	1.695747
37524	-1236.232	-1447.453	211.2211	0.8639649	6.965465	0.5602627	0.797983	0.202017	2.975965
37530	-1233.789	-1444.297	210.5082	0.5586415	8.196597	0.8737935	0.771325	0.228675	3.195847
37536	-1240.649	-1451.229	210.5802	0.6018524	7.455712	1.07533	0.756867	0.243133	3.090191
37542	-1244.192	-1455.048	210.8562	0.8032016	7.70779	1.07533	0.786832	0.213168	2.772171
37548	-1245.774	-1456.072	210.2973	0.672313	7.281003	1.008774	0.777307	0.222693	3.275567
37554	-1244.554	-1455.18	210.6257	0.5826513	7.895237	0.8811972	0.777307	0.222693	3.140819
37560	-1244.158	-1454.99	210.8326	0.6070718	8.668215	0.9584549	0.765982	0.234018	2.867059
37566	-1244.202	-1454.721	210.5196	0.6070718	8.668215	0.9584549	0.77989	0.22011	3.055368
37572	-1248.848	-1460.542	211.6941	1.02734	4.544953	1.617256	0.719998	0.280002	2.314231
37578	-1253.808	-1464.507	210.6989	0.907226	6.023115	1.990269	0.740213	0.259787	2.61496
37584	-1245.918	-1456.652	210.734	1.02446	4.81209	2.007116	0.714709	0.285291	2.711461
37590	-1245.403	-1456.902	211.4996	0.9849955	5.316768	1.1981	0.808817	0.191183	2.529974
37596	-1244.1	-1455.924	211.8236	0.9727985	5.138234	1.229866	0.708445	0.291555	2.346919
37602	-1256.241	-1467.291	211.0492	0.6630876	3.986482	1.914289	0.746414	0.253586	2.929763
37608	-1261.67	-1471.983	210.3125	0.9360514	4.035732	2.057047	0.734474	0.265526	3.146998
37614	-1254.474	-1465.521	211.0464	0.8758396	3.164382	1.084939	0.752861	0.247139	3.354424
37620	-1242.786	-1452.651	209.8651	0.5902167	4.338362	1.518585	0.741579	0.258421	3.756393
37626	-1245.616	-1455.445	209.829	0.5717009	4.575329	1.598698	0.8093	0.1907	3.712821
37632	-1256.973	-1466.449	209.4765	0.5946518	4.861538	1.644062	0.615187	0.384813	3.83615
37638	-1248.885	-1459.169	210.2842	0.7539837	4.556246	2.201816	0.705181	0.294819	3.125622
37644	-1251.963	-1462.364	210.4009	0.6953776	5.169003	1.506326	0.777105	0.222895	3.245684
37650	-1251.25	-1462.918	211.668	0.9151692	7.065591	1.039434	0.789659	0.210341	2.299177
37656	-1252.152	-1463.922	211.7702	0.8571768	6.391607	1.306429	0.779242	0.220758	2.213401
37662	-1265.541	-1477.358	211.8173	0.8004942	7.427527	0.9816824	0.757379	0.242621	2.265875
37668	-1263.939	-1474.629	210.6903	0.8270662	4.580339	1.077862	0.729371	0.270629	3.306243
37674	-1256.481	-1467.109	210.6275	0.8151547	6.72939	0.9967359	0.819508	0.180492	3.071422
37680	-1249.737	-1460.062	210.3252	0.7748934	3.856185	2.239519	0.68193	0.31807	3.211325
37686	-1259.147	-1469.38	210.2329	0.8359961	3.947772	2.239002	0.695776	0.304224	3.211325
37692	-1247.933	-1459.273	211.3393	0.866166	7.726171	1.666425	0.702103	0.297897	2.130736
37698	-1236.275	-1447.701	211.4263	0.8356724	8.23111	1.666425	0.827754	0.172246	2.030268
37704	-1224.121	-1435.047	210.9257	0.8005705	8.23111	1.153956	0.73702	0.26298	2.625413
37710	-1227.077	-1438.227	211.1493	0.8188716	6.237892	1.153956	0.720296	0.279704	2.731068
37716	-1224.946	-1435.905	210.9585	0.6682323	7.250962	1.292804	0.821973	0.178027	2.731068
37722	-1223.45	-1434.9	211.4499	0.7934783	7.250962	1.301257	0.774206	0.225794	2.342534
37728	-1247.932	-1459.463	211.531	0.7503272	7.250962	1.185858	0.714391	0.285609	2.380539
37734	-1243.481	-1454.858	211.3768	0.6740999	7.250962	1.185858	0.743946	0.256054	2.525309
37740	-1236.729	-1447.652	210.9229	0.6616468	7.250962	1.376002	0.748732	0.251268	2.715941
37746	-1229.32	-1441.329	212.0093	0.8618839	5.087508	1.189752	0.748732	0.251268	2.330365
37752	-1227.727	-1439.182	211.4551	0.8335192	7.588858	1.189752	0.737104	0.262896	2.330365
37758	-1231.895	-1443.006	211.1108	0.677155	6.772885	1.189752	0.799359	0.200641	2.748008
37764	-1227.524	-1438.878	211.3534	0.513803	8.550037	1.235224	0.751604	0.248396	2.457209
37770	-1223.591	-1434.856	211.2641	0.6637414	8.550037	1.235224	0.722874	0.277126	2.419059
37776	-1226.216	-1437.421	211.2049	0.8671906	7.161739	1.698716	0.758139	0.241861	2.276656
37782	-1232.599	-1443.226	210.6268	0.7571313	7.161739	1.414746	0.720485	0.279515	2.831266
37788	-1233.099	-1444.161	211.0621	0.6975378	6.372984	1.168387	0.688679	0.311321	2.831266
37794	-1234.355	-1445.282	210.9269	0.7029756	7.411464	1.098343	0.754144	0.245856	2.812904
37800	-1247.117	-1457.746	210.6287	0.7079179	6.259783	1.47808	0.716755	0.283245	2.951024
37806	-1250.471	-1461.601	211.1296	0.8934774	6.187791	1.601595	0.764175	0.235825	2.485985
37812	-1234.787	-1445.807	211.0204	0.7783042	6.187791	1.601595	0.764447	0.235553	2.625513
37818	-1244.588	-1455.345	210.7565	0.7504971	5.854938	1.404244	0.764447	0.235553	2.940458
37824	-1231.694	-1442.848	211.1537	0.7139536	6.716923	1.323117	0.771983	0.228017	2.637631
37830	-1245.246	-1456.16	210.9143	0.6853514	7.676649	1.081409	0.741025	0.258975	2.808792
37836	-1239.445	-1451.113	211.6678	0.6765603	6.604182	1.296052	0.830924	0.169076	2.36912
37842	-1246.485	-1458.085	211.6006	0.8059769	8.203117	1.296052	0.789512	0.210488	2.119934
37848	-1250.361	-1462.409	212.0481	0.982279	8.840155	1.296052	0.771055	0.228945	1.614421
37854	-1253.38	-1464.929	211.5491	0.8588559	8.064214	0.8874877	0.737395	0.262605	2.383525
37860	-1249.764	-1461.445	211.6806	0.7666764	8.064214	1.049081	0.763997	0.236003	2.252764
37866	-1239.192	-1451.537	212.3447	1.010147	8.064214	0.9701917	0.82648	0.17352	1.696276
37872	-1228.771	-1440.1	211.3285	0.8855067	7.740819	1.635195	0.76088	0.23912	2.137183
37878	-1224.391	-1436.296	211.9053	0.953015	6.493322	1.635195	0.72989	0.27011	1.882485
37884	-1231.403	-1442.922	211.5194	0.8987808	6.820895	1.357512	0.752126	0.247874	2.260035
37890	-1232.16	-1443.712	211.5517	0.8363461	6.820895	1.271148	0.738586	0.261414	2.324173
37896	-1240.756	-1452.526	211.7705	0.9244872	5.44169	1.595075	0.808619	0.191381	2.178894
37902	-1239.412	-1451.586	212.1735	1.096841	3.908338	1.595075	0.768564	0.231436	2.101995
37908	-1239.555	-1450.712	211.1565	0.805616	3.908338	1.595075	0.638012	0.361988	2.920528
37914	-1252.244	-1463.497	211.2532	0.9307018	3.432055	2.211652	0.736077	0.263923	2.659801
37920	-1240.369	-1452.117	211.7478	1.04786	3.432055	2.211652	0.65936	0.34064	2.275973
37926	-1237.854	-1448.428	210.5744	0.7256419	4.856745	2.24134	0.697039	0.302961	2.90276
37932	-1248.912	-1459.591	210.6789	0.6853971	4.995877	1.69223	0.782188	0.217812	3.037464
37938	-1242.317	-1452.67	210.3526	0.6800956	4.995877	1.69223	0.782188	0.217812	3.234724
37944	-1243.912	-1453.747	209.8347	0.7586382	3.515122	1.69223	0.732397	0.267603	3.769686
37950	-1243.126	-1452.904	209.7778	0.5476621	3.515866	1.69223	0.650735	0.349265	3.923455
37956	-1248.572	-1458.248	209.6762	0.6800667	3.434413	1.69223	0.695992	0.304008	3.923455
37962	-1233.67	-1444.538	210.8677	0.6989205	3.434413	2.302582	0.720132	0.279868	3.004713
37968	-1245.893	-1456.414	210.5209	0.7283838	3.434413	1.837717	0.657053	0.342947	3.350956
37974	-1247.822	-1457.805	209.9826	0.6489762	4.194356	1.837717	0.699793	0.300207	3.556324
37980	-1244.16	-1454.66	210.4998	0.7808046	6.761627	1.17604	0.766418	0.233582	3.063226
37986	-1257.801	-1469.132	211.3305	0.716391	6.761627	1.17604	0.718896	0.281104	2.597701
37992	-1244.501	-1455.445	210.9434	0.7888878	6.247214	1.17604	0.731822	0.268178	2.861434
37998	-1249.609	-1460.246	210.6368	0.7800245	6.247214	1.576117	0.665342	0.334658	2.861434
38004	-1255.926	-1466.362	210.4358	0.7228092	6.854102	1.281225	0.728874	0.271126	3.070346
38010	-1248.06	-1457.872	209.8126	0.7605488	6.515401	1.097101	0.665	0.335	3.554498
38016	-1241.408	-1452.541	211.133	0.8317451	6.375094	1.097101	0.770709	0.229291	2.745538
38022	-1236.397	-1446.593	210.1958	0.6750727	6.375094	1.738957	0.751944	0.248056	3.105129
38028	-1245.816	-1457.164	211.3485	0.8254131	8.828246	1.072536	0.726662	0.273338	2.324523
38034	-1247.182	-1458.937	211.7544	1.041114	8.063828	1.145278	0.752721	0.247279	1.965654
38040	-1241.632	-1453.012	211.3802	0.9454153	8.292694	1.145278	0.743815	0.256185	2.245875
38046	-1237.139	-1448.913	211.7738	0.9473247	8.408039	1.08715	0.713771	0.286229	2.008411
38052	-1248.05	-1458.954	210.9037	0.7232574	8.606199	1.276782	0.623505	0.376495	2.578955
38058	-1230.33	-1440.595	210.2652	0.767164	5.838096	1.542238	0.671674	0.328326	3.165317
38064	-1229.205	-1439.664	210.4596	0.6007869	5.838096	1.277999	0.687143	0.312857	3.269392
38070	-1226.419	-1437.337	210.9188	0.7009008	6.480918	1.277999	0.816725	0.183275	2.844125
38076	-1232.209	-1443.258	211.0491	0.8269132	7.602346	1.165077	0.727349	0.272651	2.601235
38082	-1226.3	-1437.508	211.2075	0.9445738	8.783052	1.111229	0.728155	0.271845	2.320402
38088	-1231.417	-1442.452	211.0354	0.8538756	8.783052	1.111229	0.790417	0.209583	2.486341
38094	-1235.785	-1445.756	209.9708	0.8177688	8.783052	1.288942	0.715126	0.284874	3.063548
38100	-1232.02	-1443.277	211.2569	0.9447323	7.192965	1.587048	0.730302	0.269698	2.238408
38106	-1243.968	-1455.361	211.3929	0.7894805	7.192965	1.300689	0.774758	0.225242	2.389094
38112	-1252.079	-1463.582	211.5033	0.6147564	6.634188	1.379061	0.779768	0.220232	2.465597
38118	-1246.927	-1458.036	211.1086	0.7808342	9.528447	1.013318	0.711801	0.288199	2.465597
38124	-1245.667	-1456.53	210.8631	0.7808342	7.303583	1.855086	0.758094	0.241906	2.465597
38130	-1253.923	-1464.252	210.3289	0.6872963	6.106096	0.9721079	0.643632	0.356368	3.422382
38136	-1245.318	-1457.151	211.8329	0.740032	7.560843	1.036653	0.750508	0.249492	2.24247
38142	-1237.069	-1448.223	211.1541	0.7137875	7.936469	1.036653	0.71741	0.28259	2.639912
38148	-1238.362	-1448.526	210.1639	0.69369	7.936469	1.318572	0.677089	0.322911	3.100504
38154	-1243.833	-1454.532	210.6993	0.7753864	7.936469	1.026664	0.620454	0.379546	2.885949
38160	-1272.004	-1483.32	211.3162	0.7556682	6.800136	1.095604	0.771918	0.228082	2.622261
38166	-1260.694	-1472.161	211.4673	0.6121545	6.800136	1.21822	0.764845	0.235155	2.549415
38172	-1253.894	-1464.263	210.3682	0.7733531	8.840437	1.10406	0.696061	0.303939	2.942723
38178	-1247.296	-1458.689	211.3931	1.007387	8.840437	1.10406	0.656609	0.343391	2.158263
38184	-1249.72	-1460.923	211.2027	0.8031827	6.941439	1.464564	0.656609	0.343391	2.452945
38190	-1250.016	-1461.756	211.7407	0.8513494	6.55956	1.507076	0.792363	0.207637	2.110788
38196	-1239.05	-1450.393	211.3435	0.7054661	7.893454	1.373659	0.808243	0.191757	2.347908
38202	-1241.478	-1452.565	211.0875	0.8499137	8.145608	1.549731	0.763111	0.236889	2.304437
38208	-1245.098	-1456.157	211.0591	0.7672931	5.501321	1.557547	0.754861	0.245139	2.73171
38214	-1235.789	-1447.118	211.3282	0.8330362	6.264834	1.13509	0.716205	0.283795	2.618975
38220	-1247.024	-1457.869	210.8449	0.5664839	5.307408	1.437303	0.767686	0.232314	3.066824
38226	-1234.438	-1444.564	210.1264	0.5705913	5.307408	1.437303	0.71428	0.28572	3.488417
38232	-1238.437	-1448.121	209.6846	0.5798056	5.534911	1.437303	0.60696	0.39304	3.704998
38238	-1236.156	-1445.948	209.792	0.6372843	5.304734	1.35826	0.703567	0.296433	3.679995
38244	-1243.129	-1453.904	210.775	0.7494384	4.365319	1.244625	0.689962	0.310038	3.253051
38250	-1241.587	-1451.803	210.2165	0.5626347	5.191824	2.090863	0.695083	0.304917	3.207789
38256	-1236.419	-1446.915	210.4958	0.6540987	4.599793	1.402235	0.695083	0.304917	3.356219
38262	-1237.049	-1448.269	211.2196	0.5403571	6.257377	1.318604	0.711277	0.288723	2.769768
38268	-1234.74	-1445.746	211.006	0.7554911	6.257377	1.316726	0.744483	0.255517	2.769768
38274	-1232.056	-1443.447	211.3914	0.5300147	6.257377	1.138733	0.788285	0.211715	2.765306
38280	-1234.774	-1445.23	210.4565	0.5837449	6.257377	1.525963	0.706971	0.293029	3.107793
38286	-1238.168	-1448.778	210.6097	0.5197983	5.76687	1.566351	0.701054	0.298946	3.107793
38292	-1234.825	-1445.545	210.7198	0.5894791	6.245734	1.51092	0.718915	0.281085	2.954847
38298	-1237.617	-1449.249	211.6323	0.7141157	6.245734	1.51092	0.777198	0.222802	2.314087
38304	-1223.199	-1434.532	211.3331	0.7633548	6.245734	1.200709	0.762508	0.237492	2.625657
38310	-1227.89	-1439.232	211.3412	0.7826992	6.245734	1.200709	0.762508	0.237492	2.608695
38316	-1243.008	-1454.012	211.004	0.8630634	5.713429	1.200709	0.69661	0.30339	2.844933
38322	-1239.129	-1450.785	211.6554	0.7307761	5.518842	1.200709	0.797307	0.202693	2.556789
38328	-1239.364	-1450.231	210.8666	0.7689926	7.636855	1.154169	0.685687	0.314313	2.750851
38334	-1237.412	-1448.895	211.4833	0.9043396	4.730832	1.926945	0.744598	0.255402	2.363956
38340	-1231.277	-1442.669	211.3915	0.7103248	4.730832	1.926945	0.747242	0.252758	2.543452
38346	-1232.379	-1443.519	211.1403	0.9435044	5.422157	1.926945	0.701322	0.298678	2.434774
38352	-1244.784	-1456.284	211.4997	0.8466623	7.292435	1.096786	0.74117	0.25883	2.38505
38358	-1237.947	-1448.59	210.6426	0.7106083	4.417071	1.214281	0.645026	0.354974	3.359742
38364	-1239.733	-1449.689	209.9556	0.49326	4.955555	1.629692	0.682139	0.317861	3.608182
38370	-1235.908	-1447.383	211.4745	0.6287433	4.955555	1.629692	0.656194	0.343806	2.621218
38376	-1237.129	-1447.328	210.1983	0.767109	3.509528	2.748395	0.673993	0.326007	3.216208
38382	-1236.22	-1445.924	209.704	0.6406156	3.410328	1.835611	0.627143	0.372857	3.882159
38388	-1233.913	-1445.139	211.2253	0.6960608	3.410328	1.835611	0.689951	0.310049	2.957811
38394	-1253.877	-1463.368	209.4905	0.4654624	3.410328	2.208356	0.651123	0.348877	3.980331
38400	-1250.059	-1458.885	208.8254	0.3837452	3.410328	1.754158	0.638001	0.361999	4.555884
38406	-1243.287	-1452.017	208.7298	0.4148139	4.874266	1.754158	0.679564	0.320436	4.320283
38412	-1247.017	-1456.313	209.296	0.5527294	4.316666	1.722351	0.628063	0.371937	4.027424
38418	-1234.693	-1444.927	210.2331	0.6879861	5.783891	1.339544	0.660521	0.339479	3.329812
38424	-1241.975	-1452.92	210.9443	0.6198039	5.1248	1.247662	0.711184	0.288816	3.095823
38430	-1235.464	-1445.43	209.9657	0.5207556	6.079971	1.453187	0.699205	0.300795	3.490524
38436	-1233.196	-1443.004	209.8089	0.6776022	6.127169	1.438359	0.699205	0.300795	3.490524
38442	-1231.093	-1441.562	210.4686	0.6860931	5.544333	1.382302	0.729355	0.270645	3.207759
38448	-1235.538	-1446.621	211.0835	0.6591141	5.355318	1.769049	0.747278	0.252722	2.71861
38454	-1236.507	-1447.511	211.0047	0.74996	5.310269	1.769049	0.704583	0.295417	2.71861
38460	-1251.563	-1462.385	210.822	0.6317338	5.460802	2.09192	0.762303	0.237697	2.759068
38466	-1244.481	-1455.21	210.7291	0.7674668	6.166591	2.09192	0.725456	0.274544	2.625297
38472	-1254.393	-1465.033	210.6395	0.6275608	7.446258	2.09192	0.693287	0.306713	2.594839
38478	-1241.572	-1451.992	210.42	0.6468876	7.446258	1.570141	0.74979	0.25021	2.918498
38484	-1239.411	-1450.308	210.8971	0.7715262	5.073987	1.508948	0.764883	0.235117	2.918498
38490	-1261.72	-1472.747	211.0269	0.6395172	5.358623	1.56024	0.698036	0.301964	2.850795
38496	-1261.199	-1471.752	210.5527	0.6108164	5.764717	1.860181	0.679771	0.320229	2.971097
38502	-1248.109	-1458.515	210.4059	0.7114482	4.780955	2.478069	0.639833	0.360167	2.95263
38508	-1251.191	-1462.332	211.1406	0.8309686	6.052241	1.433392	0.762453	0.237547	2.614255
38514	-1256.217	-1466.987	210.7698	0.5286046	5.676906	1.113277	0.709168	0.290832	3.237709
38520	-1250.48	-1461.82	211.3399	0.7340822	5.907095	1.17251	0.714351	0.285649	2.704554
38526	-1249.555	-1460.674	211.119	0.6212156	5.58051	1.17251	0.735253	0.264747	2.956894
38532	-1241.726	-1452.99	211.2635	0.7200708	5.58051	1.209288	0.743021	0.256979	2.790034
38538	-1247.063	-1456.95	209.887	0.711553	5.681754	1.209288	0.624871	0.375129	3.596667
38544	-1237.928	-1448.303	210.3744	0.8262248	4.795992	1.788573	0.663654	0.336346	3.131565
38550	-1242.949	-1453.396	210.447	0.5353877	6.202721	1.189055	0.687572	0.312428	3.308391
38556	-1246.017	-1456.428	210.411	0.6729169	6.461869	1.015717	0.687572	0.312428	3.308391
38562	-1246.648	-1457.623	210.9754	0.7056463	7.043341	1.184549	0.706014	0.293986	2.780619
38568	-1243.252	-1453.909	210.657	0.5610497	5.145284	1.408262	0.712789	0.287211	3.22104
38574	-1241.035	-1452.324	211.2893	0.5319148	5.145284	1.408262	0.712789	0.287211	2.860043
38580	-1236.782	-1447.159	210.377	0.700031	5.440498	1.483677	0.688683	0.311317	3.224047
38586	-1240.813	-1451.394	210.5811	0.6017456	4.347036	1.483677	0.778485	0.221515	3.3463
38592	-1256.391	-1466.075	209.6841	0.5605557	4.116136	1.402458	0.615322	0.384678	3.968512
38598	-1247.561	-1457.469	209.9081	0.3789589	4.211788	1.402458	0.651639	0.348361	3.926406
38604	-1252.024	-1462.122	210.098	0.5317982	4.392519	1.524452	0.654753	0.345247	3.643251
38610	-1252.182	-1462.098	209.9158	0.6185318	7.285231	1.570477	0.704222	0.295778	3.255706
38616	-1268.564	-1478.469	209.9057	0.6032791	6.127807	1.570477	0.69753	0.30247	3.420673
38622	-1260.2	-1470.877	210.6771	0.8563974	4.495905	1.892945	0.706797	0.293203	2.946782
38628	-1240.734	-1451.28	210.5455	0.763139	5.2815	1.892945	0.710425	0.289575	2.946782
38634	-1257.329	-1468.727	211.3987	0.7848224	9.12099	0.8548412	0.75459	0.24541	2.428543
38640	-1246.813	-1457.343	210.5305	0.5704717	5.431926	1.019692	0.781147	0.218853	3.443292
38646	-1253.279	-1464.098	210.8191	0.6927927	5.558932	1.457463	0.700196	0.299804	2.957972
38652	-1241.294	-1452.516	211.2218	0.801151	5.558932	1.457463	0.751206	0.248794	2.646849
38658	-1251.392	-1461.662	210.2696	0.6875385	5.558932	1.23773	0.759949	0.240051	3.391435
38664	-1262.319	-1472.542	210.2228	0.7343695	5.558932	1.23773	0.736818	0.263182	3.391435
38670	-1250.411	-1461.703	211.2922	0.6301841	5.321946	1.536262	0.760057	0.239943	2.711177
38676	-1240.135	-1450.947	210.8117	0.7356424	6.925478	1.967664	0.795194	0.204806	2.532746
38682	-1249.251	-1460.241	210.9898	0.641149	4.950524	1.494383	0.774419	0.225581	2.968402
38688	-1244.017	-1454.97	210.9529	0.5976459	5.116632	1.519324	0.723574	0.276426	2.977914
38694	-1248.699	-1459.63	210.9319	0.5823884	5.116632	1.519324	0.723574	0.276426	2.999715
38700	-1257.493	-1469.23	211.7367	0.8729729	9.868149	1.244295	0.742135	0.257865	1.820772
38706	-1248.224	-1459.69	211.4657	0.7712369	6.89898	1.244295	0.742135	0.257865	2.423518
38712	-1257.002	-1469.196	212.1934	1.068549	5.717425	1.289492	0.758636	0.241364	1.910205
38718	-1257.661	-1468.64	210.9793	0.916479	5.604004	1.579328	0.776845	0.223155	2.663448
38724	-1234.53	-1445.891	211.361	0.6856532	6.760021	0.727058	0.794377	0.205623	2.88639
38730	-1236.409	-1446.641	210.2314	0.6642779	6.287355	1.033721	0.734907	0.265093	3.432014
38736	-1239.392	-1449.849	210.4571	0.4860656	7.186494	1.028156	0.671199	0.328801	3.291439
38742	-1239.552	-1450.5	210.9481	0.5847077	5.680132	1.028156	0.783743	0.216257	3.146192
38748	-1227.536	-1439.015	211.4796	0.5808656	6.760014	1.028156	0.845672	0.154328	2.6744
38754	-1231.53	-1443.279	211.7487	0.8326614	7.144437	0.968933	0.784343	0.215657	2.334626
38760	-1227.445	-1439.563	212.118	0.9078001	7.144437	0.968933	0.7828	0.2172	2.046544
38766	-1229.035	-1440.714	211.6793	0.7561207	9.083249	0.6438211	0.796054	0.203946	2.439121
38772	-1238.03	-1449.724	211.6944	0.7166354	5.903023	1.521462	0.724974	0.275026	2.320206
38778	-1234.743	-1446.516	211.7736	0.7713109	5.29321	1.668807	0.745443	0.254557	2.268341
38784	-1229.256	-1439.737	210.4805	0.6472018	7.093993	1.668807	0.779003	0.220997	2.884262
38790	-1235.603	-1446.523	210.9198	0.7033124	7.093993	1.668807	0.717307	0.282693	2.580998
38796	-1223.803	-1434.809	211.0055	0.623662	7.6404	1.367295	0.717307	0.282693	2.644413
38802	-1239.547	-1450.415	210.8678	0.734439	7.925319	1.505637	0.793666	0.206334	2.561794
38808	-1240.811	-1451.676	210.8653	0.6725587	6.601405	1.505637	0.653359	0.346641	2.769585
38814	-1240.132	-1450.906	210.7739	0.7462647	5.74329	1.740698	0.695688	0.304312	2.804689
38820	-1244.797	-1455.968	211.1718	0.8681306	4.613756	1.927901	0.757592	0.242408	2.603043
38826	-1247.628	-1459.337	211.7093	0.9492128	4.613756	1.852184	0.755226	0.244774	2.2424
38832	-1239.021	-1450.945	211.9235	1.007474	7.911165	1.068648	0.751361	0.248639	1.941865
38838	-1236.704	-1448.264	211.5603	0.7800507	8.02164	1.504586	0.770137	0.229863	2.079706
38844	-1239.297	-1450.92	211.6226	0.9112334	8.124022	1.290789	0.82831	0.17169	2.048802
38850	-1231.936	-1443.98	212.0437	0.9177029	6.59577	1.121394	0.757117	0.242883	2.069773
38856	-1225.438	-1436.204	210.7661	0.7397908	6.868026	1.121394	0.732894	0.267106	2.943776
38862	-1226.301	-1436.929	210.628	0.8207506	5.823129	1.121394	0.741712	0.258288	3.122361
38868	-1242.55	-1452.655	210.1056	0.7354142	7.575005	1.202446	0.742973	0.257027	3.210122
38874	-1241.915	-1452.557	210.6415	0.7904392	6.878739	0.946149	0.753003	0.246997	3.089298
38880	-1242.244	-1453.068	210.8239	1.033353	5.631574	2.139318	0.712271	0.287729	2.465823
38886	-1231.52	-1442.515	210.9952	0.9754421	4.982478	1.166536	0.710555	0.289445	2.91791
38892	-1228.481	-1439.211	210.7297	0.7700824	4.922619	1.39232	0.757405	0.242595	3.097943
38898	-1229.922	-1440.885	210.9623	0.857531	7.390009	1.39232	0.725281	0.274719	2.545269
38904	-1229.956	-1440.37	210.4138	0.8296548	6.459629	1.39232	0.74228	0.25772	3.018508
38910	-1237.299	-1447.829	210.5299	0.6753132	5.538468	1.562735	0.676669	0.323331	3.098719
38916	-1235.164	-1445.338	210.1742	0.6207077	5.538468	1.395062	0.7485	0.2515	3.414687
38922	-1248.745	-1458.81	210.0653	0.5988389	6.065097	1.395062	0.781055	0.218945	3.414687
38928	-1240.142	-1450.931	210.7886	0.7524922	6.065097	0.868903	0.707374	0.292626	3.183609
38934	-1234.559	-1445.801	211.2425	0.7474021	4.216249	1.421147	0.688347	0.311653	2.918772
38940	-1247.06	-1458.117	211.0571	0.5501832	5.427862	1.134996	0.746046	0.253954	3.080456
38946	-1243.605	-1454.446	210.8411	0.626242	9.117605	1.134996	0.75085	0.24915	2.698413
38952	-1245.573	-1456.843	211.2702	0.6869179	8.298805	1.284181	0.801835	0.198165	2.403497
38958	-1234.308	-1445.929	211.6211	0.8709406	5.78695	1.284181	0.762705	0.237295	2.403497
38964	-1235.686	-1447.442	211.7555	0.9128845	6.927546	1.284181	0.778317	0.221683	2.121508
38970	-1237.476	-1448.654	211.1783	0.83995	7.556855	1.605987	0.766989	0.233011	2.300075
38976	-1240.08	-1451.519	211.4394	0.8214915	6.38859	1.605987	0.765685	0.234315	2.304333
38982	-1240.155	-1452.095	211.9397	0.916721	6.097427	1.244935	0.81077	0.18923	2.142516
38988	-1235.147	-1446.288	211.1405	0.6015396	7.342446	1.061351	0.742422	0.257578	2.77444
38994	-1245.741	-1457.195	211.4544	0.6237591	7.661788	1.061351	0.742422	0.257578	2.52782
39000	-1252.897	-1463.43	210.5336	0.8164824	8.381257	0.7275598	0.862513	0.137487	3.109937
39006	-1229.412	-1440.126	210.7136	0.8207594	7.500044	0.7275598	0.705081	0.294919	3.100579
39012	-1241.941	-1451.619	209.6774	0.7627097	7.720228	1.460765	0.771491	0.228509	3.306952
39018	-1243.794	-1454.573	210.7791	0.8022128	7.076832	1.378958	0.669372	0.330628	2.738688
39024	-1241.979	-1453.851	211.8723	0.8963615	5.0958	1.256317	0.675131	0.324869	2.357689
39030	-1240.382	-1452.069	211.6867	0.8862365	5.0958	1.515719	0.752367	0.247633	2.353182
39036	-1239.507	-1451.192	211.6846	1.005891	6.990216	1.741437	0.752367	0.247633	1.874116
39042	-1238.37	-1450.313	211.9428	0.8917888	6.990216	0.9937783	0.737968	0.262032	2.176587
39048	-1246.954	-1458.374	211.4197	0.9060179	5.659244	1.474439	0.7433	0.2567	2.434503
39054	-1255.319	-1467.088	211.7694	1.121362	3.845209	1.746103	0.665661	0.334339	2.2957
39060	-1245.545	-1456.578	211.0332	0.7964564	5.194689	1.705201	0.683525	0.316475	2.717356
39066	-1247.175	-1458.517	211.3415	0.8508922	5.3838	1.165278	0.683525	0.316475	2.717356
39072	-1237.077	-1448.517	211.4397	0.9180067	5.3838	1.603153	0.695297	0.304703	2.400834
39078	-1247.869	-1459.16	211.2906	0.6104663	7.926501	1.603153	0.807272	0.192728	2.329988
39084	-1227.803	-1439.434	211.6312	0.637148	7.369559	1.603153	0.814063	0.185937	2.164456
39090	-1218.611	-1430.066	211.4555	0.8049267	5.182172	1.431498	0.76676	0.23324	2.573736
39096	-1232.545	-1443.941	211.3957	0.7126747	7.487798	1.494851	0.743899	0.256101	2.302132
39102	-1235.682	-1446.547	210.8649	0.7554651	6.626706	1.494851	0.783724	0.216276	2.720497
39108	-1242.625	-1453.345	210.7196	0.768184	6.626706	1.467465	0.730768	0.269232	2.813833
39114	-1240.92	-1451.549	210.6282	0.5407492	6.940728	1.467465	0.748812	0.251188	2.965233
39120	-1242.082	-1452.879	210.7978	0.7372622	6.703479	1.075258	0.798739	0.201261	2.973673
39126	-1231.8	-1442.899	211.0996	0.8171341	5.655398	1.611761	0.801463	0.198537	2.628485
39132	-1229.685	-1441.164	211.4786	0.7669754	5.840965	1.333634	0.783093	0.216907	2.52444
39138	-1239.339	-1450.56	211.2201	0.7322885	5.840965	1.798383	0.693792	0.306208	2.500391
39144	-1236.524	-1447.511	210.9875	0.9157081	5.840965	1.009375	0.76858	0.23142	2.911376
39150	-1239.108	-1449.869	210.761	0.6935991	5.840965	1.041302	0.750706	0.249294	3.161156
39156	-1241.626	-1451.965	210.3395	0.7256796	6.993738	1.088189	0.699922	0.300078	3.20926
39162	-1255.551	-1467.101	211.5507	0.8616853	6.048476	1.306651	0.706666	0.293334	2.401856
39168	-1242.273	-1453.473	211.2002	0.5907252	6.972579	1.306651	0.831032	0.168968	2.659125
39174	-1253.605	-1464.096	210.4908	0.7466581	6.993738	1.614863	0.794262	0.205738	2.853026
39180	-1253.932	-1464.453	210.5211	0.7985825	7.156452	1.376498	0.721304	0.278696	2.888839
39186	-1239.94	-1451.347	211.4074	0.8667327	7.969881	0.8339432	0.805602	0.194398	2.51648
39192	-1244.021	-1455.286	211.2657	0.815858	8.173318	1.220701	0.761893	0.238107	2.373332
39198	-1239.877	-1451.485	211.6083	1.028167	6.375464	1.13654	0.77825	0.22175	2.303825
39204	-1255.803	-1466.425	210.6216	0.7329777	4.165765	1.877087	0.76633	0.23367	3.122072
39210	-1244.535	-1455.553	211.0179	0.6877701	4.548713	1.900457	0.697738	0.302262	2.830115
39216	-1253.133	-1463.236	210.1028	0.7036183	5.429705	1.682427	0.697738	0.302262	3.302771
39222	-1250.589	-1461.472	210.8832	0.7038518	4.346736	1.682427	0.697738	0.302262	3.023427
39228	-1264.995	-1475.295	210.2999	0.7551468	4.346736	1.682427	0.749413	0.250587	3.339121
39234	-1243.235	-1454.769	211.534	0.8866623	8.167642	1.372375	0.761461	0.238539	2.074766
39240	-1250.398	-1461.317	210.9191	0.6210332	7.181464	1.179568	0.800918	0.199082	2.851342
39246	-1261.402	-1472.897	211.495	0.8480689	5.599012	1.726247	0.744223	0.255777	2.32177
39252	-1248.812	-1460.557	211.7451	0.9041268	5.599012	1.067528	0.696507	0.303493	2.455266
39258	-1244.685	-1455.913	211.2284	0.7274473	8.156733	1.158146	0.735396	0.264604	2.488959
39264	-1239.397	-1451.301	211.9037	0.8853299	8.838713	0.9341335	0.789642	0.210358	2.01327
39270	-1231.294	-1443.296	212.0027	0.9479032	9.290081	1.109307	0.809456	0.190544	1.732407
39276	-1241.218	-1452.177	210.959	0.828105	9.290081	1.109307	0.773672	0.226328	2.49695
39282	-1245.577	-1456.05	210.4724	0.739541	8.479649	1.455497	0.759857	0.240143	2.761467
39288	-1251.8	-1463.715	211.915	0.8851416	8.479649	1.138103	0.817277	0.182723	1.915107
39294	-1244.1	-1456.007	211.9069	1.015677	5.879878	1.659651	0.681102	0.318898	1.925531
39300	-1242.924	-1454.813	211.8887	1.057328	5.835796	1.345674	0.770936	0.229064	2.071067
39306	-1240.741	-1451.616	210.8744	0.8636909	5.795239	1.345674	0.816168	0.183832	2.837438
39312	-1238.1	-1449.308	211.2079	0.7763752	5.00217	1.29985	0.779656	0.220344	2.837438
39318	-1230.636	-1442.278	211.6425	1.068725	6.703801	0.6479736	0.772844	0.227156	2.550636
39324	-1246.092	-1456.694	210.6021	0.6957958	4.93065	1.719318	0.722057	0.277943	3.077435
39330	-1243.006	-1453.945	210.9383	0.9193228	11.25679	1.442949	0.772844	0.227156	2.079103
39336	-1236.077	-1447.401	211.3237	0.8241416	7.51955	1.213809	0.757911	0.242089	2.415029
39342	-1233.91	-1446.066	212.156	0.9633399	9.149372	1.175765	0.74679	0.25321	1.585588
39348	-1242.131	-1453.192	211.0607	0.7043172	9.149372	1.175765	0.845721	0.154279	2.488005
39354	-1233.005	-1444.621	211.6158	0.6196376	9.149372	1.000141	0.779863	0.220137	2.294902
39360	-1238.812	-1450.542	211.7299	0.7856916	9.196751	1.071878	0.831089	0.168911	2.06253
39366	-1243.516	-1454.821	211.3047	0.7235893	9.561077	1.388855	0.787755	0.212245	2.163878
39372	-1236.471	-1447.319	210.8472	0.5982796	7.975689	1.071555	0.859893	0.140107	2.872875
39378	-1237.876	-1448.46	210.5833	0.6645046	5.699206	1.325078	0.738914	0.261086	3.15609
39384	-1250.106	-1461.25	211.1437	0.6409525	7.448908	1.325078	0.738914	0.261086	2.592791
39390	-1249.181	-1460.49	211.3093	0.9431329	7.416242	1.634182	0.787757	0.212243	2.154683
39396	-1255.612	-1467.916	212.3041	1.149243	7.503009	1.634182	0.787757	0.212243	1.288322
39402	-1240.876	-1452.39	211.514	0.9467492	10.4423	1.403917	0.839307	0.160693	1.77263
39408	-1243.268	-1455.062	211.7945	0.9465428	9.31378	1.278415	0.770997	0.229003	1.77263
39414	-1239.434	-1451.517	212.0831	0.9141029	9.31378	1.278415	0.820031	0.179969	1.590259
39420	-1240.01	-1452.373	212.3624	1.06842	9.944868	0.9962307	0.7983	0.2017	1.37954
39426	-1246.465	-1458.627	212.1624	0.8078658	9.074957	1.229183	0.83822	0.16178	1.668794
39432	-1240.917	-1452.379	211.4623	0.5510033	6.094692	1.229183	0.739361	0.260639	2.683692
39438	-1237.109	-1448.127	211.0183	0.5788567	7.694684	1.314288	0.736624	0.263376	2.683692
39444	-1247.144	-1458.031	210.8874	0.5377174	7.641465	1.057153	0.799093	0.200907	2.932595
39450	-1241.1	-1452.201	211.1014	0.7397913	7.596526	1.091435	0.733815	0.266185	2.664932
39456	-1234.31	-1445.894	211.584	0.7817672	7.596526	1.091435	0.774583	0.225417	2.336999
39462	-1223.43	-1434.981	211.5513	0.7767051	7.596526	1.101612	0.776384	0.223616	2.354932
39468	-1223.052	-1435.108	212.0559	0.7556754	8.145318	1.101612	0.807588	0.192412	1.971446
39474	-1223.21	-1434.81	211.6	1.006094	8.145318	0.8859311	0.795571	0.204429	2.248533
39480	-1227.342	-1439.128	211.7862	0.926958	8.145318	1.441381	0.795571	0.204429	1.845449
39486	-1229.094	-1440.198	211.1045	0.7566794	8.145318	1.441381	0.754832	0.245168	2.403549
39492	-1225.255	-1436.614	211.3592	0.6641623	7.1055	1.441381	0.796068	0.203932	2.43106
39498	-1226.055	-1437.063	211.0072	0.7231426	7.1055	1.441381	0.737811	0.262189	2.61378
39504	-1226.82	-1437.377	210.5562	0.7503818	4.547334	1.441381	0.712488	0.287512	3.255568
39510	-1240.769	-1452.467	211.6976	0.9179674	5.766124	1.228585	0.802606	0.197394	2.35821
39516	-1242.44	-1453.684	211.2438	0.9552813	5.970997	1.228585	0.782106	0.217894	2.587691
39522	-1227.511	-1439.202	211.6911	1.078961	5.669651	1.228585	0.782106	0.217894	2.275135
39528	-1242.767	-1455.316	212.5485	1.157999	3.967279	1.228585	0.713835	0.286165	1.987276
39534	-1249.043	-1460.554	211.5111	0.9110867	4.911062	1.228585	0.713835	0.286165	2.621651
39540	-1243.892	-1454.905	211.0124	0.8900247	4.068721	1.8981	0.717693	0.282307	2.803927
39546	-1243.019	-1454.114	211.0948	0.7113788	4.068721	2.019156	0.728106	0.271894	2.818554
39552	-1251.534	-1461.576	210.0418	0.5184032	4.600103	1.408363	0.644167	0.355833	3.696989
39558	-1257.315	-1467.836	210.5214	0.7926919	4.277674	2.295318	0.721457	0.278543	2.982492
39564	-1241.969	-1452.794	210.825	0.718267	8.383064	1.201814	0.817321	0.182679	2.694816
39570	-1251.886	-1462.669	210.7832	0.7866928	7.21883	0.806309	0.792225	0.207775	3.056322
39576	-1238.746	-1449.677	210.9313	0.7263278	7.584616	1.205585	0.742692	0.257308	2.715909
39582	-1247.959	-1458.554	210.594	0.6277557	7.867444	1.017272	0.719141	0.280859	3.051523
39588	-1232.579	-1442.829	210.2492	0.8220115	7.256293	1.955442	0.819092	0.180908	2.787599
39594	-1236.668	-1446.885	210.2171	0.7378909	4.865325	1.955442	0.587046	0.412954	3.204285
39600	-1241.962	-1452.134	210.172	0.637497	5.771853	1.592862	0.678082	0.321918	3.285654
39606	-1249.839	-1461.163	211.3239	0.7891566	5.771853	1.384045	0.743672	0.256328	2.592608
39612	-1238.664	-1449.544	210.8803	0.6117463	5.57217	0.922649	0.760901	0.239099	3.25039
39618	-1246.852	-1458.146	211.2945	0.739507	4.57802	0.9959681	0.6913	0.3087	3.047328
39624	-1232.831	-1444.267	211.4356	0.8091363	4.811825	0.9959681	0.710083	0.289917	2.879044
39630	-1240.374	-1449.98	209.6059	0.5513747	3.514558	1.913689	0.698514	0.301486	3.93928
39636	-1233.912	-1443.521	209.609	0.633139	4.210327	1.913689	0.648066	0.351934	3.751743
39642	-1228.667	-1439.673	211.0063	0.7843241	4.674252	1.841022	0.690547	0.309453	2.777942
39648	-1228.096	-1439.148	211.0523	0.7054015	5.664556	1.661848	0.759071	0.240929	2.703759
39654	-1240.42	-1451.074	210.6539	0.6681169	5.272742	1.567089	0.717538	0.282462	3.06884
39660	-1252.622	-1463.39	210.7683	0.6760911	5.097512	1.567089	0.717538	0.282462	3.024228
39666	-1242.105	-1452.209	210.1038	0.7332786	5.662449	1.405547	0.722754	0.277246	3.366611
39672	-1251.3	-1462.598	211.2984	0.7884361	4.673928	1.936169	0.737783	0.262217	2.559754
39678	-1251.519	-1462.115	210.5958	0.8596749	3.761113	1.596872	0.663133	0.336867	3.252755
39684	-1244.844	-1456.532	211.6879	0.9570847	4.614479	2.361436	0.773693	0.226307	2.063699
39690	-1235.942	-1447.356	211.4143	1.117963	4.79405	2.073419	0.671096	0.328904	2.204534
39696	-1251.128	-1461.959	210.8309	1.053336	4.70596	3.382091	0.671096	0.328904	2.24671
39702	-1242.98	-1453.293	210.3131	0.6657386	5.614556	1.317732	0.736173	0.263827	3.331269
39708	-1245.707	-1456.637	210.93	0.689204	5.614556	1.694156	0.710323	0.289677	2.78292
39714	-1237.466	-1448.203	210.7371	0.6856595	5.744227	1.374118	0.752192	0.247808	3.021654
39720	-1238.033	-1448.194	210.1612	0.6643506	5.854038	1.47947	0.715279	0.284721	3.312366
39726	-1240.217	-1450.911	210.694	0.6796845	5.368488	1.47947	0.642194	0.357806	3.060731
39732	-1244.099	-1455.225	211.1257	0.8961346	6.395554	1.502244	0.721939	0.278061	2.501086
39738	-1254.231	-1465.062	210.8307	0.7010296	6.395554	1.502244	0.687086	0.312914	2.803152
39744	-1247.171	-1457.169	209.9979	0.7742587	6.395554	1.3155	0.769119	0.230881	3.34302
39750	-1242.864	-1454.309	211.4441	0.7576501	6.625184	1.301308	0.78491	0.21509	2.453428
39756	-1239.878	-1451.223	211.3449	0.7060597	6.625184	1.301308	0.730041	0.269959	2.547637
39762	-1259.25	-1469.748	210.4986	0.677038	6.128622	1.663477	0.681542	0.318458	2.987271
39768	-1253.78	-1464.439	210.6589	0.5842662	6.128622	1.663477	0.815658	0.184342	2.946658
39774	-1242.88	-1453.934	211.0537	0.797925	5.972348	1.663477	0.790455	0.209545	2.598283
39780	-1262.247	-1474.009	211.762	0.8405014	5.972348	1.645315	0.783892	0.216108	2.129529
39786	-1250.607	-1462.011	211.4046	0.9225521	7.124284	1.936085	0.74497	0.25503	2.017479
39792	-1253.158	-1464.324	211.1653	0.8550338	6.471603	2.343625	0.778845	0.221155	2.16325
39798	-1246.603	-1456.803	210.2004	0.8771043	6.82189	1.630574	0.763338	0.236662	2.965309
39804	-1244.201	-1454.997	210.7963	0.7578864	6.82189	1.621246	0.735331	0.264669	2.679501
39810	-1243.096	-1453.997	210.9005	0.7718981	5.115984	1.621246	0.638111	0.361889	2.860932
39816	-1244.342	-1455.34	210.9973	0.8319008	3.96051	1.174397	0.716342	0.283658	3.186823
39822	-1241.874	-1453.031	211.1568	0.7993639	3.372599	1.394665	0.68093	0.31907	3.129351
39828	-1237.577	-1449.313	211.7356	0.9222424	4.659626	1.354673	0.73508	0.26492	2.455721
39834	-1248.987	-1460.853	211.8668	0.7547265	5.629543	1.758477	0.787978	0.212022	2.123439
39840	-1235.604	-1447.088	211.4845	0.8175232	6.431218	1.314566	0.738526	0.261474	2.410974
39846	-1238.372	-1449.565	211.1924	0.7687537	6.431218	1.283569	0.815452	0.184548	2.63939
39852	-1228.254	-1439.612	211.3584	0.6873075	6.592346	1.283569	0.780018	0.219982	2.564559
39858	-1232.365	-1444.145	211.7794	0.8462514	6.592346	1.283569	0.791887	0.208113	2.197309
39864	-1235.151	-1445.916	210.7652	0.6724559	6.592346	1.262635	0.773015	0.226985	2.946775
39870	-1231.556	-1442.019	210.4629	0.6731606	5.612244	1.932643	0.762447	0.237553	2.984059
39876	-1234.18	-1443.878	209.6978	0.7654426	5.612244	2.157868	0.65357	0.34643	3.306882
39882	-1246.119	-1457.465	211.3459	0.7243934	4.40736	1.542265	0.734238	0.265762	2.778839
39888	-1240.52	-1450.611	210.0909	0.9008682	4.40736	1.542265	0.675822	0.324178	3.422223
39894	-1242.454	-1453.633	211.1793	0.8393598	5.401789	1.277658	0.680892	0.319108	2.761592
39900	-1248.643	-1460.958	212.3156	0.9827788	4.410926	1.971987	0.805581	0.194419	1.80987
39906	-1254.064	-1465.459	211.3949	0.9699519	5.572088	1.136639	0.685226	0.314774	2.596809
39912	-1241.11	-1451.256	210.1461	0.7273044	6.931846	0.8171787	0.76179	0.23821	3.495601
39918	-1244.892	-1454.878	209.9854	0.7695214	7.661531	0.7904918	0.741781	0.258219	3.495601
39924	-1239.926	-1451.202	211.276	0.8479043	7.661531	0.6751164	0.764471	0.235529	2.766959
39930	-1252.265	-1462.416	210.1505	0.6051275	4.223882	1.804639	0.673858	0.326142	3.490613
39936	-1250.832	-1460.968	210.1356	0.5621772	5.710895	1.60105	0.749855	0.250145	3.357004
39942	-1253.346	-1464.39	211.0433	0.5754678	5.710895	1.60105	0.72424	0.27576	2.807038
39948	-1248.207	-1458.425	210.2178	0.4933832	7.224508	1.197794	0.748908	0.251092	3.331142
39954	-1236.94	-1447.581	210.641	0.5976413	4.995702	1.197794	0.738021	0.261979	3.335136
39960	-1247.571	-1458.609	211.0377	0.5597716	5.173749	1.782328	0.738021	0.261979	2.831732
39966	-1232.315	-1443.852	211.5373	0.7226254	5.173749	1.238638	0.76879	0.23121	2.671267
39972	-1237.967	-1448.736	210.769	0.6634836	5.04864	1.238638	0.714997	0.285003	3.191133
39978	-1248.509	-1458.141	209.6319	0.6828801	5.04864	1.842801	0.736779	0.263221	3.58973
39984	-1252.323	-1463.415	211.0916	0.8100062	4.674997	1.842801	0.736779	0.263221	2.709239
39990	-1243.267	-1454.478	211.2113	0.8498731	5.412998	1.329485	0.758427	0.241573	2.707865
39996	-1247.886	-1456.666	208.7805	0.7425289	5.645209	1.106366	0.660997	0.339003	4.271105
40002	-1238	-1449.206	211.2056	0.7000308	5.971123	1.234836	0.732168	0.267832	2.764874
40008	-1244.434	-1455.331	210.8978	0.7502376	8.289518	1.234836	0.737684	0.262316	2.623387
40014	-1240.885	-1452.952	212.0675	0.9125257	8.774572	0.9729056	0.787646	0.212354	1.865024
40020	-1246.515	-1458.811	212.2962	0.8442806	8.039573	0.947314	0.852396	0.147604	1.865024
40026	-1235.46	-1447.08	211.6201	0.7986155	8.591058	1.494846	0.822898	0.177102	1.962732
40032	-1248.859	-1459.767	210.9084	0.6687272	7.321957	1.430736	0.822898	0.177102	2.685582
40038	-1252.879	-1464.274	211.3958	0.8859851	6.970873	1.430736	0.714637	0.285363	2.290316
40044	-1242.639	-1454.319	211.6802	0.8626827	5.709201	1.143896	0.748308	0.251692	2.460072
40050	-1250.01	-1461.079	211.0687	0.740507	6.970873	1.430736	0.732165	0.267835	2.587621
40056	-1244.7	-1455.679	210.9789	0.5283806	5.497254	1.445295	0.74209	0.25791	2.975827
40062	-1247.223	-1457.28	210.0569	0.6675344	5.497254	1.261122	0.748616	0.251384	3.525192
40068	-1249.061	-1459.671	210.6101	0.7224763	6.114791	1.261122	0.803658	0.196342	3.076455
40074	-1244.386	-1454.992	210.6055	0.6107467	6.690303	1.261122	0.73958	0.26042	3.067294
40080	-1246.365	-1457.941	211.5762	0.7229828	6.690303	1.60437	0.76257	0.23743	2.237007
40086	-1250.007	-1460.724	210.7177	0.707778	6.690303	1.651576	0.765682	0.234318	2.763237
40092	-1256.631	-1468.493	211.8622	0.9915708	7.26448	1.037511	0.808637	0.191363	2.098429
40098	-1263.014	-1474.743	211.729	0.9144406	7.26448	1.311553	0.753958	0.246042	2.076675
40104	-1260.704	-1472.033	211.3297	0.7742271	7.956574	1.694248	0.804828	0.195172	2.155714
40110	-1248.746	-1460.315	211.569	1.009427	6.795886	1.694248	0.804828	0.195172	1.9989
40116	-1246.312	-1458.139	211.8264	1.070224	5.435046	1.703368	0.785367	0.214633	1.9989
40122	-1235.482	-1446.283	210.8012	0.7531932	6.669911	1.434422	0.68462	0.31538	2.782624
40128	-1244.666	-1455.749	211.0833	0.6796228	6.428033	1.434422	0.66845	0.33155	2.688224
40134	-1243.819	-1454.943	211.124	0.7555047	5.109266	1.266897	0.795322	0.204678	2.899382
40140	-1245.045	-1456.052	211.0069	0.8041809	6.43554	0.7580461	0.76499	0.23501	3.048359
40146	-1251.069	-1461.552	210.4839	0.8041809	7.304996	0.7580461	0.748432	0.251568	3.247663
40152	-1254.963	-1465.4	210.4372	0.7412009	7.304996	0.7580461	0.686026	0.313974	3.312422
40158	-1246.147	-1458.355	212.208	1.071174	5.332798	0.7580461	0.719187	0.280813	2.311465
40164	-1246.034	-1456.564	210.53	0.811339	4.639626	1.303533	0.774628	0.225372	3.282696
40170	-1242.493	-1453.741	211.2487	0.7660225	6.389633	1.297105	0.787164	0.212836	2.605268
40176	-1246.018	-1456.643	210.6253	0.6802413	6.389633	1.297105	0.775464	0.224536	3.036401
40182	-1246.386	-1458.243	211.8572	0.7993569	5.941387	1.474235	0.736325	0.263675	2.178609
40188	-1247.976	-1459.362	211.3857	0.7993569	5.941387	2.572011	0.763228	0.236772	2.062333
40194	-1251.588	-1462.804	211.2154	0.7690365	9.040367	0.9477204	0.771202	0.228798	2.499055
40200	-1240.637	-1451.563	210.9254	0.7408057	5.925398	0.9477204	0.754168	0.245832	3.078818
40206	-1243.44	-1453.699	210.2591	0.641887	7.469141	1.426075	0.67316	0.32684	3.078818
40212	-1244.565	-1454.661	210.0965	0.5995799	6.110934	1.477148	0.768191	0.231809	3.352975
40218	-1252.282	-1464.545	212.2629	0.9354283	6.110934	1.202829	0.793556	0.206444	1.937819
40224	-1266.787	-1477.551	210.7639	1.011006	5.333517	0.7696334	0.684096	0.315904	3.222575
40230	-1267.224	-1477.87	210.646	1.00862	6.441826	1.614182	0.737385	0.262615	2.67267
40236	-1249.316	-1461.002	211.6857	0.9043609	6.441826	1.63953	0.75739	0.24261	2.067955
40242	-1260.801	-1471.967	211.1658	1.016094	4.920635	1.375924	0.765365	0.234635	2.693627
40248	-1258.763	-1469.089	210.3262	0.7902147	4.642467	1.375924	0.765365	0.234635	3.380423
40254	-1249.692	-1460.196	210.5046	0.7868179	4.184258	1.340485	0.677183	0.322817	3.377765
40260	-1255.527	-1466.318	210.7913	0.8131558	4.184258	1.340485	0.648847	0.351153	3.193187
40266	-1269.75	-1479.885	210.1348	0.7141768	3.825535	1.87238	0.561737	0.438263	3.489305
40272	-1244.239	-1455.482	211.2437	0.7049345	9.935429	1.025743	0.742517	0.257483	2.379237
40278	-1241.562	-1452.824	211.2622	0.7050201	7.687925	0.9037814	0.848457	0.151543	2.692115
40284	-1250.193	-1460.98	210.787	0.6896648	9.17576	0.6934904	0.795704	0.204296	2.976866
40290	-1249.075	-1460.477	211.4017	0.7985407	3.871947	1.997573	0.661204	0.338796	2.625709
40296	-1249.217	-1460.652	211.4348	0.7509663	5.834744	1.701482	0.632619	0.367381	2.3944
40302	-1251.272	-1462.532	211.2601	0.8000153	5.887768	1.701482	0.793347	0.206653	2.465284
40308	-1253.725	-1464.684	210.9599	0.8518946	5.887768	2.107809	0.652655	0.347345	2.465284
40314	-1244.69	-1456.014	211.3239	0.8593306	6.631106	1.523408	0.768574	0.231426	2.356286
40320	-1247.682	-1458.593	210.9109	0.5489363	6.756856	1.523408	0.718231	0.281769	2.788307
40326	-1246.847	-1458.127	211.2801	0.923147	5.915744	0.9538278	0.734825	0.265175	2.752263
40332	-1240.692	-1451.65	210.9582	0.7521192	5.897518	1.509726	0.679126	0.320874	2.762774
40338	-1239.112	-1450.342	211.2308	0.8953297	5.897518	1.509726	0.743502	0.256498	2.506125
40344	-1239.31	-1450.779	211.469	0.8790594	7.085696	0.932355	0.819771	0.180229	2.513292
40350	-1237.001	-1447.69	210.6886	0.668091	7.403975	0.9202031	0.824865	0.175135	3.085055
40356	-1240.886	-1451.514	210.6281	0.7285979	7.403975	0.9202031	0.819433	0.180567	3.085055
40362	-1240.223	-1451.01	210.7865	0.6641701	6.411871	0.9175608	0.797121	0.202879	3.157728
40368	-1234.091	-1444.986	210.8953	0.5286691	6.791609	1.024273	0.724106	0.275894	3.058152
40374	-1228.712	-1440.039	211.3269	0.7701574	7.770239	1.024273	0.839292	0.160708	2.525223
40380	-1239.746	-1452.137	212.3911	0.8445943	7.232605	1.331449	0.780302	0.219698	1.665414
40386	-1248.99	-1459.539	210.5484	0.8066733	7.232605	2.375842	0.733943	0.266057	2.47197
40392	-1242.027	-1452.35	210.3223	0.7390739	4.965579	1.10401	0.725392	0.274608	3.493345
40398	-1242.738	-1452.913	210.1745	0.8127624	5.880964	1.029386	0.819547	0.180453	3.437665
40404	-1242.049	-1453.703	211.6538	0.9657107	5.31732	1.485219	0.816156	0.183844	2.299491
40410	-1256.384	-1467.131	210.7464	0.665542	6.35187	1.365707	0.792846	0.207154	2.944561
40416	-1247.22	-1457.765	210.5452	0.570127	6.35187	1.365707	0.72891	0.27109	3.122207
40422	-1243.421	-1454.075	210.6542	0.5508657	7.399302	1.365707	0.750423	0.249577	2.933019
40428	-1252.772	-1463.303	210.5307	0.6953214	7.888501	1.365707	0.735438	0.264562	2.861965
40434	-1248.222	-1459.018	210.7961	0.7068234	7.888501	1.047821	0.828215	0.171785	2.861965
40440	-1248.301	-1459.557	211.2555	0.5484692	7.812215	1.376565	0.754434	0.245566	2.510605
40446	-1245.591	-1456.082	210.4913	0.6073268	7.812215	1.159037	0.781824	0.218176	3.051943
40452	-1247.643	-1458.634	210.9908	0.7449472	7.812215	1.057928	0.756467	0.243533	2.723161
40458	-1239.055	-1449.785	210.7296	0.7356086	7.812215	1.086498	0.756467	0.243533	2.871418
40464	-1242.345	-1453.425	211.08	0.686333	6.05075	1.086498	0.718444	0.281556	2.918257
40470	-1239.051	-1450.027	210.9762	0.572754	8.013936	1.239337	0.743645	0.256355	2.713659
40476	-1245.054	-1455.648	210.5943	0.564306	8.013936	0.8634131	0.743645	0.256355	3.168632
40482	-1253.041	-1464.499	211.4579	0.7112429	7.713671	1.140032	0.807043	0.192957	2.418503
40488	-1242.923	-1454.521	211.5983	0.6356467	7.713671	1.430626	0.753284	0.246716	2.223645
40494	-1237.953	-1449.184	211.231	0.6727633	9.061147	1.482691	0.816864	0.183136	2.252348
40500	-1244.444	-1455.916	211.4724	1.018277	6.763282	1.25993	0.752083	0.247917	2.2726
40506	-1255.533	-1466.882	211.35	0.8705979	5.531477	1.274309	0.783485	0.216515	2.618556
40512	-1257.872	-1469.414	211.5418	0.8893994	5.531477	1.354591	0.805314	0.194686	2.446675
40518	-1261.123	-1472.663	211.5404	0.9809081	5.89383	1.354591	0.690593	0.309407	2.33205
40524	-1251.469	-1462.217	210.7484	0.7306982	5.167189	2.626956	0.693079	0.306921	2.621925
40530	-1253.768	-1464.238	210.4707	0.7366541	5.167189	2.255452	0.665317	0.334683	2.90167
40536	-1262.385	-1472.38	209.9946	0.6403203	5.352196	2.918326	0.829131	0.170869	3.024593
40542	-1244.116	-1454.394	210.2776	0.5992021	4.107986	2.470297	0.621965	0.378035	3.222638
40548	-1226.463	-1437.21	210.7467	0.6391113	4.275717	2.136345	0.749515	0.250485	2.991444
40554	-1231.951	-1442.853	210.9026	0.7643292	4.573017	1.683102	0.749515	0.250485	2.933282
40560	-1224.923	-1436.226	211.3032	0.8092541	4.573017	1.453274	0.749515	0.250485	2.762084
40566	-1227.784	-1438.93	211.1465	0.6873487	4.716673	1.557918	0.706809	0.293191	2.858868
40572	-1237.62	-1448.543	210.9231	0.6935656	4.903125	1.557918	0.767579	0.232421	2.957437
40578	-1241.566	-1452.18	210.614	0.7529891	4.903125	1.343674	0.741344	0.258656	3.202912
40584	-1244.927	-1455.387	210.4606	0.6502556	4.903125	1.607759	0.738061	0.261939	3.238121
40590	-1248.502	-1458.318	209.8162	0.7281471	4.729115	2.021889	0.693373	0.306627	3.446171
40596	-1242.478	-1453.605	211.1265	0.9459717	5.416855	1.498544	0.76798	0.23202	2.620213
40602	-1250.819	-1462.19	211.3713	0.7869336	6.989279	1.084699	0.694658	0.305342	2.549811
40608	-1245.436	-1456.402	210.9655	0.6278233	6.989279	1.482662	0.736399	0.263601	2.694308
40614	-1237.6	-1448.586	210.9861	0.5171437	7.149865	1.415318	0.794414	0.205586	2.759857
40620	-1234.788	-1445.81	211.0218	0.4813844	7.149865	1.415318	0.759909	0.240091	2.759857
40626	-1232.631	-1443.933	211.3023	0.8307122	5.735937	1.085824	0.772557	0.227443	2.742762
40632	-1235.319	-1446.992	211.6732	0.8019987	8.361109	1.090053	0.766502	0.233498	2.173947
40638	-1243.563	-1454.948	211.3853	0.591168	8.361109	1.125487	0.802507	0.197493	2.470922
40644	-1237.664	-1448.918	211.2538	0.8678401	5.285822	1.434518	0.68721	0.31279	2.64087
40650	-1239.36	-1449.589	210.2289	0.5635495	3.960025	2.314049	0.713509	0.286491	3.348525
40656	-1244.465	-1454.512	210.0471	0.4797638	4.617661	2.825907	0.682086	0.317914	3.236117
40662	-1240.73	-1450.892	210.1613	0.8129495	4.798622	2.825907	0.7775	0.2225	2.937332
40668	-1238.798	-1448.631	209.8338	0.7623964	4.986245	2.492385	0.735343	0.264657	3.224329
40674	-1229.836	-1441.81	211.9733	0.8630493	4.986245	1.309474	0.753024	0.246976	2.306012
40680	-1254.006	-1464.89	210.8848	0.8172063	3.897412	1.972782	0.679373	0.320627	2.933109
40686	-1245.873	-1456.74	210.8671	0.8052251	4.811281	1.573585	0.74538	0.25462	2.933109
40692	-1243.725	-1455.205	211.4791	0.7618098	7.908858	1.109401	0.811166	0.188834	2.366966
40698	-1256.658	-1467.806	211.1487	0.7656479	6.504344	1.109401	0.821426	0.178574	2.751422
40704	-1251.425	-1461.603	210.1782	0.4456413	5.87526	1.109401	0.706572	0.293428	3.605883
40710	-1250.877	-1461.202	210.3242	0.9338427	5.796159	1.290896	0.736638	0.263362	3.15217
40716	-1255.189	-1465.897	210.7079	0.6814865	7.042635	1.359225	0.70849	0.29151	2.869348
40722	-1253.702	-1464.549	210.8465	0.6868172	7.042635	1.036623	0.706141	0.293859	2.953068
40728	-1246.376	-1457.068	210.6921	0.7822205	8.240845	0.7911776	0.827549	0.172451	3.004485
40734	-1237.163	-1448.87	211.7065	0.7920373	7.033083	1.268116	0.810798	0.189202	2.225835
40740	-1244.157	-1455.427	211.2699	0.7444894	8.936711	1.169363	0.789916	0.210084	2.357427
40746	-1244.71	-1456.364	211.6544	0.9716011	6.61686	1.166053	0.807653	0.192347	2.258577
40752	-1237.968	-1449.456	211.4873	0.9196919	6.61686	1.562965	0.783862	0.216138	2.196698
40758	-1242.068	-1452.961	210.8925	0.7715635	6.61686	1.562965	0.750722	0.249278	2.664772
40764	-1257.14	-1467.665	210.525	0.662465	6.857566	1.539701	0.74335	0.25665	2.932922
40770	-1248.813	-1459.763	210.9498	0.74597	5.613101	1.539701	0.787863	0.212137	2.801716
40776	-1261.184	-1471.543	210.3591	0.695381	5.045289	1.614018	0.742545	0.257455	3.245203
40782	-1270.953	-1481.826	210.8729	0.7631639	4.531099	1.921324	0.732036	0.267964	2.867911
40788	-1256.24	-1466.439	210.1982	0.7631639	5.249553	1.414812	0.772091	0.227909	3.352773
40794	-1262.217	-1474.022	211.8052	0.9981259	3.839917	1.235191	0.691936	0.308064	2.590459
40800	-1255.054	-1466.317	211.2626	0.528722	7.854737	1.235191	0.782985	0.217015	2.585262
40806	-1254.824	-1466.415	211.591	0.7654841	8.171674	1.292808	0.794715	0.205285	2.158203
40812	-1234.588	-1445.174	210.5865	0.7244459	6.271411	1.159441	0.730718	0.269282	3.119892
40818	-1241.21	-1452.511	211.3011	0.6167731	6.657689	1.159206	0.742668	0.257332	2.700547
40824	-1251.743	-1462.986	211.2432	0.7838598	7.790405	1.159206	0.72513	0.27487	2.487502
40830	-1248.67	-1459.275	210.6046	0.6719642	7.401092	1.186437	0.801018	0.198982	2.979559
40836	-1249.981	-1460.212	210.2314	0.5489327	5.91491	1.186437	0.65564	0.34436	3.468717
40842	-1247.132	-1457.655	210.5233	0.6389537	5.969524	1.908007	0.719844	0.280156	2.923852
40848	-1235.847	-1446.458	210.6109	0.7793475	4.912701	1.530938	0.718663	0.281337	3.102956
40854	-1246.117	-1456.75	210.6322	0.6165559	4.954917	1.887834	0.746329	0.253671	3.038575
40860	-1240.447	-1452.02	211.5728	0.9922537	3.90294	1.531785	0.728118	0.271882	2.580614
40866	-1250.979	-1462.641	211.6623	1.004678	4.493234	1.531785	0.729238	0.270762	2.39715
40872	-1240.254	-1451.75	211.4952	1.009824	5.579879	1.533346	0.724605	0.275395	2.306375
40878	-1248.164	-1459.822	211.6577	1.056951	6.082775	1.454442	0.716003	0.283997	2.128287
40884	-1240.698	-1452.085	211.3867	1.142645	6.979843	0.5887688	0.779258	0.220742	2.678204
40890	-1236.587	-1447.77	211.1822	1.016484	7.177449	0.5823838	0.773666	0.226334	2.860386
40896	-1243.62	-1455.113	211.4926	1.016368	6.276582	0.8704472	0.773666	0.226334	2.56604
40902	-1242.125	-1453.373	211.2484	0.5069128	7.706284	0.8704472	0.826156	0.173844	2.841521
40908	-1244.527	-1455.956	211.4291	0.9132543	5.954557	0.6989009	0.78937	0.21063	2.841521
40914	-1242.448	-1454.159	211.7115	0.8827242	6.467031	0.6989009	0.793339	0.206661	2.613671
40920	-1252.858	-1464.747	211.8889	1.059732	7.681834	0.6348655	0.784956	0.215044	2.284223
40926	-1255.732	-1467.475	211.7426	1.029292	9.150768	0.6276286	0.784956	0.215044	2.232101
40932	-1254.272	-1465.791	211.5194	0.8313472	7.573318	1.347463	0.796227	0.203773	2.207975
40938	-1245.663	-1455.68	210.0163	0.4368754	7.573318	1.347463	0.777317	0.222683	3.367837
40944	-1236.396	-1447.294	210.8987	0.595054	5.715801	1.347463	0.770369	0.229631	2.996052
40950	-1243.175	-1453.862	210.6865	0.926663	6.206084	2.364826	0.664728	0.335272	2.455347
40956	-1245.154	-1456.648	211.4939	0.8284557	6.206084	1.401694	0.737531	0.262469	2.387383
40962	-1247.58	-1459.037	211.4572	0.6653766	7.395616	1.401694	0.779166	0.220834	2.349668
40968	-1239.817	-1450.307	210.4906	0.6447035	7.083116	1.401694	0.711535	0.288465	2.997311
40974	-1237.989	-1448.852	210.8632	0.7762388	7.083116	1.336855	0.758356	0.241644	2.722769
40980	-1249.996	-1461.052	211.0563	0.8599129	7.032578	1.336855	0.67775	0.32225	2.558577
40986	-1256.984	-1467.788	210.8043	0.7752503	7.032578	1.489767	0.746621	0.253379	2.693895
40992	-1254.654	-1464.877	210.2239	0.6557236	5.848772	1.429492	0.715493	0.284507	3.303384
40998	-1252.274	-1462.95	210.6755	0.7068457	5.848772	0.9736641	0.762747	0.237253	3.242744
41004	-1240.78	-1451.234	210.4545	0.7068457	4.741116	1.502774	0.702122	0.297878	3.280251
41010	-1232.93	-1444.845	211.9151	0.7835163	6.424508	1.502774	0.745089	0.254911	2.062885
41016	-1243.858	-1455.463	211.605	0.7687239	6.097373	1.3227	0.775714	0.224286	2.410629
41022	-1237.246	-1448.396	211.1495	0.8606476	6.14607	1.3227	0.712408	0.287592	2.630224
41028	-1237.292	-1448.911	211.6193	0.830522	6.895174	1.3227	0.83182	0.16818	2.247314
41034	-1237.362	-1447.734	210.3722	0.6101963	5.775207	1.235847	0.7213	0.2787	3.345415
41040	-1233.288	-1444.345	211.0563	0.7017323	6.581706	1.235847	0.766848	0.233152	2.767762
41046	-1237.549	-1448.289	210.7405	0.7829414	6.581706	1.010136	0.637252	0.362748	3.034713
41052	-1232.712	-1444.199	211.4864	0.7188836	6.581706	1.412118	0.786646	0.213354	2.401945
41058	-1228.411	-1439.703	211.2926	0.851849	7.88943	1.158735	0.783284	0.216716	2.401945
41064	-1228.06	-1439.518	211.4571	0.8390037	7.88943	0.9427598	0.814169	0.185831	2.437792
41070	-1223.474	-1435.223	211.749	1.035019	6.475489	0.9427598	0.721954	0.278046	2.315376
41076	-1233.282	-1445.34	212.0583	1.235646	6.475489	1.125835	0.78177	0.21823	1.862135
41082	-1237.815	-1449.52	211.7052	1.035481	8.224024	1.407601	0.821495	0.178505	1.834157
41088	-1240.894	-1451.705	210.811	0.6575082	8.648141	1.097746	0.812051	0.187949	2.768669
41094	-1246.686	-1457.074	210.3876	0.8132059	8.555944	1.227094	0.840038	0.159962	2.871196
41100	-1226.157	-1436.901	210.7442	0.7067251	6.837127	1.227094	0.713144	0.286856	2.924497
41106	-1230.613	-1441.882	211.269	0.6198164	9.12812	1.227094	0.801674	0.198326	2.384238
41112	-1247.877	-1459.093	211.2155	0.6373426	6.281887	1.664479	0.795347	0.204653	2.551516
41118	-1250.411	-1460.68	210.2686	0.6954429	6.281887	1.582993	0.778191	0.221809	3.125531
41124	-1248.827	-1459.534	210.7073	0.5506626	5.976072	1.193346	0.729478	0.270522	3.175212
41130	-1246.203	-1458.093	211.8906	0.9586107	7.133308	1.026418	0.755482	0.244518	2.12636
41136	-1244.342	-1455.761	211.4194	0.9345328	6.102106	1.531074	0.750614	0.249386	2.321561
41142	-1233.039	-1444.209	211.1704	0.9334074	7.059686	1.419232	0.750614	0.249386	2.397026
41148	-1233.083	-1444.224	211.1408	0.639169	7.059686	1.419232	0.772795	0.227205	2.599528
41154	-1244.828	-1456.623	211.7944	0.8262668	6.740152	1.10822	0.772795	0.227205	2.278193
41160	-1250.888	-1462.847	211.9599	0.9051915	6.740152	1.499825	0.812756	0.187244	1.905857
41166	-1243.621	-1455.102	211.4809	0.808989	6.359861	1.499825	0.763418	0.236582	2.338421
41172	-1243.773	-1455.072	211.2986	0.7051745	5.283654	1.130649	0.763418	0.236582	2.867486
41178	-1251.849	-1462.443	210.5943	0.7252232	5.688681	1.279152	0.697144	0.302856	3.137416
41184	-1246.594	-1457.784	211.1898	0.9438704	5.462917	1.955283	0.722714	0.277286	2.385865
41190	-1235.615	-1447.047	211.4315	0.7776392	6.015389	1.082332	0.739752	0.260248	2.655994
41196	-1228.146	-1439.112	210.9667	0.4443421	5.615126	1.368881	0.726164	0.273836	3.050667
41202	-1230.412	-1441.833	211.4209	0.7001126	5.197797	1.322526	0.810193	0.189807	2.709872
41208	-1222.474	-1433.203	210.7289	0.7108654	5.197797	1.552683	0.668561	0.331439	3.016693
41214	-1221.755	-1431.853	210.0988	0.7352145	5.197797	1.552683	0.725984	0.274016	3.375779
41220	-1229.717	-1440.026	210.3096	0.479602	5.197797	1.334749	0.718846	0.281154	3.498581
41226	-1241.204	-1452.58	211.3755	0.7900844	5.473588	1.068058	0.770153	0.229847	2.774075
41232	-1244.343	-1455.609	211.2668	0.6938917	6.562253	1.008712	0.729677	0.270323	2.774075
41238	-1234.224	-1445.924	211.7001	0.8721525	6.562253	1.008712	0.728734	0.271266	2.394782
41244	-1229.014	-1441.018	212.0038	0.8936408	7.527736	1.008712	0.711851	0.288149	2.053109
41250	-1221.925	-1432.695	210.7698	0.6705287	5.748358	1.677894	0.719509	0.280491	2.877652
41256	-1219.567	-1430.833	211.2655	0.6737451	5.323379	1.577426	0.719509	0.280491	2.682577
41262	-1236.404	-1447.778	211.3748	0.6615578	5.405353	1.577426	0.777714	0.222286	2.609333
41268	-1240.899	-1452.467	211.5688	0.6685269	4.845445	1.092083	0.694903	0.305097	2.821208
41274	-1246.597	-1458.315	211.7173	0.8132659	5.844091	1.279923	0.766246	0.233754	2.372428
41280	-1239.758	-1450.857	211.0991	0.6239845	9.175293	0.7422166	0.796759	0.203241	2.790186
41286	-1248.644	-1460.433	211.7893	0.8043704	9.891572	1.293002	0.796759	0.203241	1.801182
41292	-1249.436	-1460.8	211.3645	0.832396	7.240564	1.293002	0.739625	0.260375	2.377691
41298	-1245.456	-1456.634	211.1776	0.6245732	7.240564	1.581919	0.740912	0.259088	2.487853
41304	-1248.523	-1459.46	210.9369	0.8869469	7.240564	1.276361	0.759272	0.240728	2.619544
41310	-1238.199	-1448.183	209.9838	0.7713015	5.96735	1.447737	0.702843	0.297157	3.351495
41316	-1247.734	-1458.675	210.9409	0.78288	4.995396	1.447737	0.754581	0.245419	2.925843
41322	-1247.788	-1458.875	211.0875	0.7685901	4.73338	2.208076	0.725341	0.274659	2.595676
41328	-1250.597	-1462.076	211.4794	1.00689	4.61008	2.208076	0.611523	0.388477	2.2209
41334	-1248.72	-1460.041	211.3205	0.9400665	4.61008	2.208076	0.681804	0.318196	2.365241
41340	-1256.882	-1468.736	211.8539	0.7897957	6.558419	0.9733476	0.76792	0.23208	2.372623
41346	-1251.431	-1462.774	211.3427	0.8100329	8.013462	0.9733476	0.781251	0.218749	2.493069
41352	-1243.256	-1454.201	210.9456	0.7874513	6.390425	0.9362173	0.785519	0.214481	2.980229
41358	-1231.106	-1442.165	211.0595	0.6787261	4.723725	1.549943	0.646645	0.353355	2.918886
41364	-1239.106	-1449.829	210.7224	0.6517182	4.747822	1.549943	0.714051	0.285949	3.132801
41370	-1241.272	-1452.457	211.1849	0.8955663	6.13325	1.289884	0.773438	0.226562	2.605212
41376	-1236.787	-1448.746	211.9597	0.854578	6.13325	1.342093	0.743355	0.256645	2.112237
41382	-1230.13	-1441.121	210.9908	0.6925069	6.415391	1.294431	0.767057	0.232943	2.80626
41388	-1227.715	-1438.694	210.9794	0.8297294	7.281103	1.26848	0.759386	0.240614	2.627496
41394	-1230.241	-1441.78	211.5384	0.8014839	7.42658	1.26848	0.734872	0.265128	2.275335
41400	-1239.88	-1450.309	210.4298	0.7310581	6.875118	2.014522	0.734872	0.265128	2.76065
41406	-1243.041	-1454.125	211.0843	0.744846	5.686024	1.629366	0.712442	0.287558	2.670162
41412	-1242.583	-1454.252	211.6686	0.6351779	4.392501	1.228206	0.701704	0.298296	2.789241
41418	-1229.55	-1440.563	211.0134	0.9900236	3.827218	1.894383	0.684887	0.315113	2.793885
41424	-1231.551	-1442.494	210.9429	0.8830273	4.662413	1.894383	0.685056	0.314944	2.738347
41430	-1238.059	-1447.949	209.8892	0.7756088	4.662413	1.47314	0.691851	0.308149	3.597178
41436	-1234.585	-1445.675	211.0904	0.7293972	5.319637	0.9667512	0.709173	0.290827	3.067552
41442	-1236.752	-1447.37	210.6176	0.7131585	4.607081	1.415052	0.709173	0.290827	3.242497
41448	-1243.11	-1453.544	210.4337	0.8167484	4.384715	1.415052	0.738517	0.261483	3.329992
41454	-1240.017	-1450.478	210.4604	0.6503318	4.384715	1.415052	0.683162	0.316838	3.412022
41460	-1244.534	-1454.225	209.6916	0.5174056	4.699999	1.415052	0.7202	0.2798	3.879233
41466	-1238.494	-1447.533	209.0393	0.5776229	5.118045	1.284464	0.651193	0.348807	4.208447
41472	-1232.405	-1443.53	211.1247	0.7882016	5.118045	1.486891	0.717826	0.282174	2.772763
41478	-1244.625	-1455.574	210.9493	0.7895956	5.118045	1.486891	0.664048	0.335952	2.878463
41484	-1241.613	-1452.46	210.8479	0.6725529	5.154334	1.837918	0.636533	0.363467	2.860259
41490	-1244.471	-1454.885	210.4141	0.5403943	5.154334	1.825198	0.715987	0.284013	3.203953
41496	-1241.304	-1451.501	210.1961	0.5348345	5.676824	1.812573	0.660241	0.339759	3.259705
41502	-1241.443	-1452.41	210.9675	0.7015748	4.352539	1.812573	0.708628	0.291372	2.922028
41508	-1252.868	-1462.738	209.8698	0.8022107	4.352539	2.4208	0.716234	0.283766	3.311737
41514	-1238.771	-1449.32	210.5491	0.5647718	4.352539	1.329236	0.791291	0.208709	3.455606
41520	-1231.781	-1442.014	210.2326	0.556936	5.584486	1.329236	0.727563	0.272437	3.441409
41526	-1237.728	-1449.074	211.3453	0.8231504	4.906107	1.329236	0.718237	0.281763	2.727172
41532	-1247.32	-1459.011	211.6905	0.9716891	4.17409	1.758746	0.787377	0.212623	2.36564
41538	-1253.869	-1464.951	211.0824	1.043452	4.783108	1.65964	0.665602	0.334398	2.625164
41544	-1236.982	-1447.703	210.7214	0.6500605	5.861866	1.690459	0.800343	0.199657	2.897181
41550	-1233.212	-1444.714	211.5015	0.7601562	5.99154	1.286648	0.818524	0.181476	2.51535
41556	-1233.643	-1444.393	210.7494	0.6023341	5.99154	1.286648	0.721353	0.278647	3.069949
41562	-1238.283	-1449.243	210.9602	0.7290433	7.100254	1.712531	0.779793	0.220207	2.52087
41568	-1235.851	-1447.307	211.4559	0.8400857	7.100254	0.9677865	0.789776	0.210224	2.52087
41574	-1243.863	-1454.697	210.8335	0.68418	7.100254	1.148935	0.711398	0.288602	2.89176
41580	-1248.47	-1460.077	211.6072	0.9081245	5.955198	1.893516	0.758791	0.241209	2.084198
41586	-1243.685	-1455.243	211.5579	0.8015215	5.291084	1.809248	0.792196	0.207804	2.328454
41592	-1246.308	-1457.077	210.7693	0.7968837	5.291084	2.346297	0.719975	0.280025	2.633085
41598	-1248.22	-1459.221	211.0011	0.7107095	5.559269	1.373539	0.695425	0.304575	2.876132
41604	-1237.105	-1448.231	211.1258	0.8083465	6.081209	1.466799	0.738128	0.261872	2.617541
41610	-1237.24	-1447.536	210.2969	0.5262693	6.274639	1.466799	0.753406	0.246594	3.259975
41616	-1239.973	-1450.6	210.6268	0.5361092	5.827008	1.416874	0.753406	0.246594	3.14467
41622	-1251.107	-1462.919	211.812	0.8815001	5.734662	1.72303	0.76799	0.23201	2.074015
41628	-1245.23	-1456.811	211.5809	0.8622227	5.734662	1.718619	0.76799	0.23201	2.238921
41634	-1243.351	-1454.812	211.4613	0.8496226	7.191579	1.055817	0.815884	0.184116	2.444984
41640	-1243.762	-1455.278	211.5159	0.7349032	7.191579	1.119837	0.758654	0.241346	2.444984
41646	-1255.307	-1466.834	211.5272	0.9138533	6.530807	1.119837	0.792531	0.207469	2.415048
41652	-1258.271	-1470.122	211.8511	0.8784811	6.421977	1.119837	0.70868	0.29132	2.247088
41658	-1247.188	-1459.107	211.9192	0.9103094	5.600233	1.119837	0.667943	0.332057	2.310055
41664	-1255.216	-1466.29	211.0745	0.934987	5.594521	0.8750537	0.727495	0.272505	2.969349
41670	-1247.951	-1459.527	211.5764	0.8170897	7.378513	0.9574858	0.788252	0.211748	2.430446
41676	-1250.012	-1461.188	211.1764	0.6852218	7.169625	1.092626	0.726854	0.273146	2.704965
41682	-1232.683	-1443.862	211.1794	0.7082098	6.638511	1.189971	0.799505	0.200495	2.704965
41688	-1245.055	-1455.956	210.9016	0.8341258	5.408973	1.189971	0.67553	0.32447	2.97709
41694	-1240.165	-1450.32	210.1545	0.715432	5.454728	1.129661	0.74212	0.25788	3.513882
41700	-1241.776	-1453.051	211.2759	0.833734	6.397967	1.460002	0.754408	0.245592	2.465382
41706	-1237.045	-1447.012	209.9666	0.7495204	5.037838	1.818929	0.702312	0.297688	3.365874
41712	-1259.913	-1471.331	211.4175	0.7142792	5.326791	1.93871	0.642095	0.357905	2.416008
41718	-1246.834	-1458.244	211.4103	1.004885	5.273117	1.529794	0.696043	0.303957	2.416008
41724	-1237.894	-1449.266	211.3721	0.8755858	5.104686	1.581949	0.660245	0.339755	2.526409
41730	-1248.613	-1460.76	212.1462	0.8512353	4.852265	0.9230664	0.674939	0.325061	2.454776
41736	-1246.778	-1458.704	211.9252	1.216522	5.192239	1.499723	0.770721	0.229279	1.973466
41742	-1251.41	-1463.735	212.3242	1.20654	5.320638	1.401027	0.726118	0.273882	1.734269
41748	-1243.463	-1454.829	211.3661	0.8087958	5.841511	1.401027	0.757122	0.242878	2.5353
41754	-1240.246	-1450.958	210.7123	0.8616535	5.978152	1.323075	0.747444	0.252556	2.92063
41760	-1248.091	-1459.89	211.799	0.9866595	8.580824	0.7441738	0.760191	0.239809	2.187829
41766	-1231.175	-1443.324	212.1491	0.9111417	6.503069	0.9223233	0.742536	0.257464	2.147216
41772	-1235.62	-1447.836	212.2159	1.069008	5.261975	0.7851339	0.761766	0.238234	2.298941
41778	-1248.56	-1461.091	212.5303	0.9905828	5.171696	1.181778	0.787731	0.212269	1.893691
41784	-1242.315	-1453.056	210.7409	0.7507308	7.17975	1.372315	0.744369	0.255631	2.783494
41790	-1245.863	-1457.142	211.2785	0.7933874	6.173742	1.028046	0.772191	0.227809	2.749029
41796	-1244.486	-1455.682	211.1959	0.7978995	6.801965	1.425513	0.661795	0.338205	2.497821
41802	-1241.45	-1452.813	211.3628	0.7944881	8.188729	0.9518502	0.801827	0.198173	2.483456
41808	-1249.933	-1461.3	211.3673	0.9131519	6.320278	1.687429	0.760256	0.239744	2.266257
41814	-1230.96	-1442.851	211.8906	0.8931064	6.320278	1.127233	0.816756	0.183244	2.22288
41820	-1223.661	-1435.223	211.562	0.5892127	6.320278	1.094989	0.752286	0.247714	2.640054
41826	-1237.885	-1449.733	211.8481	0.715278	6.62813	1.094989	0.75357	0.24643	2.338383
41832	-1243.23	-1454.203	210.9735	0.6655288	7.253154	1.107327	0.737308	0.262692	2.821969
41838	-1239.039	-1450.028	210.9889	0.7063353	5.017559	1.529668	0.696857	0.303143	2.902809
41844	-1244.218	-1455.197	210.9791	0.7207142	5.125638	1.482515	0.797343	0.202657	2.902809
41850	-1251.389	-1461.487	210.0978	0.7002898	5.125638	1.482515	0.676257	0.323743	3.438308
41856	-1248.282	-1459.668	211.3859	0.828363	5.106983	1.706274	0.673471	0.326529	2.493744
41862	-1246.636	-1458.448	211.812	1.038755	5.633858	1.285649	0.682721	0.317279	2.198133
41868	-1253.135	-1464.53	211.3944	0.8232465	5.633858	1.619094	0.680454	0.319546	2.441282
41874	-1236.104	-1447.488	211.3844	0.7095267	6.156399	1.786211	0.791006	0.208994	2.368314
41880	-1226.293	-1438.033	211.7403	0.8315139	5.800015	1.089754	0.722086	0.277914	2.45896
41886	-1240.664	-1452.153	211.4897	0.8527772	5.924948	0.9700647	0.80545	0.19455	2.655206
41892	-1250.288	-1461.318	211.0304	0.7101047	5.840465	1.201746	0.753969	0.246031	2.901852
41898	-1258.014	-1468.962	210.9483	0.5238929	6.187664	1.113179	0.630059	0.369941	3.060438
41904	-1257.107	-1467.411	210.3038	0.5750157	6.826031	1.113179	0.630059	0.369941	3.326803
41910	-1260.554	-1471.242	210.6885	0.5064149	8.144214	1.116518	0.779626	0.220374	2.979474
41916	-1248.757	-1459.933	211.1763	0.728649	8.144214	1.239519	0.779626	0.220374	2.477886
41922	-1253.517	-1464.618	211.101	0.8117545	6.51471	1.239519	0.742536	0.257464	2.680282
41928	-1243.368	-1453.884	210.5158	0.7553527	6.209057	1.239519	0.733089	0.266911	3.110651
41934	-1248.043	-1458.085	210.0421	0.6441717	6.209057	1.075615	0.691266	0.308734	3.541449
41940	-1233.896	-1444.033	210.1371	0.5621942	6.019895	1.109704	0.765784	0.234216	3.541449
41946	-1235.3	-1446.663	211.3638	0.6484005	6.019895	1.378531	0.809936	0.190064	2.620075
41952	-1240.937	-1452.168	211.2308	0.8514972	6.019895	1.909977	0.768212	0.231788	2.347315
41958	-1232.022	-1443.605	211.5826	0.7648957	4.737112	1.909977	0.771588	0.228412	2.394718
41964	-1230.995	-1442.509	211.5134	0.8879071	5.38197	1.347475	0.693027	0.306973	2.493406
41970	-1241.847	-1452.94	211.0927	0.8492812	4.666544	1.745601	0.700558	0.299442	2.724079
41976	-1234.591	-1446.27	211.6794	0.9750091	4.666544	1.745601	0.694401	0.305599	2.278555
41982	-1235.352	-1446.626	211.2742	0.8577533	4.666544	1.745601	0.694401	0.305599	2.607149
41988	-1240.503	-1451.558	211.0548	0.5608412	6.11166	1.050857	0.802224	0.197776	3.020492
41994	-1258.386	-1469.134	210.7478	0.8725083	5.699677	1.759143	0.667505	0.332495	2.742966
42000	-1238.074	-1449.144	211.0701	0.7529124	4.683957	1.050857	0.709543	0.290457	3.122171
42006	-1242.253	-1452.875	210.6216	0.5911407	5.392807	1.785339	0.728201	0.271799	3.027092
42012	-1239.758	-1450.617	210.859	0.5582034	4.661518	1.785339	0.709415	0.290585	3.027092
42018	-1226.274	-1437.089	210.8142	0.7604607	6.300587	1.785339	0.722442	0.277558	2.671631
42024	-1233.308	-1444.364	211.0553	0.6800317	6.300587	1.170989	0.732984	0.267016	2.854754
42030	-1249.212	-1459.464	210.2517	0.5163027	5.144487	2.077901	0.662284	0.337716	3.226412
42036	-1241.16	-1451.637	210.4771	0.602499	4.589119	1.202944	0.663103	0.336897	3.494867
42042	-1228.105	-1438.802	210.6968	0.7934625	4.589119	1.202944	0.719287	0.280713	3.253813
42048	-1237.298	-1447.921	210.6227	0.6664125	4.775907	1.379712	0.719287	0.280713	3.253813
42054	-1238.103	-1448.58	210.4769	0.5944569	5.691848	1.34173	0.776403	0.223597	3.253813
42060	-1253.255	-1463.815	210.5596	0.6280514	5.53988	1.899756	0.681488	0.318512	2.976194
42066	-1240.511	-1450.9	210.389	0.6803283	5.474719	1.784329	0.681488	0.318512	3.100397
42072	-1248.715	-1459.616	210.9015	0.6438564	6.307348	1.613558	0.718402	0.281598	2.75884
42078	-1245.599	-1456.668	211.0697	0.7849332	5.626445	1.391303	0.771427	0.228573	2.770496
42084	-1239.685	-1450.934	211.2491	0.7674095	5.626445	1.391303	0.754526	0.245474	2.671296
42090	-1245.161	-1457.007	211.8457	0.8660151	5.276706	1.915827	0.800734	0.199266	2.059895
42096	-1243.336	-1454.807	211.4713	1.018569	6.025091	1.780933	0.749416	0.250584	2.136114
42102	-1241.38	-1452.723	211.3423	0.9092007	6.350133	1.421479	0.741984	0.258016	2.401404
42108	-1245.25	-1456.67	211.4199	0.7219893	6.350133	1.335112	0.77408	0.22592	2.512702
42114	-1248.078	-1459.636	211.5576	0.6076719	6.487088	1.286406	0.77408	0.22592	2.503344
42120	-1249.227	-1460.626	211.3986	0.8041356	6.487088	1.591969	0.680215	0.319785	2.333337
42126	-1233.886	-1444.687	210.8009	0.6944044	5.757981	1.7656	0.731303	0.268697	2.807712
42132	-1237.729	-1448.669	210.9394	0.81627	5.719868	1.409637	0.731303	0.268697	2.807712
42138	-1242.275	-1453.501	211.2255	1.012593	5.719868	1.027742	0.689978	0.310022	2.71504
42144	-1250.201	-1461.605	211.4041	0.7102734	5.461474	1.027742	0.689978	0.310022	2.830834
42150	-1249.305	-1460.174	210.8692	0.7759823	5.461474	1.810957	0.753463	0.246537	2.744765
42156	-1247.862	-1457.671	209.8088	0.6969268	3.890207	2.634129	0.72643	0.27357	3.437482
42162	-1244.054	-1453.999	209.9451	0.5778349	3.568568	1.550139	0.755609	0.244391	3.855322
42168	-1246.144	-1455.982	209.8379	0.6261264	5.407206	2.284886	0.637387	0.362613	3.29728
42174	-1245.703	-1456.394	210.6918	0.9649028	7.177768	1.31442	0.674928	0.325072	2.711121
42180	-1228.049	-1438.695	210.6462	0.6012967	6.416653	1.363328	0.735931	0.264069	3.035552
42186	-1232.203	-1442.631	210.4277	0.7874934	8.518979	1.363328	0.773061	0.226939	2.798484
42192	-1232	-1443.14	211.1396	0.6292556	6.436762	1.363328	0.759178	0.240822	2.717178
42198	-1232.336	-1443.779	211.4432	0.8417108	7.450512	1.565131	0.808403	0.191597	2.160448
42204	-1236.044	-1447.296	211.2512	0.8280686	8.930035	0.8982514	0.772884	0.227116	2.484501
42210	-1237.44	-1448.222	210.7813	0.8186336	6.818264	1.861271	0.749306	0.250694	2.554593
42216	-1246.098	-1457.442	211.3438	0.5289195	6.25943	1.240456	0.749306	0.250694	2.740217
42222	-1233.923	-1445.052	211.1287	0.7142235	6.592257	1.240456	0.772651	0.227349	2.711999
42228	-1246.992	-1457.601	210.6083	0.8253714	6.299285	1.229544	0.77617	0.22383	3.00603
42234	-1254.716	-1464.867	210.1517	0.6424123	5.839336	2.306697	0.710085	0.289915	3.029072
42240	-1260.774	-1470.918	210.1439	0.6376358	5.876476	1.706976	0.750229	0.249771	3.24092
42246	-1252.447	-1463.527	211.0795	0.6939096	5.876476	1.415467	0.732595	0.267405	2.770504
42252	-1239.154	-1449.853	210.699	0.8323701	6.991196	1.399557	0.691413	0.308587	2.770504
42258	-1247.52	-1458.597	211.0765	0.9425577	4.87783	1.440027	0.697207	0.302793	2.770504
42264	-1248.466	-1459.476	211.0107	0.8863818	5.370133	1.635368	0.59798	0.40202	2.676073
42270	-1251.133	-1462.205	211.0721	0.6796976	7.334516	1.120313	0.788388	0.211612	2.735704
42276	-1244.294	-1455.442	211.1475	0.8828002	5.373727	1.896034	0.757229	0.242771	2.488138
42282	-1241.986	-1452.909	210.9224	0.7792758	5.937706	2.381307	0.772964	0.227036	2.434702
42288	-1237.595	-1448.711	211.116	0.9788682	4.408787	3.074834	0.702903	0.297097	2.248294
42294	-1238.813	-1450.497	211.6848	0.9084437	4.981947	1.793811	0.67102	0.32898	2.239364
42300	-1239.674	-1450.32	210.645	0.9127002	3.525344	1.793811	0.687583	0.312417	3.164947
42306	-1239.92	-1450.65	210.7299	0.6761039	3.942022	1.793811	0.586922	0.413078	3.166868
42312	-1238.852	-1449.044	210.1918	0.7583298	4.857508	1.793811	0.725888	0.274112	3.267521
42318	-1235.031	-1444.957	209.9255	0.6869566	4.128407	1.053517	0.737393	0.262607	3.927393
42324	-1234.093	-1445.279	211.1851	0.8131911	4.128407	1.710875	0.718864	0.281136	2.806105
42330	-1226.025	-1436.546	210.521	0.5926521	4.904795	1.710875	0.669677	0.330323	3.194717
42336	-1231.872	-1442.253	210.3811	0.634088	4.904795	1.357639	0.666891	0.333109	3.403426
42342	-1240.565	-1451.639	211.074	0.6022912	6.204462	1.357639	0.815861	0.184139	2.809225
42348	-1232.044	-1443.263	211.2191	0.6887556	6.204462	1.815284	0.775472	0.224528	2.466815
42354	-1239.588	-1450.107	210.5195	0.7409381	6.634577	1.345216	0.764934	0.235066	3.007004
42360	-1247.789	-1458.814	211.0246	0.9006174	6.333942	1.271732	0.666104	0.333896	2.681308
42366	-1233.27	-1444.175	210.9051	0.6967032	6.333942	1.707724	0.768783	0.231217	2.681308
42372	-1243.472	-1454.041	210.5688	0.6212769	6.195725	1.350646	0.713023	0.286977	3.106385
42378	-1249.622	-1459.828	210.2054	0.6867187	6.195725	1.350646	0.744289	0.255711	3.283004
42384	-1252.228	-1464.404	212.1758	0.9298058	3.727908	1.732007	0.779509	0.220491	2.189995
42390	-1243.666	-1455.099	211.433	0.9307614	5.188022	1.732007	0.744188	0.255812	2.375024
42396	-1245.255	-1457.35	212.095	1.105654	4.094283	1.599336	0.654202	0.345798	2.104657
42402	-1238.921	-1450.602	211.6805	0.9132379	5.046204	1.46112	0.709711	0.290289	2.374297
42408	-1257.805	-1468.84	211.0349	0.9132379	5.753224	1.884202	0.742915	0.257085	2.483119
42414	-1263.734	-1474.714	210.9802	0.524892	5.753224	1.566974	0.659431	0.340569	2.884106
42420	-1258.075	-1467.689	209.6137	0.6996956	5.288278	1.492897	0.646504	0.353496	3.690085
42426	-1254.059	-1464.433	210.3745	0.71782	4.298681	1.797084	0.698474	0.301526	3.281892
42432	-1233.695	-1444.617	210.9223	0.8822708	4.226068	1.97057	0.676363	0.323637	2.805596
42438	-1240.495	-1451.718	211.2235	0.8749883	4.226068	1.97057	0.692682	0.307318	2.625481
42444	-1240.248	-1450.236	209.988	0.5666382	4.934598	1.444354	0.679073	0.320927	3.627771
42450	-1241.497	-1452.779	211.2822	0.8405669	4.934598	0.9299348	0.712298	0.287702	2.972361
42456	-1249.102	-1460.83	211.7279	0.8766427	4.552588	0.9299348	0.71139	0.28861	2.748226
42462	-1236.917	-1447.849	210.9321	0.6477162	4.67039	1.230718	0.763695	0.236305	3.172201
42468	-1241.827	-1453.159	211.3318	0.7704927	4.729836	1.451599	0.763695	0.236305	2.740515
42474	-1246.117	-1457.059	210.9422	0.6122171	6.952514	1.190149	0.786956	0.213044	2.866296
42480	-1241.85	-1452.775	210.9249	0.7368135	6.111939	1.613371	0.715019	0.284981	2.715742
42486	-1244.209	-1454.762	210.5525	0.8256016	6.111939	1.3412	0.718922	0.281078	3.010368
42492	-1244.503	-1454.82	210.3171	0.7400259	6.111939	1.599138	0.753074	0.246926	3.087092
42498	-1242.007	-1452.52	210.513	0.720339	4.150421	1.599138	0.694381	0.305619	3.304777
42504	-1240.065	-1450.496	210.431	0.8811931	4.150421	1.680716	0.694381	0.305619	3.22521
42510	-1261.168	-1471.088	209.9199	0.6209081	5.524954	1.681638	0.688691	0.311309	3.44447
42516	-1240.725	-1451.7	210.9746	0.7190934	6.225686	1.200485	0.727439	0.272561	2.874836
42522	-1236.482	-1446.603	210.1217	0.6856548	5.586085	2.060179	0.780623	0.219377	3.139727
42528	-1244.938	-1456.193	211.2548	0.8306732	7.002541	1.706789	0.722478	0.277522	2.286117
42534	-1247.978	-1458.033	210.0552	0.6144226	4.734105	2.100151	0.72205	0.27795	3.345612
42540	-1249.305	-1459.792	210.4865	0.8457391	3.965399	1.249415	0.719567	0.280433	3.440267
42546	-1253.681	-1464.51	210.8292	0.8961975	3.634664	0.9639653	0.540086	0.459914	3.433482
42552	-1259.789	-1471.611	211.8225	0.9527871	4.821089	2.142236	0.560446	0.439554	2.014702
42558	-1258.056	-1469.04	210.9845	0.7617945	3.443297	2.615513	0.535448	0.464552	2.799849
42564	-1268.295	-1478.001	209.7064	0.4173106	3.443297	2.615513	0.603757	0.396243	3.75833
42570	-1249.896	-1461.941	212.0455	0.9817431	6.444903	1.258401	0.776183	0.223817	1.968668
42576	-1248.857	-1460.785	211.9275	0.9817431	6.444903	1.146267	0.817089	0.182911	2.111506
42582	-1244.957	-1456.661	211.7038	0.7811398	6.365406	1.812693	0.697677	0.302323	2.073551
42588	-1237.243	-1448.643	211.3996	0.7619999	5.834497	1.812693	0.792896	0.207104	2.363991
42594	-1237.876	-1448.513	210.6365	0.669938	4.678786	1.388596	0.674376	0.325624	3.256342
42600	-1251.206	-1462.28	211.0745	0.871987	4.678786	0.9034236	0.708695	0.291305	3.139019
42606	-1264.273	-1475.153	210.8803	0.7518212	6.16573	0.9034236	0.817498	0.182502	3.092803
42612	-1262.671	-1473.784	211.1138	0.9394445	5.13864	1.306728	0.745289	0.254711	2.769041
42618	-1262.695	-1473.916	211.2216	0.6902945	5.382515	1.306728	0.733087	0.266913	2.815173
42624	-1253.717	-1464.164	210.447	0.7933022	5.236994	1.452717	0.770195	0.229805	3.173001
42630	-1252.29	-1463.795	211.5053	0.8016492	5.006968	1.452717	0.641761	0.358239	2.564919
42636	-1243.142	-1453.562	210.4205	0.7287064	4.611687	1.452717	0.764346	0.235654	3.331887
42642	-1239.211	-1449.98	210.7687	0.5840177	5.120681	1.979036	0.707512	0.292488	2.915326
42648	-1246.089	-1456.599	210.5097	0.7567538	5.120681	1.369665	0.752293	0.247707	3.214174
42654	-1238.769	-1448.737	209.9676	0.7547129	4.633609	2.107435	0.722142	0.277858	3.329681
42660	-1244.6	-1455.445	210.8455	0.7709072	4.633609	2.183226	0.740293	0.259707	2.7695
42666	-1255.5	-1467.382	211.8823	0.8678004	4.58198	1.208507	0.732048	0.267952	2.48845
42672	-1257.284	-1469.13	211.8459	0.8367104	5.086421	1.101426	0.752666	0.247334	2.499719
42678	-1246.243	-1457.878	211.6348	1.04659	5.070209	1.173325	0.741315	0.258685	2.462451
42684	-1255.33	-1466.658	211.3281	0.7714317	6.33741	1.274112	0.74787	0.25213	2.571911
42690	-1249.341	-1460.179	210.838	0.708099	7.887999	1.274112	0.766393	0.233607	2.712222
42696	-1243.733	-1454.651	210.9178	0.6651649	7.301979	1.64027	0.766393	0.233607	2.591184
42702	-1240.733	-1451.88	211.1468	0.7839467	5.72553	1.840145	0.70717	0.29283	2.515385
42708	-1238.434	-1449.521	211.0872	0.7839467	4.825177	1.840145	0.73762	0.26238	2.701975
42714	-1242.963	-1454.289	211.3257	0.6207866	7.039926	1.122012	0.73762	0.26238	2.652826
42720	-1246.166	-1457.716	211.5503	0.6438682	9.940988	1.122012	0.799754	0.200246	2.162641
42726	-1242.096	-1452.795	210.6989	0.7521229	9.562629	1.036678	0.77123	0.22877	2.719529
42732	-1251.799	-1463.216	211.4172	0.7004275	9.562629	1.203894	0.747833	0.252167	2.204401
42738	-1250.797	-1461.973	211.1762	0.7633855	9.562629	0.9445658	0.765787	0.234213	2.474476
42744	-1248.139	-1458.575	210.4368	0.7182607	8.728892	0.9445658	0.721943	0.278057	3.040587
42750	-1238.04	-1448.897	210.8574	0.7452464	4.573802	1.314815	0.691388	0.308612	3.13417
42756	-1237.23	-1446.813	209.583	0.5841322	4.013843	1.687128	0.665646	0.334354	3.915135
42762	-1230.172	-1440.793	210.6211	0.6490565	4.013843	1.936886	0.685221	0.314779	3.180462
42768	-1232.646	-1443.17	210.5239	0.6970657	4.16267	1.936886	0.685871	0.314129	3.180462
42774	-1239.655	-1450.428	210.7733	0.6021052	3.674887	1.559009	0.654486	0.345514	3.333833
42780	-1255.536	-1465.774	210.2383	0.6735728	3.866841	1.732784	0.755963	0.244037	3.496046
42786	-1245.03	-1455.135	210.1057	0.602759	3.633357	1.732784	0.713695	0.286305	3.662423
42792	-1258.128	-1469.638	211.5102	0.7870842	3.020311	1.732784	0.719156	0.280844	2.865367
42798	-1271.344	-1482.247	210.9035	0.8412696	3.020311	2.217272	0.703528	0.296472	3.024697
42804	-1234.777	-1446.66	211.8828	0.8486378	6.502785	1.065495	0.745356	0.254644	2.266786
42810	-1233.36	-1444.559	211.1987	0.893906	9.117326	1.120966	0.77984	0.22016	2.315718
42816	-1243.218	-1454.112	210.894	0.7650555	9.353858	1.257224	0.75704	0.24296	2.488808
42822	-1242.404	-1453.78	211.3756	0.83268	9.353858	0.7471977	0.850046	0.149954	2.468179
42828	-1241.034	-1451.659	210.625	0.6169875	9.353858	0.9906086	0.836309	0.163691	2.895455
42834	-1243.927	-1454.18	210.2533	0.6226148	7.909202	1.264073	0.760336	0.239664	3.119439
42840	-1241.584	-1452.977	211.3931	0.7176933	7.202444	1.452403	0.756481	0.243519	2.357794
42846	-1237.719	-1448.436	210.7175	0.6825231	7.202444	1.452403	0.788644	0.211356	2.798893
42852	-1244.294	-1455.132	210.8379	0.6806302	7.202444	1.301465	0.675176	0.324824	2.798893
42858	-1232.939	-1443.807	210.868	0.6926369	7.202444	1.250813	0.688821	0.311179	2.798893
42864	-1242.916	-1453.833	210.9167	0.6631609	5.121616	1.40357	0.710151	0.289849	3.011565
42870	-1243.604	-1454.404	210.7993	0.8307895	5.149435	1.212106	0.669252	0.330748	3.070578
42876	-1244.804	-1456.396	211.5917	0.8525308	6.654092	1.236027	0.697295	0.302705	2.330534
42882	-1243.047	-1454.249	211.2015	0.7572157	7.965912	1.236027	0.774805	0.225195	2.467135
42888	-1237.636	-1449.327	211.6915	0.8875113	6.888638	1.151642	0.746975	0.253025	2.258835
42894	-1239.35	-1450.591	211.2415	0.8875113	6.858946	1.151642	0.746975	0.253025	2.547079
42900	-1230.359	-1440.586	210.2263	0.8875113	5.309439	1.484461	0.695329	0.304671	3.222407
42906	-1234.075	-1444.246	210.1717	0.5562447	5.309439	1.484461	0.695329	0.304671	3.449388
42912	-1248.409	-1459.495	211.0863	0.747023	6.869855	2.146428	0.729867	0.270133	2.295145
42918	-1255.005	-1466.499	211.4939	0.7864689	6.799494	1.110413	0.778332	0.221668	2.484109
42924	-1238.422	-1449.359	210.9366	0.6839101	6.410728	1.085139	0.82935	0.17065	2.95615
42930	-1229.865	-1440.111	210.2456	0.6420673	6.410728	1.380484	0.747165	0.252835	3.242343
42936	-1226.589	-1436.623	210.034	0.6545242	5.00741	1.363237	0.72907	0.27093	3.574579
42942	-1229.692	-1440.23	210.5384	0.7392981	5.552104	1.363237	0.688188	0.311812	3.142471
42948	-1226.183	-1435.817	209.634	0.5711698	8.629524	1.363237	0.687309	0.312691	3.389369
42954	-1238.463	-1449.511	211.048	0.6214707	8.629524	1.451309	0.699804	0.300196	2.463797
42960	-1242.755	-1453.808	211.0526	1.001788	5.727513	1.451309	0.699804	0.300196	2.603877
42966	-1243.202	-1454.204	211.0019	0.6673582	5.770993	1.238298	0.691412	0.308588	2.93623
42972	-1231.128	-1442.005	210.8776	0.7404005	6.553034	0.9685623	0.706448	0.293552	3.007033
42978	-1235.31	-1445.811	210.5016	0.5655029	7.017385	1.313597	0.73735	0.26265	3.088213
42984	-1236.825	-1447.42	210.5954	0.6444163	7.187777	1.253125	0.693016	0.306984	2.993444
42990	-1249.946	-1460.968	211.0218	0.5719735	5.248605	1.811273	0.758454	0.241546	2.81037
42996	-1247.544	-1458.627	211.0832	0.6792666	4.952568	1.811273	0.754472	0.245528	2.757351
43002	-1241.012	-1452.12	211.1079	0.7280351	5.340455	1.448373	0.758463	0.241537	2.800553
43008	-1245.043	-1456.405	211.3625	0.8615808	6.047325	1.448373	0.75215	0.24785	2.450601
43014	-1229.47	-1439.904	210.4343	0.5748688	6.038338	1.482578	0.777112	0.222888	3.175981
43020	-1227.744	-1438.822	211.0781	0.6472806	6.074655	1.482578	0.720833	0.279167	2.739638
43026	-1232.091	-1442.421	210.3296	0.665259	6.074655	1.482578	0.712613	0.287387	3.179279
43032	-1227.93	-1438.412	210.482	0.7693112	6.074655	1.010318	0.712613	0.287387	3.26599
43038	-1233.955	-1444.563	210.6073	0.6884653	6.428045	1.202124	0.712613	0.287387	3.084962
43044	-1234.481	-1445.237	210.7566	0.4922301	6.428045	1.202124	0.706597	0.293403	3.112983
43050	-1235.105	-1445.935	210.8299	0.6290244	6.428045	0.9784148	0.698811	0.301189	3.112983
43056	-1250.79	-1461.969	211.1787	0.7233638	6.428045	0.9784148	0.755597	0.244403	2.84666
43062	-1234.431	-1445.623	211.1925	0.8443126	5.898841	1.583222	0.766588	0.233412	2.528789
43068	-1235.057	-1446.748	211.6905	0.7306009	5.192458	1.276078	0.726779	0.273221	2.548948
43074	-1228.307	-1439.026	210.7191	0.6737406	5.61784	2.318734	0.701046	0.298954	2.696105
43080	-1237.522	-1448.157	210.6353	0.7036136	4.479873	1.340787	0.745195	0.254805	3.29483
43086	-1236.156	-1446.732	210.5767	0.6194663	4.92242	1.356201	0.712665	0.287335	3.294768
43092	-1232.704	-1443.874	211.1694	0.7571955	4.644781	2.065701	0.702736	0.297264	2.617333
43098	-1249.54	-1461.273	211.7334	0.9827499	3.356936	2.26864	0.711269	0.288731	2.325693
43104	-1247.929	-1458.446	210.5167	0.6333109	5.994802	1.420579	0.761116	0.238884	3.126271
43110	-1244.744	-1456.065	211.3207	0.5873214	5.554824	1.642281	0.736281	0.263719	2.636722
43116	-1240.631	-1451.676	211.045	0.7996206	5.918972	1.658197	0.683523	0.316477	2.612859
43122	-1252.509	-1464.205	211.6957	1.014235	9.371714	0.7697725	0.71362	0.28638	2.127768
43128	-1246.93	-1457.75	210.8197	0.6939267	7.985493	1.38412	0.778402	0.221598	2.666247
43134	-1241.525	-1452.499	210.9736	0.7094491	8.751156	1.444348	0.697875	0.302125	2.445019
43140	-1254.913	-1465.827	210.9143	0.7625681	8.242738	1.364151	0.726119	0.273881	2.545061
43146	-1248.35	-1458.651	210.301	0.637181	8.055016	1.63415	0.789243	0.210757	2.897501
43152	-1232.523	-1443.558	211.0345	0.7458867	8.055016	0.9139663	0.727818	0.272182	2.756588
43158	-1222.637	-1432.992	210.3542	0.8265266	6.8208	1.053915	0.699735	0.300265	3.182047
43164	-1229.687	-1440.656	210.9684	0.78273	7.932464	1.346865	0.759669	0.240331	2.543777
43170	-1244.86	-1455.809	210.949	0.6471271	7.932464	1.552224	0.763854	0.236146	2.543777
43176	-1246.616	-1458.062	211.4458	0.8414276	5.194992	1.398811	0.788181	0.211819	2.570545
43182	-1239.266	-1450.299	211.0332	0.7619106	5.411361	2.052975	0.756304	0.243696	2.570545
43188	-1245.877	-1456.928	211.0509	0.7253063	7.065885	1.049635	0.765484	0.234516	2.795391
43194	-1233.728	-1445.236	211.5074	0.6721905	6.795799	1.31946	0.802391	0.197609	2.434443
43200	-1251.8	-1463.039	211.239	0.6578293	6.111692	1.244665	0.763243	0.236757	2.744524
43206	-1253.66	-1464.751	211.0916	0.8886912	5.663135	1.830122	0.644865	0.355135	2.498199
43212	-1260.352	-1471.172	210.8199	0.7197706	5.809931	1.264737	0.75822	0.24178	2.994922
43218	-1265.505	-1476.479	210.9737	0.7874942	4.925116	1.264737	0.763478	0.236522	3.002728
43224	-1243.048	-1453.905	210.8563	0.6649823	6.42075	1.226458	0.793162	0.206838	2.93817
43230	-1241.257	-1451.626	210.3685	0.7101746	4.704943	1.596082	0.779388	0.220612	3.295805
43236	-1245.599	-1455.773	210.1735	0.5289731	5.518343	1.824912	0.671334	0.328666	3.295805
43242	-1245.061	-1456.702	211.6411	0.7867394	6.593507	1.483192	0.715172	0.284828	2.224047
43248	-1237.064	-1447.215	210.1512	0.5914166	6.593507	1.483192	0.775212	0.224788	3.257467
43254	-1239.115	-1450.199	211.0844	0.8330802	4.867152	1.836559	0.722158	0.277842	2.667516
43260	-1242.338	-1453.181	210.843	0.7137494	4.466729	1.836559	0.738932	0.261068	2.95916
43266	-1235.58	-1445.9	210.3196	0.7506208	4.423224	2.32415	0.683716	0.316284	3.092066
43272	-1256.266	-1466.741	210.4758	0.6875929	4.16451	1.362437	0.691055	0.308945	3.446339
43278	-1261.263	-1472.666	211.4034	0.8764504	3.956249	1.406704	0.661512	0.338488	2.801953
43284	-1261.65	-1472.477	210.8265	0.7011291	4.295727	1.406704	0.661512	0.338488	3.186618
43290	-1256.054	-1467.255	211.2005	0.8085861	3.966834	1.719683	0.747097	0.252903	2.82878
43296	-1262.564	-1473.28	210.716	0.5909991	4.651796	1.479556	0.702551	0.297449	3.219885
43302	-1252.914	-1463.845	210.9309	0.736126	4.266742	1.614673	0.635715	0.364285	3.018402
43308	-1254.309	-1465.113	210.8036	0.5581565	5.422036	2.044814	0.733382	0.266618	2.837583
43314	-1263.748	-1474.538	210.7895	0.8463132	4.437998	0.7204027	0.685123	0.314877	3.491013
43320	-1267.421	-1477.949	210.5276	0.4980443	4.741914	1.587737	0.673608	0.326392	3.324122
43326	-1249.39	-1459.435	210.045	0.3992064	4.234139	1.587737	0.69185	0.30815	3.753454
43332	-1247.459	-1457.904	210.445	0.7316628	5.384211	1.587737	0.648354	0.351646	3.129119
43338	-1240.132	-1450.5	210.3678	0.6786968	5.384211	1.587737	0.647111	0.352889	3.206415
43344	-1253.013	-1463.514	210.5008	0.8307507	6.573257	1.587737	0.776403	0.223597	2.863033
43350	-1247.255	-1458.349	211.094	0.8171966	6.620512	1.284505	0.714991	0.285009	2.643399
43356	-1242.467	-1453.199	210.7318	0.7460754	4.5682	1.630239	0.676785	0.323215	3.069147
43362	-1241.818	-1453.08	211.2625	0.7581104	4.372237	1.630239	0.694326	0.305674	2.778077
43368	-1229.707	-1440.57	210.8632	0.7200512	4.388146	1.686587	0.767	0.233	3.016277
43374	-1238.385	-1449.385	210.9998	0.8443693	4.388146	1.225616	0.699285	0.300715	3.068532
43380	-1245.388	-1456.279	210.8909	0.8778239	5.362977	1.768473	0.700355	0.299645	2.70161
43386	-1252.115	-1463.647	211.5323	0.8176097	5.362977	1.768473	0.717605	0.282395	2.338918
43392	-1251.263	-1462.127	210.8643	0.8336324	6.606759	1.964081	0.717605	0.282395	2.483521
43398	-1246.925	-1458.91	211.9848	0.8506889	6.606759	1.699231	0.745198	0.254802	1.851146
43404	-1243.029	-1455.438	212.409	1.003884	5.455655	1.297383	0.77356	0.22644	1.84861
43410	-1246.773	-1458.356	211.5835	0.9409719	5.455655	1.74631	0.724432	0.275568	2.220731
43416	-1250.122	-1460.632	210.5103	0.672001	4.9649	1.952075	0.656952	0.343048	3.053347
43422	-1239.166	-1449.732	210.5651	0.8711091	4.129251	1.952075	0.623545	0.376455	3.053347
43428	-1231.966	-1441.673	209.7067	0.6911221	4.129251	2.817092	0.661248	0.338752	3.404453
43434	-1245.739	-1456.668	210.9297	0.4987107	5.721413	1.412891	0.727324	0.272676	3.003622
43440	-1232.803	-1443.463	210.66	0.615859	5.723596	1.412891	0.727324	0.272676	3.094539
43446	-1236.431	-1447.075	210.6437	0.5624673	6.946529	1.412891	0.731727	0.268273	2.966978
43452	-1254.03	-1466.028	211.9977	1.030205	7.91341	1.334279	0.796614	0.203386	1.715183
43458	-1243.315	-1454.97	211.6549	0.8731671	5.894611	1.920007	0.811258	0.188742	2.074909
43464	-1247.246	-1458.282	211.036	0.8561875	5.894611	2.061024	0.818022	0.181978	2.430381
43470	-1237.629	-1448.605	210.9763	0.653165	7.510511	1.132473	0.762158	0.237842	2.781896
43476	-1243.1	-1453.949	210.8488	0.7695456	5.989692	1.634302	0.703641	0.296359	2.751361
43482	-1250.377	-1461.774	211.3965	0.8335464	4.719468	1.271733	0.724422	0.275578	2.751361
43488	-1249.348	-1460.407	211.0591	0.5588872	4.854135	1.271733	0.739414	0.260586	3.097
43494	-1249.631	-1459.45	209.8192	0.6135175	5.128121	1.308573	0.68181	0.31819	3.728788
43500	-1242.741	-1453.893	211.1523	0.6734405	5.192994	1.180595	0.695881	0.304119	2.962673
