Iteration	Posterior	Likelihood	Prior	rate_log_sd	rate_loss	rate_neo	root_freqs[1]	root_freqs[2]	tree_length
0	-1255.24	-1465.986	210.7457	0.6098297	5.365825	0.9996462	0.663106	0.336894	3.315819
6	-1260.179	-1470.78	210.6016	0.6024661	5.96391	0.9996462	0.71204	0.28796	3.315819
12	-1250.521	-1459.406	208.8848	0.595292	5.476894	0.9996462	0.724274	0.275726	4.377861
18	-1250.889	-1460.977	210.0878	0.6855043	5.476894	1.083164	0.724197	0.275803	3.59179
24	-1267.636	-1478.382	210.7453	0.6775395	7.470249	1.535376	0.695273	0.304727	2.714249
30	-1246.808	-1456.848	210.0399	0.7953433	3.936413	1.869045	0.715809	0.284191	3.476175
36	-1243.951	-1454.556	210.6055	0.7119726	3.784975	1.905845	0.588948	0.411052	3.210205
42	-1237.56	-1448.409	210.8489	0.622698	4.424276	1.557664	0.674358	0.325642	3.129488
48	-1245.504	-1455.704	210.1994	0.4835169	4.424276	2.350878	0.719539	0.280461	3.313157
54	-1242.535	-1453.158	210.6227	0.720934	6.760915	0.8570514	0.782101	0.217899	3.214219
60	-1244.501	-1454.417	209.9162	0.7577816	4.424276	1.552411	0.660892	0.339108	3.600241
66	-1240.48	-1450.199	209.7186	0.535917	5.958425	1.552411	0.695872	0.304128	3.600241
72	-1240.256	-1450.018	209.7618	0.4927017	5.958425	1.552411	0.732035	0.267965	3.600241
78	-1227.474	-1438.294	210.8202	0.7930426	6.001148	1.040838	0.732035	0.267965	3.043584
84	-1235.163	-1446.461	211.2985	0.8142436	6.001148	2.000252	0.787382	0.212618	2.296414
90	-1233.109	-1444.493	211.3845	0.7241036	6.001148	2.000252	0.745348	0.254652	2.299064
96	-1240.41	-1450.971	210.5615	0.7492414	6.001148	2.150764	0.753776	0.246224	2.74347
102	-1244.82	-1455.456	210.6359	0.6830718	6.768134	2.213123	0.714197	0.285803	2.609236
108	-1246.911	-1458.53	211.6189	0.7842652	5.520861	1.28935	0.729261	0.270739	2.499018
114	-1247.572	-1458.588	211.0159	0.606412	5.246655	1.504679	0.788871	0.211129	2.919841
120	-1243.54	-1453.897	210.3569	0.6321545	7.119596	1.504679	0.773593	0.226407	3.033946
126	-1248.536	-1460.045	211.5095	0.6769514	4.727157	1.519082	0.714642	0.285358	2.658727
132	-1244.168	-1455.173	211.0047	0.6777833	5.204537	1.519082	0.716259	0.283741	2.884002
138	-1240.958	-1451.861	210.9028	0.6136179	5.785895	1.519082	0.760508	0.239492	2.893179
144	-1232.397	-1443.424	211.0271	0.6052939	6.493881	1.546598	0.797336	0.202664	2.708339
150	-1232.065	-1443.646	211.5806	0.6746257	4.997566	1.854107	0.744439	0.255561	2.42752
156	-1233.352	-1444.69	211.3386	0.6609519	4.997566	1.854107	0.734974	0.265026	2.587163
162	-1239.71	-1451.655	211.9454	0.622329	5.8145	1.087122	0.811468	0.188532	2.460788
168	-1232.65	-1443.758	211.1087	0.6075238	6.760746	1.179275	0.74937	0.25063	2.79902
174	-1246.678	-1457.92	211.2414	0.7928234	5.839851	1.179275	0.714265	0.285735	2.735361
180	-1239.291	-1449.705	210.4143	0.6221306	6.554294	1.393725	0.714265	0.285735	3.128679
186	-1231.104	-1441.669	210.5647	0.6462188	5.767371	1.393725	0.709092	0.290908	3.13554
192	-1234.457	-1445.088	210.6306	0.6596402	4.484255	1.486803	0.709092	0.290908	3.256512
198	-1238.972	-1449.549	210.5773	0.7660382	5.450757	1.268909	0.742306	0.257694	3.164587
204	-1234.487	-1446.517	212.0301	1.063714	3.699143	1.29558	0.663148	0.336852	2.408378
210	-1246.18	-1459.012	212.833	1.306139	3.408633	1.29558	0.713212	0.286788	1.791695
216	-1244.711	-1457.18	212.469	1.04138	3.618109	1.29558	0.713212	0.286788	2.160449
222	-1249.831	-1461.467	211.636	1.170865	4.451968	1.840665	0.706262	0.293738	2.182981
228	-1241.225	-1453.454	212.2296	1.143296	4.451968	1.787897	0.651049	0.348951	1.827922
234	-1261.606	-1472.858	211.252	0.9588067	4.814554	1.526745	0.749409	0.250591	2.624579
240	-1250.059	-1462.088	212.029	1.073548	4.689594	2.03428	0.65177	0.34823	1.861343
246	-1251.706	-1463.565	211.8593	0.9375373	4.828684	2.006531	0.773769	0.226231	2.050278
252	-1254.417	-1463.541	209.1233	0.5675001	4.781304	1.632664	0.737971	0.262029	4.071561
258	-1249.355	-1459.112	209.7573	0.7587683	3.876078	1.632664	0.751932	0.248068	3.762743
264	-1240.089	-1451.425	211.3363	0.8414733	7.290954	1.1258	0.734208	0.265792	2.474484
270	-1252.372	-1463.833	211.461	0.9384658	7.607789	1.1258	0.756207	0.243793	2.293759
276	-1236.273	-1447.954	211.6802	0.6743036	7.951149	1.117893	0.738033	0.261967	2.284437
282	-1237.546	-1448.656	211.1096	0.8513614	7.04751	1.117893	0.715578	0.284422	2.645254
288	-1236.389	-1448.623	212.2338	0.8756619	7.125559	0.8196631	0.784361	0.215639	2.10108
294	-1237.49	-1449.276	211.7862	0.8230029	8.482772	0.9036446	0.80631	0.19369	2.194061
300	-1236.093	-1447.49	211.3973	0.9103576	5.412578	1.635365	0.773892	0.226108	2.413551
306	-1239.32	-1450.537	211.2169	0.8754128	5.071395	1.635365	0.711715	0.288285	2.605512
312	-1235.925	-1447.498	211.5737	0.7390906	5.723601	1.623822	0.706302	0.293698	2.364855
318	-1241.034	-1452.13	211.0964	0.7973044	4.6175	1.621926	0.76758	0.23242	2.813165
324	-1241.905	-1452.907	211.0018	0.8938943	6.389502	1.257481	0.743193	0.256807	2.698932
330	-1254.841	-1465.708	210.8663	0.8920632	3.376199	2.195271	0.708222	0.291778	2.93735
336	-1250.606	-1461.81	211.2045	0.8947842	3.376199	2.195271	0.708222	0.291778	2.730361
342	-1258.259	-1468.494	210.235	0.8491474	3.38131	3.651759	0.708222	0.291778	2.955993
348	-1253.213	-1464.894	211.6814	0.9600898	4.203915	2.099206	0.692728	0.307272	2.241193
354	-1252.647	-1463.524	210.8766	0.817559	6.067774	1.398551	0.680559	0.319441	2.798496
360	-1244.314	-1455.913	211.5989	0.8242689	4.573087	1.398551	0.728089	0.271911	2.596741
366	-1244.438	-1455.877	211.4391	0.8895836	5.719524	1.398551	0.688514	0.311486	2.459304
372	-1232.893	-1444.65	211.7568	0.9184059	5.311953	1.398551	0.779048	0.220952	2.306752
378	-1234.901	-1446.685	211.784	0.9566681	5.487272	1.32603	0.725149	0.274851	2.272046
384	-1224.918	-1436.688	211.7702	0.9036947	6.753255	1.211349	0.747335	0.252665	2.182602
390	-1229.743	-1441.838	212.0947	0.9592005	8.010739	1.059134	0.792487	0.207513	1.851612
396	-1238.775	-1449.522	210.7476	0.6505097	8.010739	1.546028	0.777042	0.222958	2.65984
402	-1240.603	-1452.58	211.9773	0.9032075	6.0358	1.202885	0.83851	0.16149	2.159942
408	-1241.5	-1452.49	210.9898	0.6725358	7.655053	1.202885	0.813851	0.186149	2.70594
414	-1244.266	-1455.694	211.4277	0.7776441	9.381207	1.285178	0.786568	0.213432	2.122016
420	-1246.873	-1457.754	210.8809	0.7935135	7.158793	1.808499	0.735891	0.264109	2.483605
426	-1243.321	-1453.96	210.6398	0.7858296	4.789674	2.823713	0.722659	0.277341	2.664751
432	-1228.564	-1439.753	211.1892	0.7759398	4.789674	1.931209	0.731857	0.268143	2.615998
438	-1242.038	-1452.936	210.898	0.8395863	4.597244	1.931209	0.661168	0.338832	2.790466
444	-1236.279	-1447.48	211.2012	0.821049	7.616026	1.208244	0.787554	0.212446	2.484885
450	-1257.149	-1468.481	211.3312	0.8979037	3.423381	1.745103	0.65327	0.34673	2.803601
456	-1255.234	-1466.413	211.178	0.950476	3.267197	1.779569	0.714481	0.285519	2.887975
462	-1247.21	-1456.391	209.1808	0.7918164	5.507971	1.403171	0.743946	0.256054	3.892036
468	-1233.024	-1443.151	210.1271	0.6805307	5.507971	1.158596	0.741484	0.258516	3.526871
474	-1237.409	-1448.496	211.0864	0.8985671	6.006929	0.9564842	0.765777	0.234223	2.869866
480	-1245.759	-1456.592	210.833	0.9649621	7.612224	1.497315	0.747467	0.252533	2.481566
486	-1233.361	-1444.5	211.1393	0.8787961	5.331978	1.497315	0.759799	0.240201	2.668176
492	-1239.048	-1450.566	211.518	0.7275713	7.851239	1.145111	0.756517	0.243483	2.350319
498	-1235.523	-1446.937	211.4141	0.815251	7.162453	1.155345	0.815709	0.184291	2.441982
504	-1234.477	-1445.182	210.7057	0.7892856	6.998447	1.155345	0.683052	0.316948	2.914981
510	-1237.369	-1447.875	210.5061	0.7091164	6.105636	1.278175	0.757948	0.242052	3.139209
516	-1242.872	-1453.432	210.5599	0.6432315	6.153754	1.589172	0.659658	0.340342	2.997945
522	-1235.179	-1446.11	210.9316	0.710497	6.153754	1.090987	0.677861	0.322139	2.9758
528	-1240.326	-1450.701	210.3744	0.6342802	6.440566	1.090987	0.716511	0.283489	3.312881
534	-1237.573	-1448.972	211.3994	0.7565271	5.798435	1.888344	0.763587	0.236413	2.343308
540	-1238.398	-1450.845	212.4479	1.20201	7.886132	0.9071831	0.838837	0.161163	1.555387
546	-1243.336	-1455.933	212.597	1.228297	5.973656	0.9071831	0.704289	0.295711	1.725288
552	-1235.895	-1448.17	212.2749	1.228297	7.885014	0.9071831	0.784606	0.215394	1.662007
558	-1234.463	-1446.833	212.3701	1.043928	9.0225	0.9071831	0.85332	0.14668	1.577081
564	-1254.355	-1465.512	211.1569	0.7804068	4.535228	1.86093	0.729074	0.270926	2.706118
570	-1231.179	-1443.895	212.7159	1.052736	8.215652	0.9071831	0.837417	0.162583	1.418995
576	-1228.683	-1440.724	212.0417	1.031971	10.19568	0.6829735	0.78319	0.21681	1.870305
582	-1234.1	-1445.723	211.6236	0.982985	7.592366	1.101141	0.781593	0.218407	2.177004
588	-1237.95	-1449.389	211.4383	0.8811207	7.26238	1.101141	0.781593	0.218407	2.403392
594	-1241.526	-1453.009	211.4827	0.964086	6.79771	1.36883	0.780727	0.219273	2.239126
600	-1239.486	-1450.657	211.1715	0.7608684	8.180111	1.36883	0.810403	0.189597	2.389818
606	-1243.757	-1455.694	211.9369	0.8783131	7.317488	1.133688	0.814015	0.185985	2.057097
612	-1234.325	-1446.038	211.7131	0.7261313	8.453071	0.9028023	0.773849	0.226151	2.307345
618	-1243.855	-1455.173	211.3178	0.664328	8.572633	0.9028023	0.835099	0.164901	2.581187
624	-1235.596	-1447.339	211.7422	0.7843349	9.984153	0.8453001	0.839236	0.160764	2.124947
630	-1241.331	-1452.634	211.303	0.8577524	10.46734	1.180471	0.803515	0.196485	2.096864
636	-1240.146	-1451.464	211.3178	0.780711	7.885029	1.180471	0.786709	0.213291	2.419299
642	-1243.09	-1454.115	211.0251	0.7472367	8.504957	1.180471	0.786709	0.213291	2.551164
648	-1240.371	-1451.849	211.4782	0.8200632	8.504957	1.180471	0.786709	0.213291	2.218325
654	-1240.787	-1452.602	211.8152	0.8110844	6.842188	1.180471	0.798151	0.201849	2.218325
660	-1251.355	-1461.629	210.2741	0.8473986	4.669141	2.096317	0.765532	0.234468	3.090696
666	-1261.57	-1472.464	210.8943	0.6139962	6.434081	1.235026	0.716389	0.283611	2.939771
672	-1252.476	-1462.713	210.2366	0.6184434	5.773218	1.093709	0.766642	0.233358	3.494529
678	-1253.109	-1462.927	209.818	0.5056719	6.132482	1.093709	0.743859	0.256141	3.752126
684	-1242.133	-1453.071	210.9379	0.8680561	5.454451	1.441353	0.727447	0.272553	2.803774
690	-1244.652	-1456.261	211.6092	0.9474118	5.258603	1.093709	0.725117	0.274883	2.553488
696	-1242.891	-1454.117	211.2261	0.8631557	5.930453	1.797559	0.730722	0.269278	2.400994
702	-1241.732	-1452.654	210.922	0.8508776	5.885745	1.797559	0.722431	0.277569	2.60553
708	-1244.938	-1455.832	210.8939	0.7350282	7.56084	1.467226	0.707052	0.292948	2.606983
714	-1236.487	-1446.222	209.7353	0.6945731	6.497032	1.187077	0.73613	0.26387	3.59289
720	-1242.14	-1451.826	209.686	0.7085819	6.497032	1.193635	0.715574	0.284426	3.610069
726	-1249.589	-1458.947	209.3575	0.8181406	7.025923	0.9606977	0.705356	0.294644	3.797374
732	-1251.406	-1461.199	209.793	0.5858105	7.025923	1.38797	0.709166	0.290834	3.458497
738	-1236.205	-1447.096	210.8912	0.7556322	7.025923	1.38797	0.715556	0.284444	2.700827
744	-1247.443	-1458.628	211.1847	0.9230676	7.025923	1.434809	0.730164	0.269836	2.391547
750	-1251.629	-1463.658	212.0285	0.8832372	5.712275	1.20208	0.793382	0.206618	2.1917
756	-1244.96	-1455.69	210.7301	0.8177785	5.62908	2.085987	0.739352	0.260648	2.676879
762	-1250.93	-1461.958	211.028	0.7382935	5.62908	1.762682	0.713281	0.286719	2.662969
768	-1253.123	-1465.417	212.2944	1.064338	5.203863	0.8917166	0.786759	0.213241	2.183289
774	-1247.55	-1458.361	210.8108	0.8575874	7.058943	0.6198918	0.80593	0.19407	3.16063
780	-1246.376	-1456.513	210.1362	0.805793	8.502546	0.8908827	0.755987	0.244013	3.225456
786	-1242.682	-1453.357	210.675	0.8900827	6.873316	1.359769	0.755987	0.244013	2.784314
792	-1250.747	-1462.859	212.1115	0.9775548	6.143839	0.9268888	0.79037	0.20963	2.179362
798	-1250.169	-1461.624	211.4549	0.7667365	5.905444	1.184135	0.811694	0.188306	2.607507
804	-1256.288	-1466.91	210.6215	0.715056	5.700998	1.900101	0.741051	0.258949	2.861485
810	-1246.997	-1457.015	210.0184	0.7772514	6.068972	1.362714	0.712115	0.287885	3.351885
816	-1239.331	-1450.657	211.3268	0.8591504	5.136541	1.271913	0.694462	0.305538	2.705776
822	-1240.445	-1450.877	210.4322	0.7797426	5.059551	1.410356	0.762912	0.237088	3.237708
828	-1241.732	-1452.51	210.7774	0.816026	5.081723	1.511514	0.728578	0.271422	2.961353
834	-1251.932	-1462.975	211.0423	0.9735902	4.890214	1.716854	0.716244	0.283756	2.650284
840	-1236.53	-1448.673	212.1435	0.9387696	7.273635	1.233981	0.824194	0.175806	1.823666
846	-1240.765	-1452.17	211.4057	0.783996	7.364023	1.151552	0.714132	0.285868	2.442981
852	-1248.508	-1460.811	212.3037	0.8419894	5.454348	1.151552	0.74168	0.25832	2.11146
858	-1241.152	-1452.693	211.5406	1.013827	5.134349	1.014497	0.687898	0.312102	2.622959
864	-1235.225	-1446.066	210.8407	0.9754512	6.018734	0.9565844	0.717425	0.282575	2.969955
870	-1242.35	-1452.802	210.4524	0.6321852	6.043908	1.03729	0.702586	0.297414	3.352876
876	-1241.276	-1451.581	210.3049	0.7565999	8.652872	1.03729	0.713889	0.286111	3.048701
882	-1226.196	-1436.754	210.5578	0.8494073	8.101464	0.987977	0.758061	0.241939	2.931015
888	-1231.293	-1442.398	211.1045	0.8182869	8.651506	1.004486	0.765277	0.234723	2.54385
894	-1233.875	-1444.948	211.0735	0.8842831	9.613047	1.004486	0.841415	0.158585	2.419442
900	-1234.654	-1445.696	211.0418	0.8219938	7.805289	1.180193	0.81404	0.18596	2.575818
906	-1229.162	-1439.886	210.7248	0.7273889	7.805289	1.13776	0.756431	0.243569	2.851443
912	-1226.892	-1438.705	211.8135	0.9284898	7.042178	1.102501	0.760484	0.239516	2.161417
918	-1233.202	-1444.767	211.565	0.8659381	6.133793	1.102501	0.775798	0.224202	2.489051
924	-1230.988	-1441.445	210.4574	0.7734242	6.133793	1.347671	0.677376	0.322624	3.09225
930	-1231.739	-1442.7	210.9604	0.7974224	5.591125	1.347671	0.712864	0.287136	2.855758
936	-1237.179	-1447.668	210.4887	0.6094582	7.171244	1.219044	0.712864	0.287136	3.097617
942	-1225.58	-1438.13	212.5502	1.106649	7.581738	0.8882392	0.812426	0.187574	1.608868
948	-1223.563	-1434.96	211.3969	0.9770793	7.369446	0.8882392	0.783029	0.216971	2.490009
954	-1232.979	-1444.601	211.6216	1.001805	6.336599	1.040163	0.782726	0.217274	2.375304
960	-1231.431	-1443.204	211.7724	0.9143968	8.703591	0.9724288	0.787887	0.212113	2.070392
966	-1234.041	-1446.046	212.0053	0.8469004	7.67013	0.9724288	0.775113	0.224887	2.08841
972	-1250.849	-1461.564	210.7155	0.6770477	8.716411	1.559202	0.775739	0.224261	2.577617
978	-1231.048	-1442.256	211.2084	0.7291416	9.093042	1.245528	0.769696	0.230304	2.347222
984	-1243.288	-1454.423	211.1347	0.6311602	9.093042	1.298369	0.769696	0.230304	2.427936
990	-1239.913	-1451.188	211.2754	0.6726976	8.25735	1.118298	0.810285	0.189715	2.504723
996	-1240.434	-1450.699	210.2644	0.6937179	8.25735	1.113263	0.75054	0.24946	3.110311
1002	-1259.908	-1471.635	211.727	1.032167	3.932003	1.185266	0.736952	0.263048	2.624916
1008	-1268.035	-1478.071	210.0367	0.6679896	5.395912	1.110388	0.754725	0.245275	3.629178
1014	-1230.24	-1441.48	211.2402	0.9302355	9.266031	1.566701	0.787457	0.212543	2.015672
1020	-1254.513	-1466.038	211.5256	0.9492317	5.846977	1.176811	0.754843	0.245157	2.4628
1026	-1261.389	-1472.884	211.4949	0.8309613	4.551298	1.667317	0.825015	0.174985	2.540548
1032	-1235.38	-1447.843	212.4629	1.135355	8.469715	0.829288	0.857693	0.142307	1.576943
1038	-1231.013	-1442.904	211.8907	0.9979156	6.077285	1.513915	0.741301	0.258699	1.985118
1044	-1237.758	-1449.062	211.3035	0.8729221	7.719371	0.9863204	0.745363	0.254637	2.505481
1050	-1240.374	-1451.56	211.1861	0.765877	7.65559	1.13296	0.765251	0.234749	2.565529
1056	-1248.61	-1459.656	211.046	0.6707789	7.65559	1.521701	0.759072	0.240928	2.515796
1062	-1243.316	-1454.036	210.7197	0.7021714	6.647333	1.521701	0.799442	0.200558	2.826838
1068	-1258.053	-1468.97	210.9171	0.5047867	6.647333	1.521701	0.743217	0.256783	2.826838
1074	-1258.403	-1468.469	210.0662	0.4355024	4.159741	1.554798	0.650686	0.349314	3.747624
1080	-1257.628	-1466.374	208.7462	0.5635222	4.159741	1.554798	0.641434	0.358566	4.426868
1086	-1247.45	-1457.153	209.7037	0.6813065	4.211177	1.530908	0.799179	0.200821	3.815152
1092	-1238.05	-1450.147	212.0968	0.8357552	6.077425	1.375021	0.762797	0.237203	2.025767
1098	-1239.426	-1451.098	211.6712	0.6919588	7.436978	1.375021	0.757465	0.242535	2.203474
1104	-1234.437	-1445.707	211.2696	0.852774	7.436978	1.375021	0.757465	0.242535	2.357735
1110	-1238.597	-1449.7	211.1031	0.6354437	6.666107	1.375021	0.768736	0.231264	2.69852
1116	-1239.171	-1450.324	211.1529	0.8165301	7.468874	0.9328424	0.830835	0.169165	2.69852
1122	-1250.443	-1461.853	211.41	0.7270172	5.334462	1.760852	0.803911	0.196089	2.481174
1128	-1265.873	-1477.958	212.0855	0.9794524	4.064656	1.34913	0.790684	0.209316	2.319184
1134	-1245.163	-1456.17	211.0072	0.8669191	6.205513	1.142628	0.747504	0.252496	2.799348
1140	-1243.946	-1454.919	210.9734	0.8702023	7.856186	1.093048	0.7107	0.2893	2.6312
1146	-1250.286	-1461.203	210.917	0.6077317	9.112234	1.093048	0.796814	0.203186	2.687486
1152	-1245.575	-1457.154	211.5789	0.9589315	8.47615	1.093048	0.745026	0.254974	2.117573
1158	-1239.295	-1450.618	211.323	0.736765	8.840211	1.148743	0.754966	0.245034	2.350973
1164	-1242.205	-1453.683	211.4774	0.8184383	8.840211	1.148743	0.754277	0.245723	2.199661
1170	-1246.531	-1458.332	211.8011	0.9131791	7.050851	1.148743	0.787024	0.212976	2.150713
1176	-1249.184	-1460.292	211.1085	0.8599266	6.64218	1.164492	0.744862	0.255138	2.668668
1182	-1248.806	-1459.381	210.5745	0.7591568	7.044507	1.135765	0.7555	0.2445	3.01675
1188	-1255.932	-1467.198	211.266	0.5995878	7.044507	1.135765	0.798096	0.201904	2.694229
1194	-1238.483	-1450.244	211.7608	0.9261149	5.384095	1.164492	0.788152	0.211848	2.410517
1200	-1250.038	-1461.646	211.6083	0.8966917	6.676656	1.164492	0.802717	0.197283	2.328342
1206	-1262.228	-1473.859	211.6311	0.8351993	8.940844	1.164492	0.845585	0.154415	2.067711
1212	-1261.451	-1471.839	210.3883	0.708292	5.192527	2.051519	0.701232	0.298768	3.032016
1218	-1246.507	-1457.072	210.5648	0.7107478	5.192527	2.051519	0.738109	0.261891	2.924482
1224	-1248.011	-1458.437	210.4263	0.8188227	3.957601	2.220722	0.735832	0.264168	3.110539
1230	-1243.077	-1453.912	210.835	0.6319065	6.858531	1.53263	0.713457	0.286543	2.766441
1236	-1244.574	-1455.768	211.194	0.7924714	6.858531	1.972631	0.745447	0.254553	2.26247
1242	-1232.196	-1443.541	211.3453	0.6074926	5.853226	2.035746	0.685851	0.314149	2.407749
1248	-1229.577	-1440.424	210.847	0.8782268	5.853226	1.840734	0.747446	0.252554	2.62306
1254	-1240.514	-1452.398	211.8839	0.8627379	5.983932	1.169907	0.721395	0.278605	2.273143
1260	-1245.693	-1456.938	211.2451	0.8412754	5.732176	2.229697	0.721395	0.278605	2.273143
1266	-1257.042	-1468.955	211.9128	0.9386076	5.951867	1.544227	0.855195	0.144805	2.015443
1272	-1240.517	-1452.705	212.188	1.061028	7.168929	0.8570195	0.776155	0.223845	1.974376
1278	-1245.929	-1456.812	210.8824	1.005768	7.168929	2.239077	0.790022	0.209978	2.186538
1284	-1234.569	-1446.03	211.4614	0.8356502	6.377594	1.389181	0.781853	0.218147	2.38438
1290	-1220.721	-1431.526	210.8045	0.8207961	6.377594	1.353449	0.707321	0.292679	2.817787
1296	-1228.916	-1440.442	211.5261	0.8848527	6.377594	1.353449	0.724233	0.275767	2.329902
1302	-1223.329	-1433.517	210.1881	0.7637537	6.837379	1.353449	0.686857	0.313143	3.160696
1308	-1234.566	-1445.52	210.9546	0.6918288	6.837379	1.235345	0.78991	0.21009	2.801731
1314	-1235.363	-1446.236	210.8731	0.713891	5.129086	1.565022	0.75057	0.24943	2.934195
1320	-1256.63	-1467.611	210.9815	0.8763156	6.544697	1.212334	0.775377	0.224623	2.72416
1326	-1236.743	-1447.704	210.9605	0.8207041	6.705159	1.277315	0.7471	0.2529	2.715477
1332	-1256.405	-1466.264	209.8588	0.5475087	5.055484	1.53587	0.715837	0.284163	3.654922
1338	-1232.915	-1443.382	210.4672	0.6392687	5.055484	1.561564	0.769903	0.230097	3.234553
1344	-1237.521	-1447.962	210.4408	0.6923272	5.137321	1.615022	0.735976	0.264024	3.183144
1350	-1241.136	-1452.055	210.9189	0.6964876	5.137321	1.615022	0.630404	0.369596	2.894485
1356	-1242.503	-1453.553	211.0498	0.7298644	6.14387	1.090586	0.784364	0.215636	2.894485
1362	-1244.221	-1455.175	210.9543	0.8041409	6.14387	1.113411	0.709102	0.290898	2.894485
1368	-1248.967	-1459.711	210.744	0.6427504	4.477026	2.117929	0.756175	0.243825	2.959247
1374	-1237.343	-1448.719	211.3765	0.8511058	4.477026	1.268786	0.74793	0.25207	2.798803
1380	-1250.603	-1461.746	211.143	0.8867879	5.154189	1.625811	0.769751	0.230249	2.634136
1386	-1247.688	-1458.583	210.8958	0.8247976	5.154189	2.079487	0.709311	0.290689	2.64993
1392	-1241.782	-1452.993	211.2111	0.7749408	4.828382	1.680023	0.7232	0.2768	2.694688
1398	-1244.061	-1454.499	210.4383	0.7888641	5.997614	1.167484	0.683487	0.316513	3.20389
1404	-1259.388	-1469.754	210.3666	0.6486123	5.866806	1.391526	0.763019	0.236981	3.238036
1410	-1255.631	-1467.062	211.4311	1.005704	6.073195	1.214026	0.748409	0.251591	2.431758
1416	-1238.462	-1450.059	211.5974	0.9158647	6.842569	1.214026	0.762029	0.237971	2.272172
1422	-1244.933	-1455.922	210.9893	0.7986616	4.632795	2.131883	0.747642	0.252358	2.681961
1428	-1233.925	-1444.615	210.69	0.8525827	5.366616	2.131883	0.695705	0.304295	2.7061
1434	-1239.077	-1450.687	211.6106	1.081531	4.81814	2.067859	0.781386	0.218614	2.097897
1440	-1244.753	-1455.542	210.7896	0.7118988	5.543152	1.841823	0.734464	0.265536	2.807612
1446	-1252.802	-1463.32	210.5174	0.7118988	4.591594	1.29965	0.742045	0.257955	3.35899
1452	-1253.877	-1465.025	211.1482	0.7799132	6.049016	1.330376	0.737875	0.262125	2.691163
1458	-1260.515	-1471.746	211.231	0.6723469	5.203384	1.074945	0.685327	0.314673	2.972366
1464	-1248.791	-1459.404	210.6131	0.7331561	6.624587	1.543108	0.689005	0.310995	2.866387
1470	-1236.639	-1447.864	211.2249	0.6756034	8.142893	1.543108	0.769484	0.230516	2.331363
1476	-1231.595	-1442.443	210.8478	0.7133508	5.938919	1.925731	0.73541	0.26459	2.679023
1482	-1232.468	-1443.856	211.3883	0.8290022	5.938919	1.277202	0.716466	0.283534	2.555773
1488	-1239.243	-1450.66	211.4173	0.8290022	6.019479	1.864378	0.747386	0.252614	2.260514
1494	-1249.598	-1460.849	211.2509	0.9662777	4.560832	1.149935	0.732874	0.267126	2.852166
1500	-1234.771	-1446.213	211.4416	0.8371145	6.200436	1.442754	0.719939	0.280061	2.395919
1506	-1238.433	-1448.642	210.2085	0.7308219	6.200436	1.442754	0.741113	0.258887	3.212232
1512	-1244.308	-1455.602	211.2946	0.7932007	5.003766	1.266742	0.685164	0.314836	2.790898
1518	-1243.125	-1454.976	211.8505	0.9817557	5.003766	1.266742	0.685164	0.314836	2.327968
1524	-1247.675	-1458.761	211.0863	0.834738	5.951286	1.234666	0.746029	0.253971	2.758513
1530	-1245.93	-1457.367	211.437	0.8469091	6.467685	1.269002	0.762672	0.237328	2.440804
1536	-1232.143	-1443.312	211.1695	0.8708579	6.467685	1.269002	0.704724	0.295276	2.592799
1542	-1247.315	-1459.003	211.6877	0.8501634	6.294358	1.309572	0.702999	0.297001	2.2837
1548	-1236.744	-1448.449	211.7049	0.9062225	6.294358	1.16554	0.697546	0.302454	2.315284
1554	-1220.404	-1431.222	210.8179	0.7994639	5.107734	1.07402	0.684132	0.315868	3.159353
1560	-1230.366	-1440.352	209.9865	0.7465302	5.620241	1.133513	0.807261	0.192739	3.566647
1566	-1234.732	-1444.85	210.1176	0.6154763	5.620241	1.133513	0.771484	0.228516	3.566647
1572	-1235.771	-1445.593	209.8222	0.7035575	5.620241	0.9169151	0.728288	0.271712	3.809828
1578	-1230.033	-1441.593	211.5599	0.9787925	5.673102	0.9169151	0.720559	0.279441	2.606936
1584	-1232.61	-1443.401	210.7906	0.9215039	5.374582	0.9169151	0.693818	0.306182	3.154084
1590	-1225.274	-1435.934	210.6601	0.6702158	5.607725	1.257214	0.7634	0.2366	3.154084
1596	-1230.247	-1440.913	210.6653	0.6768465	4.756488	1.641357	0.702732	0.297268	3.112202
1602	-1233.286	-1443.554	210.2686	0.7613603	6.600317	1.579894	0.651129	0.348871	3.044227
1608	-1228.622	-1438.904	210.2827	0.4717946	6.600317	1.510094	0.7679	0.2321	3.23786
1614	-1231.545	-1442.595	211.0508	0.5623822	5.865031	1.346763	0.736045	0.263955	2.902104
1620	-1250.278	-1459.736	209.4586	0.6338696	5.360796	1.379372	0.744268	0.255732	3.856034
1626	-1241.805	-1453.474	211.6687	0.9486822	5.63872	1.527802	0.729062	0.270938	2.227212
1632	-1247.21	-1458.502	211.2918	0.8199195	7.869751	1.547551	0.739942	0.260058	2.227212
1638	-1253.924	-1465.087	211.1629	0.8087285	7.869751	1.276558	0.739942	0.260058	2.44919
1644	-1247.11	-1458.664	211.5541	0.85402	8.152862	1.276558	0.792027	0.207973	2.13562
1650	-1253.208	-1464.887	211.6788	0.8789555	8.152862	1.30528	0.802394	0.197606	2.021514
1656	-1253.76	-1465.678	211.9176	0.7457536	8.152862	1.272062	0.799754	0.200246	1.969348
1662	-1242.3	-1452.797	210.4966	0.7691214	6.078314	2.622023	0.737264	0.262736	2.611632
1668	-1233.697	-1444.56	210.8636	0.7552583	4.872313	1.294842	0.754254	0.245746	3.081961
1674	-1231.521	-1442.843	211.322	0.7763407	4.872313	1.541982	0.811648	0.188352	2.676875
1680	-1235.394	-1446.439	211.045	0.6713924	6.804039	1.258015	0.746148	0.253852	2.751789
1686	-1235.035	-1446.355	211.3198	0.8197635	6.75667	1.778221	0.811329	0.188671	2.255472
1692	-1223.002	-1434.618	211.6167	0.8082513	5.460191	1.358807	0.749856	0.250144	2.460096
1698	-1240.384	-1452.132	211.7478	0.8839903	5.350902	2.000492	0.772616	0.227384	2.066225
1704	-1229.109	-1440.418	211.3096	0.6395781	7.109198	0.9144571	0.768435	0.231565	2.768051
1710	-1247.249	-1458.757	211.5084	0.7881502	6.142183	1.727745	0.682063	0.317937	2.2655
1716	-1256.023	-1466.845	210.8214	0.5729723	4.240327	1.730158	0.682063	0.317937	3.139729
1722	-1239.532	-1450.523	210.9913	0.6947395	4.240327	1.463084	0.752154	0.247846	3.077421
1728	-1241.75	-1453.047	211.2969	0.7554144	4.018659	1.463084	0.752154	0.247846	2.901169
1734	-1225.847	-1436.866	211.0187	0.8585017	3.730141	1.463084	0.667166	0.332834	3.066244
1740	-1242.532	-1452.947	210.4146	0.7218926	5.651938	1.166356	0.784687	0.215313	3.308566
1746	-1239.046	-1450.348	211.302	0.7318906	5.602837	1.166356	0.741449	0.258551	2.778912
1752	-1248.146	-1458.144	209.9978	0.7501166	5.602837	1.589798	0.702441	0.297559	3.348271
1758	-1239.868	-1451.339	211.4704	0.7690142	6.21647	1.139357	0.778771	0.221229	2.575169
1764	-1236.312	-1447.753	211.4411	0.8487242	6.21647	1.139357	0.756475	0.243525	2.543814
1770	-1241.174	-1452.876	211.7025	0.6408589	6.21647	1.307671	0.756475	0.243525	2.419766
1776	-1237.323	-1449.622	212.2989	0.9876261	6.198818	1.224971	0.788322	0.211678	1.850759
1782	-1234.229	-1446.564	212.3345	1.107305	5.966032	1.24793	0.773737	0.226263	1.768362
1788	-1227.653	-1440.147	212.4939	1.054608	5.828931	1.24793	0.796517	0.203483	1.717072
1794	-1232.503	-1444.582	212.0787	1.100045	5.64872	1.430422	0.754242	0.245758	1.902621
1800	-1240.886	-1452.535	211.6483	0.8661088	6.383676	2.182562	0.738988	0.261012	1.905737
1806	-1245.058	-1456.641	211.583	0.7044861	6.383676	1.157959	0.746197	0.253803	2.510682
1812	-1266.649	-1478.642	211.9927	0.9749076	8.023693	1.211907	0.817899	0.182101	1.813702
1818	-1248.801	-1460.949	212.1476	0.938879	6.919209	1.510296	0.811784	0.188216	1.720882
1824	-1251.002	-1462.578	211.5753	0.7058238	8.546022	1.618386	0.846518	0.153482	2.001157
1830	-1243.67	-1454.872	211.202	0.6872813	7.558097	1.618386	0.796552	0.203448	2.376455
1836	-1249.056	-1460.56	211.504	0.9529282	5.450004	1.013129	0.754245	0.245755	2.631841
1842	-1253.934	-1464.854	210.9203	0.827543	5.726111	1.63599	0.774181	0.225819	2.711099
1848	-1258.253	-1469.139	210.8861	0.6227051	6.713379	1.507384	0.774319	0.225681	2.771411
1854	-1248.027	-1459.092	211.0657	0.8099578	4.192847	1.632687	0.6916	0.3084	2.899692
1860	-1255.498	-1466.291	210.793	0.9112092	3.950219	1.684599	0.6916	0.3084	3.030039
1866	-1262.309	-1472.53	210.2215	0.5519058	5.450106	1.684599	0.719054	0.280946	3.318216
1872	-1253.822	-1463.938	210.116	0.6066679	5.36875	2.389567	0.656748	0.343252	3.117935
1878	-1258.155	-1468.764	210.6097	0.7105893	5.447711	2.154296	0.708245	0.291755	2.82117
1884	-1251.728	-1462.899	211.1708	0.9859758	4.806013	1.83342	0.716348	0.283652	2.531459
1890	-1237.677	-1449.08	211.4035	0.9142695	5.024439	1.504005	0.712104	0.287896	2.531459
1896	-1241.163	-1452.464	211.3008	0.7294466	4.091596	1.7156	0.712104	0.287896	2.792112
1902	-1251.042	-1461.205	210.1626	0.6667942	5.911948	1.286722	0.762061	0.237939	3.390417
1908	-1239.286	-1450.487	211.2009	0.7862948	5.332837	1.186779	0.742617	0.257383	2.839098
1914	-1236.985	-1448.308	211.3231	0.864991	5.332837	0.9743133	0.688124	0.311876	2.839098
1920	-1254.888	-1464.934	210.0461	0.8658961	3.42442	1.530069	0.703467	0.296533	3.670513
1926	-1260.155	-1470.407	210.2522	0.703377	4.028725	1.202306	0.595613	0.404387	3.670513
1932	-1242.639	-1453.296	210.6567	0.576722	6.281302	1.730884	0.779007	0.220993	2.903806
1938	-1246.174	-1456.859	210.6858	0.550798	5.29432	1.154524	0.715654	0.284346	3.310696
1944	-1237.944	-1448.384	210.4402	0.6358478	5.995423	1.129691	0.715654	0.284346	3.313559
1950	-1243.512	-1454.779	211.2674	0.7148072	4.868179	1.524449	0.768226	0.231774	2.756492
1956	-1241.888	-1452.638	210.7499	0.6905613	7.515883	0.8165376	0.770085	0.229915	3.090373
1962	-1251.683	-1462.377	210.6932	0.6419228	8.516291	0.8165376	0.763376	0.236624	3.03985
1968	-1241.992	-1453.273	211.2807	0.6169748	8.385656	1.027624	0.762104	0.237896	2.574981
1974	-1242.407	-1452.752	210.3448	0.7785218	5.312897	1.513545	0.790046	0.209954	3.203587
1980	-1248.191	-1460.195	212.0049	0.9585203	8.385656	1.305809	0.797259	0.202741	1.714613
1986	-1250.571	-1461.454	210.8829	0.789443	6.837833	1.305809	0.770356	0.229644	2.750016
1992	-1233.798	-1444.551	210.7529	0.9629952	6.942312	2.168088	0.760998	0.239002	2.352416
1998	-1243.586	-1454.712	211.1266	0.8277354	6.783367	1.12883	0.729328	0.270672	2.678057
2004	-1252.932	-1464.35	211.4184	0.821985	6.634441	1.12883	0.580144	0.419856	2.521224
2010	-1256.234	-1465.56	209.3261	0.7393098	5.115681	1.686125	0.569857	0.430143	3.781949
2016	-1249.74	-1460.093	210.353	0.7289492	4.973785	1.513961	0.67603	0.32397	3.282832
2022	-1259.831	-1469.696	209.8643	0.6783045	4.973785	2.325614	0.68652	0.31348	3.307888
2028	-1244.214	-1455.477	211.2635	0.8203404	7.207774	0.8290078	0.739801	0.260199	2.731025
2034	-1247.677	-1458.392	210.7151	0.8366843	6.748732	0.8290078	0.78977	0.21023	3.111109
2040	-1255.772	-1466.812	211.0396	0.6795371	4.712001	1.181803	0.806072	0.193928	3.107266
2046	-1250.744	-1461.36	210.6161	0.749634	4.712001	1.43367	0.692791	0.307209	3.194952
2052	-1253.393	-1464.822	211.4288	0.9910752	3.761178	1.673341	0.7131	0.2869	2.639891
2058	-1245.027	-1456.753	211.7252	1.04817	4.935421	1.386843	0.685007	0.314993	2.31599
2064	-1246.987	-1459.213	212.226	1.102234	4.855448	1.386843	0.730471	0.269529	1.968779
2070	-1240.21	-1451.01	210.7996	0.8201744	5.753138	1.214796	0.798538	0.201462	2.98079
2076	-1239.432	-1449.875	210.4428	0.6895414	4.964233	1.214796	0.743754	0.256246	3.394109
2082	-1231.214	-1441.836	210.6226	0.8416186	5.46392	1.405575	0.6965	0.3035	3.025039
2088	-1235.426	-1447.181	211.7552	0.958426	6.113294	1.405575	0.689725	0.310275	2.148451
2094	-1239.052	-1450.18	211.1283	0.7974808	6.406195	0.9012382	0.770151	0.229849	2.884326
2100	-1250.883	-1461.226	210.3432	0.8283754	6.406195	1.632598	0.709567	0.290433	2.963578
2106	-1252.5	-1463.554	211.0542	0.7280532	6.031617	1.544424	0.683569	0.316431	2.683428
2112	-1242.97	-1454.285	211.3151	0.8171601	6.757219	1.328905	0.741899	0.258101	2.46471
2118	-1250.196	-1460.88	210.6844	0.8725071	6.757219	2.206725	0.72832	0.27168	2.46471
2124	-1253.71	-1465.369	211.6589	0.7631391	6.658877	1.275947	0.800608	0.199392	2.322624
2130	-1248.617	-1460.216	211.5992	0.8228457	6.658877	1.275947	0.800711	0.199289	2.322624
2136	-1250.256	-1461.869	211.6128	0.7787098	6.658877	1.313024	0.787937	0.212063	2.322624
2142	-1242.038	-1453.518	211.4801	0.9859353	5.840309	1.313024	0.781088	0.218912	2.396615
2148	-1248.947	-1460.86	211.913	0.8582579	4.123493	2.047363	0.767284	0.232716	2.193438
2154	-1251.884	-1462.893	211.0092	0.7707281	4.807233	2.522914	0.738205	0.261795	2.52908
2160	-1247.182	-1458.258	211.0761	0.9711128	4.708795	2.243256	0.704126	0.295874	2.469326
2166	-1247.918	-1459.393	211.4758	0.8441213	4.708795	1.777812	0.766511	0.233489	2.469326
2172	-1248.18	-1460.084	211.9033	1.082213	4.314533	1.626576	0.7372	0.2628	2.186175
2178	-1248.577	-1460.37	211.7926	1.023917	4.410062	1.626576	0.7372	0.2628	2.275816
2184	-1264.211	-1475.694	211.4833	0.786506	5.017368	1.01698	0.787165	0.212835	2.815715
2190	-1260.632	-1471.849	211.2176	0.9357185	5.069604	1.341076	0.790832	0.209168	2.702466
2196	-1240.09	-1451.878	211.7881	0.9368353	6.681463	1.054097	0.771013	0.228987	2.252315
2202	-1234.283	-1444.811	210.5286	0.660371	5.810426	1.583049	0.776929	0.223071	3.058809
2208	-1240.868	-1451.739	210.8704	0.6483555	6.095803	1.030723	0.734472	0.265528	3.092364
2214	-1242.521	-1452.536	210.0146	0.5943237	6.760451	0.9706375	0.70407	0.29593	3.573889
2220	-1239.821	-1450.817	210.9961	0.6279789	6.798981	1.380736	0.716195	0.283805	2.748042
2226	-1240.8	-1451.694	210.8943	0.8138077	6.880917	1.380736	0.717647	0.282353	2.685709
2232	-1250.984	-1462.028	211.0438	0.844041	6.880917	1.344381	0.710555	0.289445	2.592572
2238	-1249.553	-1461.43	211.8768	1.058974	6.630562	0.9358612	0.664294	0.335706	2.200249
2244	-1256.702	-1467.039	210.3378	0.581349	6.967384	0.9065478	0.744359	0.255641	3.405999
2250	-1249.669	-1460.799	211.1297	0.6813833	4.332125	1.418812	0.684026	0.315974	3.005196
2256	-1243.28	-1453.89	210.6099	0.710334	4.536264	1.896676	0.661599	0.338401	3.065921
2262	-1235.999	-1446.353	210.354	0.7222555	4.513408	2.003935	0.672962	0.327038	3.177097
2268	-1221.795	-1431.706	209.9116	0.6356614	6.286011	2.005306	0.672962	0.327038	3.211702
2274	-1232.241	-1443.088	210.8471	0.868772	7.625643	1.125678	0.725929	0.274071	2.718878
2280	-1234.06	-1445.696	211.636	0.9474381	5.501701	1.117544	0.768505	0.231495	2.48293
2286	-1237.908	-1450.182	212.2741	1.33555	7.277573	1.117544	0.733807	0.266193	1.520062
2292	-1247.163	-1459.788	212.625	1.291635	4.830268	1.117544	0.741345	0.258655	1.726326
2298	-1252.055	-1464.244	212.1891	1.173264	4.830268	1.639821	0.843147	0.156853	1.825047
2304	-1237.952	-1450.049	212.0964	1.02964	4.830268	1.33513	0.757519	0.242481	2.134313
2310	-1242.086	-1454.049	211.963	1.070195	6.023214	0.8975635	0.757519	0.242481	2.254255
2316	-1249.37	-1460.696	211.3259	1.05465	4.693161	2.135555	0.755101	0.244899	2.298569
2322	-1235.912	-1447.055	211.1428	0.8704327	6.160967	1.623428	0.71424	0.28576	2.486628
2328	-1242.11	-1453.727	211.6164	0.9227711	6.160967	1.301797	0.809885	0.190115	2.306846
2334	-1236.887	-1448.738	211.8517	0.8989723	6.335666	1.171937	0.817939	0.182061	2.215961
2340	-1236.169	-1447.516	211.3471	0.7810822	7.985821	1.578661	0.838081	0.161919	2.187885
2346	-1234.282	-1445.351	211.0686	0.7810822	7.985821	1.578661	0.742589	0.257411	2.366349
2352	-1245.35	-1456.83	211.4803	0.7444953	6.457001	1.963995	0.72076	0.27924	2.169337
2358	-1242.999	-1453.84	210.8408	0.7433355	5.372682	2.125992	0.758408	0.241592	2.681607
2364	-1240.091	-1451.577	211.4861	1.01214	4.847635	1.919414	0.749649	0.250351	2.274734
2370	-1247.716	-1459.156	211.4403	0.9632866	5.808422	1.666857	0.749314	0.250686	2.274734
2376	-1252.452	-1464.376	211.9236	1.143815	5.233837	1.356997	0.753275	0.246725	2.087494
2382	-1245.732	-1457.338	211.6061	0.9102936	5.280133	1.064024	0.764307	0.235693	2.592233
2388	-1244.508	-1456.439	211.9314	0.9102936	5.053169	1.197595	0.702346	0.297654	2.350754
2394	-1239.753	-1451.243	211.4908	0.8789048	6.055485	0.9734631	0.749631	0.250369	2.616792
2400	-1223.782	-1433.34	209.5577	0.6527741	5.800505	1.475975	0.748953	0.251047	3.680533
2406	-1233.875	-1444.968	211.0926	0.8211255	7.757286	1.475975	0.718861	0.281139	2.400778
2412	-1236.108	-1447.888	211.78	0.9947313	3.964438	2.289967	0.699732	0.300268	2.138787
2418	-1242.183	-1454.187	212.0032	0.9947313	4.950939	1.552331	0.694375	0.305625	2.087951
2424	-1238.32	-1450.325	212.0055	1.083451	4.976599	1.406215	0.696174	0.303826	2.094634
2430	-1257.873	-1469.819	211.9457	0.7194998	4.368136	1.180537	0.688852	0.311148	2.597393
2436	-1248.105	-1459.19	211.0853	0.8016377	4.368136	1.570011	0.70485	0.29515	2.885614
2442	-1240.404	-1451.964	211.5603	0.7108521	5.662533	1.771192	0.769716	0.230284	2.338612
2448	-1241.711	-1452.043	210.3321	0.780445	6.090413	1.811123	0.795932	0.204068	2.972528
2454	-1246.47	-1457.411	210.9413	0.6195914	6.090413	1.203642	0.717543	0.282457	2.972528
2460	-1248.52	-1459.124	210.6038	0.7010745	6.965108	1.673423	0.736701	0.263299	2.791432
2466	-1239.053	-1449.482	210.4292	0.6989339	4.915365	1.673423	0.71617	0.28383	3.199176
2472	-1252.756	-1464.128	211.3714	0.8775207	4.523335	1.488146	0.732082	0.267918	2.671768
2478	-1251.322	-1462.601	211.2783	0.9016554	4.1183	1.50096	0.743051	0.256949	2.786621
2484	-1222.01	-1432.627	210.6171	0.8278935	5.568733	2.151524	0.709002	0.290998	2.726919
2490	-1232.315	-1443.374	211.0582	0.8278935	5.238252	1.397951	0.717631	0.282369	2.810158
2496	-1244.514	-1455.408	210.894	0.8075408	5.932756	1.148009	0.695876	0.304124	2.94042
2502	-1255.254	-1466.533	211.2796	0.9823678	4.627649	1.535748	0.776717	0.223283	2.622902
2508	-1251.401	-1462.351	210.95	0.8704287	6.093627	1.6782	0.710091	0.289909	2.593374
2514	-1253.34	-1465.052	211.7115	0.8662954	5.210056	1.6782	0.743963	0.256037	2.257498
2520	-1236.385	-1448.434	212.0492	0.976879	5.137736	1.390688	0.659595	0.340405	2.114391
2526	-1222.445	-1434.429	211.984	1.025292	6.154799	1.055942	0.698964	0.301036	2.144998
2532	-1232.278	-1443.808	211.5302	0.9004732	6.986083	1.070598	0.702738	0.297262	2.387777
2538	-1245.289	-1456.117	210.8281	0.7558628	7.754261	1.101364	0.725241	0.274759	2.797693
2544	-1251.644	-1462.374	210.7295	0.5698575	7.818875	1.077309	0.760342	0.239658	2.975875
2550	-1249.679	-1461.498	211.8198	0.8551937	7.818875	1.077309	0.796702	0.203298	2.118045
2556	-1241.634	-1453.151	211.5168	0.8040806	9.043231	0.7978463	0.796702	0.203298	2.391739
2562	-1233.589	-1444.776	211.1869	0.9139525	6.003909	1.77454	0.726652	0.273348	2.391739
2568	-1242.348	-1453.871	211.5229	0.7039295	6.003909	1.563642	0.728664	0.271336	2.402265
2574	-1254.172	-1465.222	211.05	0.8712859	4.809473	1.535344	0.690686	0.309314	2.799182
2580	-1252.764	-1463.211	210.4468	0.5539097	4.709449	1.91233	0.624465	0.375535	3.219457
2586	-1253.987	-1464.325	210.3374	0.601153	4.709449	1.414303	0.68335	0.31665	3.45549
2592	-1249.926	-1460.019	210.0934	0.6010712	4.552979	1.596565	0.709116	0.290884	3.547195
2598	-1233.924	-1444.708	210.7842	0.6496326	4.552979	1.281475	0.729571	0.270429	3.254204
2604	-1241.291	-1452.449	211.1576	0.6478807	6.068467	1.513646	0.729571	0.270429	2.677416
2610	-1242.44	-1453.626	211.1856	0.7666487	4.691226	1.428641	0.640938	0.359062	2.849406
2616	-1239.499	-1451.343	211.844	0.9104892	4.691226	1.075324	0.706965	0.293035	2.540648
2622	-1233.701	-1443.968	210.2671	0.7009547	7.225695	1.587537	0.740233	0.259767	2.997673
2628	-1238.213	-1448.905	210.692	0.8510631	7.225695	1.557599	0.786353	0.213647	2.661218
2634	-1231.363	-1442.189	210.8259	0.7237281	9.02389	1.454479	0.717518	0.282482	2.494155
2640	-1244.969	-1456.119	211.1496	0.6960465	9.919383	0.9493516	0.850739	0.149261	2.494155
2646	-1238.504	-1449.961	211.457	0.8785744	7.405543	0.9493516	0.810403	0.189597	2.46866
2652	-1242.736	-1454.386	211.6502	0.7779775	7.116778	1.251002	0.735146	0.264854	2.268997
2658	-1246.524	-1458.357	211.8325	0.8371307	7.116778	0.9888184	0.735146	0.264854	2.268997
2664	-1259.672	-1471.92	212.2476	1.098798	3.777509	1.180232	0.68563	0.31437	2.292639
2670	-1257.492	-1468.76	211.2679	0.7767168	7.409383	1.758288	0.737439	0.262561	2.236461
2676	-1261.492	-1471.522	210.0295	0.6671522	5.004152	2.034456	0.71426	0.28574	3.306232
2682	-1255.227	-1465.438	210.2112	0.711251	4.765761	2.490056	0.683769	0.316231	3.068584
2688	-1243.217	-1454.072	210.8553	0.7620835	4.765761	1.938638	0.752103	0.247897	2.830543
2694	-1255.411	-1466.396	210.9857	0.7138557	4.251204	1.591923	0.771368	0.228632	3.011447
2700	-1255.159	-1466.131	210.9721	0.7814156	5.615692	1.466676	0.742625	0.257375	2.798742
2706	-1243.263	-1453.719	210.456	0.587097	5.504186	1.315028	0.716498	0.283502	3.311474
2712	-1237.338	-1448.58	211.2426	0.9703172	5.543938	1.273222	0.758406	0.241594	2.621839
2718	-1248.475	-1460.398	211.9227	0.9703172	6.100116	1.660336	0.802601	0.197399	1.909212
2724	-1255.732	-1467.427	211.6945	0.9245377	6.100116	1.660336	0.808228	0.191772	2.09186
2730	-1246.159	-1457.394	211.2357	0.9245377	5.939487	1.660475	0.757681	0.242319	2.411688
2736	-1249.741	-1461.758	212.0164	1.12183	4.623698	1.660475	0.748962	0.251038	2.008248
2742	-1248.197	-1458.85	210.6528	0.6959215	6.561075	1.791332	0.75432	0.24568	2.771278
2748	-1241.607	-1452.115	210.5075	0.6125513	7.329334	1.060351	0.705071	0.294929	3.150857
2754	-1224.343	-1435.084	210.7408	0.6819096	8.556733	1.060351	0.727947	0.272053	2.828033
2760	-1238.671	-1449.547	210.8767	0.608827	8.556733	1.347247	0.781777	0.218223	2.636451
2766	-1242.254	-1453.145	210.8912	0.7735722	7.788183	1.347247	0.811059	0.188941	2.614399
2772	-1250.27	-1462.356	212.0855	0.9512063	7.902052	1.347247	0.774873	0.225127	1.703146
2778	-1257.062	-1467.637	210.575	1.027097	5.442942	0.8588856	0.774873	0.225127	3.246224
2784	-1250.005	-1461.503	211.4975	0.9682311	4.51002	1.813159	0.668329	0.331671	2.400914
2790	-1255.42	-1466.335	210.9145	0.7634407	7.086764	1.796313	0.733975	0.266025	2.495726
2796	-1249.902	-1461.039	211.1365	0.681515	6.241306	1.209168	0.772756	0.227244	2.792558
2802	-1248.493	-1459.935	211.4414	0.9543009	6.241306	1.209168	0.702409	0.297591	2.435235
2808	-1245.383	-1456.601	211.218	0.9816161	6.724436	1.104253	0.625317	0.374683	2.548344
2814	-1251.354	-1463.04	211.6858	0.7959757	6.886222	1.335444	0.785402	0.214598	2.22134
2820	-1243.645	-1454.498	210.8535	0.733763	6.724436	1.354273	0.674073	0.325927	2.793167
2826	-1246.952	-1457.353	210.4015	0.6220813	9.677873	0.9803559	0.714286	0.285714	3.001141
2832	-1242.39	-1453.057	210.667	0.7743745	7.623802	0.9803559	0.758895	0.241105	2.970508
2838	-1231.702	-1442.545	210.8434	0.7081465	7.234841	1.098581	0.793405	0.206595	2.882186
2844	-1231.087	-1441.435	210.3475	0.8525103	6.527501	1.098581	0.716762	0.283238	3.18397
2850	-1227.817	-1438.876	211.0589	0.7493446	7.116114	1.495909	0.702358	0.297642	2.538814
2856	-1228.292	-1438.972	210.6794	0.8054926	4.833533	1.690794	0.675264	0.324736	2.993472
2862	-1223.173	-1434.033	210.8605	0.8054926	5.457186	1.224364	0.769556	0.230444	2.993472
2868	-1233.178	-1443.849	210.6714	0.6279746	5.457186	1.224364	0.740581	0.259419	3.212016
2874	-1234.756	-1445.167	210.4102	0.6335206	6.189011	1.224364	0.740581	0.259419	3.256058
2880	-1244.231	-1454.418	210.1877	0.5731108	6.189011	1.575687	0.693102	0.306898	3.261908
2886	-1239.19	-1449.911	210.7211	0.6330093	6.172523	1.162168	0.790919	0.209081	3.106489
2892	-1240.726	-1451.222	210.4958	0.7678502	5.928232	1.620941	0.737233	0.262767	2.980852
2898	-1231.105	-1440.918	209.8129	0.5950423	5.928232	1.763871	0.737233	0.262767	3.431273
2904	-1231.239	-1441.737	210.4982	0.6574323	6.183046	1.763871	0.725253	0.274747	2.951635
2910	-1237.889	-1449.269	211.3805	0.965283	5.788116	2.188834	0.805727	0.194273	2.110427
2916	-1234.164	-1445.832	211.6681	0.7946398	6.988293	1.236767	0.751403	0.248597	2.272
2922	-1238.99	-1449.639	210.6485	0.7438396	7.360518	1.089043	0.684636	0.315364	2.968032
2928	-1239.688	-1450.491	210.8028	0.7086194	7.110438	1.765039	0.700086	0.299914	2.608642
2934	-1243.985	-1455.442	211.4573	0.897323	7.221492	1.557797	0.700795	0.299205	2.148914
2940	-1257.301	-1469.19	211.889	0.8211917	6.699034	1.36203	0.766849	0.233151	2.085335
2946	-1254.028	-1465.636	211.608	1.067859	6.48133	1.337621	0.783442	0.216558	2.15231
2952	-1251.736	-1461.747	210.0107	0.8248989	6.397607	2.018578	0.758613	0.241387	3.020045
2958	-1250.07	-1460.178	210.1086	0.6763127	6.40088	2.018578	0.758613	0.241387	3.049934
2964	-1262.395	-1473.918	211.5232	0.9984925	5.049631	2.436337	0.735754	0.264246	2.03705
2970	-1258.143	-1469.158	211.015	1.031876	4.928115	2.436337	0.734753	0.265247	2.366464
2976	-1255.238	-1466.897	211.659	0.8503794	8.567088	1.216925	0.682379	0.317621	2.052422
2982	-1246.98	-1459.109	212.1291	1.076509	6.565254	1.234196	0.684304	0.315696	1.843214
2988	-1237.22	-1449.041	211.8214	1.076509	6.565254	1.637674	0.799425	0.200575	1.843214
2994	-1247.918	-1460.161	212.2434	0.9805936	5.613777	1.586136	0.793373	0.206627	1.799693
3000	-1233.76	-1445.169	211.4099	0.8358918	9.674885	1.444086	0.789545	0.210455	1.980375
3006	-1243.754	-1455.298	211.5435	0.9231125	6.278081	1.513894	0.724668	0.275332	2.230774
3012	-1240.826	-1451.309	210.4828	0.7065027	7.939752	1.372905	0.76149	0.23851	2.87486
3018	-1231.276	-1442.73	211.4543	0.8972429	7.735539	1.221329	0.725573	0.274427	2.254132
3024	-1227.363	-1439.523	212.1598	0.9667213	7.735539	0.7889819	0.780675	0.219325	2.032275
3030	-1225.922	-1437.803	211.8812	0.9095075	8.780285	0.7889819	0.780675	0.219325	2.125974
3036	-1235.541	-1446.733	211.1916	0.9095075	7.182267	1.493277	0.764326	0.235674	2.347238
3042	-1238.637	-1449.283	210.6463	0.8399306	6.781439	1.568935	0.764326	0.235674	2.749018
3048	-1245.7	-1455.949	210.2486	0.6494154	6.781439	1.805026	0.748265	0.251735	3.009103
3054	-1238.418	-1449.253	210.8347	0.9442603	6.282536	1.431165	0.748265	0.251735	2.700442
3060	-1231.73	-1442.563	210.8327	0.7669113	8.861872	1.431165	0.809165	0.190835	2.491417
3066	-1229.786	-1440.544	210.7587	0.7302567	8.861872	1.289289	0.815887	0.184113	2.63001
3072	-1243.988	-1455.062	211.0737	0.7583746	8.845515	0.9241984	0.750446	0.249554	2.63001
3078	-1247.811	-1459.208	211.3977	0.7896627	8.845515	0.9108922	0.806835	0.193165	2.4173
3084	-1239.179	-1450.515	211.3361	0.9132546	4.865685	1.483077	0.67165	0.32835	2.61143
3090	-1245.732	-1456.98	211.2484	1.040264	5.281443	1.390721	0.809869	0.190131	2.559051
3096	-1237.063	-1448.387	211.3242	0.7564611	6.793653	1.200581	0.759166	0.240834	2.559051
3102	-1243.548	-1453.836	210.2885	0.7615768	6.793653	1.575133	0.750832	0.249168	3.008662
3108	-1245.872	-1456.619	210.7474	0.9212774	5.281861	1.169657	0.788854	0.211146	3.04827
3114	-1237.863	-1449.206	211.3427	0.6056195	6.021296	1.776883	0.729119	0.270881	2.484099
3120	-1229.033	-1440.423	211.3903	0.6731666	6.403417	1.107975	0.798763	0.201237	2.674843
3126	-1225.708	-1436.259	210.5515	0.6432023	6.403417	1.948592	0.798763	0.201237	2.827545
3132	-1227.074	-1437.98	210.9063	0.776936	7.125048	0.9924387	0.775944	0.224056	2.878509
3138	-1239.641	-1450.985	211.3433	0.8146295	6.611096	0.9924387	0.748594	0.251406	2.65648
3144	-1234.058	-1445.115	211.0571	0.8649482	5.308694	1.431328	0.72291	0.27709	2.761081
3150	-1236.056	-1447.416	211.3609	0.9095149	5.096997	0.8550267	0.753092	0.246908	2.905203
3156	-1241.551	-1451.925	210.3738	0.7846097	5.791177	1.005108	0.719739	0.280261	3.36441
3162	-1244.794	-1454.619	209.825	0.9211123	4.634623	1.005108	0.698317	0.301683	3.786873
3168	-1247.744	-1458.411	210.6665	0.7379001	7.368514	1.685372	0.793363	0.206637	2.674135
3174	-1242.891	-1454.178	211.2867	0.9338582	5.661558	1.300917	0.770256	0.229744	2.584384
3180	-1261.319	-1472.967	211.6478	0.848566	5.660802	1.568374	0.83281	0.16719	2.282694
3186	-1247.966	-1458.78	210.8139	0.6926495	7.642968	1.32185	0.799635	0.200365	2.741679
3192	-1243.87	-1454.765	210.8949	0.8901133	8.361877	0.8833862	0.773298	0.226702	2.739087
3198	-1249.333	-1459.909	210.5759	0.7113074	8.361877	0.8833862	0.796574	0.203426	3.040134
3204	-1250.101	-1461.365	211.2642	0.778346	7.779791	0.7126774	0.769807	0.230193	2.772429
3210	-1259.235	-1470.354	211.1197	0.5248491	7.779791	1.223255	0.8125	0.1875	2.691071
3216	-1254.619	-1465.454	210.8347	0.9522142	7.779791	0.7613459	0.733016	0.266984	2.890655
3222	-1267.302	-1479.286	211.9834	1.061688	4.962884	1.831979	0.73686	0.26314	1.929586
3228	-1252.885	-1464.307	211.4217	0.9387769	6.531379	1.831979	0.775712	0.224288	2.122525
3234	-1258.131	-1467.635	209.5039	0.5430487	8.097669	0.9451453	0.690461	0.309539	3.75771
3240	-1250.889	-1460.403	209.5147	0.4515454	7.376474	1.193955	0.698713	0.301287	3.748746
3246	-1254.181	-1465.28	211.0993	0.8375223	7.376474	0.7703239	0.698713	0.301287	2.841762
3252	-1238.61	-1448.989	210.3794	0.8789971	5.734461	1.589775	0.775846	0.224154	3.025755
3258	-1245.542	-1456.554	211.0113	0.7780471	6.315817	1.418685	0.717018	0.282982	2.695189
3264	-1251.677	-1461.696	210.0184	0.7411285	5.377025	1.685688	0.681682	0.318318	3.337253
3270	-1237.876	-1447.952	210.0763	0.8367218	5.480557	1.570192	0.693849	0.306151	3.277708
3276	-1245.726	-1456.364	210.6389	0.6969645	5.480557	1.322065	0.72152	0.27848	3.138479
3282	-1244.301	-1455.189	210.8881	0.7577788	4.508876	1.210047	0.756261	0.243739	3.172392
3288	-1248.062	-1458.006	209.9441	0.6369379	4.508876	2.362989	0.754668	0.245332	3.354092
3294	-1253.151	-1464.057	210.9063	0.8918363	4.336196	2.089709	0.754668	0.245332	2.745997
3300	-1235.729	-1446.092	210.3629	0.5338961	7.085757	1.47001	0.625339	0.374661	3.108588
3306	-1241.111	-1452.128	211.0166	0.7556878	8.399101	1.078151	0.745871	0.254129	2.621044
3312	-1237.494	-1448.789	211.2953	0.7526388	8.399101	1.078151	0.788939	0.211061	2.449316
3318	-1239.379	-1449.732	210.3531	0.4657611	7.577537	1.078151	0.67379	0.32621	3.289508
3324	-1261.935	-1473.6	211.6652	1.090947	5.391396	1.072505	0.816047	0.183953	2.418966
3330	-1252.947	-1463.822	210.8752	0.7296314	7.577537	1.914831	0.557174	0.442826	2.432391
3336	-1246.249	-1456.7	210.4511	0.7481416	7.069276	1.804185	0.656976	0.343024	2.790151
3342	-1251.603	-1462.245	210.6423	0.6630412	6.924796	1.362863	0.690569	0.309431	2.933554
3348	-1253.148	-1463.918	210.7698	0.7007185	4.900899	1.780362	0.722261	0.277739	2.955184
3354	-1249.504	-1459.759	210.2551	0.580378	5.366082	1.350266	0.771412	0.228588	3.437899
3360	-1236.416	-1447.069	210.6526	0.6999391	5.117912	1.350266	0.648922	0.351078	3.172697
3366	-1250.602	-1460.196	209.5946	0.7333833	4.854055	1.197906	0.63508	0.36492	3.887121
3372	-1258.3	-1469.907	211.6069	0.7752079	6.421346	1.06632	0.69812	0.30188	2.499033
3378	-1254.209	-1465.926	211.7174	1.037365	4.476271	1.164252	0.69812	0.30188	2.529879
3384	-1244.139	-1455.509	211.3705	0.8268174	4.476271	2.210048	0.70018	0.29982	2.430194
3390	-1249.478	-1460.465	210.9863	0.8501474	4.462634	1.944558	0.749644	0.250356	2.750219
3396	-1255.838	-1466.678	210.8393	0.7517847	5.290455	1.944558	0.727363	0.272637	2.755095
3402	-1246.224	-1456.754	210.5306	0.7558183	6.145227	1.265565	0.760805	0.239195	3.09743
3408	-1245.878	-1456.174	210.2963	0.5989034	6.998314	1.242644	0.754151	0.245849	3.227742
3414	-1253.839	-1463.44	209.601	0.8215153	5.769199	1.011465	0.79448	0.20552	3.79171
3420	-1252.912	-1463.725	210.8126	0.7955706	5.769199	1.011465	0.677099	0.322901	3.097795
3426	-1250.568	-1462.423	211.8548	1.037431	6.693267	1.011465	0.728245	0.271755	2.169467
3432	-1251.157	-1462.317	211.16	0.7160538	7.575372	1.324749	0.728245	0.271755	2.520388
3438	-1249.864	-1460.917	211.0526	0.4498329	7.575372	1.039281	0.783277	0.216723	2.904293
3444	-1259.792	-1472.499	212.7069	1.224548	4.686459	1.184304	0.751849	0.248151	1.703147
3450	-1258.224	-1469.103	210.8788	0.7930303	6.176381	1.220181	0.731669	0.268331	2.884769
3456	-1251.376	-1461.89	210.5138	0.8184932	7.688435	0.7842081	0.735015	0.264985	3.157093
3462	-1250.428	-1461.845	211.4166	0.7463171	5.917322	1.414775	0.688145	0.311855	2.52452
3468	-1248.525	-1459.12	210.5953	0.5558398	7.213537	1.129444	0.688145	0.311855	3.108129
3474	-1255.491	-1465.882	210.391	0.4030219	7.520483	1.129444	0.688145	0.311855	3.282772
3480	-1248.264	-1458.71	210.4461	0.8326807	5.629516	1.129444	0.709365	0.290635	3.247616
3486	-1244.009	-1454.447	210.4374	0.5617677	5.271825	1.598671	0.693866	0.306134	3.247616
3492	-1242.333	-1453.146	210.8132	0.7380543	5.240691	1.598671	0.711613	0.288387	2.923097
3498	-1244.056	-1455.566	211.5099	1.113601	5.240691	1.242647	0.782045	0.217955	2.431764
3504	-1235.888	-1448.1	212.2121	1.152781	3.663455	1.242647	0.703777	0.296223	2.272266
3510	-1233.734	-1444.872	211.1381	0.674324	5.263281	2.487722	0.703777	0.296223	2.439894
3516	-1239.207	-1450.773	211.5652	0.8170933	5.660733	1.408468	0.754634	0.245366	2.430113
3522	-1239.753	-1451.22	211.467	0.8276158	5.660733	1.408468	0.678456	0.321544	2.485136
3528	-1239.963	-1451.262	211.2987	0.8927107	4.259812	1.408468	0.760026	0.239974	2.794057
3534	-1232.101	-1443.804	211.7034	0.7505795	7.369955	1.211886	0.706363	0.293637	2.240341
3540	-1236.54	-1448.023	211.4827	0.8203386	6.016863	1.211886	0.706363	0.293637	2.525135
3546	-1234.923	-1446.145	211.2225	0.8918026	6.061454	1.211886	0.675651	0.324349	2.635541
3552	-1234.454	-1445.531	211.0768	0.7267051	8.853714	1.211886	0.761376	0.238624	2.47598
3558	-1232.066	-1443.435	211.3694	0.7891097	8.013353	1.211886	0.78397	0.21603	2.348442
3564	-1251.047	-1462.613	211.5653	0.8041023	9.141673	1.249906	0.828923	0.171077	2.060026
3570	-1245.59	-1455.591	210.0011	0.4921312	7.45499	1.018186	0.706036	0.293964	3.528638
3576	-1244.973	-1455.219	210.2464	0.5399961	6.091734	1.018186	0.721185	0.278815	3.531613
3582	-1245.76	-1456.102	210.3423	0.8150789	4.380489	1.018186	0.742146	0.257854	3.58639
3588	-1244.492	-1455.168	210.676	0.846809	4.332156	1.20313	0.736532	0.263468	3.281232
3594	-1257.713	-1468.76	211.0475	0.6660876	6.481601	1.146294	0.717344	0.282656	2.856192
3600	-1239.125	-1450.021	210.8965	0.8042579	6.005372	1.20313	0.742416	0.257584	2.900798
3606	-1237.389	-1448.686	211.2969	0.8631144	5.742977	1.52421	0.736278	0.263722	2.502278
3612	-1254.444	-1465.931	211.4874	0.8585433	6.653695	1.142606	0.736278	0.263722	2.444613
3618	-1242.781	-1453.409	210.628	0.7985788	6.021412	1.198441	0.720259	0.279741	3.065653
3624	-1245.511	-1456.094	210.5837	0.8107705	6.021412	1.235687	0.697651	0.302349	3.065653
3630	-1243.442	-1454.436	210.9935	0.9943414	5.46343	1.305181	0.651944	0.348056	2.756737
3636	-1246.346	-1457.557	211.2108	0.7886097	4.816464	1.556244	0.725736	0.274264	2.741114
3642	-1241.471	-1452.443	210.9713	0.6500817	7.612888	1.011211	0.738647	0.261353	2.84442
3648	-1250.264	-1461.198	210.9336	0.7048404	7.433832	1.477558	0.712195	0.287805	2.612073
3654	-1240.803	-1451.237	210.4341	0.9521343	6.359452	1.18428	0.715871	0.284129	3.04964
3660	-1239.848	-1451.1	211.2517	0.7708073	9.30689	1.251104	0.765521	0.234479	2.26689
3666	-1235.57	-1446.888	211.318	0.7436958	10.40549	1.091337	0.785064	0.214936	2.220144
3672	-1238.81	-1450.235	211.4248	0.8243668	10.40549	1.091337	0.756292	0.243708	2.098186
3678	-1248.183	-1460.226	212.0426	0.8761738	6.892558	1.318447	0.785888	0.214112	1.941717
3684	-1238.705	-1450.233	211.5279	1.031484	7.129421	1.318447	0.71428	0.28572	2.14642
3690	-1239.801	-1450.848	211.0468	1.151086	7.267306	1.019567	0.714272	0.285728	2.527978
3696	-1235.018	-1445.951	210.9333	1.067954	4.648583	2.044747	0.753855	0.246145	2.577902
3702	-1236.026	-1447.463	211.4369	0.9846172	6.033185	2.044747	0.753855	0.246145	2.074395
3708	-1245.561	-1457.558	211.9972	0.9846172	6.033185	1.118356	0.744565	0.255435	2.143567
3714	-1245.464	-1456.989	211.5245	0.7335757	6.959507	1.671288	0.72361	0.27639	2.196199
3720	-1255.483	-1465.929	210.4465	0.878391	6.250013	0.961702	0.708303	0.291697	3.227069
3726	-1252.522	-1463.083	210.5613	0.6592744	7.388452	0.841314	0.694832	0.305168	3.219348
3732	-1239.46	-1450.325	210.8655	0.8647017	7.692526	0.9600081	0.790403	0.209597	2.800236
3738	-1243.548	-1454.69	211.1424	0.8666931	6.182847	1.24525	0.781342	0.218658	2.665018
3744	-1248.465	-1459.217	210.752	0.7873872	6.347655	1.204528	0.780312	0.219688	2.948748
3750	-1244.041	-1454.647	210.6056	0.6182768	6.347655	0.9639851	0.714807	0.285193	3.271963
3756	-1235.274	-1445.724	210.4507	0.6318707	6.347655	1.307481	0.654462	0.345538	3.170017
3762	-1236.866	-1447.083	210.2174	0.8541459	5.488158	1.307481	0.73574	0.26426	3.300734
3768	-1244.5	-1454.081	209.5813	0.6744747	7.899897	0.8707759	0.770279	0.229721	3.704979
3774	-1248.772	-1459.099	210.3268	0.6770652	8.055759	0.8707759	0.72668	0.27332	3.250694
3780	-1235.61	-1445.955	210.3446	0.7305717	6.006951	1.474739	0.663594	0.336406	3.144682
3786	-1238.176	-1448.95	210.7737	0.5490113	5.050173	1.474739	0.692017	0.307983	3.144682
3792	-1244.663	-1455.557	210.8939	0.8585186	6.431769	1.415518	0.795161	0.204839	2.702988
3798	-1245.937	-1456.564	210.6268	0.8633016	7.444262	0.7174385	0.771653	0.228347	3.141318
3804	-1256.038	-1464.84	208.802	0.6361889	5.653595	1.334773	0.651975	0.348025	4.206421
3810	-1243.49	-1454.092	210.602	0.8406118	4.902762	1.334773	0.760675	0.239325	3.162355
3816	-1238.911	-1449.404	210.4929	0.7322187	5.42764	1.429561	0.790879	0.209121	3.162355
3822	-1248.577	-1459.432	210.8553	1.040598	4.307841	1.815016	0.747893	0.252107	2.792162
3828	-1244.952	-1455.153	210.2009	1.021316	4.307841	1.815016	0.772413	0.227587	3.196625
3834	-1243.108	-1453.018	209.9102	0.7387604	4.308244	1.649662	0.753133	0.246867	3.596434
3840	-1238.335	-1449.118	210.783	0.7304514	4.308244	1.309452	0.601613	0.398387	3.23834
3846	-1245.101	-1455.9	210.7989	0.6681855	5.259991	1.048468	0.679688	0.320312	3.23834
3852	-1240.109	-1450.964	210.8552	0.7308232	3.771835	1.386825	0.697845	0.302155	3.264981
3858	-1234.738	-1444.468	209.7291	0.7790757	4.775056	1.198064	0.675314	0.324686	3.796592
3864	-1233.187	-1443.595	210.4073	0.8632898	5.311497	1.012918	0.703412	0.296588	3.366481
3870	-1224.202	-1435.037	210.8349	0.6936481	6.669422	1.483141	0.799365	0.200635	2.776112
3876	-1245.428	-1456.162	210.7337	0.5395171	6.669422	1.483141	0.741995	0.258005	2.930935
3882	-1242.61	-1452.784	210.1746	0.6434473	5.979099	1.483141	0.745964	0.254036	3.297191
3888	-1237.596	-1448.46	210.8643	0.6434473	5.979099	1.483141	0.767709	0.232291	2.88567
3894	-1241.129	-1452.292	211.1634	0.9651699	5.979099	1.091802	0.760766	0.239234	2.705403
3900	-1242.182	-1453.379	211.1965	0.6904934	5.493772	1.472237	0.766867	0.233133	2.733903
3906	-1247.77	-1459.13	211.3597	0.8236762	5.33445	1.472237	0.745814	0.254186	2.57712
3912	-1236.892	-1448.053	211.1612	0.6765927	6.295028	1.465051	0.741532	0.258468	2.646788
3918	-1246.475	-1457.557	211.0817	0.7244074	6.295028	1.398223	0.687663	0.312337	2.697563
3924	-1243.016	-1453.759	210.7434	0.7548487	4.736577	1.345731	0.746018	0.253982	3.152658
3930	-1242.779	-1454.307	211.5282	0.8853882	5.744276	1.398223	0.737217	0.262783	2.402127
3936	-1232.943	-1444.181	211.2388	0.6819519	4.788211	1.462453	0.752134	0.247866	2.835817
3942	-1245.29	-1456.178	210.8884	0.4784508	5.031577	1.642609	0.744063	0.255937	3.050048
3948	-1244.506	-1455.565	211.059	0.6355926	5.031577	1.642609	0.78033	0.21967	2.852778
3954	-1239.186	-1449.512	210.3258	0.4572942	5.041618	1.515133	0.769476	0.230524	3.446684
3960	-1245.235	-1455.682	210.4472	0.54787	4.124734	2.232955	0.751304	0.248696	3.221957
3966	-1231.281	-1441.905	210.6243	0.6421908	4.198462	2.08708	0.717671	0.282329	3.094259
3972	-1248.822	-1459.708	210.8859	0.9680387	5.027064	1.661877	0.720973	0.279027	2.748541
3978	-1251.749	-1462.033	210.2843	0.8845225	5.027064	2.531697	0.688463	0.311537	2.863256
3984	-1239.718	-1450.729	211.0106	0.7119113	4.7005	1.584693	0.662976	0.337024	2.917644
3990	-1235.081	-1445.95	210.8691	0.8751731	4.938851	2.092133	0.77073	0.22927	2.667835
3996	-1232.336	-1442.719	210.3826	0.6801977	7.094809	1.94292	0.707487	0.292513	2.817768
4002	-1227.144	-1437.707	210.5627	0.7664878	6.281554	1.159958	0.736987	0.263013	3.107319
4008	-1239.387	-1449.571	210.1841	0.6142552	5.926869	1.300344	0.736987	0.263013	3.399868
4014	-1238.197	-1447.712	209.5144	0.5312602	5.926869	1.254921	0.671799	0.328201	3.858356
4020	-1243.212	-1452.815	209.6037	0.4582852	6.821939	1.254921	0.741759	0.258241	3.730503
4026	-1240.885	-1451.627	210.7423	0.6484572	6.022732	1.254921	0.761559	0.238441	3.057954
4032	-1247.136	-1457.921	210.7849	0.5804989	4.707509	1.254921	0.682117	0.317883	3.28045
4038	-1240.84	-1450.7	209.8597	0.7224794	4.707509	1.370235	0.708641	0.291359	3.683005
4044	-1247.92	-1458.378	210.4585	0.5436579	6.248703	1.386237	0.708641	0.291359	3.194046
4050	-1264.591	-1475.203	210.6127	0.6792595	6.248703	1.386237	0.795494	0.204506	3.021368
4056	-1258.804	-1470.037	211.233	0.7635656	5.997378	1.386237	0.758072	0.241928	2.629403
4062	-1253.296	-1464.481	211.1854	0.6639466	8.868564	1.053821	0.707832	0.292168	2.535692
4068	-1253.661	-1464.776	211.1147	0.5869718	8.547649	0.8888899	0.76415	0.23585	2.765759
4074	-1244.257	-1455.424	211.1674	0.7213473	7.495637	0.8888899	0.7688	0.2312	2.77339
4080	-1246.246	-1456.811	210.5653	0.4865298	8.854157	1.240952	0.848532	0.151468	2.922149
4086	-1252.091	-1462.878	210.7879	0.5691015	8.854157	1.240952	0.822975	0.177025	2.736819
4092	-1252.852	-1464.652	211.7995	0.8489352	7.563826	0.9471447	0.765362	0.234638	2.251454
4098	-1237.925	-1449.423	211.4982	0.6798119	7.563826	1.164703	0.781647	0.218353	2.417618
4104	-1235.107	-1446.279	211.1724	0.6665732	10.90958	1.164703	0.726415	0.273585	2.271871
4110	-1245.525	-1457.073	211.548	0.5962108	10.74803	1.276821	0.773432	0.226568	2.025559
4116	-1249.436	-1460.307	210.8707	0.681747	5.638146	1.46993	0.724765	0.275235	2.915683
4122	-1247.145	-1458.404	211.2593	1.095199	4.930309	1.979517	0.7319	0.2681	2.328496
4128	-1247.964	-1460.267	212.3029	1.082706	5.693155	1.401053	0.7319	0.2681	1.768254
4134	-1238.914	-1449.58	210.6654	0.3330254	7.161009	1.350859	0.782162	0.217838	3.093312
4140	-1237.475	-1447.969	210.4946	0.6815036	6.046518	1.474529	0.673792	0.326208	3.079013
4146	-1240.495	-1451.018	210.5227	0.5006127	6.198552	1.144627	0.80402	0.19598	3.308185
4152	-1232.434	-1443.196	210.7627	0.6427031	5.023498	1.455173	0.772151	0.227849	3.108619
4158	-1233.102	-1443.775	210.6736	0.7697776	4.584078	1.455173	0.692794	0.307206	3.161788
4164	-1241.585	-1452.87	211.2848	0.6977974	7.340535	1.15033	0.746842	0.253158	2.575958
4170	-1253.126	-1464.29	211.1632	0.6562353	7.02283	1.526095	0.746842	0.253158	2.530383
4176	-1266.78	-1478.136	211.3554	0.6562353	8.164148	0.9642091	0.817876	0.182124	2.569163
4182	-1239.776	-1450.577	210.8019	0.7119803	5.898294	1.651553	0.687499	0.312501	2.821402
4188	-1246.927	-1458.792	211.8646	0.7041435	5.229567	1.651553	0.67477	0.32523	2.2715
4194	-1234.673	-1446.23	211.5569	0.8085704	4.229027	1.624651	0.759672	0.240328	2.596498
4200	-1241.323	-1452.001	210.6784	0.6383387	6.388497	0.9840037	0.763155	0.236845	3.199416
4206	-1236.781	-1447.56	210.7794	0.7287219	6.048874	0.9613232	0.715291	0.284709	3.146812
4212	-1249.82	-1461.415	211.5948	0.9436404	6.286409	0.9613232	0.772189	0.227811	2.485719
4218	-1239.139	-1449.472	210.3329	0.7316789	5.044556	1.050145	0.772189	0.227811	3.508326
4224	-1223.583	-1433.458	209.8745	0.7521576	4.640765	1.757191	0.688559	0.311441	3.508326
4230	-1254.995	-1466.22	211.2249	0.8586838	4.863237	1.619615	0.768347	0.231653	2.653873
4236	-1234.813	-1445.795	210.9818	0.7320158	4.863237	1.619615	0.645904	0.354096	2.879555
4242	-1243.955	-1454.915	210.9597	0.5591596	6.342347	1.155974	0.749354	0.250646	2.987607
4248	-1240.765	-1451.954	211.1892	0.7417208	6.342347	1.155974	0.72957	0.27043	2.737927
4254	-1227.63	-1438.61	210.9804	0.7069467	5.430257	1.155974	0.695324	0.304676	3.020894
4260	-1240.258	-1451.878	211.6195	0.7427232	5.52407	1.330989	0.74238	0.25762	2.502909
4266	-1238.818	-1449.918	211.1002	0.8496791	5.52407	2.060913	0.701615	0.298385	2.452766
4272	-1249.951	-1461.022	211.0715	0.8010352	5.588228	2.131222	0.701615	0.298385	2.466022
4278	-1239.173	-1450.144	210.9701	0.8526596	4.685368	2.131222	0.701615	0.298385	2.651127
4284	-1245.782	-1457.561	211.7798	0.8522756	4.632718	2.066616	0.786311	0.213689	2.173189
4290	-1245.295	-1455.454	210.1597	0.6251228	6.277885	2.096626	0.758733	0.241267	3.040155
4296	-1230.207	-1441.439	211.2319	0.8352754	4.945286	1.275064	0.688094	0.311906	2.809247
4302	-1237.979	-1448.486	210.5069	0.7249085	4.945286	1.487009	0.670737	0.329263	3.210701
4308	-1238.225	-1448.196	209.9705	0.8378041	4.69811	1.331329	0.690836	0.309164	3.571426
4314	-1229.9	-1441.256	211.3561	0.8005196	5.61116	1.237077	0.783826	0.216174	2.664704
4320	-1233.428	-1444.864	211.436	0.8744829	5.700074	1.237077	0.753031	0.246969	2.555603
4326	-1239.067	-1449.817	210.7503	0.6560132	6.177348	1.131793	0.73699	0.26301	3.091067
4332	-1232.432	-1443.225	210.7931	0.7319893	5.240613	1.450793	0.753673	0.246327	3.003398
4338	-1241.533	-1452.473	210.9406	0.6548526	6.368596	1.039156	0.818841	0.181159	3.003398
4344	-1244.811	-1456.592	211.7816	0.7729337	6.368596	1.161795	0.786937	0.213063	2.342505
4350	-1253.434	-1464.88	211.4461	0.7678686	4.031706	1.533879	0.575432	0.424568	2.768787
4356	-1252.686	-1463.838	211.1525	0.8878183	4.031706	1.533879	0.671631	0.328369	2.874309
4362	-1230.71	-1443.101	212.3915	1.110878	5.610247	1.317704	0.767875	0.232125	1.747477
4368	-1243.78	-1456.306	212.526	1.034068	5.610247	1.248011	0.828817	0.171183	1.747477
4374	-1233.811	-1446.058	212.2467	1.045046	7.160707	1.254283	0.775421	0.224579	1.681442
4380	-1234.666	-1446.732	212.0652	0.9278828	7.160707	1.254283	0.761063	0.238937	1.88892
4386	-1235.343	-1447.227	211.8847	0.7941905	6.731907	1.254283	0.7745	0.2255	2.158567
4392	-1238.193	-1449.163	210.9701	0.8445277	6.731907	1.254283	0.694641	0.305359	2.703189
4398	-1244.579	-1455.101	210.5221	0.7207333	6.731907	1.254283	0.682382	0.317618	3.049341
4404	-1255.694	-1466.219	210.5243	0.6955152	4.157939	2.420374	0.736786	0.263214	3.023579
4410	-1246.376	-1456.715	210.3388	0.7306659	4.803685	1.300274	0.745581	0.254419	3.415728
4416	-1253.704	-1463.242	209.5374	0.4768881	6.471007	1.300274	0.750213	0.249787	3.781172
4422	-1243.08	-1453.568	210.4873	0.6301649	4.803333	1.476096	0.69235	0.30765	3.307012
4428	-1258.495	-1468.001	209.506	0.588915	3.553611	1.55723	0.718948	0.281052	4.100395
4434	-1240.946	-1452.661	211.7151	0.6587827	8.197586	1.104304	0.741733	0.258267	2.250272
4440	-1243.369	-1453.493	210.1242	0.7518607	6.484793	1.510007	0.645286	0.354714	3.18127
4446	-1241.595	-1452.592	210.9966	0.7210286	5.337989	1.163355	0.678548	0.321452	3.01338
4452	-1247.846	-1457.334	209.4872	0.5734842	5.459819	1.272067	0.686825	0.313175	3.909039
4458	-1255.248	-1465.188	209.9395	0.6714981	6.206977	1.089561	0.679394	0.320606	3.577835
4464	-1248.725	-1458.9	210.1748	0.5379244	6.833992	1.162146	0.669833	0.330167	3.39722
4470	-1248.103	-1458.302	210.1986	0.5688265	7.430361	0.9738953	0.739963	0.260037	3.39722
4476	-1265.783	-1476.269	210.4857	0.4316291	7.430361	0.9738953	0.727944	0.272056	3.309175
4482	-1241.72	-1453.248	211.528	0.6627537	7.604318	1.257349	0.77131	0.22869	2.353719
4488	-1245.36	-1455.977	210.6165	0.8390232	6.512326	1.138347	0.801743	0.198257	3.011872
4494	-1240.689	-1451.884	211.1955	0.802251	6.769491	0.939438	0.807701	0.192299	2.76663
4500	-1242.636	-1453.95	211.3134	0.7585447	6.830282	1.215454	0.822155	0.177845	2.551472
4506	-1242.571	-1453.833	211.2616	0.6837682	5.823532	0.9661655	0.784706	0.215294	2.914837
4512	-1230.602	-1442.431	211.8295	0.846936	5.823532	0.9661655	0.788636	0.211364	2.465677
4518	-1237.392	-1448.292	210.8997	0.6641533	6.881902	1.024008	0.715883	0.284117	2.962719
4524	-1238.476	-1449.889	211.4134	0.6489574	6.881902	0.9242189	0.782988	0.217012	2.721995
4530	-1235.475	-1446.593	211.1178	0.71313	5.828982	1.618444	0.802742	0.197258	2.651723
4536	-1236.155	-1447.394	211.2393	0.6139918	5.446479	1.466408	0.802742	0.197258	2.764677
4542	-1221.991	-1433.087	211.096	0.6012984	7.370339	1.466408	0.74242	0.25758	2.588754
4548	-1230.48	-1441.662	211.1821	0.8157047	7.769074	1.106651	0.797229	0.202771	2.538252
4554	-1252.978	-1464.667	211.6891	0.9258281	8.08116	1.394704	0.794596	0.205404	1.944623
4560	-1232.137	-1443.019	210.8814	0.7056941	6.249209	1.584728	0.766754	0.233246	2.753882
4566	-1238.3	-1449.536	211.2366	0.7750666	6.249209	1.449897	0.761326	0.238674	2.55278
4572	-1235.553	-1447.511	211.9574	0.9503855	6.417051	1.217816	0.799061	0.200939	2.075192
4578	-1237.564	-1449.946	212.3817	0.9062309	8.241063	1.118153	0.826986	0.173014	1.617868
4584	-1230.489	-1442.068	211.5785	1.08158	6.523011	1.118153	0.806835	0.193165	2.277986
4590	-1235.753	-1446.741	210.9875	0.8591231	7.810005	1.118153	0.735673	0.264327	2.620501
4596	-1231.581	-1442.609	211.0282	0.8390126	6.619299	1.470918	0.719712	0.280288	2.580299
4602	-1234.012	-1444.335	210.3231	0.6526223	4.812643	1.470918	0.657011	0.342989	3.391003
4608	-1247.162	-1457.627	210.4655	0.8899339	4.370563	1.167478	0.681764	0.318236	3.391003
4614	-1244.478	-1454.291	209.8131	0.7003317	5.704645	1.167478	0.739376	0.260624	3.663973
4620	-1235.727	-1446.766	211.0395	0.7079249	5.774403	1.336571	0.739376	0.260624	2.83939
4626	-1235.368	-1446.368	211.0001	0.7888782	5.774403	1.950429	0.76505	0.23495	2.554013
4632	-1255.799	-1466.872	211.0723	0.8422541	10.35361	0.9627262	0.807127	0.192873	2.399668
4638	-1255.324	-1466.619	211.2955	1.102923	10.8573	0.7268073	0.678459	0.321541	2.213981
4644	-1238.857	-1450.355	211.4986	0.7386534	5.39252	1.213655	0.740224	0.259776	2.662337
4650	-1248.702	-1459.306	210.6037	0.5764458	9.608314	1.312441	0.789651	0.210349	2.730853
4656	-1252.668	-1463.694	211.0254	0.6395539	7.92348	1.312441	0.791242	0.208758	2.615473
4662	-1241.811	-1452.848	211.0366	0.7929244	5.68835	1.859198	0.792996	0.207004	2.576787
4668	-1248.521	-1459.99	211.4694	0.7952757	5.68835	0.8126307	0.743302	0.256698	2.843656
4674	-1244.756	-1455.481	210.7244	0.7304762	5.9891	1.201133	0.68558	0.31442	3.051988
4680	-1247.578	-1457.246	209.6681	0.7498744	6.3923	1.596948	0.657997	0.342003	3.426955
4686	-1250.637	-1461.955	211.318	0.9213529	6.3923	1.596948	0.712868	0.287132	2.321539
4692	-1261.485	-1472.966	211.481	0.6693018	5.228632	0.8745668	0.699513	0.300487	2.942823
4698	-1249.493	-1460.584	211.0911	0.7017236	5.228632	1.332584	0.699513	0.300487	2.899521
4704	-1258.802	-1469.738	210.9357	0.9211652	3.922539	1.47109	0.699513	0.300487	3.034645
4710	-1250.002	-1461.779	211.7772	1.193794	5.885656	1.704933	0.662493	0.337507	1.871071
4716	-1253.731	-1465.645	211.9134	1.169233	8.828894	1.833523	0.668424	0.331576	1.281653
4722	-1238.279	-1450.283	212.0037	1.168016	8.793216	1.613028	0.740386	0.259614	1.332342
4728	-1240.621	-1452.592	211.9715	1.024362	7.441366	1.660697	0.701727	0.298273	1.632654
4734	-1245.388	-1455.592	210.2037	0.8975208	5.939705	1.39204	0.649104	0.350896	3.176251
4740	-1249.248	-1459.953	210.7046	0.8430703	4.323716	1.39204	0.61399	0.38601	3.176251
4746	-1249.778	-1460.827	211.0493	0.7084558	4.323716	2.113244	0.621306	0.378694	2.764954
4752	-1252.823	-1464.806	211.9835	0.947803	5.6595	1.42825	0.787369	0.212631	2.067319
4758	-1234.161	-1446.044	211.8828	1.042644	8.213221	1.42825	0.795228	0.204772	1.695562
4764	-1231.114	-1443.195	212.0802	1.095171	6.098989	1.42825	0.814343	0.185657	1.83054
4770	-1243.021	-1454.356	211.3349	0.9863188	6.764526	1.730738	0.749517	0.250483	2.156839
4776	-1240.92	-1452.623	211.7028	1.09817	4.95308	1.730738	0.767879	0.232121	2.136486
4782	-1242.797	-1454.587	211.7896	1.099274	5.606563	1.72346	0.692049	0.307951	1.965513
4788	-1258.99	-1470.266	211.2757	1.070807	5.38949	1.342403	0.610025	0.389975	2.528922
4794	-1246.53	-1457.372	210.8413	0.7177913	4.239111	2.585004	0.718948	0.281052	2.753586
4800	-1237.732	-1448.596	210.8644	0.9325454	4.541558	1.961062	0.673785	0.326215	2.753586
4806	-1241.428	-1453.217	211.789	1.079672	4.502252	2.078967	0.690507	0.309493	2.039263
4812	-1245.069	-1456.968	211.8998	1.158716	4.571454	2.00683	0.74625	0.25375	1.926086
4818	-1247.528	-1459.131	211.6028	0.8229302	6.472605	2.146235	0.765484	0.234516	1.965333
4824	-1237.912	-1449.412	211.5006	0.9597587	5.735612	1.153429	0.701268	0.298732	2.502234
4830	-1234.253	-1445.133	210.8804	0.9452312	5.735612	1.380741	0.768619	0.231381	2.776371
4836	-1242.403	-1453.764	211.361	0.9353616	5.735612	1.112586	0.778863	0.221137	2.627187
4842	-1236.041	-1447.454	211.4132	0.8956627	5.88053	0.7587995	0.750312	0.249688	2.826862
4848	-1234.052	-1444.845	210.7923	0.7671642	5.557137	1.328408	0.767812	0.232188	2.989979
4854	-1242.291	-1451.975	209.6833	0.7467438	4.626004	2.082617	0.656794	0.343206	3.510389
4860	-1249.763	-1462.442	212.679	1.112246	4.366334	1.303101	0.740336	0.259664	1.798942
4866	-1256.87	-1469.3	212.4308	1.103511	5.618774	1.303101	0.743013	0.256987	1.731918
4872	-1240.161	-1452.262	212.1011	1.17809	4.747539	2.093718	0.792303	0.207697	1.70303
4878	-1246.541	-1458.835	212.2944	1.048355	4.452953	2.093718	0.635324	0.364676	1.720632
4884	-1243.473	-1455.075	211.6017	0.9191169	4.978404	2.093718	0.745771	0.254229	2.170333
4890	-1244.739	-1455.634	210.8947	0.9816767	6.006175	2.214084	0.745771	0.254229	2.369435
4896	-1240.827	-1451.672	210.845	0.7061493	5.952201	1.330955	0.724338	0.275662	2.93433
4902	-1242.853	-1453.506	210.653	0.5234545	7.37496	1.405869	0.745953	0.254047	2.93433
4908	-1244.643	-1455.538	210.8945	0.7564902	7.37496	0.945025	0.762176	0.237824	2.896202
4914	-1248.547	-1458.967	210.4202	0.7102242	7.37496	2.415722	0.762956	0.237044	2.581176
4920	-1229.019	-1440.277	211.2586	0.6831751	5.942562	1.583368	0.75462	0.24538	2.581176
4926	-1234.328	-1444.737	210.4085	0.7057376	5.942562	1.882242	0.71712	0.28288	2.966207
4932	-1269.893	-1479.732	209.8386	0.5228316	5.836014	1.942673	0.700717	0.299283	3.406487
4938	-1263.787	-1474.325	210.5372	0.8212954	5.836014	1.053331	0.668212	0.331788	3.212027
4944	-1239.279	-1449.625	210.3457	0.7292831	6.6291	1.498971	0.721379	0.278621	3.048333
4950	-1240.981	-1452.111	211.1303	0.8249179	5.921587	0.9908876	0.762719	0.237281	2.87916
4956	-1245.438	-1455.56	210.1217	0.6741479	5.751863	0.9908876	0.69783	0.30217	3.590136
4962	-1250.533	-1461.579	211.0462	0.7750493	7.171851	1.341324	0.787911	0.212089	2.597181
4968	-1241.797	-1453.037	211.2394	0.6804911	6.602436	1.148857	0.778208	0.221792	2.712519
4974	-1254.104	-1465.704	211.6008	0.7956881	8.503114	1.148536	0.811148	0.188852	2.17337
4980	-1254.341	-1465.63	211.2892	0.6817314	9.054337	1.163615	0.771499	0.228501	2.375366
4986	-1251.826	-1462.893	211.0672	0.7130303	9.302311	1.152947	0.8064	0.1936	2.475075
4992	-1244.339	-1454.904	210.5657	0.6055572	8.22858	1.152947	0.774937	0.225063	2.964338
4998	-1249.9	-1460.43	210.5297	0.6386911	5.612214	1.410417	0.740267	0.259733	3.176381
5004	-1255.862	-1467.103	211.2407	0.9482297	5.00397	1.754437	0.686506	0.313494	2.50772
5010	-1243.519	-1455.409	211.8898	0.8805006	5.575743	1.35036	0.747068	0.252932	2.225808
5016	-1240.047	-1451.075	211.0275	0.83077	5.90034	1.452604	0.747068	0.252932	2.697706
5022	-1241.352	-1452.333	210.9814	0.6746226	6.732237	1.59388	0.768013	0.231987	2.64055
5028	-1257.931	-1468.33	210.3993	0.6796211	7.414934	1.59388	0.754282	0.245718	2.904904
5034	-1265.235	-1476.488	211.2523	1.051081	4.890029	1.633442	0.662622	0.337378	2.50684
5040	-1266.77	-1477.201	210.4309	0.675875	5.239652	1.648671	0.625501	0.374499	3.168513
5046	-1243.493	-1453.585	210.0929	0.676304	5.72148	1.244253	0.763615	0.236385	3.474036
5052	-1252.733	-1462.693	209.9597	0.5661735	5.72148	1.244253	0.725497	0.274503	3.615668
5058	-1251.493	-1461.837	210.3438	0.6958499	6.942446	1.384557	0.67167	0.32833	3.080414
5064	-1254.44	-1465.136	210.6953	0.7142315	6.942446	0.9690727	0.774772	0.225228	3.080414
5070	-1256.522	-1467.844	211.3222	0.904609	7.895833	0.9498661	0.705312	0.294688	2.475904
5076	-1257.673	-1469.354	211.6806	0.8767476	7.895833	1.946617	0.78933	0.21067	1.751139
5082	-1249.126	-1460.812	211.6855	1.003006	5.528232	1.558176	0.7129	0.2871	2.185389
5088	-1252.887	-1464.685	211.7977	1.003006	4.868653	1.076004	0.688144	0.311856	2.479121
5094	-1254.237	-1465.578	211.3416	0.779999	8.062115	1.577412	0.739694	0.260306	2.183385
5100	-1243.269	-1453.418	210.1486	0.8654611	5.303358	1.93951	0.67938	0.32062	3.102817
5106	-1249.373	-1459.965	210.5921	0.7004302	3.608758	2.389292	0.612523	0.387477	3.102817
5112	-1265.144	-1476.525	211.3811	0.8744817	3.389365	2.16053	0.631105	0.368895	2.642923
5118	-1253.569	-1464.95	211.3811	0.8007223	4.69503	1.535833	0.629571	0.370429	2.659952
5124	-1235.272	-1445.884	210.6117	0.7183413	5.550896	1.368751	0.747617	0.252383	3.108898
5130	-1238.968	-1449.191	210.2231	0.5893718	6.548765	1.155037	0.732616	0.267384	3.379351
5136	-1239.769	-1450.24	210.4704	0.6218784	6.548765	1.353416	0.721497	0.278503	3.115071
5142	-1226.933	-1437.373	210.4406	0.5749015	4.698791	1.474923	0.664897	0.335103	3.385443
5148	-1237.604	-1448.667	211.0629	0.8052507	4.698791	1.474923	0.702498	0.297502	2.877923
5154	-1248.054	-1460.134	212.0795	0.972543	4.698791	1.474923	0.775296	0.224704	2.137145
5160	-1236.435	-1446.778	210.3432	0.7307055	4.907672	1.474923	0.716633	0.283367	3.315532
5166	-1237.48	-1449.347	211.8667	0.8460116	4.907672	1.474923	0.750462	0.249538	2.316914
5172	-1236.309	-1448.172	211.8636	0.8387207	5.161102	1.474923	0.802839	0.197161	2.278369
5178	-1236.74	-1448.189	211.4494	0.9428821	4.189862	1.359244	0.773776	0.226224	2.708569
5184	-1245.687	-1457.07	211.3824	0.7830722	4.761764	1.359244	0.643304	0.356696	2.739818
5190	-1237.316	-1448.223	210.9076	0.6702592	4.761764	1.483975	0.6382	0.3618	3.037421
5196	-1239.806	-1450.842	211.0363	0.6613825	4.918933	1.273478	0.640254	0.359746	3.037421
5202	-1253.566	-1464.457	210.8913	0.7562812	5.41341	1.225428	0.768968	0.231032	3.010856
5208	-1253.005	-1464.498	211.4927	0.948653	5.816428	1.57834	0.725601	0.274399	2.288424
5214	-1255.547	-1467.04	211.4926	0.8480731	6.134309	1.27996	0.70896	0.29104	2.447981
5220	-1264.812	-1476.37	211.5588	0.758911	5.109867	1.611358	0.702678	0.297322	2.468832
5226	-1253.918	-1466.012	212.0939	0.8862836	4.60715	1.611358	0.761569	0.238431	2.137879
5232	-1262.474	-1472.883	210.4088	0.5982757	5.798415	1.307026	0.782427	0.217573	3.292574
5238	-1258.159	-1469.178	211.019	0.8102108	4.465601	1.408731	0.720007	0.279993	2.97399
5244	-1253.085	-1463.792	210.7063	0.8285864	4.870098	1.408731	0.744113	0.255887	3.078353
5250	-1266.901	-1478.579	211.6782	0.9896629	4.576093	1.314838	0.679243	0.320757	2.48522
5256	-1255.541	-1466.413	210.871	0.661058	6.992282	1.826803	0.649117	0.350883	2.586887
5262	-1243.187	-1454.032	210.8444	0.7383458	4.879276	1.866534	0.76792	0.23208	2.858306
5268	-1255.066	-1466.361	211.2954	0.8397003	5.036694	1.866534	0.747223	0.252777	2.491183
5274	-1243.392	-1454.221	210.8285	0.6148772	8.960916	1.023332	0.776818	0.223182	2.793971
5280	-1252.077	-1462.929	210.8519	0.6510375	9.961282	1.335352	0.821393	0.178607	2.484614
5286	-1245.092	-1456.214	211.1222	0.6802839	8.345092	1.345596	0.729224	0.270776	2.464028
5292	-1246.721	-1457.75	211.0285	0.8240324	8.345092	1.345596	0.711454	0.288546	2.43259
5298	-1246.748	-1457.891	211.1434	0.7771563	9.443301	1.520592	0.762725	0.237275	2.182075
5304	-1241.742	-1453.039	211.2962	0.8384054	8.700995	1.065989	0.762725	0.237275	2.367641
5310	-1248.374	-1459.153	210.7798	0.8465195	8.980602	1.019982	0.759661	0.240339	2.68203
5316	-1249.142	-1460.413	211.2711	0.9403659	8.529896	0.5946925	0.804957	0.195043	2.68203
5322	-1235.715	-1446.484	210.769	0.7451869	7.935073	0.9634024	0.7958	0.2042	2.900633
5328	-1239.408	-1451.082	211.674	0.8282746	6.950935	0.9102666	0.77125	0.22875	2.4493
5334	-1240.959	-1452.481	211.5221	0.9240817	6.950935	1.865302	0.77125	0.22875	1.991441
5340	-1245.25	-1454.663	209.4132	0.6162415	4.014561	1.918591	0.756666	0.243334	3.909401
5346	-1250.817	-1461.652	210.8351	0.5973125	4.014561	1.918591	0.756666	0.243334	3.090393
5352	-1238.981	-1449.119	210.1376	0.5875232	3.934552	1.918591	0.647166	0.352834	3.523088
5358	-1240.268	-1450.424	210.1557	0.4860454	4.348005	1.834316	0.663848	0.336152	3.523088
5364	-1250.87	-1460.74	209.8701	0.4486115	4.043536	1.834316	0.704962	0.295038	3.767422
5370	-1257.728	-1468.188	210.4599	0.7548139	4.756355	1.480816	0.736836	0.263164	3.255623
5376	-1239.061	-1449.5	210.439	0.6529724	6.624121	1.609322	0.736836	0.263164	2.991537
5382	-1246.935	-1457.589	210.6543	0.5645234	6.046554	1.609322	0.691913	0.308087	2.995423
5388	-1248.216	-1458.051	209.8347	0.6496161	4.951283	1.609322	0.709892	0.290108	3.596515
5394	-1240.882	-1451.581	210.6994	0.8549297	4.929468	1.655887	0.709892	0.290108	2.9494
5400	-1240.103	-1451.118	211.015	0.7574005	5.2121	1.262201	0.753948	0.246052	2.9494
5406	-1240.397	-1450.916	210.5192	0.5759004	5.2121	1.490414	0.73952	0.26048	3.246334
5412	-1241.448	-1452.092	210.6444	0.7536173	5.669313	1.490414	0.702969	0.297031	2.994698
5418	-1235.097	-1445.233	210.1359	0.6498329	6.776342	1.490414	0.703109	0.296891	3.204937
5424	-1228.454	-1439.151	210.6973	0.6594748	6.024506	1.490414	0.708225	0.291775	2.966861
5430	-1238.115	-1447.748	209.633	0.6479023	4.868169	2.423923	0.720901	0.279099	3.449521
5436	-1234.016	-1445.357	211.3416	0.8533529	4.868169	1.204356	0.745951	0.254049	2.781449
5442	-1228.646	-1439.312	210.6658	0.7357135	4.647929	1.16768	0.737149	0.262851	3.314017
5448	-1240.794	-1450.836	210.0412	0.758325	5.641993	1.16768	0.737149	0.262851	3.506848
5454	-1254.38	-1465.412	211.0327	0.8733949	9.654888	1.19486	0.765861	0.234139	2.335493
5460	-1252.479	-1463.324	210.8451	0.568649	12.46658	0.6713949	0.794104	0.205896	2.736916
5466	-1254.773	-1465.896	211.1233	0.7272609	12.30242	0.6713949	0.748389	0.251611	2.480003
5472	-1255.869	-1467.508	211.6395	0.9671354	5.07757	1.283007	0.747459	0.252541	2.449129
5478	-1253.521	-1465.049	211.5283	0.7546497	5.07757	2.040317	0.726904	0.273096	2.325147
5484	-1263.741	-1475.432	211.6915	0.8993706	7.038882	0.9592301	0.746622	0.253378	2.349004
5490	-1258.537	-1470.447	211.9098	1.217631	6.679043	0.9593819	0.689759	0.310241	2.051928
5496	-1241.693	-1452.863	211.1698	0.9048881	6.679043	0.9593819	0.772884	0.227116	2.719004
5502	-1249.323	-1459.54	210.2169	0.6688385	6.475814	1.017652	0.812598	0.187402	3.42177
5508	-1240.613	-1450.947	210.3335	0.6379894	5.880384	1.017652	0.745091	0.254909	3.453697
5514	-1242.912	-1452.999	210.0869	0.8280806	4.952703	1.222182	0.683228	0.316772	3.519354
5520	-1256.622	-1466.77	210.1474	0.5578915	5.530261	1.222182	0.683228	0.316772	3.550652
5526	-1259.086	-1470.594	211.5082	0.7387939	4.594565	1.271442	0.683228	0.316772	2.763864
5532	-1250.53	-1462.012	211.4823	0.7303072	4.594565	1.313107	0.703055	0.296945	2.763864
5538	-1243.419	-1455.15	211.7304	1.004133	5.120145	1.030756	0.766017	0.233983	2.503575
5544	-1237.761	-1448.977	211.2157	0.8526369	6.82617	1.030756	0.756258	0.243742	2.659139
5550	-1239.828	-1450.791	210.9632	0.6456198	5.896306	1.030756	0.811878	0.188122	3.067366
5556	-1260.117	-1470.652	210.5354	0.5255326	7.454709	1.030756	0.811878	0.188122	3.187852
5562	-1233.507	-1444.193	210.6857	0.4864223	5.724918	0.944513	0.754707	0.245293	3.40229
5568	-1236.347	-1447.569	211.2214	0.6208089	6.026458	0.944513	0.720878	0.279122	2.960695
5574	-1245.391	-1456.261	210.8706	0.8082149	5.109736	0.944513	0.727897	0.272103	3.198973
5580	-1236.936	-1447.113	210.1765	0.6331883	5.109736	1.543616	0.727897	0.272103	3.408008
5586	-1235.211	-1446.315	211.1044	0.9414319	5.952732	1.842967	0.658833	0.341167	2.406836
5592	-1242.107	-1452.551	210.4436	0.6749083	4.118345	1.557276	0.700473	0.299527	3.395845
5598	-1239.259	-1449.619	210.3605	0.7321671	4.118345	1.557276	0.702554	0.297446	3.410943
5604	-1244.845	-1456.347	211.5019	0.7913891	4.118345	1.557276	0.702554	0.297446	2.692345
5610	-1223.82	-1435.1	211.2801	0.7518349	6.225734	1.364781	0.770102	0.229898	2.584345
5616	-1232.958	-1444.35	211.3923	0.9084798	6.225734	1.418299	0.795671	0.204329	2.390049
5622	-1240.993	-1451.673	210.6808	0.6409149	5.514977	1.65169	0.747695	0.252305	2.995627
5628	-1257.14	-1467.318	210.1783	0.6250258	6.787233	1.65169	0.596472	0.403528	3.125188
5634	-1235.279	-1446.453	211.1742	0.759694	5.581023	1.026754	0.737765	0.262235	2.921948
5640	-1233.064	-1443.862	210.798	0.8038165	5.581023	1.623017	0.745656	0.254344	2.828106
5646	-1234.949	-1446.08	211.1312	0.8817699	4.833993	1.342482	0.675994	0.324006	2.828106
5652	-1229.969	-1441.782	211.8134	0.7790206	4.507537	1.342482	0.754912	0.245088	2.531414
5658	-1240.945	-1452.401	211.4565	1.017764	4.908238	1.342482	0.769943	0.230057	2.531414
5664	-1234.867	-1446.823	211.9568	0.9789601	4.908238	1.342482	0.769943	0.230057	2.239346
5670	-1236.714	-1447.942	211.2284	0.7479901	6.097393	2.012809	0.72413	0.27587	2.363899
5676	-1243.242	-1454.356	211.1135	0.7424609	6.900602	1.363737	0.72413	0.27587	2.600155
5682	-1265.356	-1476.481	211.125	0.8823214	6.290954	1.84719	0.761448	0.238552	2.37878
5688	-1262.078	-1473.313	211.2348	0.8875438	5.692893	1.774297	0.754629	0.245371	2.426632
5694	-1229.373	-1439.917	210.5444	0.5680906	7.918994	1.563507	0.785073	0.214927	2.837492
5700	-1223.679	-1435.487	211.8086	0.7499942	6.903787	1.082809	0.787229	0.212771	2.310377
5706	-1231.8	-1442.957	211.1573	0.6361885	10.93118	1.082809	0.785388	0.214612	2.346797
5712	-1246.411	-1457.881	211.4705	0.7786299	9.551255	0.8101597	0.808312	0.191688	2.374062
5718	-1234.847	-1446.203	211.3561	0.745469	10.82766	0.773756	0.808312	0.191688	2.369437
5724	-1231.818	-1442.798	210.9797	0.7405005	7.828334	0.9702817	0.791112	0.208888	2.78376
5730	-1230.68	-1442.887	212.2077	0.8713577	7.828334	0.9702817	0.830714	0.169286	1.91812
5736	-1237.395	-1448.286	210.8902	0.6776718	7.619343	2.036401	0.757522	0.242478	2.405058
5742	-1236.887	-1447.977	211.0904	0.7016646	7.619343	1.340526	0.763806	0.236194	2.559354
5748	-1247.977	-1459.221	211.2437	0.7500683	8.004548	1.340526	0.729821	0.270179	2.386129
5754	-1251.687	-1463.247	211.5603	0.8653508	5.864759	1.340526	0.802156	0.197844	2.404335
5760	-1253.841	-1465.087	211.2459	0.6398268	5.864759	1.125858	0.707551	0.292449	2.851263
5766	-1262.556	-1473.448	210.8927	0.741922	6.194281	1.125858	0.785284	0.214716	2.955124
5772	-1244.942	-1455.755	210.8134	0.7112161	6.194281	0.963908	0.766799	0.233201	3.114876
5778	-1253.995	-1464.599	210.6035	0.652593	6.194281	0.963908	0.784415	0.215585	3.274061
5784	-1252.794	-1462.31	209.5165	0.5450775	5.457487	1.076874	0.682544	0.317456	4.007967
5790	-1249.862	-1461.447	211.5851	0.944747	5.741229	0.963908	0.74212	0.25788	2.571322
5796	-1263.164	-1473.914	210.7498	0.816295	5.947765	1.135093	0.715391	0.284609	3.026568
5802	-1254.568	-1466.026	211.4584	0.7268926	5.548996	1.345028	0.628444	0.371556	2.601917
5808	-1249.11	-1460.142	211.0314	0.6875455	5.325219	1.345028	0.628444	0.371556	2.922479
5814	-1249.898	-1461.64	211.7425	0.7412739	5.264341	1.345028	0.769215	0.230785	2.462573
5820	-1242.985	-1454.368	211.3827	0.8135954	5.264341	1.345028	0.769215	0.230785	2.641402
5826	-1256.123	-1467.887	211.7633	0.8776345	5.196145	1.076957	0.745856	0.254144	2.521275
5832	-1247.239	-1458.978	211.7388	0.7047466	6.679802	1.076957	0.765858	0.234142	2.417757
5838	-1254.745	-1466.277	211.5322	0.6918137	9.04677	1.338958	0.826117	0.173883	2.11812
5844	-1239.418	-1450.243	210.8247	0.5919003	5.314689	1.374553	0.70963	0.29037	3.091461
5850	-1255.128	-1465.872	210.7438	0.7084566	4.837898	1.692108	0.665181	0.334819	3.01175
5856	-1252.689	-1462.366	209.6775	0.687055	4.837898	1.18789	0.665181	0.334819	3.873782
5862	-1251.735	-1463.056	211.3217	0.7225394	5.826314	1.511721	0.730514	0.269486	2.567133
5868	-1248.095	-1459.653	211.5582	0.7832992	5.826314	1.20391	0.753392	0.246608	2.534452
5874	-1244.233	-1454.445	210.2118	0.5418352	5.826314	0.8526551	0.715016	0.284984	3.689171
5880	-1248.266	-1459.086	210.8205	0.6118736	6.303704	1.0668	0.738309	0.261691	3.093975
5886	-1255.087	-1465.681	210.5942	0.7556102	6.303704	1.381595	0.750268	0.249732	2.981162
5892	-1246.777	-1457.969	211.1925	0.7506481	5.937192	1.381595	0.72798	0.27202	2.673528
5898	-1249.505	-1460.556	211.0508	0.9325458	6.385573	1.105785	0.718615	0.281385	2.727771
5904	-1259.196	-1470.124	210.9289	0.9816252	7.441913	0.7195381	0.82086	0.17914	2.887963
5910	-1240.731	-1451.169	210.4381	0.5997256	6.385573	1.416528	0.713655	0.286345	3.140166
5916	-1233.698	-1444.105	210.4066	0.5875774	6.385573	1.942769	0.745876	0.254124	2.953386
5922	-1238.74	-1449.199	210.4587	0.5496795	5.671501	1.381124	0.644156	0.355844	3.275583
5928	-1239.842	-1450.223	210.3803	0.5987691	5.671501	1.795984	0.644156	0.355844	3.119639
5934	-1248.556	-1459.419	210.8635	0.7944332	6.767833	1.352028	0.760414	0.239586	2.74534
5940	-1267.492	-1478.072	210.5797	0.8305926	5.242451	1.759372	0.714697	0.285303	2.942586
5946	-1241.553	-1452.718	211.1649	0.8254984	5.021499	1.759372	0.714697	0.285303	2.625946
5952	-1244.296	-1454.873	210.5768	0.6598167	5.238862	1.472018	0.690941	0.309059	3.166298
5958	-1251.424	-1462.358	210.9346	0.6151065	5.141837	1.374878	0.727164	0.272836	3.03972
5964	-1251.79	-1462.534	210.7441	0.7700738	6.497562	1.099156	0.699665	0.300335	3.000297
5970	-1264.347	-1475.692	211.3454	0.8573843	5.45747	1.345099	0.77208	0.22792	2.605761
5976	-1232.247	-1443.431	211.1838	0.7618016	5.45747	1.345099	0.675062	0.324938	2.763742
5982	-1250.724	-1461.77	211.0465	0.9293848	4.49436	1.62702	0.710343	0.289657	2.783678
5988	-1248.185	-1458.73	210.5449	0.9294879	4.49436	1.337004	0.627999	0.372001	3.213978
5994	-1249.236	-1461.257	212.0209	0.9854572	4.8604	1.247325	0.670271	0.329729	2.253104
6000	-1248.498	-1459.779	211.2809	0.7714315	8.885422	1.247325	0.764024	0.235976	2.295858
6006	-1253.131	-1464.587	211.4568	0.8031411	5.72546	1.381123	0.783109	0.216891	2.509932
6012	-1244.331	-1455.477	211.1456	0.7304435	7.921989	0.9410031	0.787298	0.212702	2.695973
6018	-1257.495	-1469.126	211.6304	0.8129121	6.238061	0.9410031	0.707703	0.292297	2.565191
6024	-1255.58	-1466.152	210.5721	0.6880657	6.395536	1.485818	0.639164	0.360836	2.974662
6030	-1244.05	-1454.4	210.3503	0.7182644	5.899533	1.485818	0.705381	0.294619	3.159246
6036	-1236.293	-1446.852	210.5583	0.7483914	5.381352	1.347232	0.730259	0.269741	3.159246
6042	-1238.438	-1449.551	211.1131	0.7455866	5.163093	1.074285	0.725132	0.274868	3.006156
6048	-1245.628	-1455.67	210.0421	0.6343173	5.364551	1.631941	0.705099	0.294901	3.409372
6054	-1241.392	-1452.575	211.1824	0.7406908	5.785233	1.068917	0.737325	0.262675	2.872764
6060	-1240.399	-1450.997	210.5981	0.571211	7.106654	1.587583	0.721165	0.278835	2.891343
6066	-1251.229	-1462.112	210.8827	0.8080414	4.954036	1.587583	0.709899	0.290101	2.891343
6072	-1244.241	-1454.639	210.3975	0.804671	4.853317	1.587583	0.697376	0.302624	3.200846
6078	-1244.966	-1455.085	210.1195	0.7944133	5.176747	1.164314	0.697376	0.302624	3.513215
6084	-1244.605	-1454.754	210.1484	0.7944133	4.380267	1.160376	0.785114	0.214886	3.6335
6090	-1248.313	-1458.849	210.5362	0.729676	6.554359	1.688355	0.667819	0.332181	2.863578
6096	-1240.302	-1451.141	210.8396	0.7893946	6.554359	1.688355	0.655133	0.344867	2.641643
6102	-1241.007	-1451.783	210.7759	0.5753747	6.554359	1.620907	0.667532	0.332468	2.839622
6108	-1255.465	-1466.539	211.0737	0.7614775	5.398735	1.189692	0.822343	0.177657	2.919001
6114	-1246.424	-1456.407	209.9829	0.5569181	4.380267	1.819496	0.751679	0.248321	3.58191
6120	-1241.492	-1451.895	210.4036	0.726853	5.560324	2.13926	0.695479	0.304521	2.923456
6126	-1239.215	-1450.24	211.0255	0.8607587	5.560324	1.407164	0.695479	0.304521	2.75398
6132	-1243.026	-1454.173	211.1466	0.8607587	4.286093	1.646552	0.6684	0.3316	2.795936
6138	-1240.647	-1452.208	211.5605	0.893789	4.838971	1.498455	0.665529	0.334471	2.481652
6144	-1237.59	-1448.592	211.0019	0.7377088	5.397845	1.348844	0.70782	0.29218	2.896559
6150	-1243.16	-1453.254	210.0933	0.6834536	5.397845	1.355072	0.722838	0.277162	3.465126
6156	-1234.101	-1445.117	211.0152	0.6812059	5.171136	1.355072	0.75734	0.24266	2.956246
6162	-1238.021	-1448.899	210.8777	0.7114921	5.867184	1.355072	0.783145	0.216855	2.912311
6168	-1244.923	-1455.354	210.4317	0.6318087	6.459756	1.355072	0.780673	0.219327	3.14333
6174	-1239.669	-1450.806	211.1371	0.5342383	6.015353	1.355072	0.77267	0.22733	2.840737
6180	-1244.086	-1454.906	210.82	0.5178437	4.624664	1.632132	0.710405	0.289595	3.141701
6186	-1240.856	-1451.653	210.7974	0.6952364	4.321215	1.632132	0.797113	0.202887	3.105083
6192	-1239.891	-1450.994	211.1024	0.7340179	5.275631	1.677639	0.718213	0.281787	2.71113
6198	-1235.341	-1447.072	211.7312	0.8189502	5.275631	1.677639	0.750761	0.249239	2.264177
6204	-1243.563	-1453.805	210.2421	0.8189981	5.582948	2.041599	0.725472	0.274528	2.99499
6210	-1258.295	-1470.009	211.7136	0.7032738	5.364318	1.776357	0.763876	0.236124	2.292762
6216	-1251.06	-1461.537	210.4764	0.9103429	5.364318	1.802956	0.784225	0.215775	2.920285
6222	-1249.288	-1461.228	211.9395	0.9839545	4.645199	1.876561	0.742309	0.257691	2.05379
6228	-1235.661	-1447.296	211.635	0.8497027	5.582885	1.698308	0.728155	0.271845	2.245564
6234	-1241.738	-1452.879	211.1412	0.8780155	6.121701	1.8109	0.728155	0.271845	2.410811
6240	-1255.18	-1466.854	211.674	0.7530578	6.697448	1.710996	0.754693	0.245307	2.105864
6246	-1248.272	-1459.959	211.6868	0.8348063	6.918178	1.568495	0.709983	0.290017	2.076366
6252	-1239.903	-1451.726	211.8232	0.8231826	6.918178	1.661396	0.775797	0.224203	1.950533
6258	-1233.605	-1445.084	211.4795	0.840347	5.728498	1.624829	0.746109	0.253891	2.359103
6264	-1259.55	-1470.86	211.3092	0.7316075	5.317367	2.375419	0.724063	0.275937	2.321894
6270	-1250.132	-1461.033	210.901	0.7229003	6.223967	1.349461	0.708071	0.291929	2.842194
6276	-1267.939	-1478.204	210.2647	0.7599647	5.224259	1.938398	0.649997	0.350003	3.109551
6282	-1249.258	-1460.645	211.3875	0.726099	5.671401	1.292781	0.759336	0.240664	2.653032
6288	-1245.216	-1456.085	210.8686	0.8676368	5.776022	1.292781	0.741781	0.258219	2.867497
6294	-1253.31	-1464.338	211.0281	0.7375144	5.351677	1.591966	0.735045	0.264955	2.777958
6300	-1238.624	-1448.524	209.9	0.7079375	5.776022	2.029103	0.681377	0.318623	3.240132
6306	-1244.05	-1454.46	210.41	0.729743	4.17377	2.029103	0.714453	0.285547	3.194181
6312	-1251.586	-1462.829	211.2429	0.4984696	5.707658	1.893426	0.761248	0.238752	2.615301
6318	-1250.516	-1461.637	211.1211	0.7492115	5.265343	1.441878	0.719114	0.280886	2.794831
6324	-1241.569	-1451.936	210.3676	0.610678	5.590611	1.441878	0.715567	0.284433	3.27791
6330	-1257.937	-1468.163	210.2256	0.6918922	4.826028	1.744784	0.670674	0.329326	3.310804
6336	-1248.278	-1459.159	210.8813	0.6435646	4.826028	1.650818	0.830582	0.169418	2.986963
6342	-1236.967	-1447.581	210.6136	0.7274343	4.933289	1.633829	0.73095	0.26905	3.085605
6348	-1240.692	-1451.524	210.8319	0.6845202	5.012567	1.633829	0.662837	0.337163	2.967186
6354	-1236.507	-1447.187	210.6802	0.8018738	6.454594	1.262505	0.76327	0.23673	2.938767
6360	-1240.328	-1451.547	211.2194	0.8071368	6.951118	1.262505	0.76327	0.23673	2.538665
6366	-1234.281	-1445.928	211.6472	0.9094102	6.745229	1.110249	0.76327	0.23673	2.317255
6372	-1230.935	-1442.46	211.5246	0.8848815	6.112498	1.110249	0.76327	0.23673	2.501109
6378	-1243.581	-1454.992	211.411	0.599398	6.112498	1.110249	0.741024	0.258976	2.747667
6384	-1243.412	-1455.199	211.7869	0.7181613	5.737175	1.110249	0.792079	0.207921	2.498628
6390	-1255.888	-1467.496	211.6079	0.7704664	4.495376	1.800247	0.73996	0.26004	2.463879
6396	-1257.257	-1469.399	212.1413	0.9152368	5.088794	1.800247	0.795792	0.204208	1.91162
6402	-1257.949	-1470.006	212.057	0.9676194	4.121915	1.213419	0.658928	0.341072	2.404197
6408	-1245.888	-1457.384	211.4964	0.7926174	4.793349	1.468637	0.656335	0.343665	2.60642
6414	-1241.827	-1453.286	211.4591	0.8334819	5.169837	1.468637	0.793321	0.206679	2.538436
6420	-1234.471	-1446.128	211.6575	0.903603	5.266893	1.468637	0.788884	0.211116	2.353132
6426	-1236.624	-1448.155	211.5307	0.7288071	8.063259	1.468637	0.828382	0.171618	2.144906
6432	-1226.274	-1437.369	211.0954	0.7268835	6.480819	1.059965	0.7371	0.2629	2.839006
6438	-1231.828	-1443.531	211.7023	0.6589731	6.480819	1.171396	0.755891	0.244109	2.443076
6444	-1248.855	-1459.138	210.2824	0.5546487	6.166865	1.359014	0.775409	0.224591	3.315549
6450	-1232.408	-1442.938	210.5304	0.8324391	5.189039	1.654622	0.668126	0.331874	3.021614
6456	-1238.684	-1449.891	211.2074	1.038633	4.794578	1.464973	0.698225	0.301775	2.634455
6462	-1229.416	-1441.215	211.7984	0.9326176	6.212715	1.230277	0.773357	0.226643	2.214275
6468	-1228.312	-1440.244	211.9319	1.018822	7.251375	1.230277	0.790988	0.209012	1.918712
6474	-1238.988	-1449.991	211.0038	0.8631152	5.722255	1.309624	0.739929	0.260071	2.787858
6480	-1239.291	-1450.982	211.6914	0.7487877	5.429498	1.940191	0.723776	0.276224	2.201234
6486	-1236.518	-1447.612	211.0943	0.6250488	6.836107	1.940191	0.707463	0.292537	2.447442
6492	-1222.522	-1433.52	210.9982	0.6616446	6.836107	1.266113	0.749956	0.250044	2.777902
6498	-1239.537	-1450.611	211.0741	0.6675462	6.061662	1.382871	0.678981	0.321019	2.777902
6504	-1264.901	-1475.063	210.1623	0.8219475	5.331834	1.289525	0.701071	0.298929	3.384899
6510	-1239.75	-1450.408	210.6579	0.5995607	7.604817	0.9087149	0.748565	0.251435	3.127516
6516	-1241.71	-1452.745	211.0348	0.7460921	7.604817	0.9087149	0.759193	0.240807	2.812781
6522	-1247.763	-1458.426	210.6627	0.6955512	5.22901	1.214931	0.718845	0.281155	3.217835
6528	-1244.113	-1455.344	211.2314	0.7641211	5.613945	1.35974	0.731626	0.268374	2.701376
6534	-1240.041	-1450.879	210.8382	0.5278653	6.561525	1.35974	0.722488	0.277512	2.946367
6540	-1236.095	-1446.669	210.5739	0.7253675	6.561525	1.35974	0.722488	0.277512	2.986547
6546	-1238.394	-1449.374	210.9796	0.6235702	6.561525	1.35974	0.68731	0.31269	2.802851
6552	-1235.497	-1446.808	211.3112	0.7581413	6.417901	1.435169	0.791402	0.208598	2.499497
6558	-1248.888	-1461.063	212.1755	0.8502125	7.433603	1.283563	0.864774	0.135226	1.811491
6564	-1255.261	-1467.746	212.485	1.137049	6.745421	1.220964	0.830911	0.169089	1.526455
6570	-1235.95	-1447.503	211.5531	0.7795113	9.284325	1.487425	0.782139	0.217861	1.943523
6576	-1232.384	-1443.475	211.091	0.5503033	9.284325	1.29822	0.768189	0.231811	2.485853
6582	-1237.093	-1448.653	211.5601	0.7209152	7.587963	1.220964	0.779687	0.220313	2.318061
6588	-1244.103	-1455.627	211.5238	0.9439313	7.587963	0.76233	0.736213	0.263787	2.494864
6594	-1234.118	-1445.246	211.1278	0.7485463	6.284482	1.653608	0.694079	0.305921	2.541126
6600	-1229.677	-1440.032	210.355	0.7661535	6.284482	2.160572	0.741204	0.258796	2.814869
6606	-1235.526	-1446.582	211.0556	0.7228956	5.834976	2.084426	0.741204	0.258796	2.502501
6612	-1244.009	-1455.893	211.8847	0.9104254	6.571331	1.201708	0.76741	0.23259	2.135323
6618	-1245.371	-1457.149	211.7786	0.9059665	6.571331	1.249751	0.690122	0.309878	2.180485
6624	-1238.396	-1449.774	211.3782	0.5496559	6.546157	1.367196	0.746709	0.253291	2.60215
6630	-1234.347	-1445.541	211.1939	0.664117	6.546157	1.367196	0.743723	0.256277	2.645264
6636	-1240.513	-1451.795	211.2815	0.6170913	7.126211	1.103718	0.743723	0.256277	2.681482
6642	-1224.303	-1435.613	211.3092	0.609714	8.529702	1.326618	0.765809	0.234191	2.379116
6648	-1245.646	-1457.128	211.4818	0.5868412	8.529702	1.124168	0.767617	0.232383	2.394386
6654	-1242.425	-1453.78	211.3553	0.7258448	7.20021	1.294026	0.709747	0.290253	2.45541
6660	-1240.872	-1452.365	211.4931	0.7362769	7.20021	1.070942	0.790262	0.209738	2.48593
6666	-1250.448	-1461.652	211.2045	0.7436636	7.051386	1.477157	0.62911	0.37089	2.468618
6672	-1238.678	-1450.492	211.8142	0.8838803	7.051386	1.654396	0.74835	0.25165	1.899691
6678	-1246.024	-1457.86	211.8354	0.8092786	7.051386	1.491339	0.784027	0.215973	2.013115
6684	-1241.407	-1453.069	211.6619	0.7737634	7.009368	1.491339	0.722962	0.277038	2.156443
6690	-1257.23	-1468.811	211.5812	0.7755149	5.862401	1.079718	0.700145	0.299855	2.589323
6696	-1247.607	-1459.428	211.8208	1.036146	5.882088	0.7263611	0.811018	0.188982	2.514298
6702	-1250.89	-1463.419	212.5284	1.009744	4.952947	1.251592	0.711785	0.288215	1.882286
6708	-1247.274	-1460.082	212.8084	1.168696	6.119016	0.9395284	0.749807	0.250193	1.566546
6714	-1256.433	-1467.304	210.8708	0.7257257	6.119016	2.250661	0.79162	0.20838	2.516056
6720	-1242.051	-1453.829	211.7775	0.7987682	4.907148	1.471166	0.712439	0.287561	2.405333
6726	-1235.048	-1445.86	210.8111	0.6528791	5.081258	1.471166	0.722412	0.277588	3.056891
6732	-1242.428	-1453.001	210.5721	0.5619824	5.081258	1.471166	0.724095	0.275905	3.252914
6738	-1242.006	-1453.375	211.3696	0.7319114	5.081258	1.471166	0.721639	0.278361	2.670617
6744	-1249.436	-1460.708	211.2722	0.7449542	5.910453	1.619459	0.753863	0.246137	2.523493
6750	-1241.505	-1452.477	210.9722	0.8318682	5.828427	1.740595	0.753863	0.246137	2.617693
6756	-1247.34	-1457.627	210.287	0.4892522	6.3234	1.740595	0.7925	0.2075	3.167865
6762	-1249.26	-1460.923	211.6632	0.9574963	5.753954	1.351708	0.694242	0.305758	2.292195
6768	-1241.473	-1452.617	211.1447	0.719753	6.258985	1.224222	0.66739	0.33261	2.753785
6774	-1241.806	-1452.183	210.3771	0.7248657	5.688164	1.728374	0.706546	0.293454	3.069962
6780	-1266.698	-1477.514	210.8159	0.7034578	8.642513	1.453593	0.847464	0.152536	2.555036
6786	-1250.479	-1461.905	211.4266	0.6453009	10.7291	0.8304932	0.808048	0.191952	2.355139
6792	-1258.995	-1469.979	210.984	0.6270563	6.039663	1.417428	0.696158	0.303842	2.84429
6798	-1262.854	-1472.909	210.0553	0.7537224	3.945132	1.637206	0.725605	0.274395	3.57765
6804	-1259.654	-1470.198	210.5442	0.5806142	3.928556	1.672395	0.680184	0.319816	3.38258
6810	-1256.56	-1466.795	210.2348	0.6486664	6.742762	1.854085	0.730261	0.269739	3.004359
6816	-1256.441	-1466.37	209.9295	0.837111	6.263021	1.854085	0.730261	0.269739	3.138901
6822	-1257.28	-1467.471	210.1906	0.6710761	5.069436	2.411708	0.764961	0.235039	3.076665
6828	-1260.903	-1471.63	210.727	0.6885656	4.879189	1.305003	0.712831	0.287169	3.196722
6834	-1248.332	-1459.459	211.1263	0.7843115	5.642774	1.529391	0.737113	0.262887	2.6702
6840	-1264.919	-1476.016	211.0966	0.6398653	4.415955	1.500978	0.756825	0.243175	2.997246
6846	-1246.045	-1456.756	210.7112	0.790507	5.479159	1.853778	0.708848	0.291152	2.813054
6852	-1234.825	-1445.17	210.3454	0.7912221	4.601083	1.069114	0.706249	0.293751	3.530416
6858	-1239.954	-1450.554	210.6003	0.6878655	4.141469	1.6011	0.706937	0.293063	3.273374
6864	-1245.46	-1455.421	209.9613	0.7080432	4.141469	1.18813	0.706937	0.293063	3.821345
6870	-1245.898	-1457.166	211.2686	0.6796641	4.141469	1.18813	0.637797	0.362203	3.072867
6876	-1236.569	-1447.831	211.2618	0.7179227	6.018126	1.300913	0.763	0.237	2.678719
6882	-1244.552	-1455.855	211.3032	0.9236047	5.146649	1.102851	0.762656	0.237344	2.769994
6888	-1251.288	-1461.202	209.9148	0.8097769	5.146649	2.169033	0.713834	0.286166	3.221601
6894	-1266.96	-1478.286	211.3264	0.7892681	5.967316	1.597911	0.768601	0.231399	2.462609
6900	-1251.115	-1462.085	210.9702	0.5959345	5.739404	1.781945	0.707694	0.292306	2.761008
6906	-1235.919	-1446.783	210.8635	0.8340347	5.739404	1.402731	0.659965	0.340035	2.843331
6912	-1245.481	-1455.849	210.3678	0.5455524	4.916003	1.349736	0.792794	0.207206	3.46479
6918	-1249.971	-1460.62	210.6485	0.4892266	5.453119	1.349736	0.72026	0.27974	3.247012
6924	-1250.8	-1461.094	210.2935	0.7354761	5.896439	1.553457	0.762647	0.237353	3.154024
6930	-1242.402	-1452.743	210.3404	0.5726507	6.774367	1.435506	0.791209	0.208791	3.154024
6936	-1240.318	-1451.146	210.8279	0.6600589	7.940603	1.112911	0.775307	0.224693	2.827692
6942	-1232.537	-1443.272	210.7355	0.6600589	6.688195	1.468456	0.677514	0.322486	2.861114
6948	-1232.193	-1443.762	211.5691	0.7705611	4.484568	1.836536	0.677514	0.322486	2.475828
6954	-1234.087	-1445.048	210.9613	0.4913377	4.651823	1.836536	0.677514	0.322486	2.988107
6960	-1228.99	-1439.293	210.3029	0.482453	5.032946	1.836536	0.74613	0.25387	3.319458
6966	-1242.56	-1453.23	210.6696	0.6136741	7.283904	1.836536	0.801641	0.198359	2.698968
6972	-1248.83	-1459.795	210.9645	0.6481206	5.319715	2.182951	0.769349	0.230651	2.653316
6978	-1239.535	-1450.458	210.9232	0.6720741	5.38802	2.216681	0.696487	0.303513	2.641568
6984	-1264.355	-1476.165	211.8103	1.112382	5.900533	1.45936	0.67705	0.32295	2.017778
6990	-1257.358	-1470.12	212.7624	1.204215	4.239918	1.45936	0.709017	0.290983	1.616788
6996	-1250.009	-1461.496	211.4871	1.050688	4.057971	2.314315	0.697012	0.302988	2.263538
7002	-1244.911	-1456.334	211.4227	0.8251598	3.736149	1.829289	0.656571	0.343429	2.688738
7008	-1262.956	-1472.606	209.6492	0.6465665	4.530381	1.562013	0.666931	0.333069	3.796088
7014	-1245.799	-1455.265	209.4665	0.6006481	4.530381	1.562013	0.61846	0.38154	3.927416
7020	-1243.493	-1454.615	211.1227	0.9121385	4.48094	1.749487	0.72183	0.27817	2.699952
7026	-1250.332	-1461.617	211.2853	0.9243769	4.287247	1.580751	0.69217	0.30783	2.699952
7032	-1246.797	-1458.432	211.6354	0.9713364	3.156967	1.580751	0.719357	0.280643	2.705231
7038	-1243.723	-1455.45	211.7267	0.9268537	3.640326	2.001463	0.682786	0.317214	2.392425
7044	-1248.393	-1459.866	211.4729	0.9711087	4.638999	2.001463	0.785045	0.214955	2.317182
7050	-1239.782	-1451.78	211.9988	0.8907746	4.09508	1.209773	0.80691	0.19309	2.496571
7056	-1247.699	-1459.206	211.5071	0.7402042	4.855752	0.9910682	0.687973	0.312027	2.872801
7062	-1253.624	-1464.292	210.6686	0.9121216	4.855752	1.842227	0.774577	0.225423	2.872801
7068	-1244.569	-1455.632	211.0626	0.8497165	6.579585	1.008784	0.743786	0.256214	2.801147
7074	-1245.372	-1456.205	210.8326	0.6445678	5.513184	1.746096	0.682608	0.317392	2.864199
7080	-1253.201	-1463.408	210.2072	0.7748831	4.663112	1.703003	0.729689	0.270311	3.317041
7086	-1254.765	-1465.844	211.079	0.8830375	4.663112	1.703003	0.70966	0.29034	2.729591
7092	-1253.948	-1464.534	210.5855	0.5941293	4.9195	1.712299	0.710814	0.289186	3.152534
7098	-1267.228	-1477.531	210.3033	0.6734832	5.690943	1.62879	0.719951	0.280049	3.183955
7104	-1243.109	-1454.019	210.911	0.7038332	5.048597	1.344484	0.726798	0.273202	3.030572
7110	-1239.001	-1451.176	212.175	1.102023	6.693294	1.578937	0.737031	0.262969	1.584145
7116	-1235.567	-1446.734	211.1674	0.9080304	6.693294	1.886346	0.735578	0.264422	2.261948
7122	-1234.783	-1445.889	211.1056	0.970228	5.123454	1.257765	0.735578	0.264422	2.782516
7128	-1246.671	-1458.044	211.3733	1.053177	5.237849	1.307994	0.75286	0.24714	2.521575
7134	-1255.736	-1465.612	209.8756	0.5238869	5.053878	1.532763	0.75818	0.24182	3.660436
7140	-1264.578	-1475.359	210.7817	0.423201	5.053878	1.654994	0.755347	0.244653	3.137932
7146	-1266.428	-1477.675	211.2473	0.7189338	5.057662	1.654994	0.78279	0.21721	2.677377
7152	-1253.195	-1463.684	210.4893	0.6924271	4.525878	1.654994	0.760618	0.239382	3.24267
7158	-1264.201	-1474.462	210.2608	0.6021868	3.30417	1.880587	0.59676	0.40324	3.590517
7164	-1270.742	-1482.309	211.5668	1.005183	4.396031	1.135062	0.659383	0.340617	2.674693
7170	-1261.14	-1473.26	212.1199	0.9417996	6.77889	1.104829	0.716634	0.283366	1.986548
7176	-1234.801	-1445.794	210.9932	0.5276357	6.701251	1.263661	0.713212	0.286788	2.881473
7182	-1231.201	-1442.532	211.3302	0.710617	5.131503	1.399807	0.726997	0.273003	2.732624
7188	-1224.871	-1435.628	210.7567	0.907363	5.131503	1.399807	0.67527	0.32473	2.961121
7194	-1230.286	-1440.949	210.6632	0.6512304	4.377759	1.568902	0.77078	0.22922	3.226594
7200	-1244.864	-1456.243	211.3786	0.789562	4.354587	1.783559	0.699212	0.300788	2.62844
7206	-1260.893	-1470.813	209.9197	0.7115334	4.354587	1.783559	0.658934	0.341066	3.546747
7212	-1235.1	-1445.441	210.3411	0.7800454	4.279058	1.577896	0.69595	0.30405	3.355172
7218	-1236.072	-1447.345	211.2731	0.755005	3.958346	1.577896	0.708516	0.291484	2.877643
7224	-1240.699	-1451.835	211.1358	0.867652	5.159659	1.611924	0.764794	0.235206	2.655352
7230	-1240.477	-1449.937	209.4601	0.6879438	5.159659	1.611924	0.721915	0.278085	3.756546
7236	-1247.989	-1457.934	209.9447	0.797117	5.159659	0.9149439	0.755646	0.244354	3.756546
7242	-1245.208	-1455.229	210.021	0.7433395	5.077997	0.9149439	0.749744	0.250256	3.756546
7248	-1237.341	-1447.088	209.7471	0.5147341	6.412106	1.082138	0.696375	0.303625	3.756546
7254	-1233.963	-1444.098	210.1346	0.6091499	5.444424	1.082138	0.696375	0.303625	3.614464
7260	-1238.146	-1449.642	211.4964	0.7977756	5.598448	1.472729	0.748114	0.251886	2.464859
7266	-1239.404	-1450.021	210.6169	0.8311256	4.896932	1.472729	0.655354	0.344646	3.096661
7272	-1239.189	-1450.488	211.2989	0.6178317	6.171462	1.472729	0.684015	0.315985	2.612335
7278	-1231.85	-1442.755	210.9048	0.5492603	5.358631	1.472729	0.684015	0.315985	3.017221
7284	-1237.348	-1448.289	210.9408	0.7323693	5.364332	1.005077	0.79902	0.20098	3.124778
7290	-1244.317	-1454.181	209.8638	0.5815488	5.627391	1.703848	0.6264	0.3736	3.476196
7296	-1234.161	-1444.008	209.8474	0.6878527	4.591964	1.703848	0.773794	0.226206	3.59041
7302	-1232.725	-1443.7	210.975	0.7476702	4.591964	1.94959	0.71681	0.28319	2.793802
7308	-1235.64	-1446.003	210.3631	0.904023	4.502962	1.260547	0.715238	0.284762	3.371615
7314	-1242.371	-1452.25	209.879	0.73601	4.502962	1.260547	0.691964	0.308036	3.750958
7320	-1243.528	-1454.396	210.868	1.096207	4.502962	1.730953	0.703807	0.296193	2.746481
7326	-1244.012	-1454.241	210.2288	0.7508635	4.502962	1.730953	0.784527	0.215473	3.335975
7332	-1246.634	-1457.671	211.0372	0.6497436	4.545856	1.499094	0.710176	0.289824	3.003865
7338	-1234.723	-1445.717	210.9945	0.6129859	5.835638	1.846046	0.725191	0.274809	2.696162
7344	-1233.319	-1444.356	211.0365	0.7375487	4.609662	1.846046	0.744703	0.255297	2.797801
7350	-1236.536	-1447.829	211.2926	0.7804664	4.609662	1.846046	0.788177	0.211823	2.614419
7356	-1240.673	-1452.083	211.4106	0.761931	4.609662	1.846046	0.794094	0.205906	2.552763
7362	-1237.584	-1448.152	210.568	0.6947532	5.06025	1.846046	0.654758	0.345242	3.028017
7368	-1244.985	-1455.453	210.4673	0.7762012	5.06025	1.87706	0.647236	0.352764	3.028017
7374	-1252.672	-1463.991	211.3189	0.6516947	3.975602	1.401863	0.750578	0.249422	2.98717
7380	-1244.481	-1456.55	212.0699	0.8012452	5.716534	1.123974	0.721665	0.278335	2.262142
7386	-1259.162	-1470.888	211.7259	0.7467846	10.15323	1.108913	0.819894	0.180106	1.964816
7392	-1249.532	-1460.1	210.5682	0.5375717	7.244029	1.108913	0.721279	0.278721	3.142577
7398	-1253.324	-1463.797	210.4727	0.6024376	6.090269	1.621628	0.718769	0.281231	3.070097
7404	-1249.991	-1461.398	211.4072	0.9041218	4.171605	1.190104	0.718565	0.281435	2.847463
7410	-1245.835	-1456.719	210.8838	0.826482	7.198953	1.181286	0.72927	0.27073	2.744633
7416	-1245.67	-1455.014	209.3435	0.6103938	5.350492	1.239791	0.690836	0.309164	4.002174
7422	-1232.938	-1443.517	210.5795	0.5401025	5.599297	1.774804	0.645596	0.354404	3.054861
7428	-1239.509	-1450.284	210.7751	0.6592739	4.946682	1.774804	0.645596	0.354404	2.971283
7434	-1227.549	-1438.162	210.6132	0.6041613	6.200746	1.774804	0.747513	0.252487	2.907634
7440	-1242.33	-1453.45	211.1198	0.8530717	5.301923	1.774804	0.575081	0.424919	2.58323
7446	-1242.801	-1453.324	210.5232	0.6308201	5.931686	1.774804	0.694471	0.305529	2.984546
7452	-1235.505	-1446.361	210.8565	0.6546195	4.847326	1.557065	0.732782	0.267218	3.030734
7458	-1253.725	-1463.773	210.0487	0.4416115	4.171417	1.557065	0.72222	0.27778	3.751052
7464	-1240.167	-1450.992	210.8254	0.8118731	5.542513	1.040584	0.701131	0.298869	3.097646
7470	-1245.625	-1455.814	210.1881	0.6635643	7.153376	1.040584	0.665807	0.334193	3.342189
7476	-1233.065	-1444.131	211.066	0.6695048	5.417565	1.256737	0.665807	0.334193	2.941406
7482	-1238.251	-1449.065	210.8137	0.8151871	5.759021	1.649778	0.720389	0.279611	2.773065
7488	-1230.742	-1441.709	210.9672	0.8448459	5.759021	1.649778	0.745651	0.254349	2.660828
7494	-1230.268	-1440.821	210.553	0.6309314	5.210488	2.006585	0.641947	0.358053	2.992374
7500	-1234.739	-1444.877	210.1371	0.5354913	5.221471	1.610066	0.6452	0.3548	3.442877
7506	-1239.087	-1449.035	209.9485	0.6457707	5.637521	1.262261	0.686848	0.313152	3.579447
7512	-1224.339	-1434.543	210.2034	0.5398151	5.637521	1.116056	0.756422	0.243578	3.567491
7518	-1230.931	-1441.083	210.1517	0.5536433	5.326671	1.467942	0.700721	0.299279	3.467072
7524	-1224.93	-1435.961	211.0317	0.7640392	4.799238	1.467942	0.687944	0.312056	2.907081
7530	-1230.377	-1441.192	210.8156	0.648941	4.306648	2.230544	0.72907	0.27093	2.907081
7536	-1239.458	-1449.895	210.4377	0.6605626	3.91207	2.230544	0.72907	0.27093	3.203848
7542	-1227.7	-1437.946	210.2469	0.6478338	5.364594	1.594355	0.72907	0.27093	3.296418
7548	-1231.682	-1442.046	210.3637	0.7380983	4.861689	1.155174	0.741524	0.258476	3.459738
7554	-1235.295	-1446.542	211.2472	0.7380983	5.388507	0.8235946	0.784337	0.215663	3.050774
7560	-1231.149	-1442.186	211.0371	0.6370059	7.748577	0.8235946	0.793714	0.206286	2.91776
7566	-1229.114	-1440.133	211.0186	0.6868303	7.5891	0.8235946	0.844891	0.155109	2.91776
7572	-1229.285	-1439.628	210.3429	0.7528282	7.5891	0.8235946	0.821755	0.178245	3.28135
7578	-1241.233	-1452.157	210.9239	0.7106659	5.247486	0.8235946	0.797876	0.202124	3.28135
7584	-1243.867	-1454.604	210.7369	0.6836213	5.247486	1.347891	0.771293	0.228707	3.112435
7590	-1233.803	-1444.789	210.9863	0.8000697	5.247486	1.333085	0.785493	0.214507	2.900099
7596	-1242.253	-1453.23	210.9775	0.7914666	5.312351	1.333085	0.734434	0.265566	2.900099
7602	-1253.493	-1463.52	210.027	0.6213251	6.813556	1.390179	0.763821	0.236179	3.32612
7608	-1246.031	-1456.764	210.7334	0.5859655	7.453951	1.003882	0.718104	0.281896	3.049859
7614	-1242.082	-1452.703	210.6206	0.6847653	5.429657	1.003882	0.720596	0.279404	3.332915
7620	-1247.117	-1456.98	209.8633	0.6443289	5.979054	1.195369	0.654265	0.345735	3.613839
7626	-1238.226	-1447.525	209.299	0.6312177	4.100915	1.427248	0.66625	0.33375	4.13986
7632	-1233.596	-1444.104	210.5081	0.6850112	5.429657	2.017468	0.695739	0.304261	2.947949
7638	-1234.638	-1445.7	211.0625	0.7879649	4.458816	2.017468	0.677798	0.322202	2.716016
7644	-1252.732	-1463.827	211.0951	1.018215	4.172036	0.8829888	0.76505	0.23495	3.146513
7650	-1244.346	-1453.756	209.4092	0.6908467	4.458816	1.095815	0.686832	0.313168	4.13705
7656	-1238.876	-1449.558	210.6822	0.7031812	5.132841	1.095815	0.69587	0.30413	3.280444
7662	-1237.613	-1447.727	210.1142	0.7424887	5.633803	1.587687	0.696952	0.303048	3.280444
7668	-1252.064	-1461.525	209.4611	0.5375047	4.084331	1.724591	0.60449	0.39551	3.983927
7674	-1231.676	-1442.284	210.6083	0.8859702	7.064512	1.675125	0.778447	0.221553	2.661814
7680	-1239.086	-1450.563	211.4777	0.8557248	6.061236	1.376173	0.773235	0.226765	2.414618
7686	-1232.575	-1443.866	211.2913	0.8557248	5.684682	1.376173	0.741073	0.258927	2.588911
7692	-1239.199	-1449.528	210.329	0.7243631	5.717051	1.783314	0.72894	0.27106	3.073296
7698	-1239.556	-1450.039	210.4827	0.6574458	5.069855	2.620752	0.735324	0.264676	2.847514
7704	-1233.8	-1444.558	210.7582	0.735855	4.793071	1.884501	0.699764	0.300236	2.920244
7710	-1248.175	-1459.267	211.0921	0.9271549	5.082269	1.502505	0.69681	0.30319	2.706698
7716	-1232.293	-1442.941	210.6477	0.5032401	5.082269	1.502505	0.705819	0.294181	3.229103
7722	-1234.518	-1445.204	210.6856	0.6611245	5.082269	1.502505	0.710008	0.289992	3.112885
7728	-1249.315	-1459.7	210.3843	0.7524533	5.466501	1.502505	0.720395	0.279605	3.176394
7734	-1244.468	-1456.096	211.6279	0.716139	4.566395	1.152251	0.742575	0.257425	2.772761
7740	-1246.904	-1458.201	211.2976	0.7215202	4.940251	1.061659	0.722743	0.277257	2.954221
7746	-1243.903	-1454.031	210.1276	0.7377421	3.734504	1.659917	0.722743	0.277257	3.578552
7752	-1250.139	-1460.679	210.5403	0.6779232	3.8284	1.774396	0.682061	0.317939	3.308492
7758	-1254.273	-1465.208	210.9346	0.8034498	4.868783	1.774396	0.599076	0.400924	2.80119
7764	-1250.829	-1461.78	210.9517	0.6438957	6.641189	1.241333	0.690322	0.309678	2.855658
7770	-1237.702	-1449.08	211.3784	0.7736294	5.647117	1.523701	0.744265	0.255735	2.522559
7776	-1231.486	-1441.543	210.0569	0.7288877	5.647117	1.523701	0.725329	0.274671	3.347081
7782	-1233.972	-1444.454	210.4814	0.5601001	5.647117	1.617046	0.773011	0.226989	3.156929
7788	-1241.513	-1451.649	210.1361	0.4860301	5.647117	1.617046	0.744543	0.255457	3.404319
7794	-1244.127	-1454.603	210.476	0.6864705	6.824445	1.382608	0.733028	0.266972	3.023051
7800	-1247.67	-1458.601	210.9306	0.517048	7.095349	1.382608	0.711319	0.288681	2.816097
7806	-1231.535	-1441.944	210.4085	0.5382157	6.309236	1.382608	0.725872	0.274128	3.2202
7812	-1237.342	-1447.881	210.5392	0.5501663	6.651549	1.382608	0.681834	0.318166	3.089406
7818	-1253.722	-1464.213	210.4906	0.7001659	6.206918	1.382608	0.746086	0.253914	3.089406
7824	-1241.404	-1452.47	211.0656	1.096618	4.323679	2.362536	0.656406	0.343594	2.431545
7830	-1247.314	-1459.144	211.8307	1.070395	6.796785	1.757275	0.835445	0.164555	1.750318
7836	-1235.37	-1446.998	211.628	0.8628233	5.245493	1.757275	0.729189	0.270811	2.273655
7842	-1230.104	-1441.119	211.0154	0.8249965	4.038197	1.477587	0.63546	0.36454	3.018227
7848	-1231.123	-1441.932	210.8095	0.6743651	5.281833	1.227024	0.700172	0.299828	3.128718
7854	-1228.071	-1438.355	210.2833	0.47635	4.849686	1.227024	0.739641	0.260359	3.62432
7860	-1247.593	-1458.721	211.1279	0.7681389	5.57849	1.880559	0.734473	0.265527	2.544597
7866	-1253.938	-1465.004	211.0667	0.8153307	5.633364	1.880559	0.733561	0.266439	2.544597
7872	-1229.491	-1439.826	210.3346	0.5436209	5.476217	1.285814	0.675715	0.324285	3.426569
7878	-1236.474	-1446.655	210.1815	0.4618236	5.139218	1.727818	0.67375	0.32625	3.426569
7884	-1232.783	-1443.415	210.6327	0.5720003	5.774102	1.910498	0.726635	0.273365	2.92629
7890	-1240.236	-1451.667	211.4312	0.6916289	5.774102	1.211304	0.731559	0.268441	2.673843
7896	-1236.085	-1447.313	211.228	0.6683048	5.774102	1.484975	0.690362	0.309638	2.678668
7902	-1238.552	-1450.299	211.7477	0.8277807	5.872181	1.142964	0.710097	0.289903	2.414583
7908	-1254.721	-1466.713	211.9923	0.7635967	8.246969	1.142964	0.726052	0.273948	1.970671
7914	-1245.112	-1456.255	211.1423	0.6978545	8.246969	0.9254128	0.830367	0.169633	2.690502
7920	-1236.278	-1448.245	211.9671	0.8731274	8.246969	1.030266	0.830367	0.169633	1.985074
7926	-1241.028	-1452.392	211.3641	0.9240991	7.137189	0.9297202	0.801137	0.198863	2.545611
7932	-1239.112	-1449.766	210.6546	0.9240991	4.341125	0.9628229	0.734357	0.265643	3.380149
7938	-1230.849	-1441.834	210.9858	0.8048721	6.552079	1.242665	0.738296	0.261704	2.748332
7944	-1232.251	-1443.387	211.136	0.7548554	5.314852	1.606518	0.685021	0.314979	2.701142
7950	-1241.629	-1452.853	211.2244	0.7974056	5.143255	1.606518	0.734073	0.265927	2.649153
7956	-1252.295	-1461.793	209.4976	0.5332549	5.143255	1.606518	0.734073	0.265927	3.828773
7962	-1250.115	-1461.181	211.0659	0.7312155	5.088449	2.373851	0.704999	0.295001	2.515168
7968	-1238.608	-1449.04	210.4322	0.6695962	3.676963	2.373851	0.704999	0.295001	3.206162
7974	-1233.526	-1444.487	210.9608	0.7493123	3.676963	1.643083	0.74823	0.25177	3.100509
7980	-1233.938	-1444.143	210.2054	0.6119021	4.794176	1.643083	0.670074	0.329926	3.414976
7986	-1244.427	-1454.896	210.4683	0.5508249	4.813921	1.643083	0.746257	0.253743	3.292989
7992	-1249.019	-1460.087	211.0674	0.7639879	4.755007	1.149049	0.676116	0.323884	3.05018
7998	-1261.315	-1472.081	210.766	0.857011	5.193221	1.149049	0.676116	0.323884	3.100842
8004	-1253.511	-1464.068	210.5571	0.8660264	4.301018	1.613269	0.722681	0.277319	3.158003
8010	-1259.692	-1471.113	211.4203	0.8006249	4.301018	1.022698	0.692062	0.307938	2.970696
8016	-1255.814	-1466.065	210.251	0.554868	4.301018	1.758311	0.713708	0.286292	3.464292
8022	-1254.741	-1464.299	209.5582	0.4835935	5.521309	1.803232	0.650208	0.349792	3.688972
8028	-1248.931	-1458.537	209.6064	0.4081803	3.894727	1.803232	0.707328	0.292672	3.982261
8034	-1249.932	-1459.77	209.8381	0.5766773	4.141903	2.36452	0.662013	0.337987	3.518774
8040	-1257.766	-1467.674	209.9077	0.4520399	4.229005	2.36452	0.724566	0.275434	3.534359
8046	-1240.424	-1450.473	210.0494	0.5228412	4.175711	1.97507	0.643109	0.356891	3.545645
8052	-1240.994	-1451.148	210.1541	0.5300303	4.334973	1.97507	0.676218	0.323782	3.450624
8058	-1245.441	-1455.607	210.1659	0.8883464	4.090838	1.97507	0.624551	0.375449	3.279527
8064	-1234.033	-1445.768	211.7352	0.8872571	4.128738	1.731916	0.643118	0.356882	2.411181
8070	-1246.375	-1457.946	211.5712	0.7522248	5.415861	1.731916	0.643118	0.356882	2.362019
8076	-1247.654	-1458.085	210.4307	0.7928586	4.217595	1.622027	0.627087	0.372913	3.288326
8082	-1244.22	-1454.539	210.3191	0.5648002	4.360621	1.706041	0.683875	0.316125	3.427685
8088	-1246.577	-1457.935	211.3577	0.7358951	4.360621	1.706041	0.65339	0.34661	2.704357
8094	-1257.024	-1468.159	211.1345	0.6174299	3.934589	2.077397	0.687857	0.312143	2.858491
8100	-1248.545	-1459.53	210.9857	0.597953	4.652195	1.347008	0.760929	0.239071	3.116077
8106	-1243.124	-1454.15	211.0257	0.758821	4.652195	1.593648	0.675077	0.324923	2.885026
8112	-1243.247	-1454.57	211.3229	0.7780915	4.787861	1.276591	0.742768	0.257232	2.815367
8118	-1252.422	-1464.242	211.8196	0.9730299	6.205825	1.077069	0.807622	0.192378	2.264336
8124	-1248.042	-1458.058	210.0164	0.5471998	5.165602	1.27888	0.705516	0.294484	3.661275
8130	-1236.66	-1447.745	211.0857	0.7995891	6.737825	0.8965456	0.735926	0.264074	2.867005
8136	-1236.397	-1448.233	211.8355	0.7744102	5.719172	0.8965456	0.745896	0.254104	2.569225
8142	-1239.631	-1451.074	211.443	0.7602797	4.379408	1.141169	0.761971	0.238029	2.899164
8148	-1239.363	-1450.107	210.7446	0.6588221	5.56696	1.466968	0.649652	0.350348	3.017581
8154	-1235.569	-1445.007	209.4373	0.5003505	3.80414	1.466968	0.678253	0.321747	4.17593
8160	-1234.437	-1444.887	210.4495	0.7659786	3.901419	1.466968	0.695731	0.304269	3.420343
8166	-1241.041	-1452.094	211.0527	0.9397789	4.289425	2.416786	0.650174	0.349826	2.52734
8172	-1241.737	-1452.892	211.1555	0.9689346	4.289425	1.549089	0.721974	0.278026	2.765436
8178	-1241.474	-1452.675	211.2004	0.7382087	4.289425	1.281808	0.712151	0.287849	3.002292
8184	-1244.478	-1454.387	209.9092	0.5236687	4.551914	1.281808	0.689491	0.310509	3.83706
8190	-1237.198	-1447.866	210.6675	0.5606235	6.55126	0.8504055	0.770437	0.229563	3.314258
8196	-1230.575	-1442.502	211.9274	0.8255279	6.55126	1.217705	0.754582	0.245418	2.156771
8202	-1238.099	-1449.446	211.3466	0.6241042	7.102393	1.217705	0.731845	0.268155	2.577118
8208	-1243.198	-1454.717	211.5193	0.9819247	4.902109	0.7089346	0.68332	0.31668	2.904913
8214	-1250.147	-1461.053	210.9058	0.9163102	4.570442	0.739214	0.709079	0.290921	3.344266
8220	-1253.366	-1465	211.6341	0.932084	6.264274	1.646762	0.791633	0.208367	2.107283
8226	-1251.473	-1462.551	211.0781	0.7627257	7.537235	1.646762	0.736928	0.263072	2.397363
8232	-1243.893	-1454.333	210.4397	0.6584761	4.442668	1.622926	0.756374	0.243626	3.319957
8238	-1238.242	-1448.533	210.2908	0.6195334	5.092521	1.622926	0.632627	0.367373	3.318858
8244	-1234.115	-1445.357	211.2417	0.4400622	5.092521	1.505546	0.702837	0.297163	2.90899
8250	-1244.468	-1455.11	210.6416	0.6601543	5.092521	1.505546	0.702837	0.297163	3.13662
8256	-1250.45	-1461.342	210.8914	0.7170217	6.259498	1.505546	0.749976	0.250024	2.77409
8262	-1247.911	-1459.3	211.3889	0.6588122	5.457587	1.202197	0.725322	0.274678	2.77409
8268	-1244.339	-1455.333	210.9939	0.7610364	4.401363	1.202197	0.700406	0.299594	3.13131
8274	-1237.439	-1448.801	211.3613	0.7671906	5.35139	1.479302	0.680247	0.319753	2.605096
8280	-1253.622	-1463.273	209.6517	0.8533347	5.746795	1.239189	0.588275	0.411725	3.626579
8286	-1241.577	-1453.101	211.5242	0.8175907	5.100899	1.1077	0.768101	0.231899	2.704593
8292	-1236.725	-1447.716	210.9907	0.8848084	5.015157	1.479302	0.800188	0.199812	2.816351
8298	-1239.781	-1451.538	211.7575	0.8880623	5.969132	1.479302	0.697028	0.302972	2.17894
8304	-1232.266	-1443.094	210.8274	0.7076228	5.969132	1.254457	0.742395	0.257605	2.979456
8310	-1268.872	-1478.616	209.7444	0.5509071	4.76348	1.954202	0.748502	0.251498	3.608653
8316	-1265.642	-1475.353	209.7114	0.5100026	5.432097	1.954202	0.754974	0.245026	3.544224
8322	-1245.169	-1455.991	210.8221	0.7308504	7.279362	1.300744	0.719097	0.280903	2.7686
8328	-1241.049	-1451.922	210.8729	0.5872082	7.18239	1.300744	0.749573	0.250427	2.837276
8334	-1242.34	-1452.883	210.5429	0.7720436	6.242331	1.300744	0.783725	0.216275	3.049411
8340	-1242.77	-1453.109	210.3399	0.7731184	3.875038	1.790436	0.650249	0.349751	3.354793
8346	-1243.919	-1454.391	210.4725	0.7163247	4.569646	1.756367	0.662273	0.337727	3.190696
8352	-1244.84	-1454.539	209.6996	0.766564	4.571066	1.756367	0.66491	0.33509	3.61413
8358	-1250.443	-1460.941	210.4987	0.6667275	4.596975	1.756367	0.696485	0.303515	3.199685
8364	-1251.024	-1461.31	210.2858	0.781397	5.527127	1.696786	0.764814	0.235186	3.127631
8370	-1241.562	-1451.551	209.9895	0.8959624	5.195897	0.8906917	0.696115	0.303885	3.68302
8376	-1237.708	-1447.433	209.7256	0.7570524	5.355927	1.113274	0.696115	0.303885	3.76217
8382	-1234.769	-1445.345	210.5763	0.755841	5.658206	1.113274	0.653049	0.346951	3.220517
8388	-1235.405	-1446.549	211.1443	0.6776621	5.658206	1.398686	0.731531	0.268469	2.781979
8394	-1230.914	-1441.413	210.4985	0.6956645	5.658206	1.398686	0.729409	0.270591	3.159507
8400	-1230.897	-1441.07	210.1728	0.7239329	5.914853	1.781489	0.746854	0.253146	3.138165
8406	-1240.668	-1450.916	210.2488	0.7267486	6.258251	1.292362	0.737787	0.262213	3.252992
8412	-1248.755	-1459.981	211.2262	0.8152774	6.985722	1.057942	0.731969	0.268031	2.63834
8418	-1247.675	-1458.545	210.8691	0.6459769	6.351598	0.7833701	0.70962	0.29038	3.217644
8424	-1262.127	-1471.782	209.6554	1.020099	3.850434	1.788626	0.593759	0.406241	3.615841
8430	-1231.708	-1441.865	210.1573	0.6816632	5.821721	1.249948	0.723244	0.276756	3.415786
8436	-1245.019	-1454.576	209.5565	0.6682583	5.821721	2.057364	0.680323	0.319677	3.449169
8442	-1242.006	-1451.841	209.835	0.7595768	6.192426	0.9425835	0.667995	0.332005	3.673692
8448	-1248.064	-1459.222	211.1581	0.6743808	5.378619	1.089888	0.789794	0.210206	2.978264
8454	-1247.576	-1457.772	210.1963	0.6576265	6.778166	1.089888	0.765598	0.234402	3.360266
8460	-1241.44	-1452.092	210.652	0.6720987	8.582172	1.067171	0.654072	0.345928	2.881058
8466	-1242.943	-1452.849	209.9065	0.780278	9.312688	1.042888	0.71719	0.28281	3.200825
8472	-1248.67	-1459.597	210.927	0.575064	9.312688	1.162825	0.744005	0.255995	2.641392
8478	-1246.131	-1457.827	211.6959	0.8720327	8.957144	1.316219	0.735075	0.264925	1.911777
8484	-1240.05	-1451.291	211.2415	0.7770092	8.906914	1.241912	0.709159	0.290841	2.318002
8490	-1242.415	-1453.648	211.2331	0.825211	11.03638	1.02256	0.760116	0.239884	2.204382
8496	-1243.06	-1454.13	211.0707	0.7916767	10.06783	0.8679152	0.753409	0.246591	2.523724
8502	-1255.239	-1465.975	210.7361	0.7903997	10.06783	1.021073	0.819013	0.180987	2.632828
8508	-1252.594	-1463.383	210.7889	0.6134175	10.06783	1.071127	0.817918	0.182082	2.679471
8514	-1255.173	-1465.925	210.7517	0.7999103	4.412351	2.228839	0.750259	0.249741	2.834851
8520	-1253.38	-1465.466	212.0858	1.045427	4.852715	1.336323	0.774254	0.225746	2.126081
8526	-1254.376	-1464.909	210.5336	0.798428	5.09484	1.038597	0.716704	0.283296	3.350105
8532	-1230.131	-1441.166	211.0345	0.8376571	6.483831	0.9165514	0.728362	0.271638	2.896136
8538	-1226.948	-1436.963	210.015	0.777761	6.483831	0.9165514	0.705028	0.294972	3.535586
8544	-1239.874	-1451.026	211.1527	0.7994203	5.711766	0.80035	0.783409	0.216591	3.037072
8550	-1233.48	-1444.526	211.0461	0.6873299	6.841486	0.8999451	0.767711	0.232289	2.942831
8556	-1230.512	-1441.911	211.3987	0.857312	7.242641	1.145241	0.760142	0.239858	2.42047
8562	-1244.899	-1455.592	210.6928	0.8290791	5.568926	1.539769	0.739558	0.260442	2.913933
8568	-1246.118	-1456.271	210.153	0.7198522	6.09662	1.539769	0.716147	0.283853	3.223763
8574	-1237.88	-1448.402	210.5223	0.7902053	4.926618	2.487439	0.744553	0.255447	2.806379
8580	-1250.229	-1460.571	210.3418	0.8006642	4.926618	2.125757	0.695719	0.304281	3.023572
8586	-1248.157	-1459.421	211.2645	1.00541	4.926618	0.9590988	0.827255	0.172745	2.866588
8592	-1247.888	-1458.991	211.1037	0.6939565	4.784752	1.742356	0.723802	0.276198	2.792339
8598	-1243.938	-1454.999	211.0606	0.8823983	3.81124	2.269315	0.716768	0.283232	2.70371
8604	-1246.058	-1458.535	212.4775	1.057869	4.728357	1.197717	0.750991	0.249009	1.95916
8610	-1252.394	-1463.407	211.0125	0.7902516	5.416189	2.269315	0.620486	0.379514	2.490553
8616	-1247.33	-1458.271	210.9406	0.9854371	5.069794	2.213792	0.72177	0.27823	2.490553
8622	-1238.647	-1448.952	210.3056	0.5590258	5.082613	1.315693	0.751266	0.248734	3.481982
8628	-1232.709	-1443.373	210.6632	0.8531647	5.037816	1.200311	0.751266	0.248734	3.162747
8634	-1231.438	-1441.978	210.5398	0.6561988	5.037816	1.703582	0.751266	0.248734	3.1264
8640	-1233.041	-1442.894	209.8531	0.7971758	5.037816	2.9108	0.709207	0.290793	3.068486
8646	-1240.635	-1451.588	210.9532	0.8015716	4.128577	2.256186	0.644667	0.355333	2.757412
8652	-1229.259	-1440.553	211.2943	0.8056722	4.128577	1.550432	0.692934	0.307066	2.811434
8658	-1237.95	-1448.144	210.1945	0.6005556	5.361616	1.550432	0.692934	0.307066	3.373785
8664	-1254.531	-1463.443	208.9122	0.5080772	5.361616	1.550432	0.692934	0.307066	4.166729
8670	-1251.667	-1461.507	209.8404	0.7420095	5.361616	1.550432	0.738843	0.261157	3.498262
8676	-1247.694	-1458.983	211.2883	0.9146898	3.764738	1.882282	0.768239	0.231761	2.689792
8682	-1231.881	-1442.843	210.963	0.8710441	4.724352	1.691351	0.624223	0.375777	2.801467
8688	-1228.595	-1439.076	210.4811	0.7770791	3.569813	1.470321	0.599468	0.400532	3.46298
8694	-1243.076	-1454.468	211.3923	0.791674	3.569813	2.067442	0.675806	0.324194	2.677303
8700	-1233.981	-1443.485	209.5032	0.7042349	4.268433	1.851888	0.647554	0.352446	3.782888
8706	-1241.244	-1451.712	210.4686	0.7316252	4.268433	1.536913	0.672027	0.327973	3.327824
8712	-1236.373	-1447.602	211.2289	0.7612796	5.449836	1.536913	0.735606	0.264394	2.648437
8718	-1262.875	-1473.555	210.6799	0.7677025	5.449836	1.536913	0.699285	0.300715	2.978447
8724	-1248.127	-1459.071	210.9438	0.7486212	5.504302	1.645087	0.780817	0.219183	2.775761
8730	-1237.74	-1448.409	210.6684	0.5965325	5.248163	1.674955	0.679886	0.320114	3.062345
8736	-1243.846	-1454.712	210.8656	0.6117877	4.975298	1.674955	0.730516	0.269484	2.980069
8742	-1240.798	-1450.736	209.9379	0.63076	4.228836	1.674955	0.706029	0.293971	3.647761
8748	-1240.932	-1450.635	209.7032	0.5608024	3.949099	1.674955	0.706029	0.293971	3.876841
8754	-1244.579	-1455.023	210.4444	0.5768631	4.228717	1.412838	0.62431	0.37569	3.494246
8760	-1238.945	-1449.027	210.0822	0.5573784	4.490278	1.412838	0.697188	0.302812	3.66833
8766	-1241.401	-1451.609	210.2084	0.6183425	6.482099	1.681361	0.740645	0.259355	3.139601
8772	-1238.649	-1450.213	211.5639	0.9739999	8.257546	0.8841801	0.695096	0.304904	2.280102
8778	-1249.473	-1460.895	211.4221	0.9670282	8.980995	0.5798615	0.799058	0.200942	2.536534
8784	-1243.605	-1454.609	211.0045	0.762494	8.980995	0.6003541	0.799058	0.200942	2.899373
8790	-1245.983	-1456.576	210.5938	0.859503	8.980995	0.9262947	0.799058	0.200942	2.845997
8796	-1240.134	-1450.81	210.6769	0.6426347	8.980995	0.9262947	0.799058	0.200942	2.926897
8802	-1237.213	-1448.599	211.3865	0.890242	5.194295	1.271523	0.735067	0.264933	2.640426
8808	-1231.726	-1443.528	211.8022	0.8942012	5.310227	1.271523	0.773707	0.226293	2.358519
8814	-1240.733	-1452.342	211.6093	0.8942012	8.263215	1.061155	0.791186	0.208814	2.18497
8820	-1269.867	-1482.149	212.2819	0.846627	4.36702	1.237408	0.670799	0.329201	2.274992
8826	-1257.018	-1468.357	211.3392	1.019271	4.003439	2.47584	0.730153	0.269847	2.337241
8832	-1256.621	-1467.311	210.69	0.9543044	4.465698	2.47584	0.737059	0.262941	2.690335
8838	-1258.251	-1469.705	211.4542	0.985797	4.928489	1.415039	0.631731	0.368269	2.513755
8844	-1251.785	-1462.519	210.7338	0.7598332	6.359982	1.295692	0.718096	0.281904	2.928222
8850	-1240.92	-1452.775	211.8555	0.8701097	5.487906	1.295692	0.780914	0.219086	2.297384
8856	-1225.909	-1437.474	211.5653	0.9909599	6.262538	1.30467	0.775767	0.224233	2.279184
8862	-1236.07	-1447.59	211.5206	1.025836	5.954632	1.394997	0.747142	0.252858	2.286316
8868	-1240.669	-1451.797	211.128	0.8732594	5.2142	1.863956	0.771063	0.228937	2.545211
8874	-1226.178	-1436.895	210.7171	0.7045865	5.69389	1.32611	0.760935	0.239065	3.052788
8880	-1247.195	-1456.338	209.1424	0.8411282	5.488761	1.32611	0.72449	0.27551	3.923557
8886	-1241.544	-1450.981	209.4377	0.826957	4.16916	2.358523	0.703277	0.296723	3.602713
8892	-1232.847	-1442.548	209.7003	0.8228454	4.16916	2.358523	0.703277	0.296723	3.452083
8898	-1235.882	-1446.897	211.0156	0.9751103	4.674948	1.308106	0.568758	0.431242	2.886622
8904	-1249.024	-1458.356	209.3311	0.5756364	4.409943	1.953277	0.568758	0.431242	3.894559
8910	-1251.223	-1460.825	209.6022	0.8240625	6.756337	1.252269	0.600266	0.399734	3.528818
8916	-1257.047	-1468.336	211.2893	1.019652	3.907505	1.535813	0.600266	0.399734	2.735592
8922	-1243.297	-1454.21	210.913	1.206933	4.207325	1.377358	0.744455	0.255545	2.862403
8928	-1230.534	-1441.896	211.3613	0.8571059	5.517998	1.442993	0.780162	0.219838	2.539069
8934	-1246.404	-1456.622	210.2177	0.7341515	5.169222	1.541732	0.701156	0.298844	3.315707
8940	-1248.67	-1459.082	210.4119	0.7913415	6.241526	2.623167	0.721877	0.278123	2.626085
8946	-1232.94	-1444.079	211.1386	0.7794414	6.706261	1.566948	0.753547	0.246453	2.493189
8952	-1242.604	-1454.386	211.7815	0.9293171	5.79234	1.3349	0.759091	0.240909	2.236882
8958	-1242.237	-1453.622	211.3859	0.9076621	5.79234	2.435788	0.783909	0.216091	2.059024
8964	-1227.247	-1437.967	210.72	0.7647317	6.778668	1.280928	0.802293	0.197707	2.88432
8970	-1220.656	-1431.437	210.7808	0.7578918	6.529489	1.280928	0.827828	0.172172	2.885063
8976	-1235.305	-1446.198	210.8932	0.6060322	6.529489	1.280928	0.811554	0.188446	2.90891
8982	-1231.813	-1442.991	211.1784	0.8039255	7.087176	1.406628	0.761342	0.238658	2.475948
8988	-1235.54	-1447.066	211.5257	0.7717009	8.51426	0.9043216	0.76981	0.23019	2.389389
8994	-1237.505	-1449.405	211.9009	0.8970572	9.107382	1.223981	0.767336	0.232664	1.789269
9000	-1253.964	-1465.807	211.8423	0.7552174	9.031224	0.677857	0.862172	0.137828	2.312887
9006	-1249.459	-1460.88	211.4215	0.7967464	9.031224	0.9826577	0.848989	0.151011	2.329986
9012	-1243.144	-1454.9	211.7561	1.065569	6.571931	1.191478	0.746892	0.253108	2.123736
9018	-1250.11	-1461.412	211.3018	0.8024813	6.245463	1.191478	0.747247	0.252753	2.625857
9024	-1240.627	-1451.854	211.2269	0.8261153	9.024619	0.9826577	0.858468	0.141532	2.435251
9030	-1229.998	-1440.455	210.4574	0.7381381	6.734023	1.309124	0.717742	0.282258	3.050156
9036	-1235.488	-1446.255	210.7664	0.6772544	6.734023	1.053101	0.798189	0.201811	3.037147
9042	-1240.434	-1451.901	211.4665	0.7853821	8.20929	1.39084	0.798189	0.201811	2.170633
9048	-1230.97	-1442.46	211.4894	0.7624621	8.20929	1.39084	0.815087	0.184913	2.170633
9054	-1235.181	-1446.358	211.1768	0.7883297	8.20929	1.298471	0.651749	0.348251	2.401427
9060	-1251.958	-1462.777	210.8186	0.7354552	8.606547	1.623623	0.724222	0.275778	2.460825
9066	-1251.216	-1460.683	209.4669	0.6920066	7.042536	1.625193	0.735141	0.264859	3.483354
9072	-1251.893	-1462.679	210.7856	0.6904272	7.042536	1.43287	0.756302	0.243698	2.782011
9078	-1259.798	-1470.99	211.1928	0.6299849	5.043067	1.43287	0.772768	0.227232	2.864792
9084	-1251.085	-1460.933	209.8479	0.5987819	4.863108	1.375887	0.705253	0.294747	3.732595
9090	-1241.333	-1451.266	209.9338	0.6887075	4.863108	1.969398	0.705253	0.294747	3.395706
9096	-1248.957	-1460.064	211.1069	0.7408754	4.930211	1.912575	0.697741	0.302259	2.670439
9102	-1233.463	-1444.927	211.464	0.7454007	5.223816	1.09276	0.690969	0.309031	2.773546
9108	-1243.378	-1453.312	209.9342	0.4706383	5.223816	1.744967	0.671431	0.328569	3.545778
9114	-1248.163	-1458.474	210.3111	0.6060952	4.459321	1.744967	0.70214	0.29786	3.375173
9120	-1250.583	-1460.786	210.2033	0.6376037	5.268299	1.564899	0.735265	0.264735	3.355425
9126	-1248.539	-1459.936	211.3972	0.839795	5.268299	1.423602	0.746981	0.253019	2.577565
9132	-1252.693	-1463.988	211.2948	0.8607896	4.3916	1.922451	0.641316	0.358684	2.575487
9138	-1248.844	-1461.033	212.1893	0.8980796	4.3916	1.092638	0.775726	0.224274	2.378564
9144	-1241.579	-1453.299	211.7195	0.9631227	4.416684	1.149557	0.784911	0.215089	2.594356
9150	-1234.557	-1445.234	210.6764	0.8025004	5.724658	1.369054	0.656735	0.343265	2.993314
9156	-1234.135	-1445.511	211.376	0.7799187	6.121143	0.9186492	0.772168	0.227832	2.773548
9162	-1248.689	-1460.135	211.4454	0.9279629	7.857954	1.753225	0.734859	0.265141	1.964614
9168	-1246.639	-1458.42	211.781	0.8263207	7.857954	0.9682828	0.843039	0.156961	2.22676
9174	-1245.351	-1456.328	210.9762	0.8322825	5.911581	1.138458	0.766011	0.233989	2.884146
9180	-1236.136	-1447.351	211.2153	0.7619285	6.530128	1.275548	0.680442	0.319558	2.619756
9186	-1241.809	-1452.607	210.7975	0.868226	6.530128	1.275548	0.810357	0.189643	2.810633
9192	-1251.892	-1462.83	210.938	0.8173111	6.797476	1.732041	0.701645	0.298355	2.511981
9198	-1257.47	-1468.651	211.1812	0.8370696	6.492573	1.726127	0.803454	0.196546	2.391766
9204	-1241.334	-1452.538	211.2048	0.8606326	6.55423	1.635251	0.725256	0.274744	2.391766
9210	-1247.992	-1459.559	211.567	0.7866901	6.430349	1.441411	0.744766	0.255234	2.315245
9216	-1245.869	-1456.732	210.8632	1.067616	7.881058	1.606213	0.708241	0.291759	2.315245
9222	-1242.554	-1454.348	211.7948	0.9310141	6.621644	1.22688	0.741205	0.258795	2.159049
9228	-1246.643	-1457.839	211.1954	0.9241756	6.621644	1.487346	0.744857	0.255143	2.414621
9234	-1234.941	-1444.974	210.0325	0.6501419	7.052154	1.361842	0.680826	0.319174	3.288908
9240	-1241.44	-1451.988	210.5485	0.8645624	7.052154	1.059891	0.676327	0.323673	3.01057
9246	-1250.987	-1461.317	210.3302	0.7256792	6.905229	1.733216	0.71648	0.28352	2.925928
9252	-1238.309	-1450.005	211.6961	0.8001257	5.248427	1.538097	0.693442	0.306558	2.365144
9258	-1236.438	-1447.782	211.3443	0.8770956	5.248427	1.785718	0.820062	0.179938	2.432559
9264	-1233.08	-1443.99	210.9102	0.7502055	6.369182	1.084507	0.70658	0.29342	2.938245
9270	-1254.028	-1463.704	209.6758	0.622546	4.270732	1.659736	0.63872	0.36128	3.802078
9276	-1243.95	-1454.613	210.6636	0.8317583	3.701682	1.659736	0.758605	0.241395	3.21607
9282	-1242.333	-1453.72	211.3876	0.6795074	6.405633	1.21937	0.739044	0.260956	2.610981
9288	-1235.477	-1445.687	210.2102	0.6882399	6.007403	1.21937	0.739044	0.260956	3.369593
9294	-1239.376	-1449.736	210.3596	0.805676	5.603181	1.436647	0.642882	0.357118	3.16771
9300	-1241.345	-1451.919	210.5737	0.8070119	4.936049	1.764715	0.695011	0.304989	3.009188
9306	-1243.83	-1454.756	210.9261	0.8728929	4.936049	1.129109	0.714309	0.285691	3.049197
9312	-1243.088	-1453.774	210.6863	0.8926693	5.253651	1.193328	0.787331	0.212669	3.09393
9318	-1242.533	-1453.057	210.5237	0.738632	5.136064	1.193328	0.787331	0.212669	3.300533
9324	-1243.4	-1454.147	210.7467	0.6219019	6.044491	1.2296	0.742365	0.257635	3.080885
9330	-1241.049	-1451.786	210.7374	0.8231652	5.286627	1.2296	0.7334	0.2666	3.080885
9336	-1258.233	-1469.221	210.9886	0.8707769	5.219831	0.9329331	0.703133	0.296867	3.080885
9342	-1241.935	-1453.193	211.2578	0.96062	5.219831	0.9329331	0.774678	0.225322	2.865085
9348	-1254.561	-1465.826	211.2649	0.7304433	4.660508	1.107504	0.790617	0.209383	2.991336
9354	-1243.067	-1454.155	211.0883	0.8162009	4.552978	1.483542	0.767492	0.232508	2.878391
9360	-1246.218	-1456.634	210.4155	0.776114	4.621832	1.18559	0.698347	0.301653	3.43254
9366	-1258.23	-1470.046	211.8164	0.9256304	5.813416	0.9465166	0.794851	0.205149	2.438779
9372	-1260.808	-1472.127	211.319	0.9256304	5.845867	0.9030382	0.694595	0.305405	2.77027
9378	-1248.295	-1458.757	210.4618	0.7884925	5.845867	1.136583	0.694595	0.305405	3.22861
9384	-1248.362	-1459.169	210.8072	0.900039	4.257163	1.122916	0.632587	0.367413	3.22861
9390	-1243.356	-1454.563	211.2071	0.9306629	4.257163	1.010366	0.766675	0.233325	3.036269
9396	-1234.064	-1444.411	210.3468	0.8135754	5.479654	1.010366	0.736589	0.263411	3.406645
9402	-1231.91	-1442.35	210.44	0.8122454	5.90721	0.8753306	0.712749	0.287251	3.372369
9408	-1237.429	-1448.506	211.0772	0.7899408	4.969148	1.324303	0.712749	0.287251	2.901976
9414	-1228.932	-1440.233	211.3009	0.6906514	4.895838	1.152782	0.744995	0.255005	2.927567
9420	-1246.472	-1457.223	210.7512	0.9047556	5.911425	1.763835	0.671417	0.328583	2.68706
9426	-1242.406	-1452.988	210.5825	0.7657376	5.701297	1.279742	0.671417	0.328583	3.118119
9432	-1240.311	-1450.459	210.1482	0.8743159	8.018668	1.279742	0.693367	0.306633	3.011541
9438	-1234.83	-1446.262	211.4316	0.7922175	8.14122	1.279742	0.814879	0.185121	2.254616
9444	-1234.007	-1445.223	211.2156	0.6327331	8.14122	0.8674722	0.79784	0.20216	2.736086
9450	-1236.68	-1448.195	211.5147	0.8099558	9.646953	0.8674722	0.77641	0.22359	2.274402
9456	-1250.342	-1461.812	211.47	0.8546916	9.646953	0.8674722	0.758652	0.241348	2.274402
9462	-1249.216	-1460.221	211.0044	0.8150334	5.201083	1.050722	0.733672	0.266328	3.03694
9468	-1246.494	-1456.997	210.5022	0.823787	7.240997	0.5973297	0.736216	0.263784	3.359602
9474	-1229.847	-1440.993	211.1464	0.6928485	7.240997	1.430656	0.690263	0.309737	2.53381
9480	-1232.97	-1444.012	211.0413	0.830417	9.498269	0.9324341	0.79627	0.20373	2.531379
9486	-1241.901	-1452.448	210.5474	0.6712718	8.286442	0.9324341	0.804485	0.195515	3.057873
9492	-1248.443	-1460.089	211.6459	1.014872	4.948355	0.9587638	0.801845	0.198155	2.62406
9498	-1253.054	-1464.452	211.3975	0.9474439	6.527658	1.472581	0.752192	0.247808	2.291779
9504	-1240.238	-1451.576	211.3377	0.8527592	6.527658	1.088657	0.723018	0.276982	2.590193
9510	-1233.294	-1444.51	211.2157	0.7405198	6.527658	1.360977	0.727767	0.272233	2.590193
9516	-1234.394	-1446.009	211.6145	0.8363523	7.031397	1.344677	0.794738	0.205262	2.216517
9522	-1231.765	-1442.28	210.5148	0.5971909	6.909482	1.32006	0.798603	0.201397	3.072043
9528	-1239.719	-1450.605	210.886	0.639071	6.909482	1.148943	0.761349	0.238651	2.911733
9534	-1244.89	-1455.493	210.6023	0.7736783	6.830308	1.345096	0.756589	0.243411	2.911733
9540	-1264.243	-1475.06	210.8163	0.9018773	5.401736	2.250028	0.767335	0.232665	2.552124
9546	-1250.533	-1462.068	211.5347	0.9289901	5.401736	1.938482	0.752159	0.247841	2.191411
9552	-1248.079	-1459.943	211.8645	1.003007	6.946011	1.36889	0.73557	0.26443	1.941405
9558	-1244.566	-1456.072	211.5068	0.9452456	6.946011	1.36889	0.77447	0.22553	2.215096
9564	-1241.598	-1453.52	211.9217	1.001763	4.691124	1.875745	0.705695	0.294305	2.045096
9570	-1235.929	-1447.78	211.8511	0.9743475	4.750101	1.875745	0.705695	0.294305	2.098252
9576	-1228.623	-1440.5	211.8768	1.069762	4.750101	1.567476	0.707965	0.292035	2.15224
9582	-1240.734	-1452.53	211.7959	0.9959374	4.086053	1.66675	0.690612	0.309388	2.340336
9588	-1235.273	-1446.765	211.4923	0.9640998	4.306051	1.66675	0.719744	0.280256	2.506757
9594	-1250.266	-1459.984	209.7183	0.9088159	6.163379	1.66675	0.702017	0.297983	3.307173
9600	-1253.5	-1464.008	210.5086	0.627739	5.83268	1.727546	0.757788	0.242212	3.028163
9606	-1253.537	-1463.366	209.8285	0.6739422	5.83268	1.727546	0.747221	0.252779	3.403533
9612	-1255.15	-1465.182	210.0323	0.4014784	5.83268	1.375771	0.602979	0.397021	3.590788
9618	-1259.192	-1469.787	210.5949	0.5093423	7.407829	1.375771	0.68323	0.31677	2.987868
9624	-1250.708	-1462.263	211.5547	0.8360432	6.074383	1.372518	0.773588	0.226412	2.37821
9630	-1247.944	-1459.187	211.2437	0.7952352	4.250324	1.615072	0.749022	0.250978	2.796812
9636	-1250.132	-1461.216	211.0833	0.6497998	6.546766	1.615072	0.757589	0.242411	2.609237
9642	-1248.975	-1460.442	211.4669	1.010688	5.102779	1.692831	0.745726	0.254274	2.33405
9648	-1243.778	-1456.12	212.3423	1.027734	4.63382	1.345643	0.665162	0.334838	2.005904
9654	-1247.754	-1460.106	212.3521	0.8940424	5.761357	1.178393	0.711478	0.288522	1.97728
9660	-1234.226	-1446.35	212.1248	1.101883	5.344326	1.178393	0.751202	0.248798	2.061489
9666	-1237.472	-1449.487	212.0152	0.931046	6.415575	1.366663	0.772957	0.227043	1.968394
9672	-1241.546	-1453.593	212.0478	1.089006	5.754274	1.407229	0.830798	0.169202	1.925119
9678	-1248.383	-1460.621	212.238	1.089006	6.491394	0.9190795	0.761341	0.238659	1.975096
9684	-1233.201	-1444.37	211.1689	0.7685707	4.997561	2.019449	0.744	0.256	2.563954
9690	-1251.193	-1462.588	211.3955	1.000573	4.806305	2.1803	0.743646	0.256354	2.251511
9696	-1252.263	-1464.293	212.0304	0.9189207	5.164471	2.1803	0.744125	0.255875	1.817455
9702	-1236.552	-1447.158	210.6064	0.7248507	5.991284	1.272769	0.726617	0.273383	3.089079
9708	-1244.49	-1455.318	210.8282	0.7556031	4.814619	1.272769	0.781607	0.218393	3.123656
9714	-1237.992	-1448.705	210.7132	0.8894955	4.719064	1.914097	0.768419	0.231581	2.856695
9720	-1246.899	-1457.736	210.8362	0.7992821	6.686465	1.327598	0.759485	0.240515	2.781889
9726	-1238.726	-1449.507	210.7808	0.693535	6.688923	1.327598	0.801914	0.198086	2.879444
9732	-1232.358	-1443.214	210.8556	0.7379592	6.688923	1.350349	0.770345	0.229655	2.79603
9738	-1229.881	-1440.377	210.4968	0.6492108	6.688923	1.350349	0.71545	0.28455	3.065853
9744	-1230.375	-1441.471	211.0959	0.7882122	6.283397	1.350349	0.758231	0.241769	2.674362
9750	-1243.96	-1453.623	209.6623	0.7925153	5.340709	1.230611	0.753887	0.246113	3.720433
9756	-1236.191	-1446.388	210.1966	0.5848975	5.340709	1.279442	0.698973	0.301027	3.50697
9762	-1248.54	-1459.002	210.4619	0.5760512	5.340709	1.279442	0.760797	0.239203	3.356877
9768	-1245.415	-1456.149	210.7346	0.8479873	5.04925	1.709671	0.6963	0.3037	2.890256
9774	-1249.309	-1458.968	209.6593	0.6264266	6.501162	1.109389	0.739304	0.260696	3.716417
9780	-1237.19	-1446.843	209.6524	0.5059328	5.902593	1.274142	0.777613	0.222387	3.787671
9786	-1226.167	-1436.532	210.3656	0.6875692	5.586546	1.274142	0.748601	0.251399	3.312836
9792	-1247.684	-1458.808	211.1239	0.7375182	6.911756	1.123101	0.78601	0.21399	2.721247
9798	-1256.008	-1466.951	210.9432	0.7864666	6.911756	1.123101	0.765306	0.234694	2.801663
9804	-1253.664	-1463.996	210.3313	0.7174524	5.244674	1.020831	0.682387	0.317613	3.502228
9810	-1243.623	-1453.625	210.0027	0.6305666	4.846425	1.32366	0.721031	0.278969	3.651511
9816	-1239.88	-1450.755	210.875	0.5541309	4.846425	1.32366	0.691515	0.308485	3.18528
9822	-1240.361	-1451.127	210.7664	0.6825636	4.846425	1.283357	0.782392	0.217608	3.193084
9828	-1236.399	-1447.946	211.5472	0.8543967	5.026969	1.517767	0.707729	0.292271	2.472353
9834	-1248.868	-1460.513	211.6448	0.8859267	5.00516	1.339756	0.824025	0.175975	2.480407
9840	-1240.927	-1452.002	211.0754	0.73572	4.269697	1.339756	0.693878	0.306122	3.054096
9846	-1251.508	-1462.849	211.3411	0.8039527	4.134305	2.548295	0.693413	0.306587	2.422355
9852	-1251.163	-1461.372	210.2091	0.7895811	4.807847	1.640184	0.724291	0.275709	3.307286
9858	-1239.384	-1450.609	211.2245	0.8898047	6.044982	0.6115954	0.724808	0.275192	3.037632
9864	-1247.286	-1458.078	210.793	0.6519917	6.021585	1.282836	0.806714	0.193286	3.011705
9870	-1242.08	-1452.861	210.7806	0.7066567	6.021585	1.232521	0.75673	0.24327	3.011705
9876	-1240.342	-1450.223	209.8808	0.7611602	6.021585	1.232521	0.740614	0.259386	3.511033
9882	-1235.075	-1446.536	211.4616	0.6156574	6.736621	1.232521	0.80596	0.19404	2.551792
9888	-1236.739	-1448.364	211.6249	0.7610525	6.478763	1.232521	0.719538	0.280462	2.394288
9894	-1251.218	-1462.436	211.2178	0.807402	5.961567	0.9893401	0.703737	0.296263	2.831824
9900	-1253.677	-1464.204	210.5272	0.6028997	5.296925	1.782576	0.778533	0.221467	3.09275
9906	-1250.271	-1460.196	209.9248	0.6891781	5.60229	1.513861	0.684463	0.315537	3.458652
9912	-1245.076	-1455.018	209.9425	0.6526313	5.60229	1.565134	0.658872	0.341128	3.448144
9918	-1248.739	-1459.312	210.5733	0.5490346	5.60229	1.150946	0.725933	0.274067	3.332443
9924	-1246.93	-1457.862	210.9317	0.8013409	6.34783	1.725856	0.780861	0.219139	2.590999
9930	-1258.424	-1469.734	211.3099	0.8362775	4.386364	1.967768	0.765938	0.234062	2.565497
9936	-1249.444	-1460.297	210.8535	0.723497	5.864762	1.460538	0.705749	0.294251	2.870855
9942	-1245.624	-1457.974	212.3501	1.215063	5.159329	1.683507	0.708789	0.291211	1.595352
9948	-1241.756	-1454.669	212.9126	1.40154	5.159329	1.287648	0.810234	0.189766	1.24317
9954	-1235.265	-1446.221	210.9558	0.7951746	5.54572	1.006982	0.779456	0.220544	3.049007
9960	-1239.334	-1451.475	212.1409	1.147871	6.57048	1.006982	0.751762	0.248238	1.928063
9966	-1233.512	-1443.865	210.3529	0.8701872	5.408926	1.481074	0.723009	0.276991	3.14345
9972	-1228.537	-1439.08	210.5427	0.7381719	5.204316	1.392815	0.636055	0.363945	3.181397
9978	-1232.142	-1441.92	209.7778	0.806265	4.693903	1.613134	0.710354	0.289646	3.580201
9984	-1241.34	-1451.467	210.1266	0.5826216	4.693903	1.535515	0.680983	0.319017	3.539369
9990	-1230.403	-1439.947	209.5443	0.6779494	5.070227	1.171728	0.709371	0.290629	3.925958
9996	-1241.974	-1451.592	209.6184	0.5893408	4.654773	1.330056	0.591418	0.408582	3.925958
10002	-1240.919	-1451.472	210.5529	0.6540226	4.231732	1.43754	0.710443	0.289557	3.373981
10008	-1257.806	-1466.811	209.0056	0.7259284	4.215157	1.67093	0.710443	0.289557	4.132237
10014	-1257.233	-1467.296	210.0634	0.3476365	6.244908	1.780878	0.62412	0.37588	3.37875
10020	-1240.082	-1450.523	210.4409	0.9308139	4.015274	1.636086	0.679357	0.320643	3.234433
10026	-1245.06	-1456.818	211.7581	0.9933375	4.015274	1.636086	0.715451	0.284549	2.394124
10032	-1247.399	-1458.454	211.0549	0.8119235	4.24204	1.737502	0.718589	0.281411	2.852907
10038	-1241.87	-1453.866	211.9968	0.9394267	4.24204	1.737502	0.693112	0.306888	2.184777
10044	-1243.077	-1453.553	210.4757	0.5250188	5.676396	1.249757	0.784789	0.215211	3.342262
10050	-1253.495	-1465.535	212.0399	1.030224	4.493737	1.445052	0.747962	0.252038	2.180074
10056	-1250.39	-1461.768	211.3788	0.8769079	4.493737	1.10538	0.735004	0.264996	2.865857
10062	-1256.243	-1466.635	210.3925	0.6282743	5.366185	0.9104439	0.743106	0.256894	3.565642
10068	-1253.957	-1465.842	211.8859	0.8743035	5.696123	0.9104439	0.74527	0.25473	2.469697
10074	-1248.62	-1460.357	211.7366	1.016314	5.696123	0.79967	0.74527	0.25473	2.552052
10080	-1236.08	-1448.136	212.057	1.006057	4.835228	1.361383	0.71426	0.28574	2.160828
10086	-1236.008	-1447.223	211.2146	0.896932	5.288587	1.361383	0.71426	0.28574	2.681543
10092	-1238.736	-1449.35	210.6137	0.829586	5.288587	1.361383	0.717853	0.282147	3.0859
10098	-1237.869	-1449.563	211.6942	0.9099099	5.193764	1.412799	0.798801	0.201199	2.365259
10104	-1235.218	-1446.236	211.0187	0.6458106	5.193764	1.537442	0.730497	0.269503	2.888631
10110	-1234.645	-1445.148	210.5024	0.5862551	5.193764	1.458938	0.722743	0.277257	3.266924
10116	-1232.954	-1443.307	210.3528	0.6628006	4.23719	1.458938	0.693133	0.306867	3.475548
10122	-1228.354	-1439.558	211.2046	0.6687421	4.346471	1.418218	0.712564	0.287436	2.965373
10128	-1238.754	-1449.576	210.8225	0.7274122	5.114142	1.418218	0.699183	0.300817	3.023987
10134	-1247.094	-1457.291	210.1963	0.7112916	5.342045	1.348273	0.732369	0.267631	3.400366
10140	-1247.231	-1457.492	210.2614	0.700984	5.067862	1.348273	0.695308	0.304692	3.411854
10146	-1251.951	-1463.356	211.4052	0.7694039	5.067862	1.551399	0.74762	0.25238	2.591581
10152	-1238.887	-1449.834	210.9471	0.689086	5.767781	1.551399	0.74762	0.25238	2.809158
10158	-1248.724	-1459.297	210.5729	0.59703	7.074889	1.551399	0.727481	0.272519	2.910527
10164	-1248.794	-1459.537	210.7424	0.928597	7.074889	0.8634512	0.789905	0.210095	2.974536
10170	-1244.337	-1456.058	211.7209	0.8597345	6.21842	0.8634512	0.789905	0.210095	2.534764
10176	-1247.874	-1458.542	210.6678	0.8384787	6.21842	0.9553635	0.725155	0.274845	3.127678
10182	-1250.116	-1460.908	210.7926	0.8442449	6.21842	1.236699	0.768753	0.231247	2.891402
10188	-1255.494	-1465.991	210.4965	0.6177951	6.308302	1.856204	0.678537	0.321463	2.923578
10194	-1245.181	-1455.688	210.5073	0.7765369	5.737397	0.9237645	0.7987	0.2013	3.347721
10200	-1242.318	-1453.026	210.708	0.7313934	6.173455	1.856204	0.78021	0.21979	2.745323
10206	-1256.063	-1467.08	211.0175	0.9308948	4.787429	1.780221	0.772654	0.227346	2.684625
10212	-1239.096	-1450.067	210.9705	0.6568323	7.252726	1.478163	0.749679	0.250321	2.641488
10218	-1241.276	-1452.348	211.0717	0.6640105	5.250974	1.478163	0.72084	0.27916	2.862404
10224	-1237.949	-1448.741	210.7922	0.809327	5.250974	1.478163	0.687425	0.312575	2.943428
10230	-1253.712	-1465.664	211.9526	0.9478186	4.25654	1.711788	0.73413	0.26587	2.215908
10236	-1265.744	-1477	211.2557	0.9739668	4.25654	2.186905	0.620996	0.379004	2.461083
10242	-1239.146	-1449.627	210.481	0.7385937	6.093103	1.445701	0.736979	0.263021	3.059285
10248	-1236.944	-1448.031	211.0866	0.7653729	4.900916	1.091377	0.745937	0.254063	3.044327
10254	-1243.871	-1454.648	210.7779	0.6202535	4.900916	1.664826	0.681565	0.318435	3.044327
10260	-1243.909	-1454.041	210.1317	0.5395339	4.611348	1.664826	0.713619	0.286381	3.52316
10266	-1241.838	-1452.535	210.6973	0.7102001	6.35644	1.289257	0.764543	0.235457	2.983728
10272	-1241.78	-1453.178	211.3977	0.9535102	5.96181	1.320006	0.758292	0.241708	2.446687
10278	-1239.726	-1450.407	210.6812	1.003308	4.775763	1.543229	0.690085	0.309915	2.944994
10284	-1243.418	-1455.464	212.0463	0.90088	4.775763	1.543229	0.620624	0.379376	2.158293
10290	-1228.448	-1439.14	210.6924	0.7038372	4.722152	1.543229	0.687531	0.312469	3.126977
10296	-1242.973	-1454.318	211.3451	0.8009802	4.722152	1.705942	0.774849	0.225151	2.604447
10302	-1262.358	-1473.546	211.1881	0.9828356	5.011881	1.811565	0.723519	0.276481	2.494615
10308	-1239.402	-1450.503	211.1004	0.9472004	5.563629	2.151916	0.735248	0.264752	2.352256
10314	-1245.336	-1456.8	211.4643	0.9472004	5.563629	2.003379	0.770068	0.229932	2.172961
10320	-1232.961	-1441.828	208.8674	0.5419104	5.064365	1.5769	0.653234	0.346766	4.208028
10326	-1233.395	-1442.492	209.0973	0.6848694	3.858773	1.5769	0.75077	0.24923	4.208028
10332	-1234.661	-1444.331	209.6702	0.695501	3.919829	1.758905	0.700504	0.299496	3.792141
10338	-1243.406	-1454.176	210.7709	0.8027045	3.919829	1.758905	0.730243	0.269757	3.085047
10344	-1248.022	-1458.759	210.7368	0.7408291	3.919829	1.353445	0.696624	0.303376	3.314013
10350	-1237.398	-1449.126	211.7276	1.105644	4.416569	1.575107	0.672455	0.327545	2.286786
10356	-1241.032	-1453.078	212.0454	1.152405	5.26153	1.575107	0.731262	0.268738	1.886327
10362	-1258.309	-1469.047	210.7377	0.6409975	4.95919	1.396098	0.625958	0.374042	3.162092
10368	-1246.058	-1456.332	210.274	0.6409975	5.742255	1.396098	0.625958	0.374042	3.313275
10374	-1261.743	-1472.992	211.2485	0.7912808	5.606357	2.129772	0.720883	0.279117	2.358101
10380	-1264.199	-1475.8	211.6008	0.9447636	4.454255	1.776542	0.750385	0.249615	2.376016
10386	-1250.77	-1461.404	210.6336	0.7643109	4.664935	1.105545	0.750385	0.249615	3.346414
10392	-1251.931	-1463.458	211.5266	0.7991845	4.108822	1.105545	0.673545	0.326455	2.897273
10398	-1256.076	-1466.366	210.2896	0.7441329	4.465662	1.875025	0.750464	0.249536	3.25679
10404	-1245.197	-1455.495	210.2984	0.698387	4.465662	1.875025	0.684829	0.315171	3.278613
10410	-1261.037	-1472.291	211.2544	0.8553075	6.602854	1.356779	0.763993	0.236007	2.486228
10416	-1246.505	-1457.874	211.3687	0.8197778	6.602854	1.356779	0.763993	0.236007	2.436775
10422	-1258.645	-1469.622	210.9773	0.8722035	4.06644	1.875025	0.75258	0.24742	2.845169
10428	-1261.485	-1472.579	211.0943	0.9849222	3.087131	1.730053	0.658579	0.341421	2.981106
10434	-1256.839	-1468.3	211.4604	0.9478959	3.087131	1.730053	0.75692	0.24308	2.782037
10440	-1262.657	-1473.131	210.4733	0.4984669	7.714733	1.391226	0.797236	0.202764	3.023441
10446	-1254.151	-1465.588	211.4373	0.6650818	7.390447	1.391226	0.798717	0.201283	2.368332
10452	-1246.542	-1455.569	209.0275	0.762009	4.352742	2.800176	0.679972	0.320028	3.720995
10458	-1247.762	-1457.907	210.1456	0.6283183	4.513061	1.808366	0.70056	0.29944	3.425598
10464	-1246.387	-1457.975	211.5878	0.6709538	5.002975	1.685971	0.786772	0.213228	2.492467
10470	-1257.035	-1466.822	209.7873	0.6843283	4.24241	2.33748	0.73343	0.26657	3.474763
10476	-1243.034	-1454.084	211.0497	0.7248719	5.626981	1.589754	0.776276	0.223724	2.729754
10482	-1252.025	-1463.408	211.383	0.862972	5.711525	1.589754	0.788221	0.211779	2.423979
10488	-1243.14	-1454.87	211.73	0.8676907	5.07581	2.53386	0.776202	0.223798	1.949314
10494	-1247.5	-1458.913	211.4129	0.9337277	5.190561	2.53386	0.763377	0.236623	2.095142
10500	-1245.477	-1456.443	210.9664	0.639481	5.600001	1.401021	0.699691	0.300309	2.920884
10506	-1248.52	-1458.832	210.3117	0.8183548	3.91322	1.434421	0.692687	0.307313	3.482261
10512	-1239.498	-1449.799	210.3003	0.6814291	4.366422	1.825146	0.68303	0.31697	3.323967
10518	-1254.993	-1466.274	211.2817	0.7845666	4.422982	1.805531	0.710352	0.289648	2.669482
10524	-1246.319	-1457.18	210.8611	0.8235811	4.287019	1.805531	0.68781	0.31219	2.927765
10530	-1232.72	-1444.611	211.8918	0.9417784	6.194412	1.126508	0.782825	0.217175	2.210095
10536	-1233.06	-1444.319	211.2598	0.6962158	7.492313	1.712777	0.782825	0.217175	2.301711
10542	-1242.872	-1453.608	210.7364	0.5170424	10.0169	1.051781	0.782825	0.217175	2.786829
10548	-1234.325	-1445.15	210.8252	0.6646041	7.106681	1.387192	0.814804	0.185196	2.786829
10554	-1237.762	-1448.722	210.9598	0.6842537	7.106681	1.355778	0.714271	0.285729	2.707653
10560	-1257.856	-1469.581	211.7254	0.9595018	4.368784	1.740176	0.676387	0.323613	2.319381
10566	-1248.236	-1458.507	210.2712	0.6553925	4.609149	2.019712	0.717879	0.282121	3.243132
10572	-1236.301	-1446.704	210.4035	0.4646271	4.148816	1.854595	0.612713	0.387287	3.420732
10578	-1234.19	-1444.119	209.9292	0.6040109	4.148816	1.854595	0.616015	0.383985	3.615908
10584	-1242.952	-1452.385	209.4322	0.5542279	3.714479	2.533977	0.600244	0.399756	3.802427
10590	-1250.021	-1459.068	209.047	0.6421944	3.442954	2.533977	0.619894	0.380106	4.030132
10596	-1253.582	-1462.312	208.7292	0.5820317	3.442954	2.533977	0.619894	0.380106	4.245129
10602	-1241.27	-1450.331	209.0606	0.7126687	4.11739	2.533977	0.710893	0.289107	3.845592
10608	-1247.128	-1459.362	212.2341	1.031069	4.197181	1.46498	0.660394	0.339606	2.103959
10614	-1246.105	-1457.871	211.7652	0.8338071	5.428914	1.186629	0.789386	0.210614	2.446056
10620	-1236.795	-1447.55	210.7552	0.5682551	8.348159	1.130636	0.779409	0.220591	2.871351
10626	-1239.041	-1450.093	211.052	0.6258157	8.348159	1.130636	0.766108	0.233892	2.655022
10632	-1247.986	-1457.862	209.8754	0.6251728	7.545065	0.8229005	0.76869	0.23131	3.634871
10638	-1237.145	-1446.387	209.2421	0.6851496	5.523848	0.9824272	0.758023	0.241977	4.12745
10644	-1241.301	-1450.797	209.4967	0.5448162	6.084772	0.989725	0.758023	0.241977	3.978653
10650	-1230.674	-1440.437	209.7634	0.5108976	6.084772	0.989725	0.71402	0.28598	3.845196
10656	-1231.163	-1441.896	210.7332	0.6140699	6.532688	0.989725	0.718807	0.281193	3.158486
10662	-1230.979	-1441.553	210.5742	0.6540894	5.199412	0.989725	0.737826	0.262174	3.422538
10668	-1243.044	-1453.417	210.3729	0.7468295	5.199412	0.989725	0.737826	0.262174	3.486029
10674	-1228.968	-1439.51	210.5424	0.5303121	6.720931	1.470491	0.789729	0.210271	3.050117
10680	-1246.057	-1456.955	210.8984	0.78561	4.906014	1.598797	0.758988	0.241012	2.898918
10686	-1248.509	-1458.62	210.1104	0.6687386	5.262599	2.098097	0.708335	0.291665	3.194072
10692	-1235.302	-1446.918	211.6162	0.7817013	7.123623	1.257686	0.761423	0.238577	2.283878
10698	-1243.149	-1454.396	211.2467	0.6456547	6.604391	1.455362	0.686362	0.313638	2.574029
10704	-1239.994	-1450.224	210.2302	0.5717064	6.786137	1.455362	0.740968	0.259032	3.209561
10710	-1230.792	-1442.015	211.223	0.5717064	6.786137	1.423633	0.78936	0.21064	2.624537
10716	-1246.062	-1456.612	210.5499	0.7110432	7.746473	1.423633	0.766795	0.233205	2.83023
10722	-1246.648	-1456.813	210.1649	0.4709798	7.746473	1.086898	0.797314	0.202686	3.372708
10728	-1239.855	-1450.235	210.3803	0.7239835	7.746473	1.086898	0.780248	0.219752	3.09565
10734	-1230.768	-1442.123	211.3551	0.711455	5.818463	1.040149	0.7817	0.2183	2.797452
10740	-1229.54	-1440.877	211.3366	0.7967887	6.79419	1.040149	0.762871	0.237129	2.617661
10746	-1225.78	-1437.334	211.554	0.7074301	5.148477	1.040149	0.762871	0.237129	2.784894
10752	-1227.821	-1438.14	210.3192	0.7074301	5.934405	1.780109	0.694872	0.305128	3.058418
10758	-1229.521	-1440.073	210.5513	0.6732892	4.680927	2.005007	0.698625	0.301375	3.058418
10764	-1224.829	-1436.084	211.2556	0.7006884	5.965944	1.696725	0.708864	0.291136	2.52031
10770	-1244.405	-1455.836	211.4311	0.7186498	5.473399	1.678493	0.661541	0.338459	2.484336
10776	-1250.476	-1462.564	212.0877	0.6807641	5.216579	1.191087	0.763786	0.236214	2.372416
10782	-1241.873	-1452.842	210.9688	0.725474	4.167939	2.260903	0.736989	0.263011	2.784891
10788	-1233.865	-1444.259	210.3948	0.7046226	4.648297	2.108475	0.783105	0.216895	3.103459
10794	-1244.609	-1455.318	210.7095	0.6392066	5.524841	1.293357	0.645475	0.354525	3.137899
10800	-1255.389	-1465.931	210.542	0.6915184	6.33657	1.293357	0.728631	0.271369	3.088572
10806	-1250.328	-1461.237	210.9086	0.541347	7.414917	1.067049	0.745188	0.254812	2.939231
10812	-1247.398	-1456.518	209.1201	0.613631	5.802862	1.042199	0.669624	0.330376	4.16362
10818	-1242.79	-1452.195	209.4043	0.7202116	5.120001	1.354303	0.694572	0.305428	3.886287
10824	-1230.928	-1441.384	210.4556	0.7750928	6.443061	1.354303	0.687138	0.312862	3.046262
10830	-1230.427	-1440.743	210.3161	0.6595933	4.965027	1.354303	0.624934	0.375066	3.418085
10836	-1238.367	-1448.728	210.3605	0.6272155	6.928325	1.354303	0.668055	0.331945	3.127341
10842	-1250.01	-1461.567	211.5569	0.8111273	7.589748	1.09232	0.767447	0.232553	2.335873
10848	-1244.729	-1456.076	211.3465	0.7253255	8.557514	1.09232	0.821644	0.178356	2.407817
10854	-1244.142	-1455.1	210.9579	0.6061912	5.799559	1.165489	0.694492	0.305508	3.033197
10860	-1250.433	-1461.419	210.9858	0.649425	5.799559	1.165489	0.775734	0.224266	2.990568
10866	-1250.916	-1461.536	210.6198	0.7177871	6.634681	1.165489	0.691593	0.308407	3.051501
10872	-1242.338	-1453.426	211.0879	0.7899963	6.315101	1.751538	0.725413	0.274587	2.495064
10878	-1246.651	-1457.793	211.1414	1.070698	5.000163	1.751538	0.725413	0.274587	2.495064
10884	-1246.847	-1458.635	211.7882	0.9255209	5.000163	1.751538	0.718824	0.281176	2.175818
10890	-1248.355	-1460.228	211.873	0.8597887	5.479016	1.396632	0.72671	0.27329	2.242631
10896	-1260.818	-1472.384	211.5658	0.8808136	6.47705	1.454414	0.790325	0.209675	2.242631
10902	-1247.27	-1457.115	209.8448	0.6366181	5.529731	1.922656	0.726776	0.273224	3.388537
10908	-1258.553	-1469.082	210.5297	0.5535621	5.144822	1.922656	0.697642	0.302358	3.093188
10914	-1254.227	-1465.43	211.2038	0.6945298	5.13821	1.149611	0.807448	0.192552	2.944572
10920	-1237.005	-1447.586	210.5813	0.7222193	5.932693	1.457678	0.699795	0.300205	3.02679
10926	-1242.504	-1452.881	210.3773	0.7099925	5.932693	1.347372	0.684634	0.315366	3.206374
10932	-1240.459	-1451.908	211.4489	0.7564261	6.315173	1.471319	0.773455	0.226545	2.411872
10938	-1250.127	-1462.06	211.9335	0.9117333	7.021039	1.337571	0.764424	0.235576	1.962366
10944	-1253.136	-1465.722	212.5861	1.166788	6.144033	1.337571	0.73889	0.26111	1.458154
10950	-1255.377	-1467.413	212.0359	1.039779	5.503557	1.486662	0.745215	0.254785	1.968771
10956	-1249.62	-1461.411	211.7913	0.9995714	5.503557	2.445079	0.685465	0.314535	1.768701
10962	-1247.033	-1458.055	211.0223	0.820242	4.869545	2.14993	0.715333	0.284667	2.599403
10968	-1239.892	-1449.616	209.7238	0.5928864	5.002581	1.664001	0.738738	0.261262	3.663546
10974	-1239.582	-1450.207	210.6253	0.7006041	5.002581	1.182415	0.725989	0.274011	3.290562
10980	-1237.598	-1447.791	210.1933	0.5011737	5.002581	2.08535	0.752568	0.247432	3.290562
10986	-1237.296	-1448.759	211.4633	0.9430448	5.002581	1.626734	0.778159	0.221841	2.425192
10992	-1225.177	-1436.217	211.0398	0.659049	4.979743	1.714698	0.737322	0.262678	2.829522
10998	-1228.306	-1439.853	211.547	0.5845694	6.492168	1.295758	0.75689	0.24311	2.518852
11004	-1225.609	-1436.974	211.3649	0.6617189	7.349982	1.202198	0.801215	0.198785	2.518852
11010	-1229.466	-1441.383	211.9173	0.6506561	5.20895	1.29353	0.806858	0.193142	2.445357
11016	-1239.437	-1450.133	210.6955	0.5738233	5.595691	2.188446	0.739998	0.260002	2.817473
11022	-1235.435	-1446.521	211.0869	0.7325683	5.154701	2.188446	0.718607	0.281393	2.550999
11028	-1238.876	-1449.64	210.7642	0.6749332	4.559035	1.664578	0.685174	0.314826	3.079935
11034	-1239.923	-1449.951	210.0284	0.3732807	4.559035	1.664578	0.703445	0.296555	3.688886
11040	-1241.91	-1452.392	210.4819	0.3732807	5.043436	1.664578	0.645326	0.354674	3.342556
11046	-1246.269	-1455.546	209.2768	0.4281653	5.08789	1.783733	0.652128	0.347872	3.956549
11052	-1249.699	-1459.638	209.9389	0.5101867	4.980796	1.282762	0.760276	0.239724	3.755206
11058	-1253.247	-1463.698	210.4501	0.6019718	4.813423	1.282762	0.684995	0.315005	3.43268
11064	-1252.41	-1463.285	210.8754	0.7449793	6.238271	1.276165	0.764496	0.235504	2.878441
11070	-1253.006	-1464.569	211.5634	0.8654888	5.942149	1.276165	0.764496	0.235504	2.423481
11076	-1249.206	-1460.375	211.1691	0.7378296	5.942149	1.276165	0.735831	0.264169	2.747117
11082	-1255.375	-1465.915	210.5398	0.7776294	5.755993	1.154128	0.734397	0.265603	3.192656
11088	-1253.801	-1464.255	210.4539	0.7007978	4.081589	1.755266	0.7766	0.2234	3.302476
11094	-1259.59	-1471.382	211.7911	0.9711984	3.616239	2.20951	0.724555	0.275445	2.254061
11100	-1244.436	-1454.15	209.714	0.7638061	3.853747	2.20951	0.636637	0.363363	3.586168
11106	-1235.195	-1446.233	211.0383	0.8212384	4.029699	2.20951	0.636637	0.363363	2.728727
11112	-1247.624	-1458.518	210.8937	0.9488585	5.047555	2.775584	0.682248	0.317752	2.372297
11118	-1245.663	-1457.119	211.4552	0.9548577	4.953435	2.07238	0.707949	0.292051	2.254235
11124	-1246.77	-1457.394	210.6233	0.7183106	5.109096	1.756465	0.719986	0.280014	3.006853
11130	-1248.252	-1459.276	211.024	0.6280825	8.456942	1.039008	0.805538	0.194462	2.711623
11136	-1240.707	-1451.943	211.2363	0.7774467	5.78542	1.707623	0.711076	0.288924	2.507578
11142	-1244.439	-1453.991	209.5525	0.6660389	3.931225	2.426099	0.645597	0.354403	3.655467
11148	-1243.591	-1454.086	210.4958	0.6625897	3.931225	2.426099	0.701501	0.298499	3.103762
11154	-1249.816	-1461.573	211.7566	0.9289581	5.628641	1.064489	0.709869	0.290131	2.429537
11160	-1242.343	-1453.779	211.4364	0.7325121	6.175486	0.9848624	0.754747	0.245253	2.715692
11166	-1247.016	-1457.543	210.5266	0.6651178	7.705641	1.123275	0.82196	0.17804	3.028002
11172	-1238.126	-1449.231	211.1046	0.7719048	7.705641	0.8202561	0.736805	0.263195	2.802515
11178	-1256.679	-1467.554	210.8754	0.7222579	6.884256	1.19345	0.746722	0.253278	2.847218
11184	-1244.213	-1455.33	211.1169	0.8283732	5.41873	1.19345	0.773343	0.226657	2.847218
11190	-1250.723	-1461.429	210.7052	0.913083	4.627503	1.629926	0.775562	0.224438	2.974459
11196	-1240.196	-1450.809	210.6128	0.7391121	5.205317	1.783421	0.795367	0.204633	2.974459
11202	-1249.407	-1460.906	211.4991	0.7878019	4.874473	1.783421	0.645683	0.354317	2.457624
11208	-1256.283	-1467.092	210.8086	0.7273096	6.207924	1.331752	0.645683	0.354317	2.906327
11214	-1252.151	-1463.702	211.5508	0.7129097	6.67087	1.331752	0.80321	0.19679	2.392411
11220	-1244.142	-1454.939	210.7969	0.6093317	6.67087	1.455552	0.801859	0.198141	2.862804
11226	-1241.788	-1453.09	211.3024	0.6788772	6.622324	1.455552	0.742947	0.257053	2.516125
11232	-1239.14	-1450.231	211.0908	0.7005539	6.052492	1.144436	0.671414	0.328586	2.870603
11238	-1242.498	-1454.223	211.7247	0.6997808	5.751183	1.144436	0.671414	0.328586	2.527231
11244	-1245.115	-1457.056	211.9414	0.749638	6.351153	1.022876	0.811042	0.188958	2.340966
11250	-1237.855	-1450.115	212.2601	0.8671042	5.613326	1.401949	0.752447	0.247553	1.958238
11256	-1251.641	-1463.951	212.3093	1.027419	5.287988	1.514284	0.752447	0.247553	1.816195
11262	-1251.743	-1462.528	210.7849	0.897464	4.31677	1.997705	0.744808	0.255192	2.852542
11268	-1254.77	-1466.182	211.4123	0.8949848	5.737237	1.997705	0.744808	0.255192	2.214098
11274	-1247.914	-1459.221	211.3072	0.8949848	5.599023	2.239864	0.688727	0.311273	2.2168
11280	-1246.154	-1458.504	212.3503	0.8949848	4.774562	1.354182	0.745017	0.254983	2.056653
11286	-1247.489	-1459.163	211.6743	1.133073	6.863338	1.354182	0.843535	0.156465	2.00137
11292	-1246.285	-1458.822	212.5363	1.157674	6.863338	0.9066688	0.760339	0.239661	1.674707
11298	-1242.58	-1454.484	211.9036	1.157674	6.449465	1.671468	0.778481	0.221519	1.731942
11304	-1234.771	-1447.042	212.2707	1.080093	5.369495	1.671468	0.809517	0.190483	1.714308
11310	-1245.37	-1457.291	211.9209	1.049686	5.403464	1.671468	0.715772	0.284228	1.969251
11316	-1242.278	-1454.295	212.0168	0.9081267	5.403464	1.671468	0.715772	0.284228	1.999772
11322	-1259.02	-1470.174	211.154	0.7244993	6.249613	1.340831	0.758035	0.241965	2.687328
11328	-1256.383	-1467.315	210.9319	0.636847	6.274023	2.249453	0.797266	0.202734	2.511058
11334	-1248.114	-1459.62	211.5068	0.9682029	6.734602	1.494823	0.763411	0.236589	2.1677
11340	-1259.084	-1469.848	210.7634	0.6220634	6.528488	1.365657	0.802712	0.197288	2.936326
11346	-1250.946	-1462.138	211.1925	0.757353	6.285729	1.098345	0.802712	0.197288	2.766574
11352	-1255.87	-1466.191	210.3207	0.6703002	6.573319	1.166339	0.745025	0.254975	3.265082
11358	-1263.659	-1474.076	210.417	0.6002948	5.053617	1.955331	0.684764	0.315236	3.135775
11364	-1256.144	-1466.602	210.458	0.6444099	5.647084	2.329733	0.719729	0.280271	2.865131
11370	-1238.582	-1449.02	210.4385	0.5568214	6.02028	2.066437	0.765385	0.234615	2.960748
11376	-1228.572	-1439.221	210.6491	0.6593979	5.797058	1.651268	0.77755	0.22245	2.960748
11382	-1240.138	-1451.091	210.9529	0.7118022	5.797058	1.540794	0.714097	0.285903	2.792002
11388	-1240.856	-1451.554	210.6982	0.664561	6.114659	1.106297	0.720781	0.279219	3.13978
11394	-1245	-1455.725	210.7249	0.5998898	5.939567	1.195295	0.732203	0.267797	3.13978
11400	-1258.827	-1470.409	211.5823	0.909124	6.382228	1.436092	0.762198	0.237802	2.236594
11406	-1267.738	-1479.459	211.7215	0.8297723	5.069162	1.644422	0.700603	0.299397	2.3139
11412	-1262.088	-1473.734	211.6464	0.5840225	5.509585	1.717907	0.684208	0.315792	2.411211
11418	-1247.156	-1458.431	211.2754	0.822634	7.098498	0.9780956	0.767054	0.232946	2.637361
11424	-1249.352	-1460.21	210.8577	0.6607587	5.75964	1.737497	0.765859	0.234141	2.804534
11430	-1245.488	-1455.962	210.4743	0.6065345	7.336645	1.056722	0.770464	0.229536	3.175348
11436	-1247.445	-1457.938	210.4937	0.5906561	6.886169	1.187562	0.755415	0.244585	3.158013
11442	-1248.178	-1458.953	210.7755	0.701114	5.194326	1.060516	0.72677	0.27323	3.236382
11448	-1248.557	-1459.829	211.2721	0.7080016	5.194326	1.559467	0.815107	0.184893	2.686635
11454	-1245.458	-1456.361	210.9028	0.5282837	6.847006	1.661724	0.819748	0.180252	2.734688
11460	-1250.86	-1461.871	211.0108	0.6496621	6.241877	1.202404	0.782967	0.217033	2.891657
11466	-1245.626	-1457.571	211.9458	0.8022225	6.568362	1.202404	0.782967	0.217033	2.166064
11472	-1244.824	-1456.151	211.3274	0.8377042	7.068801	1.850606	0.727003	0.272997	2.166064
11478	-1239.802	-1450.65	210.848	0.799642	5.725084	1.367553	0.725586	0.274414	2.892355
11484	-1258.195	-1469.745	211.5495	0.8225921	6.849724	1.070919	0.755658	0.244342	2.442963
11490	-1242.822	-1453.299	210.4768	0.6911577	5.694344	1.369897	0.745927	0.254073	3.183024
11496	-1248.514	-1459.278	210.7634	0.5078133	4.500856	1.369897	0.745927	0.254073	3.31734
11502	-1245.037	-1456.909	211.8722	0.6876253	7.9598	1.007445	0.813654	0.186346	2.2193
11508	-1243.062	-1454.832	211.7705	0.6979327	5.938454	1.308852	0.789358	0.210642	2.382098
11514	-1242.285	-1453.021	210.7358	0.5237599	7.385229	1.140203	0.798118	0.201882	3.016423
11520	-1235.332	-1446.732	211.3994	0.5526775	6.998392	1.140203	0.798118	0.201882	2.644566
11526	-1236.949	-1447.711	210.762	0.6555571	5.996178	1.140203	0.789886	0.210114	3.105538
11532	-1235.539	-1446.261	210.7216	0.5904909	7.044324	1.131496	0.728182	0.271818	3.031987
11538	-1240.658	-1451.179	210.5206	0.5713189	7.044324	1.131496	0.747617	0.252383	3.163293
11544	-1251.166	-1463.109	211.9431	1.235116	4.647727	1.800346	0.638418	0.361582	1.914895
11550	-1238.107	-1448.569	210.4622	0.7741064	4.951195	1.47927	0.775658	0.224342	3.210403
11556	-1247.377	-1458.54	211.1629	0.7857784	4.755019	1.702993	0.775658	0.224342	2.721239
11562	-1246.462	-1458.462	212.0002	0.879821	6.191135	1.590884	0.700474	0.299526	1.935836
11568	-1250.583	-1461.849	211.2664	0.72198	4.482066	1.386886	0.779334	0.220666	2.885155
11574	-1250.711	-1460.985	210.2736	0.7798444	5.687304	1.254714	0.827396	0.172604	3.307193
11580	-1240.08	-1451.163	211.0833	0.6161167	5.687304	1.254714	0.740438	0.259562	2.922335
11586	-1240.574	-1451.557	210.9826	0.7625169	5.687304	1.201278	0.735028	0.264972	2.922335
11592	-1258.389	-1469.726	211.3367	0.789597	5.687304	1.771969	0.735028	0.264972	2.42601
11598	-1252.594	-1463.578	210.9841	0.7281747	5.813531	1.771969	0.689063	0.310937	2.664048
11604	-1246.886	-1456.807	209.9214	0.6456167	5.813531	1.771969	0.689063	0.310937	3.351448
11610	-1246.962	-1457.87	210.9075	0.6966014	5.813531	1.633339	0.700832	0.299168	2.786768
11616	-1239.886	-1450.96	211.0736	1.007723	4.250502	1.633339	0.700832	0.299168	2.763246
11622	-1246.989	-1459.12	212.1314	1.082229	4.250502	1.542786	0.734156	0.265844	2.089089
11628	-1234.064	-1445.24	211.1754	0.9655984	6.009055	1.542786	0.806854	0.193146	2.464858
11634	-1241.421	-1452.44	211.0185	0.6169703	8.434923	1.542786	0.768015	0.231985	2.464858
11640	-1240.817	-1451.964	211.1466	0.5548112	9.762508	1.374476	0.796696	0.203304	2.359983
11646	-1234.226	-1445.148	210.9223	0.6874235	8.574045	0.9753876	0.788878	0.211122	2.763339
11652	-1247.608	-1457.691	210.0829	0.6739052	4.694541	1.198136	0.781006	0.218994	3.666634
11658	-1250.77	-1460.725	209.9548	0.7882156	4.792753	1.311357	0.795602	0.204398	3.602616
11664	-1245.472	-1456.836	211.3644	0.760943	5.603615	1.635921	0.655238	0.344762	2.496695
11670	-1254.65	-1465.609	210.9586	0.7617722	5.119714	0.9631059	0.734567	0.265433	3.161244
11676	-1254.582	-1466.102	211.5193	0.8367672	5.298213	0.7182124	0.769416	0.230584	2.919328
11682	-1252.286	-1462.907	210.6208	0.8208683	5.298213	1.191268	0.733341	0.266659	3.16956
11688	-1267.571	-1477.449	209.8777	0.7406481	5.298213	1.191268	0.689776	0.310224	3.652082
11694	-1251.874	-1461.927	210.0534	0.8174265	6.876358	1.191268	0.690296	0.309704	3.283756
11700	-1251.097	-1461.581	210.4842	0.5042731	6.009774	1.45687	0.737264	0.262736	3.203705
11706	-1248.504	-1458.878	210.3738	0.7584666	6.009774	1.274816	0.689988	0.310012	3.203705
11712	-1248.227	-1459.68	211.4535	0.6729477	6.009774	0.9989385	0.702867	0.297133	2.757169
11718	-1265.902	-1476.7	210.7977	0.6315785	8.721463	0.9989385	0.764625	0.235375	2.842674
11724	-1263.809	-1474.758	210.9486	0.6389253	8.120282	1.13539	0.666889	0.333111	2.733695
11730	-1248.797	-1459.971	211.1735	0.8385596	8.756049	0.7351806	0.771861	0.228139	2.662935
11736	-1244.219	-1455.355	211.1357	0.7022498	6.734287	1.304492	0.771861	0.228139	2.662935
11742	-1249.712	-1459.993	210.2807	0.7801674	6.734287	1.072644	0.734929	0.265071	3.253628
11748	-1241.544	-1453.004	211.4596	0.9100258	5.275952	1.072644	0.714814	0.285186	2.678435
11754	-1239.095	-1449.873	210.7779	0.7007806	5.457706	1.412271	0.671257	0.328743	3.01423
11760	-1249.241	-1459.793	210.5514	0.8897955	6.498614	1.675091	0.6807	0.3193	2.770031
11766	-1244.264	-1455.207	210.9429	0.9460494	6.18225	1.675091	0.732672	0.267328	2.539063
11772	-1255.803	-1466.425	210.6223	0.7553794	4.229535	1.958574	0.642024	0.357976	3.066552
11778	-1248.752	-1460.205	211.4529	0.7908569	5.679362	1.617227	0.642024	0.357976	2.418373
11784	-1234.204	-1445.617	211.4137	0.8135312	5.679362	1.641275	0.772975	0.227025	2.418373
11790	-1238.04	-1449.563	211.523	0.6799243	4.282988	1.370596	0.708461	0.291539	2.800508
11796	-1234.192	-1444.405	210.2137	0.7195366	4.26012	1.370596	0.724803	0.275197	3.558827
11802	-1240.026	-1449.749	209.7231	0.4619851	4.303344	1.553763	0.632465	0.367535	3.903601
11808	-1245.742	-1455.76	210.0179	0.4855184	4.932227	1.521066	0.618135	0.381865	3.624909
11814	-1244.571	-1455.219	210.6486	1.091809	5.539334	1.117966	0.719363	0.280637	2.992722
11820	-1248.669	-1460.216	211.5475	0.8567139	6.589517	1.892552	0.66065	0.33935	2.060541
11826	-1236.059	-1446.928	210.8689	0.6962385	6.777604	1.551759	0.732134	0.267866	2.708677
11832	-1239.727	-1450.719	210.9922	0.6294456	7.057224	1.746854	0.732134	0.267866	2.554593
11838	-1233.707	-1444.869	211.1625	0.8102508	6.341697	1.680472	0.732134	0.267866	2.461214
11844	-1250.427	-1460.413	209.9863	0.5483783	7.785621	1.680472	0.801305	0.198695	3.151289
11850	-1232.93	-1443.081	210.1511	0.6793375	8.402199	1.199628	0.745927	0.254073	3.124393
11856	-1235.777	-1446.898	211.1212	0.7257166	6.429479	1.214082	0.751019	0.248981	2.745829
11862	-1227.957	-1438.894	210.9376	0.820838	6.733821	1.237939	0.739106	0.260894	2.745829
11868	-1235.773	-1446.588	210.8147	0.75987	6.733821	2.026363	0.783341	0.216659	2.520171
11874	-1236.452	-1447.981	211.529	0.9382172	5.779753	2.026363	0.775223	0.224777	2.092138
11880	-1237.076	-1448.919	211.8428	0.8464359	5.779753	1.366176	0.714393	0.285607	2.236713
11886	-1242.441	-1454.274	211.8329	0.8563166	5.779753	1.366176	0.714393	0.285607	2.236713
11892	-1235.311	-1446.862	211.5511	0.9086978	5.779753	1.238665	0.703154	0.296846	2.448994
11898	-1233.957	-1445.171	211.2137	0.7942654	6.783396	1.394228	0.774308	0.225692	2.506534
11904	-1244.167	-1455.73	211.5627	0.8641853	7.290937	1.394228	0.778682	0.221318	2.171753
11910	-1248.032	-1458.756	210.7241	0.6643385	3.912607	1.921632	0.688685	0.311315	3.136088
11916	-1251.87	-1462.296	210.4254	0.6768467	3.912607	1.626805	0.79237	0.20763	3.417256
11922	-1238.062	-1448.779	210.717	0.6630514	5.411275	1.266885	0.743469	0.256531	3.149957
11928	-1235.551	-1445.785	210.2345	0.7658303	5.411275	1.467679	0.672384	0.327616	3.280923
11934	-1238.813	-1450.281	211.4683	0.7298792	5.817581	1.467679	0.702913	0.297087	2.492824
11940	-1240.251	-1451.063	210.8122	0.6340317	5.817581	1.467679	0.692532	0.307468	2.953589
11946	-1247.033	-1457.118	210.0851	0.5537369	5.817581	1.467679	0.778753	0.221247	3.432398
11952	-1245.942	-1456.148	210.2064	0.6346052	5.654596	0.7974177	0.778753	0.221247	3.700329
11958	-1242.029	-1452.231	210.2019	0.6156066	5.654596	1.701181	0.671828	0.328172	3.254652
11964	-1250.286	-1460.363	210.0777	0.6332956	6.033616	1.701181	0.75047	0.24953	3.262333
11970	-1240.813	-1451.162	210.3488	0.5632029	6.277121	1.701181	0.697446	0.302554	3.108965
11976	-1240.212	-1450.395	210.1835	0.7279318	6.255827	2.004861	0.75617	0.24383	2.999013
11982	-1240.344	-1450.298	209.9544	0.7877678	6.255827	1.506734	0.660054	0.339946	3.292944
11988	-1234.439	-1445.431	210.9918	0.6236023	7.281489	1.506734	0.716077	0.283923	2.632178
11994	-1246.631	-1457.922	211.2905	0.8357767	8.102376	0.8271736	0.772915	0.227085	2.597597
12000	-1239.893	-1450.567	210.6736	0.8041563	7.40219	0.8407985	0.782427	0.217573	3.065149
12006	-1248.892	-1460.472	211.5798	1.047166	7.408045	0.8407985	0.751015	0.248985	2.358985
12012	-1246.996	-1459.176	212.1801	0.9716265	9.15022	1.018253	0.753929	0.246071	1.668216
12018	-1239.577	-1451.469	211.8919	0.9667388	8.947975	1.393943	0.758942	0.241058	1.668216
12024	-1243.103	-1455.175	212.0724	0.9615493	9.102115	0.6616137	0.753158	0.246842	2.035697
12030	-1241.669	-1454.12	212.4503	1.019589	9.102115	0.717592	0.783484	0.216516	1.686932
12036	-1244.797	-1457.119	212.3225	1.129623	9.174515	0.717592	0.866272	0.133728	1.690825
12042	-1251.803	-1464.438	212.6355	0.9513743	9.174515	0.717592	0.786499	0.213501	1.593934
12048	-1241.995	-1453.851	211.856	0.8645662	11.47255	0.7602243	0.863949	0.136051	1.915467
12054	-1240.982	-1453.017	212.0354	0.8599668	9.538152	0.8613626	0.835989	0.164011	1.915467
12060	-1241.066	-1452.668	211.6023	0.7482869	12.66413	0.8613626	0.834247	0.165753	1.976989
12066	-1250.38	-1461.743	211.3629	0.8085143	12.66413	0.8613626	0.834247	0.165753	2.095746
12072	-1250.883	-1463.01	212.127	0.9435213	9.606618	0.8613626	0.783575	0.216425	1.787768
12078	-1246.927	-1458.678	211.7507	1.10428	11.99302	0.8485009	0.825802	0.174198	1.701178
12084	-1243.82	-1455.386	211.5665	1.039446	11.45737	0.6230422	0.867905	0.132095	2.113207
12090	-1232.705	-1444.349	211.644	0.8977424	9.889225	0.8855306	0.814971	0.185029	2.095427
12096	-1240.546	-1452.398	211.8525	0.8977424	8.627977	1.10926	0.818075	0.181925	1.948662
12102	-1239.078	-1450.299	211.2211	0.9611513	7.860355	1.10926	0.796939	0.203061	2.410026
12108	-1241.202	-1452.295	211.0921	0.7341311	7.860355	1.593393	0.772444	0.227556	2.389887
12114	-1230.825	-1442.491	211.6663	0.9073124	7.860355	0.8098305	0.786828	0.213172	2.358836
12120	-1235.496	-1447.237	211.7408	0.802388	9.599505	0.9099869	0.840614	0.159386	2.107728
12126	-1228.096	-1439.043	210.9472	0.7068249	9.599505	0.9099869	0.823369	0.176631	2.670657
12132	-1236.144	-1447.651	211.5071	0.789343	7.812407	1.188211	0.823369	0.176631	2.298287
12138	-1242.475	-1452.445	209.9702	0.7879848	6.21305	1.188211	0.688991	0.311009	3.439035
12144	-1233.616	-1444.953	211.337	0.688688	6.859565	1.069251	0.747905	0.252095	2.658082
12150	-1254.078	-1463.91	209.8321	0.6460076	4.931784	2.406916	0.789208	0.210792	3.328249
12156	-1257.264	-1467.825	210.5608	0.6041564	5.598819	1.76418	0.736424	0.263576	3.031887
12162	-1265.68	-1476.746	211.0665	0.7689178	6.333528	1.118526	0.797785	0.202215	2.818121
12168	-1261.04	-1473.071	212.0308	0.8027525	6.333528	1.10578	0.797785	0.202215	2.201462
12174	-1260.56	-1471.2	210.6396	0.8691408	5.078892	2.414856	0.677662	0.322338	2.682447
12180	-1254.269	-1465.01	210.7411	0.8335811	7.404024	1.10578	0.717231	0.282769	2.843187
12186	-1248.238	-1459.747	211.509	0.8849032	6.777359	0.9576832	0.814918	0.185082	2.509405
12192	-1236.994	-1448.729	211.7345	0.7691337	7.426371	0.9576832	0.850439	0.149561	2.354548
12198	-1230.786	-1441.69	210.9045	0.6648843	8.969857	1.385212	0.812134	0.187866	2.520758
12204	-1217.82	-1428.823	211.0027	0.7275032	8.415151	1.385212	0.781039	0.218961	2.48171
12210	-1234.873	-1445.911	211.0375	0.7514776	6.488519	1.645615	0.774781	0.225219	2.56972
12216	-1235.681	-1446.919	211.2385	0.7233131	6.933195	1.124954	0.774781	0.225219	2.655678
12222	-1238.382	-1449.436	211.0537	0.7505054	6.933195	0.9436065	0.818895	0.181105	2.860124
12228	-1233.884	-1445.499	211.6145	0.7808172	6.933195	1.27862	0.787944	0.212056	2.300122
12234	-1229.977	-1441.329	211.3522	0.7446194	9.865754	1.27862	0.787944	0.212056	2.144896
12240	-1238.318	-1450.121	211.8024	0.9079124	6.274723	1.333058	0.813278	0.186722	2.163108
12246	-1246.962	-1458.548	211.5861	0.7010627	11.24577	1.044597	0.807564	0.192436	2.020664
12252	-1246.314	-1457.781	211.4673	0.7176686	6.801229	1.338604	0.816646	0.183354	2.420643
12258	-1247.987	-1458.7	210.7129	0.6407584	5.425699	1.338604	0.649978	0.350022	3.128458
12264	-1252.812	-1463.005	210.1933	0.7217058	5.425699	1.338604	0.668721	0.331279	3.38756
12270	-1248.366	-1459.122	210.7565	0.7607784	4.610623	1.338604	0.718813	0.281187	3.166894
12276	-1243.111	-1454.551	211.4399	0.8009509	4.377969	1.764802	0.682911	0.317089	2.586415
12282	-1236.851	-1448.442	211.5913	1.093708	4.389885	2.955255	0.689259	0.310741	1.896314
12288	-1242.387	-1453.414	211.027	1.096266	4.389885	2.955255	0.691906	0.308094	2.26631
12294	-1249.671	-1460.143	210.4718	0.6552282	4.43836	1.713753	0.658758	0.341242	3.267576
12300	-1250.241	-1461.443	211.2019	1.015085	6.491082	2.955255	0.695572	0.304428	1.836983
12306	-1238.338	-1450.699	212.361	1.178711	6.526954	1.228281	0.807877	0.192123	1.61775
12312	-1232.125	-1444.478	212.3529	1.141342	6.242126	1.228281	0.773196	0.226804	1.697106
12318	-1225.889	-1437.535	211.6453	0.983252	7.591747	1.228281	0.774051	0.225949	2.088685
12324	-1225.319	-1437.23	211.911	0.953096	7.591747	1.228281	0.774942	0.225058	1.93188
12330	-1239.274	-1450.879	211.605	0.9081946	9.540988	1.228281	0.854358	0.145642	1.93188
12336	-1231.111	-1442.923	211.8125	0.911344	6.985425	1.228281	0.806074	0.193926	2.107892
12342	-1233.774	-1445.696	211.9219	0.8543683	7.169851	1.228281	0.797116	0.202884	2.047825
12348	-1239.096	-1450.624	211.5285	0.9607234	8.084507	0.6710561	0.762517	0.237483	2.494447
12354	-1236.472	-1447.519	211.0468	0.8366322	5.322212	1.239616	0.664059	0.335941	2.876016
12360	-1231.414	-1443.121	211.7067	0.8392605	5.322212	1.137406	0.709015	0.290985	2.524464
12366	-1239.476	-1450.388	210.9126	0.8922001	5.519896	1.137406	0.686765	0.313235	2.946384
12372	-1239.789	-1451.399	211.6108	0.8535713	3.957574	1.137406	0.641681	0.358319	2.82626
12378	-1233.813	-1444.065	210.2521	0.6770097	5.537632	0.9788841	0.693512	0.306488	3.551346
12384	-1232.715	-1442.753	210.0379	0.7989629	4.47506	1.173305	0.667443	0.332557	3.671164
12390	-1232.926	-1443.382	210.4566	0.6845892	5.616569	1.173305	0.658526	0.341474	3.307497
12396	-1237.563	-1447.956	210.393	0.5745958	5.616569	1.381935	0.658526	0.341474	3.307497
12402	-1225.985	-1436.456	210.4709	0.7281253	5.226566	1.725828	0.744797	0.255203	3.084953
12408	-1241.324	-1451.816	210.4922	0.6151363	5.226566	1.670605	0.782103	0.217897	3.161476
12414	-1242.819	-1453.193	210.3742	0.6742377	5.226566	1.759568	0.722193	0.277807	3.161476
12420	-1242.678	-1452.426	209.7485	0.6271048	5.23726	1.759568	0.63764	0.36236	3.55515
12426	-1236.773	-1447.055	210.282	0.5526521	5.749255	1.759568	0.652814	0.347186	3.207715
12432	-1240.739	-1450.835	210.0953	0.7566969	5.062205	0.8426174	0.741986	0.258014	3.75444
12438	-1248.546	-1459.983	211.4376	0.9518979	5.062205	1.176531	0.786663	0.213337	2.643581
12444	-1241.944	-1452.677	210.7329	0.5857812	6.487082	1.525294	0.758382	0.241618	2.909462
12450	-1228.565	-1440.043	211.4777	0.6281759	6.418059	1.397124	0.819499	0.180501	2.494903
12456	-1225.231	-1435.794	210.5634	0.5974872	6.860725	1.397124	0.754052	0.245948	3.012524
12462	-1230.203	-1441.067	210.8634	0.6681316	6.590405	1.397124	0.72642	0.27358	2.824653
12468	-1238.634	-1449.455	210.8216	0.6943047	6.590405	1.417493	0.732492	0.267508	2.824653
12474	-1235.92	-1447.466	211.5456	0.8842416	4.710199	1.184766	0.763104	0.236896	2.676218
12480	-1240.479	-1451.632	211.1533	0.7237767	5.540515	1.468351	0.797808	0.202192	2.734358
12486	-1249.581	-1460.503	210.9229	0.959186	4.228371	1.468351	0.774405	0.225595	2.959859
12492	-1252.98	-1464.414	211.4338	0.9846652	4.228371	1.780182	0.728897	0.271103	2.499248
12498	-1257.742	-1468.345	210.6032	0.719479	5.262516	1.780182	0.796824	0.203176	2.983957
12504	-1268.066	-1478.99	210.9234	1.048647	4.275434	2.491634	0.694188	0.305812	2.519535
12510	-1249.303	-1460.476	211.1733	0.8151019	4.670992	1.501639	0.741644	0.258356	2.797939
12516	-1258.269	-1469.093	210.8239	0.6997434	5.526681	1.921433	0.732262	0.267738	2.766843
12522	-1264.027	-1475.386	211.3598	0.9437986	4.479666	2.113813	0.645469	0.354531	2.39599
12528	-1264.457	-1476.462	212.0045	0.8759687	4.479666	2.113813	0.666606	0.333394	2.022946
12534	-1247.052	-1458.056	211.0037	0.8443851	4.013244	1.630332	0.700488	0.299512	2.95302
12540	-1237.93	-1448.488	210.5581	0.8979007	3.998928	1.868628	0.634008	0.365992	3.097687
12546	-1243.106	-1453.806	210.6999	0.752569	4.29989	2.070375	0.555863	0.444137	2.96916
12552	-1258.739	-1467.027	208.2877	0.6073959	4.967759	1.822016	0.74842	0.25158	4.421653
12558	-1240.081	-1449.58	209.4993	0.6562537	4.633438	1.822016	0.688217	0.311783	3.758688
12564	-1269.845	-1478.874	209.0293	0.7044633	3.045509	2.911653	0.705881	0.294119	3.996183
12570	-1267.806	-1477.093	209.2871	0.564174	3.045509	3.063293	0.721843	0.278157	3.891868
12576	-1274.029	-1483.864	209.8348	0.5277724	3.199154	3.115771	0.683989	0.316011	3.547345
12582	-1264.678	-1475.507	210.8292	0.6899217	5.791424	1.232337	0.684399	0.315601	3.026438
12588	-1251.102	-1461.926	210.8241	0.7935412	5.094293	1.232337	0.7805	0.2195	3.076673
12594	-1257.492	-1468.988	211.4966	0.9432291	7.975173	1.048914	0.7805	0.2195	2.268508
12600	-1256.537	-1467.224	210.6875	0.7391187	7.975173	0.9714348	0.757733	0.242267	2.943831
12606	-1259.928	-1470.69	210.7624	0.7687138	9.414524	0.9714348	0.813373	0.186627	2.725313
12612	-1244.367	-1456.288	211.9213	0.9413632	4.315862	1.381872	0.692872	0.307128	2.379523
12618	-1249.029	-1459.646	210.6167	0.9651612	5.612557	1.289181	0.728014	0.271986	2.98719
12624	-1243.911	-1453.865	209.9544	0.8314951	9.022509	1.362472	0.803281	0.196719	3.004709
12630	-1250.798	-1461.67	210.8714	1.052521	9.134181	1.343625	0.762288	0.237712	2.299985
12636	-1247.317	-1457.587	210.2705	0.7360992	8.226537	1.722977	0.733947	0.266053	2.80028
12642	-1236.81	-1447.876	211.0655	0.8485281	5.824256	1.696532	0.733947	0.266053	2.568285
12648	-1240.401	-1451.416	211.0148	0.5358266	8.756312	1.328313	0.804884	0.195116	2.583632
12654	-1241.129	-1452.532	211.4032	0.8260828	6.302319	1.475463	0.81777	0.18223	2.39669
12660	-1249.448	-1460.521	211.0736	0.6904108	8.204071	1.475463	0.828595	0.171405	2.441743
12666	-1242.978	-1454.08	211.1024	0.5403748	8.189476	1.023748	0.801757	0.198243	2.756486
12672	-1242.742	-1454.729	211.9866	0.80563	7.184831	1.023748	0.792317	0.207683	2.158177
12678	-1247.201	-1458.768	211.5665	0.7317778	7.184831	1.380106	0.81455	0.18545	2.275942
12684	-1244.07	-1455.919	211.8488	0.8946832	9.63357	0.8330933	0.796309	0.203691	2.028165
12690	-1242.51	-1454.574	212.064	0.872344	3.062117	1.432097	0.702434	0.297566	2.593322
12696	-1239.599	-1450.644	211.0454	0.6854213	3.062117	1.755545	0.627228	0.372772	3.185344
12702	-1254.897	-1464.661	209.7637	0.556898	7.29976	1.075979	0.732234	0.267766	3.614851
12708	-1239.576	-1450.834	211.2578	0.793836	6.447361	1.075979	0.75865	0.24135	2.69438
12714	-1250.103	-1461.016	210.9123	0.7531429	6.434121	2.172147	0.678015	0.321985	2.453654
12720	-1252.475	-1463.352	210.8771	0.8078121	4.418957	2.172147	0.670058	0.329942	2.771244
12726	-1250.786	-1461.22	210.4333	0.6343597	5.01163	1.935823	0.655758	0.344242	3.119719
12732	-1241.009	-1452.057	211.0478	0.5818812	5.964208	1.655339	0.787513	0.212487	2.739459
12738	-1241.012	-1451.714	210.702	0.5954774	6.480602	1.655339	0.696046	0.303954	2.868002
12744	-1240.667	-1450.684	210.0176	0.663548	6.480602	1.851283	0.715313	0.284687	3.161013
12750	-1235.241	-1446.985	211.7447	0.9168146	4.93093	1.406069	0.716267	0.283733	2.378396
12756	-1237.6	-1449.384	211.7843	1.112497	5.457982	1.296175	0.738889	0.261111	2.192053
12762	-1238.887	-1450.707	211.8198	0.942171	5.457982	1.724255	0.795747	0.204253	2.074971
12768	-1243.378	-1453.977	210.5985	0.8932984	5.457982	1.563024	0.708926	0.291074	2.93935
12774	-1245.683	-1456.764	211.0811	0.9805882	5.814597	1.632913	0.701379	0.298621	2.504652
12780	-1255.952	-1467.196	211.2439	0.901931	4.932061	1.632913	0.790976	0.209024	2.597644
12786	-1247.541	-1459.027	211.4863	0.8837304	4.932061	1.331068	0.738219	0.261781	2.597644
12792	-1248.733	-1458.676	209.9427	0.80603	8.398185	1.822262	0.773572	0.226428	2.898642
12798	-1254.795	-1466.375	211.5801	0.8054235	9.530171	1.08194	0.713749	0.286251	2.105268
12804	-1257.815	-1468.959	211.1447	0.6711378	9.530171	1.323485	0.77995	0.22005	2.337094
12810	-1250.098	-1460.036	209.9379	0.6786649	6.110748	1.310911	0.6869	0.3131	3.475306
12816	-1239.868	-1450.547	210.6785	0.8499922	6.074168	0.9867681	0.740621	0.259379	3.115664
12822	-1240.615	-1452.008	211.3927	0.7407757	7.57329	1.124046	0.768633	0.231367	2.467488
12828	-1245.526	-1456.611	211.0849	0.718177	7.57329	1.124046	0.782089	0.217911	2.672615
12834	-1239.007	-1450.21	211.2021	0.8303191	6.742893	1.388565	0.803295	0.196705	2.49955
12840	-1244.153	-1454.626	210.4737	0.7880474	5.38224	2.248913	0.761412	0.238588	2.835919
12846	-1241.254	-1451.857	210.6036	0.7350873	5.38224	2.149167	0.732829	0.267171	2.822163
12852	-1249.926	-1460.911	210.9845	0.8352742	5.597236	2.149167	0.76422	0.23578	2.491323
12858	-1240.405	-1451.28	210.8757	0.700428	5.851596	1.660767	0.770221	0.229779	2.786706
12864	-1244.777	-1454.495	209.718	0.6643436	5.783315	1.442375	0.658459	0.341541	3.59799
12870	-1237.535	-1447.844	210.3087	0.5506535	4.513986	1.280465	0.658563	0.341437	3.59799
12876	-1230.082	-1439.956	209.8739	0.5852858	4.69353	1.280465	0.681656	0.318344	3.798213
12882	-1219.957	-1431.078	211.1216	0.7166964	5.135122	1.395523	0.681656	0.318344	2.857326
12888	-1230.534	-1441.946	211.4124	0.7200427	5.547019	1.489512	0.728275	0.271725	2.566249
12894	-1230.212	-1440.97	210.758	0.6491292	6.714727	1.419925	0.728275	0.271725	2.87279
12900	-1235.715	-1446.346	210.6306	0.8842261	5.251154	1.465244	0.728275	0.271725	3.001312
12906	-1249.055	-1459.955	210.8999	0.6451603	4.244877	1.389681	0.728275	0.271725	3.193728
12912	-1253.906	-1464.207	210.3012	0.661254	4.244877	1.389681	0.621768	0.378232	3.535937
12918	-1244.22	-1454.791	210.5709	0.7024156	4.169193	1.144624	0.762893	0.237107	3.488649
12924	-1249.284	-1459.933	210.6498	0.8654232	3.918552	1.365636	0.756877	0.243123	3.28646
12930	-1256.551	-1467.422	210.8718	0.870165	3.918552	1.365636	0.763242	0.236758	3.152228
12936	-1246.124	-1457.677	211.5522	1.016461	4.300634	1.365636	0.661067	0.338933	2.574765
12942	-1246.323	-1457.169	210.8465	0.9289676	4.507444	2.034612	0.64174	0.35826	2.746657
12948	-1242.719	-1453.644	210.9245	0.7888581	4.507444	2.143521	0.746448	0.253552	2.746932
12954	-1243.839	-1455.763	211.9245	0.8741968	4.24491	2.143521	0.740443	0.259557	2.114484
12960	-1252.133	-1463.656	211.5228	0.8192691	7.121317	1.335066	0.806924	0.193076	2.279242
12966	-1260.376	-1471.644	211.268	0.6716888	5.904361	1.335066	0.758273	0.241727	2.70324
12972	-1253.599	-1465.106	211.5067	0.746166	5.320317	1.294788	0.750149	0.249851	2.622365
12978	-1245.909	-1457.049	211.1401	0.9283673	5.965335	1.837774	0.751531	0.248469	2.392696
12984	-1245.704	-1457.321	211.6177	1.069921	5.034908	1.352065	0.7733	0.2267	2.370124
12990	-1246.337	-1457.499	211.1628	0.6800488	5.190633	1.352065	0.775108	0.224892	2.866059
12996	-1246.16	-1457.046	210.8862	0.7532407	4.13023	1.352065	0.775108	0.224892	3.177414
13002	-1247.57	-1458.157	210.5874	0.959089	4.13023	1.234712	0.683354	0.316646	3.289507
13008	-1247.675	-1459.136	211.4609	0.8743186	3.464788	1.284083	0.648031	0.351969	2.934317
13014	-1247.219	-1457.447	210.2278	0.8420391	5.091162	1.817812	0.686718	0.313282	3.148582
13020	-1248.649	-1459.091	210.4424	0.7353237	4.559756	1.627368	0.673622	0.326378	3.250147
13026	-1244.305	-1454.879	210.5734	0.8227547	4.21964	1.868992	0.673622	0.326378	3.089878
13032	-1246.435	-1458.271	211.8366	0.8718694	5.906115	1.243219	0.798535	0.201465	2.268971
13038	-1242.929	-1455.269	212.3399	1.040139	4.72544	1.339687	0.713263	0.286737	1.984298
13044	-1247.037	-1458.732	211.6948	0.9096457	5.478755	1.341843	0.794745	0.205255	2.35227
13050	-1244.248	-1456.611	212.3623	0.997088	5.521094	1.341843	0.818523	0.181477	1.848894
13056	-1245.88	-1458.755	212.8748	1.136696	5.521094	0.692719	0.819468	0.180532	1.850957
13062	-1245.507	-1456.441	210.9336	0.8348416	5.269078	1.373079	0.706211	0.293789	2.888207
13068	-1247.722	-1457.987	210.2643	0.7397108	5.269776	1.373079	0.634361	0.365639	3.343516
13074	-1242.168	-1453.116	210.9479	0.8497639	6.172757	1.165025	0.763165	0.236835	2.838297
13080	-1228.684	-1440.065	211.3812	0.805471	6.521959	1.232186	0.695239	0.304761	2.513506
13086	-1237.811	-1449.507	211.6963	0.9824363	5.823332	1.313567	0.681864	0.318136	2.263615
13092	-1241.907	-1454.506	212.5984	1.051095	5.513308	1.182495	0.748161	0.251839	1.741921
13098	-1249.436	-1461.692	212.2557	1.016001	7.396326	1.014203	0.748161	0.251839	1.814831
13104	-1243.152	-1454.286	211.1339	0.8286676	7.486021	0.830606	0.795999	0.204001	2.769342
13110	-1250.707	-1462.017	211.31	0.8454165	7.486021	0.8031067	0.73512	0.26488	2.670819
13116	-1254.626	-1465.343	210.7167	0.7107728	7.803209	0.8031067	0.706526	0.293474	3.073712
13122	-1247.328	-1457.663	210.3344	0.7417908	5.257466	0.8031067	0.726352	0.273648	3.620304
13128	-1233.347	-1444.161	210.8138	0.7281441	7.356293	1.042286	0.713117	0.286883	2.905285
13134	-1241.911	-1452.545	210.6338	0.7489333	6.360034	1.629779	0.776236	0.223764	2.843597
13140	-1254.456	-1464.645	210.1887	0.6997906	5.826493	1.293633	0.732264	0.267736	3.364684
13146	-1253.421	-1464.601	211.1794	0.8610205	6.402179	0.7630107	0.614594	0.385406	2.911501
13152	-1238.342	-1449.628	211.286	0.6292202	6.536806	1.183791	0.782476	0.217524	2.705301
13158	-1241.346	-1452.661	211.3146	0.7661153	5.886917	1.169079	0.725384	0.274616	2.705301
13164	-1242.506	-1453.738	211.2323	0.6755713	5.886917	1.376228	0.702682	0.297318	2.705301
13170	-1242.96	-1453.324	210.364	0.679507	4.347588	1.656837	0.793083	0.206917	3.355904
13176	-1244.157	-1455.361	211.2042	0.8627603	4.347588	1.646656	0.735617	0.264383	2.747635
13182	-1248.889	-1460.22	211.3305	0.5792478	5.333555	1.467993	0.787276	0.212724	2.747635
13188	-1242.576	-1453.782	211.2059	0.7842203	7.873975	1.284695	0.771128	0.228872	2.432839
13194	-1241.732	-1453.016	211.2833	0.7842203	7.873975	0.7895657	0.749914	0.250086	2.687768
13200	-1240.827	-1452.569	211.7423	0.8629565	4.433904	1.807976	0.664469	0.335531	2.329352
13206	-1239.888	-1450.942	211.0547	0.7328443	5.141728	1.807976	0.690949	0.309051	2.71111
13212	-1242.687	-1452.956	210.2692	0.9098776	5.141728	2.236011	0.662347	0.337653	2.929246
13218	-1234.092	-1444.516	210.4233	0.8544923	5.29306	1.619472	0.743107	0.256893	3.070121
13224	-1242.541	-1453.006	210.4653	0.6773431	7.583867	0.9517427	0.775793	0.224207	3.171258
13230	-1247.343	-1457.956	210.6128	0.7904275	7.583867	1.238256	0.68765	0.31235	2.853921
13236	-1257.34	-1467.319	209.979	0.61718	6.914632	1.238256	0.767732	0.232268	3.416498
13242	-1253.974	-1464.592	210.6187	0.7550343	5.051906	1.493486	0.665079	0.334921	3.10574
13248	-1257.37	-1467.993	210.6238	0.6729456	5.051906	1.600973	0.566427	0.433573	3.10574
13254	-1261.415	-1472.431	211.016	0.7188044	7.148433	1.307018	0.717245	0.282755	2.670653
13260	-1233.056	-1443.912	210.8563	0.8049489	5.242728	1.858163	0.73186	0.26814	2.752262
13266	-1233.663	-1444.6	210.9361	0.7693888	4.730769	1.099613	0.708438	0.291562	3.15644
13272	-1244.897	-1455.369	210.4724	0.6866352	4.702997	1.527208	0.752545	0.247455	3.277669
13278	-1251.161	-1461.459	210.2971	0.8218881	5.013229	2.819542	0.769517	0.230483	2.814454
13284	-1249.338	-1460.253	210.9152	0.9094495	5.222377	1.727859	0.732354	0.267646	2.706644
13290	-1246.838	-1458.209	211.3706	0.8248456	5.222377	1.494433	0.748339	0.251661	2.578042
13296	-1254.581	-1465.69	211.1089	0.8835228	6.498999	1.494433	0.671439	0.328561	2.508347
13302	-1240.885	-1451.77	210.8854	0.6742585	5.515437	1.925929	0.738046	0.261954	2.744992
13308	-1244.157	-1454.724	210.5665	0.7925367	5.515437	1.687173	0.764935	0.235065	2.958682
13314	-1242.769	-1454.496	211.7273	0.7996701	5.336509	1.061608	0.778202	0.221798	2.577812
13320	-1240.378	-1450.698	210.3201	0.698558	5.788978	1.625265	0.738265	0.261735	3.145934
13326	-1241.141	-1451.809	210.6683	0.8152484	5.747369	0.8726553	0.772776	0.227224	3.261209
13332	-1234.373	-1445.143	210.77	0.6212515	6.007041	1.218969	0.740589	0.259411	3.07819
13338	-1251.901	-1461.565	209.664	0.7074253	5.242865	1.469079	0.75009	0.24991	3.673802
13344	-1269.292	-1481.501	212.2083	1.106937	4.862272	1.78967	0.747688	0.252312	1.782647
13350	-1253.979	-1463.408	209.4298	0.6666338	3.956476	1.469079	0.69744	0.30256	4.054729
13356	-1259.951	-1468.938	208.9865	0.3986011	3.988802	1.469079	0.729654	0.270346	4.451598
13362	-1249.521	-1459.008	209.4873	0.7192895	5.427306	1.477786	0.69631	0.30369	3.737007
13368	-1255.59	-1467.182	211.5917	0.8976125	5.034224	1.540946	0.653331	0.346669	2.405372
13374	-1250.292	-1460.627	210.3353	0.7058126	4.711609	1.841642	0.76752	0.23248	3.220968
13380	-1247.678	-1457.838	210.1606	0.663769	5.057746	1.841642	0.76752	0.23248	3.290515
13386	-1241.929	-1452.668	210.7382	0.6717064	4.212278	1.841642	0.741438	0.258562	3.093247
13392	-1246.232	-1455.981	209.7491	0.6666219	5.025602	2.56086	0.780239	0.219761	3.304636
13398	-1236.791	-1446.071	209.28	0.6084702	3.957193	2.376335	0.668555	0.331445	3.855347
13404	-1243.013	-1453.983	210.97	0.6651129	6.070916	1.472823	0.748047	0.251953	2.79966
13410	-1245.67	-1457.14	211.4701	0.7412786	8.652019	0.9901762	0.799502	0.200498	2.371598
13416	-1249.231	-1460.72	211.4892	0.8177057	8.128891	0.9901762	0.797782	0.202218	2.371598
13422	-1250.307	-1462.064	211.7578	0.8726052	5.499668	1.157221	0.757207	0.242793	2.431117
13428	-1258.648	-1469.415	210.7671	0.7497275	7.210924	1.157221	0.662037	0.337963	2.873775
13434	-1245.902	-1456.746	210.8437	0.849182	3.24044	1.315697	0.691271	0.308729	3.352823
13440	-1252.638	-1463.214	210.5767	0.7073198	3.944559	1.34431	0.723351	0.276649	3.427017
13446	-1247.097	-1457.386	210.2893	0.7400198	4.738046	1.322875	0.723351	0.276649	3.439619
13452	-1232.741	-1442.995	210.2542	0.6204962	4.972441	1.38837	0.659987	0.340013	3.460291
13458	-1240.174	-1450.425	210.2508	0.623851	4.972441	1.38837	0.672327	0.327673	3.460291
13464	-1235.389	-1445.172	209.7834	0.9227437	4.972441	1.74193	0.6991	0.3009	3.411505
13470	-1260.813	-1471.982	211.1685	0.7883669	4.94464	1.401819	0.68552	0.31448	2.814648
13476	-1258.833	-1469.653	210.8202	0.6794738	4.94464	1.150989	0.745851	0.254149	3.214049
13482	-1258.774	-1469.396	210.6214	0.6993473	4.72487	1.445465	0.715895	0.284105	3.214049
13488	-1257.12	-1467.432	210.3118	0.6957585	4.72487	1.565736	0.659906	0.340094	3.346862
13494	-1251.286	-1462.125	210.8389	0.725013	5.039633	1.565736	0.765427	0.234573	2.9627
13500	-1250.519	-1460.625	210.1058	0.7438264	5.039633	1.052902	0.761662	0.238338	3.632527
13506	-1262.59	-1473.439	210.8485	0.777727	5.854604	1.018151	0.752927	0.247073	3.070438
13512	-1253.717	-1465.193	211.4764	0.953274	4.652298	1.589538	0.727125	0.272875	2.490298
13518	-1243.947	-1454.949	211.0017	0.906535	4.652298	1.362761	0.683677	0.316323	2.913972
13524	-1256.536	-1466.696	210.1606	0.7317342	3.576407	2.242688	0.745305	0.254695	3.391674
13530	-1249.717	-1459.654	209.9367	0.8188487	4.502809	1.739522	0.687047	0.312953	3.464092
13536	-1260.307	-1471.319	211.012	0.7656003	4.251848	1.739522	0.648331	0.351669	2.904204
13542	-1250.071	-1460.734	210.663	0.8932024	4.251848	1.472907	0.712324	0.287676	3.148215
13548	-1247.918	-1458.575	210.6567	0.6184521	4.987957	1.71157	0.675315	0.324685	3.084415
13554	-1263.437	-1475.326	211.8895	1.030355	5.347446	1.943316	0.743783	0.256217	1.89688
13560	-1265.023	-1476.224	211.201	0.8019647	4.627583	2.268299	0.735783	0.264217	2.503757
13566	-1254.102	-1465.328	211.2252	0.7402458	4.705664	1.812039	0.694023	0.305977	2.676398
13572	-1242.409	-1453.427	211.0187	0.892651	5.524771	1.812039	0.779351	0.220649	2.570286
13578	-1257.714	-1468.946	211.2321	0.7562849	7.047522	1.223389	0.751116	0.248884	2.570286
13584	-1263.87	-1473.992	210.122	0.6750559	4.594472	1.216003	0.692165	0.307835	3.651613
13590	-1253.781	-1463.61	209.8285	0.6914753	6.611308	1.009268	0.788907	0.211093	3.622007
13596	-1249.372	-1458.41	209.0383	0.6106255	5.609496	0.8920115	0.721534	0.278466	4.326648
13602	-1255.379	-1466.441	211.0621	0.8765305	6.346899	1.6388	0.674827	0.325173	2.499588
13608	-1249.508	-1460.941	211.4334	0.6868305	5.460819	1.6388	0.78867	0.21133	2.52169
13614	-1250.856	-1460.55	209.6943	0.7041889	4.609102	2.134672	0.695563	0.304437	3.514659
13620	-1241.235	-1450.891	209.6554	0.4728184	5.939773	1.45458	0.695563	0.304437	3.717542
13626	-1245.171	-1455.477	210.3061	0.6343852	5.939773	1.200196	0.777833	0.222167	3.364312
13632	-1249.3	-1459.44	210.1403	0.6571833	5.026685	1.765711	0.74274	0.25726	3.339898
13638	-1253.371	-1463.348	209.9771	0.5262418	4.972817	1.765711	0.706837	0.293163	3.520883
13644	-1247.431	-1458.12	210.6891	0.6982628	3.90276	1.859962	0.738528	0.261472	3.161218
13650	-1257.053	-1467.703	210.6502	0.8045851	6.849989	1.273918	0.729773	0.270227	2.896614
13656	-1246.337	-1457.652	211.3145	0.7990194	8.505974	1.273918	0.81891	0.18109	2.285496
13662	-1252.457	-1464.324	211.8664	0.8541683	7.750288	1.273918	0.817928	0.182072	1.981464
13668	-1259.533	-1470.737	211.2038	0.8833504	8.341141	1.546718	0.782447	0.217553	2.18624
13674	-1261.781	-1471.697	209.9162	0.65078	5.044025	1.519494	0.745516	0.254484	3.570428
13680	-1245.834	-1457.739	211.9048	0.9569468	9.85018	1.200795	0.829056	0.170944	1.672316
13686	-1245.016	-1456.416	211.4005	0.9577192	9.291116	1.200795	0.798157	0.201843	2.078525
13692	-1242.125	-1453.253	211.1285	0.9287991	9.291116	1.626631	0.721847	0.278153	2.060102
13698	-1241.833	-1453.347	211.5138	0.9498008	8.261516	1.626631	0.770873	0.229127	1.909595
13704	-1239.967	-1451.119	211.1524	0.7061066	7.003275	1.527978	0.794686	0.205314	2.507772
13710	-1252.473	-1463.273	210.8006	0.6891109	5.315771	1.484164	0.748111	0.251889	2.997589
13716	-1248.551	-1459.451	210.8999	0.699808	5.077295	1.484164	0.677676	0.322324	2.970398
13722	-1249.52	-1460.447	210.9272	0.6603942	4.098041	1.484164	0.685752	0.314248	3.154283
13728	-1238.932	-1450.095	211.1629	0.6071949	4.781644	1.285855	0.720536	0.279464	3.01157
13734	-1266.144	-1477.289	211.1442	0.8057259	6.353787	1.084418	0.775368	0.224632	2.764871
13740	-1239.382	-1450.157	210.7746	0.7349113	5.462369	1.745862	0.786776	0.213224	2.852724
13746	-1241.805	-1452.605	210.7993	0.7048106	5.122468	1.052367	0.738024	0.261976	3.236328
13752	-1240.395	-1450.495	210.1001	0.5813943	5.122468	1.192469	0.74929	0.25071	3.642524
13758	-1235.522	-1446.591	211.0689	0.6459404	5.132697	1.408287	0.736785	0.263215	2.926404
13764	-1246.489	-1456.473	209.9842	0.58862	4.513645	1.702204	0.744792	0.255208	3.582999
13770	-1242.501	-1452.491	209.9904	0.6825202	4.690574	1.94002	0.729787	0.270213	3.405885
13776	-1250.475	-1460.972	210.4972	0.7890194	4.753508	2.652529	0.710272	0.289728	2.804391
13782	-1244.686	-1456.09	211.4039	0.6970041	4.871464	1.876761	0.804186	0.195814	2.537714
13788	-1247.879	-1459.207	211.3282	0.8918918	4.871464	1.99756	0.689707	0.310293	2.41755
13794	-1250.243	-1462.02	211.7778	0.9547366	5.399018	1.4238	0.732094	0.267906	2.242791
13800	-1244.225	-1455.947	211.722	0.9569553	5.639142	1.819731	0.655474	0.344526	2.058313
13806	-1233.203	-1445.141	211.9382	1.006987	5.634881	1.819731	0.760728	0.239272	1.880585
13812	-1231.059	-1442.916	211.8576	1.011656	5.634881	1.408627	0.78981	0.21019	2.122089
13818	-1242.001	-1453.897	211.8961	0.9548625	5.634881	1.411217	0.670821	0.329179	2.132709
13824	-1249.555	-1460.645	211.0906	0.762006	5.634881	2.098153	0.791508	0.208492	2.482692
13830	-1250.723	-1461.504	210.7814	0.7788113	5.767569	1.347303	0.729518	0.270482	2.948373
13836	-1262.207	-1473.256	211.0491	0.7028866	5.767569	1.695901	0.771978	0.228022	2.67734
13842	-1254.385	-1466.003	211.6178	1.074235	8.578462	1.005953	0.80601	0.19399	2.059321
13848	-1244.074	-1456.08	212.006	1.120716	7.693142	1.216123	0.80601	0.19399	1.744871
13854	-1233.92	-1445.892	211.9725	1.056028	7.406261	1.406801	0.798525	0.201475	1.744871
13860	-1244.074	-1454.939	210.8648	0.804152	5.055642	1.737511	0.752299	0.247701	2.825712
13866	-1243.037	-1453.086	210.0495	0.6656064	6.398712	1.737511	0.736362	0.263638	3.195076
13872	-1235.057	-1445.222	210.1646	0.5819501	6.603369	1.654186	0.695385	0.304615	3.182021
13878	-1244.745	-1454.995	210.2496	0.6380786	6.603369	1.586646	0.708911	0.291089	3.125866
13884	-1248.656	-1459.316	210.66	0.8148111	6.903393	1.505322	0.708911	0.291089	2.767846
13890	-1244.915	-1455.276	210.3613	0.5236204	7.012882	1.505322	0.746646	0.253354	3.109272
13896	-1245.448	-1456.019	210.5715	0.7432771	6.589831	2.186544	0.760342	0.239658	2.645078
13902	-1247.372	-1458.787	211.4156	1.131932	6.794988	1.821622	0.710708	0.289292	1.964366
13908	-1254.543	-1466.541	211.9972	0.9265762	8.700222	0.8733676	0.801421	0.198579	1.983338
13914	-1253.312	-1465.063	211.7512	0.755626	9.963419	0.8236599	0.820881	0.179119	2.156062
13920	-1251.443	-1462.935	211.4924	0.7832439	5.952298	1.254866	0.754614	0.245386	2.529124
13926	-1245.648	-1456.824	211.1762	0.7579458	5.952298	1.186699	0.724741	0.275259	2.775678
13932	-1244.381	-1456.206	211.8244	0.8183416	5.223115	1.38332	0.674107	0.325893	2.350182
13938	-1241.201	-1452.425	211.2242	0.656955	6.313074	1.453959	0.810646	0.189354	2.622532
13944	-1248.839	-1461.338	212.4989	1.170172	5.257948	1.229512	0.757452	0.242548	1.746821
13950	-1242.483	-1455.152	212.6692	1.281262	6.212144	1.229512	0.780827	0.219173	1.361987
13956	-1230.048	-1441.915	211.8667	0.9384794	6.562131	1.229512	0.780827	0.219173	2.114466
13962	-1228.69	-1439.642	210.952	0.9322715	5.270665	1.229512	0.706951	0.293049	2.889069
13968	-1224.812	-1436.598	211.7864	0.956684	5.258559	1.229512	0.75011	0.24989	2.360234
13974	-1235.304	-1446.623	211.3189	0.9623812	7.505459	1.163726	0.817097	0.182903	2.360234
13980	-1226.826	-1438.726	211.9007	0.9419464	7.505459	1.641495	0.751176	0.248824	1.74167
13986	-1220.784	-1432.564	211.7807	1.046032	6.182903	1.657458	0.789264	0.210736	1.94209
13992	-1241.981	-1453.332	211.3514	0.7938919	5.845138	1.299289	0.769151	0.230849	2.60339
13998	-1248.944	-1460.273	211.3294	0.9073947	5.845138	1.426971	0.689889	0.310111	2.483638
14004	-1245.5	-1456.457	210.9573	0.9679323	4.728638	1.610409	0.788968	0.211032	2.77877
14010	-1240.794	-1452.984	212.1908	1.147409	6.100407	0.9020488	0.801918	0.198082	2.040244
14016	-1237.44	-1449.529	212.089	1.10343	7.308537	1.211282	0.766519	0.233481	1.755817
14022	-1239.016	-1451.398	212.3824	1.127878	6.50824	1.167498	0.766519	0.233481	1.679963
14028	-1244.556	-1456.697	212.1409	1.007511	6.50824	1.167145	0.766519	0.233481	1.930608
14034	-1234.81	-1446.321	211.5112	0.967565	7.240004	1.72029	0.793369	0.206631	1.99105
14040	-1236.933	-1448.398	211.4656	0.7698596	6.49176	1.494297	0.794232	0.205768	2.356439
14046	-1244.841	-1456.406	211.5649	0.9353779	6.49176	1.166563	0.739647	0.260353	2.356439
14052	-1247.245	-1458.55	211.3047	0.8874585	6.49176	1.891284	0.742533	0.257467	2.21378
14058	-1245.31	-1457.109	211.7988	1.223782	6.49176	2.266476	0.784722	0.215278	1.495543
14064	-1242.295	-1453.459	211.1638	0.9522014	5.382658	1.601359	0.718107	0.281893	2.553177
14070	-1244.046	-1454.872	210.8258	0.6847616	5.935988	1.601359	0.708856	0.291144	2.838816
14076	-1247.178	-1457.205	210.0264	0.5706167	5.772888	1.273117	0.76032	0.23968	3.552766
14082	-1245.651	-1456.303	210.6527	0.7080408	6.217438	1.172226	0.814468	0.185532	3.090903
14088	-1246.018	-1456.294	210.2766	0.5449334	6.626758	1.403025	0.7317	0.2683	3.24226
14094	-1254.374	-1464.715	210.3416	0.4902468	7.316573	1.403025	0.705123	0.294877	3.14902
14100	-1245.877	-1455.91	210.0324	0.7626086	7.316573	1.409114	0.633688	0.366312	3.168066
14106	-1252.225	-1463.053	210.8277	0.7752844	7.922316	1.409114	0.678477	0.321523	2.606614
14112	-1242.454	-1453.397	210.9425	0.68647	7.471615	1.409114	0.65358	0.34642	2.645191
14118	-1239.277	-1449.854	210.5776	0.6094208	6.689653	1.409114	0.724479	0.275521	3.013692
14124	-1245.084	-1455.956	210.8717	0.5759879	5.398339	1.458074	0.70662	0.29338	3.021307
14130	-1235.719	-1446.708	210.9893	0.6709795	5.245267	1.815376	0.693074	0.306926	2.768859
14136	-1239.824	-1450.802	210.9779	0.7343991	5.055301	1.815376	0.672013	0.327987	2.768859
14142	-1237.125	-1449.054	211.929	0.7780406	6.172072	1.217953	0.718062	0.281938	2.242744
14148	-1248.074	-1459.51	211.4358	0.6367922	6.349095	1.6942	0.77896	0.22104	2.391463
14154	-1237.055	-1447.6	210.5448	0.5520108	4.773331	1.735154	0.66362	0.33638	3.217653
14160	-1240.917	-1451.687	210.7699	0.6053434	4.622372	2.13239	0.6898	0.3102	2.934751
14166	-1243.786	-1455.114	211.3285	0.6472457	4.622372	1.776949	0.717831	0.282169	2.699028
14172	-1250.873	-1462.804	211.9304	0.9024381	4.622372	1.776949	0.640896	0.359104	2.158785
14178	-1259.26	-1470.751	211.4916	0.791475	6.251961	0.9765499	0.639229	0.360771	2.639679
14184	-1242.148	-1453.077	210.9295	0.6840842	6.012654	0.9793923	0.767209	0.232791	3.078196
14190	-1254.376	-1465.939	211.5636	0.8759252	5.179669	0.9114441	0.735433	0.264567	2.751121
14196	-1239.083	-1450.895	211.8127	0.8840879	6.509883	1.012839	0.765296	0.234704	2.320645
14202	-1247.997	-1459.888	211.8909	0.8850516	6.674238	1.344449	0.841947	0.158053	2.054802
14208	-1257.641	-1469.293	211.6519	0.8431461	6.674238	1.235415	0.756509	0.243491	2.295601
14214	-1260.791	-1472.233	211.442	0.8981729	8.090598	1.235415	0.763768	0.236232	2.209784
14220	-1259.588	-1470.117	210.5281	0.6353396	5.958017	2.000873	0.677514	0.322486	2.891289
14226	-1255.745	-1466.568	210.8239	0.7501899	4.865546	2.000873	0.707872	0.292128	2.816858
14232	-1240.408	-1451.73	211.3224	0.5612472	6.67337	1.396697	0.770631	0.229369	2.597699
14238	-1235.953	-1447.008	211.0555	0.5877809	6.67337	1.396697	0.706811	0.293189	2.745574
14244	-1240.194	-1451.04	210.8463	0.6109259	6.67337	1.396697	0.758998	0.241002	2.858759
14250	-1240.551	-1452.069	211.5182	0.7747105	6.825134	1.431778	0.747425	0.252575	2.302681
14256	-1249.4	-1459.707	210.3066	0.4663321	4.617844	1.431778	0.707217	0.292783	3.56012
14262	-1235.034	-1445.333	210.2984	0.5375383	4.617844	1.431778	0.694448	0.305552	3.523469
14268	-1247.129	-1457.606	210.4766	0.5913437	5.681621	1.777618	0.694448	0.305552	3.072143
14274	-1238.378	-1449.897	211.5186	0.8872583	7.677764	1.409369	0.748209	0.251791	2.127196
14280	-1233.099	-1444.925	211.8265	0.7866991	6.822856	1.409369	0.733228	0.266772	2.106957
14286	-1230.251	-1440.889	210.638	0.4924779	6.984175	1.409369	0.725043	0.274957	3.00923
14292	-1246.086	-1456.425	210.339	0.5363745	6.984175	1.409369	0.746584	0.253416	3.161434
14298	-1242.312	-1453.419	211.1069	0.8259163	5.251727	1.409369	0.797051	0.202949	2.774097
14304	-1246.161	-1457.083	210.9221	0.821443	5.251727	1.409369	0.750043	0.249957	2.889036
14310	-1255.222	-1465.779	210.5579	0.8309669	5.838652	1.403458	0.774522	0.225478	3.014248
14316	-1255.071	-1466.276	211.2043	0.9135323	5.861223	1.403458	0.741314	0.258686	2.566554
14322	-1264.131	-1476.435	212.3044	0.9135323	4.89793	1.403458	0.741314	0.258686	2.025597
14328	-1252.332	-1464.134	211.8018	1.08027	4.197599	1.403458	0.719865	0.280135	2.380567
14334	-1249.225	-1460.749	211.5241	0.6822024	9.564908	1.191164	0.788038	0.211962	2.153862
14340	-1251.186	-1461.856	210.6692	0.6949453	8.642001	1.35113	0.662677	0.337323	2.699838
14346	-1247.307	-1458.031	210.7241	0.6405557	7.314578	1.252072	0.786765	0.213235	2.903085
14352	-1249.132	-1460.034	210.9016	0.6667856	4.55347	1.55729	0.694814	0.305186	3.048277
14358	-1257.231	-1467.516	210.2848	0.6170198	4.611551	1.419422	0.729185	0.270815	3.491625
14364	-1253.086	-1463.674	210.5886	0.8290779	6.462982	1.005806	0.619799	0.380201	3.116413
14370	-1244.391	-1454.579	210.1888	0.7002363	7.219745	1.005806	0.709485	0.290515	3.332212
14376	-1236.688	-1447.219	210.5311	0.7036628	6.814001	1.415438	0.710984	0.289016	2.965759
14382	-1244.048	-1454.424	210.3758	0.8216062	6.814001	1.415438	0.719956	0.280044	2.988221
14388	-1252.717	-1463.56	210.844	0.5359036	8.55198	1.704071	0.77404	0.22596	2.541745
14394	-1252.069	-1463.526	211.4571	0.7561193	8.55198	1.088913	0.780998	0.219002	2.320818
14400	-1248.552	-1459.551	210.9995	0.7620579	5.204808	2.192736	0.746074	0.253926	2.577032
14406	-1239.998	-1450.026	210.0282	0.704658	5.204808	2.192736	0.683175	0.316825	3.1996
14412	-1258.393	-1470.199	211.8062	0.9364399	6.639526	1.854815	0.773421	0.226579	1.841089
14418	-1256.716	-1467.862	211.1462	0.8802364	5.323463	2.253192	0.773421	0.226579	2.370587
14424	-1226.789	-1436.808	210.0191	0.7358595	6.547968	2.192736	0.721795	0.278205	2.989084
14430	-1243.181	-1453.023	209.8414	0.6591303	4.484259	1.66008	0.719059	0.280941	3.646599
14436	-1250.782	-1461.102	210.3192	0.7834038	4.484259	1.63144	0.719059	0.280941	3.306397
14442	-1230.485	-1440.301	209.8155	0.6757122	4.939229	1.086738	0.751828	0.248172	3.837147
14448	-1233.324	-1443.091	209.7673	0.7239417	4.939229	1.086738	0.70252	0.29748	3.837147
14454	-1239.684	-1449.921	210.2366	0.7980414	5.403907	0.993566	0.70252	0.29748	3.501496
14460	-1228.965	-1440.14	211.1746	0.8922768	5.403907	1.143448	0.749238	0.250762	2.8027
14466	-1233.368	-1444.031	210.663	0.8046699	6.276865	1.143448	0.733288	0.266712	3.034119
14472	-1227.603	-1438.681	211.0782	0.6735874	7.018674	1.609107	0.743066	0.256934	2.536395
14478	-1230.983	-1442.864	211.8805	0.8673708	6.976661	0.9882924	0.800493	0.199507	2.238125
14484	-1247.659	-1458.359	210.7006	0.7479943	6.108672	0.811734	0.714611	0.285389	3.270701
14490	-1238.991	-1450.795	211.8038	1.044015	5.644831	0.9385594	0.714611	0.285389	2.404029
14496	-1248.142	-1459.784	211.6425	0.9557722	5.644831	1.59407	0.781253	0.218747	2.208108
14502	-1240.53	-1452.287	211.7569	0.9557722	5.275334	2.12128	0.757134	0.242866	1.979917
14508	-1251.007	-1463.118	212.1113	0.8770762	7.074623	1.126336	0.727608	0.272392	1.979917
14514	-1252.175	-1462.815	210.6404	0.7276727	9.287342	1.126336	0.790219	0.209781	2.7465
14520	-1235.754	-1447.161	211.4069	0.98349	7.370171	0.8787302	0.796139	0.203861	2.48619
14526	-1238.919	-1449.671	210.7519	0.8204856	6.965331	0.8787302	0.794664	0.205336	3.037488
14532	-1247.507	-1458.435	210.9283	0.8663001	6.965331	1.403799	0.75879	0.24121	2.610173
14538	-1238.011	-1449.717	211.7054	0.9349091	6.760332	1.150897	0.66693	0.33307	2.237744
14544	-1244.204	-1454.989	210.7848	0.8800148	7.473649	2.139027	0.67815	0.32185	2.32509
14550	-1229.423	-1441.395	211.972	1.082901	5.872981	1.384051	0.74519	0.25481	1.972469
14556	-1235.766	-1446.477	210.711	0.8360899	6.324078	1.3056	0.736833	0.263167	2.896041
14562	-1240.488	-1451.156	210.6679	0.6522926	6.324078	1.411695	0.762349	0.237651	2.982062
14568	-1233.953	-1445.754	211.8005	0.8944769	6.69448	0.8600442	0.776608	0.223392	2.397638
14574	-1236.386	-1446.997	210.6113	0.7332913	6.69448	0.8882896	0.817733	0.182267	3.201792
14580	-1236.817	-1447.425	210.6079	0.7650625	7.103449	0.7864718	0.74764	0.25236	3.201792
14586	-1231.572	-1443.243	211.6713	0.7650625	7.348089	0.9364415	0.74764	0.25236	2.421171
14592	-1240.91	-1452.21	211.3005	0.9215107	7.889213	1.042725	0.745435	0.254565	2.421171
14598	-1243.707	-1454.998	211.2908	0.9077773	7.968608	1.042725	0.730631	0.269369	2.426348
14604	-1235.96	-1447.188	211.2277	0.6761554	8.742378	1.216925	0.734309	0.265691	2.422448
14610	-1243.545	-1454.893	211.3483	0.761681	7.112469	1.85748	0.807669	0.192331	2.193103
14616	-1243.255	-1454.592	211.3369	0.685705	5.622908	1.636664	0.795078	0.204922	2.557373
14622	-1250.942	-1462.264	211.3225	0.7482225	5.518813	1.717119	0.719056	0.280944	2.510286
14628	-1235.489	-1446.56	211.0707	0.7493686	5.518813	1.717119	0.698594	0.301406	2.665615
14634	-1236.113	-1448.039	211.9257	0.9955241	8.428397	0.9704648	0.784351	0.215649	1.948544
14640	-1239.292	-1451.458	212.1662	0.9726532	7.557866	1.193804	0.76511	0.23489	1.768645
14646	-1238.377	-1450.09	211.713	1.06786	5.8773	1.287421	0.771311	0.228689	2.203086
14652	-1244.638	-1456.156	211.5179	0.9716707	5.935322	1.811977	0.711677	0.288323	2.137521
14658	-1243.41	-1455.615	212.2052	0.9716707	4.615544	1.95407	0.727393	0.272607	1.857831
14664	-1247.097	-1457.409	210.3117	0.5250102	4.948398	1.86445	0.757409	0.242591	3.292943
14670	-1249.184	-1459.768	210.5841	0.7025797	5.565035	1.090314	0.673146	0.326854	3.274071
14676	-1236.465	-1447.483	211.0176	0.8044447	5.565035	1.769937	0.78982	0.21018	2.635788
14682	-1237.652	-1448.512	210.8599	0.8093018	5.565035	1.044547	0.78982	0.21018	3.072884
14688	-1240.11	-1450.633	210.5229	0.635309	5.540626	1.61963	0.704979	0.295021	3.102586
14694	-1241.152	-1452.207	211.0547	1.029131	4.665579	1.203619	0.703114	0.296886	2.885182
14700	-1244.193	-1455.335	211.1426	0.6840584	5.640338	1.356701	0.689342	0.310658	2.801935
14706	-1252.587	-1463.739	211.1516	0.6478167	5.748319	1.356701	0.830495	0.169505	2.801935
14712	-1252.359	-1463.454	211.0948	0.6551839	6.621404	1.498938	0.77894	0.22106	2.639706
14718	-1255.458	-1466.231	210.7726	0.6821174	6.621404	1.240998	0.77894	0.22106	2.943584
14724	-1233.917	-1444.532	210.6153	0.6394898	6.183986	1.240998	0.79545	0.20455	3.123164
14730	-1248.372	-1459.42	211.0481	0.852219	7.566215	0.8439038	0.822172	0.177828	2.788255
14736	-1235.946	-1447.702	211.756	0.9434728	6.703254	0.8439038	0.801227	0.198773	2.405044
14742	-1246.236	-1456.937	210.7015	1.016038	7.123273	0.5816234	0.694341	0.305659	3.156451
14748	-1233.617	-1445.354	211.7374	0.614654	8.869413	1.041136	0.789686	0.210314	2.225009
14754	-1262.933	-1473.988	211.0551	0.8890745	6.141923	0.996838	0.71317	0.28683	2.850165
14760	-1251.504	-1462.576	211.0725	0.812422	7.927608	1.085698	0.844139	0.155861	2.601451
14766	-1251.047	-1462.552	211.5049	0.8686165	7.331771	0.7416051	0.761576	0.238424	2.601451
14772	-1259.602	-1468.803	209.2017	0.6092359	4.70945	2.184055	0.609647	0.390353	3.821801
14778	-1239.586	-1449.729	210.1422	0.5635977	4.70945	1.574415	0.697315	0.302685	3.522473
14784	-1254.749	-1466.222	211.4727	0.7419202	6.39593	1.161145	0.723228	0.276772	2.552549
14790	-1259.101	-1469.676	210.5745	0.7637968	4.891001	2.281914	0.680897	0.319103	2.860615
14796	-1245.657	-1456.347	210.6905	0.7254561	4.891001	2.138746	0.722111	0.277889	2.860615
14802	-1230.343	-1440.664	210.3207	0.7509096	6.327225	1.380678	0.689749	0.310251	3.144575
14808	-1236.725	-1447.721	210.9962	0.7711608	5.749947	1.378672	0.664218	0.335782	2.810653
14814	-1263.214	-1474.64	211.4261	0.7477149	5.262104	1.819362	0.772377	0.227623	2.446703
14820	-1238.496	-1450.105	211.6089	0.9792992	6.478034	1.016368	0.829274	0.170726	2.391872
14826	-1233.163	-1444.435	211.2722	0.7928109	6.014494	1.400289	0.708909	0.291091	2.577705
14832	-1243.513	-1453.902	210.389	0.7204054	6.014494	1.400289	0.765926	0.234074	3.15688
14838	-1253.574	-1465.077	211.5029	0.6528637	6.19891	1.400289	0.765926	0.234074	2.493876
14844	-1246.485	-1457.68	211.1951	0.8492364	4.473282	2.178776	0.734877	0.265123	2.537194
14850	-1244.402	-1454.336	209.9347	0.6149724	4.675274	2.178776	0.718685	0.281315	3.400535
14856	-1243.357	-1453.211	209.8538	0.7089887	4.524646	1.484659	0.640847	0.359153	3.675374
14862	-1243.09	-1452.963	209.8725	0.5666316	4.179015	1.484659	0.657873	0.342127	3.809423
14868	-1245.533	-1454.372	208.8394	0.5107102	4.179015	1.60171	0.703069	0.296931	4.381922
14874	-1258.996	-1469.059	210.0629	0.5254278	6.180991	1.228814	0.79625	0.20375	3.522076
14880	-1243.493	-1454.531	211.0383	0.703566	5.352833	1.56942	0.703069	0.296931	2.801957
14886	-1244.847	-1453.95	209.1025	0.4754032	5.352833	1.56942	0.704814	0.295186	4.070674
14892	-1245.832	-1455.954	210.1217	0.4977776	8.615675	0.9196162	0.776762	0.223238	3.385243
14898	-1256.059	-1467.174	211.1143	0.488814	9.861353	1.399408	0.824088	0.175912	2.399847
14904	-1247.389	-1459.245	211.8562	0.6977118	6.093876	1.13345	0.809037	0.190963	2.399847
14910	-1247.576	-1458.821	211.2452	0.6376012	5.223049	1.525519	0.751496	0.248504	2.756413
14916	-1246.985	-1458.146	211.1618	0.8475857	3.922419	1.962043	0.74163	0.25837	2.745248
14922	-1249.986	-1460.544	210.5583	0.9567869	5.602713	1.962043	0.672009	0.327991	2.745248
14928	-1242.407	-1452.939	210.5316	0.7276866	6.681283	1.962043	0.710735	0.289265	2.745248
14934	-1239.391	-1450.057	210.6665	0.5221689	8.503794	1.32474	0.734841	0.265159	2.834994
14940	-1237.517	-1448.09	210.5725	0.7065693	5.432443	1.16576	0.768343	0.231657	3.258132
14946	-1236.598	-1446.368	209.7708	0.6221703	5.432443	1.16576	0.678822	0.321178	3.774783
14952	-1235.41	-1445.831	210.4212	0.6738255	6.97897	1.16576	0.753697	0.246303	3.151317
14958	-1232.104	-1442.281	210.1763	0.5871832	7.756673	1.16576	0.804129	0.195871	3.253968
14964	-1233.948	-1445.323	211.3752	0.6436826	6.833469	1.275476	0.768629	0.231371	2.552439
14970	-1239.291	-1450.246	210.9549	0.7219148	5.639157	1.275476	0.767293	0.232707	2.932797
14976	-1244.05	-1455.381	211.3305	0.613476	5.639157	1.340586	0.786778	0.213222	2.738359
14982	-1249.204	-1459.001	209.7967	0.6754561	6.984734	1.203169	0.746464	0.253536	3.49787
14988	-1237.87	-1448.128	210.2572	0.3972413	6.984734	1.203169	0.748122	0.251878	3.391216
14994	-1254.397	-1465.945	211.5476	0.8910015	5.97087	1.732332	0.796962	0.203038	2.198407
15000	-1247.107	-1458.427	211.3198	0.9663064	6.798294	2.072369	0.75938	0.24062	2.037921
15006	-1247.517	-1457.992	210.4754	0.7869514	5.58165	2.497108	0.703127	0.296873	2.726347
15012	-1244.717	-1456.32	211.603	0.8103947	5.58165	1.849718	0.724623	0.275377	2.228834
15018	-1247.286	-1457.967	210.6813	0.7065309	5.822544	1.849718	0.679964	0.320036	2.830854
15024	-1239.247	-1449.912	210.6649	0.6406638	5.503625	1.952423	0.706861	0.293139	2.891583
15030	-1260.095	-1471.276	211.1806	0.765611	4.392782	1.633819	0.792513	0.207487	2.817976
15036	-1256.882	-1467.781	210.8993	0.6687168	3.660459	1.710723	0.792513	0.207487	3.161493
15042	-1252.1	-1462.679	210.5785	0.8853393	5.296006	1.321032	0.754055	0.245945	3.0917
15048	-1251.028	-1462.682	211.6536	0.8096376	5.79634	1.321032	0.686544	0.313456	2.401168
15054	-1236.051	-1446.227	210.176	0.8806925	6.281152	2.13791	0.76311	0.23689	2.862115
15060	-1245.273	-1456.65	211.3767	0.8637525	3.601592	2.13791	0.671167	0.328833	2.610745
15066	-1244.033	-1454.442	210.4093	0.7879643	3.601592	1.742323	0.671167	0.328833	3.380708
15072	-1248.465	-1459.588	211.1236	0.8533971	3.601592	1.78538	0.743307	0.256693	2.900243
15078	-1249.663	-1461.726	212.062	0.9814656	4.398981	1.051097	0.678551	0.321449	2.429691
15084	-1256.104	-1467.812	211.7083	1.010405	4.398981	2.015512	0.784456	0.215544	2.182337
15090	-1253.913	-1465.305	211.3925	0.9061403	5.283522	2.015512	0.795024	0.204976	2.288508
15096	-1259.885	-1471.62	211.7356	0.8007909	5.238625	0.8741294	0.795024	0.204976	2.706872
15102	-1257.52	-1468.252	210.7319	0.6022818	5.225289	1.25733	0.718152	0.281848	3.211321
15108	-1258.412	-1468.747	210.3342	0.5369279	4.534524	1.25733	0.686894	0.313106	3.598716
15114	-1254.744	-1465.397	210.653	0.7723676	4.534524	2.171292	0.73046	0.26954	2.907536
15120	-1248.645	-1460.513	211.8677	0.8921098	4.534524	1.244793	0.66429	0.33571	2.471916
15126	-1251.375	-1462.424	211.0492	0.8452147	6.575455	1.244793	0.666009	0.333991	2.6804
15132	-1244.304	-1455.626	211.3224	0.7217705	6.826393	1.642694	0.753871	0.246129	2.363986
15138	-1246.441	-1458.356	211.9147	0.8669497	6.826393	1.281598	0.773293	0.226707	2.062803
15144	-1245.634	-1457.111	211.4772	0.8298165	6.940368	1.810142	0.755278	0.244722	2.107801
15150	-1244.795	-1455.98	211.1849	0.7742226	6.940368	1.423794	0.824727	0.175273	2.501651
15156	-1245.424	-1456.492	211.068	0.7800331	5.497408	1.15261	0.712435	0.287565	2.915512
15162	-1245.569	-1456.532	210.9628	0.719639	7.870514	1.15261	0.712435	0.287565	2.695118
15168	-1254.395	-1464.809	210.4133	0.5766017	4.866871	1.462892	0.781008	0.218992	3.377046
15174	-1259.305	-1469.756	210.4518	0.6009523	5.393247	1.557617	0.626279	0.373721	3.213922
15180	-1261.441	-1471.602	210.1612	0.6613242	5.791594	1.745869	0.645084	0.354916	3.213922
15186	-1250.555	-1460.167	209.6119	0.6021289	4.54715	1.745869	0.640206	0.359794	3.768093
15192	-1244.501	-1454.886	210.3854	0.5817554	5.61113	0.9613058	0.649652	0.350348	3.528704
15198	-1255.009	-1464.843	209.8347	0.6314562	6.103421	2.339867	0.649652	0.350348	3.176089
15204	-1253.792	-1463.262	209.4705	0.5679665	4.54715	1.819422	0.718133	0.281867	3.841983
15210	-1245.341	-1456.06	210.7187	0.6666984	5.755	1.371563	0.732191	0.267809	3.043634
15216	-1256.286	-1467.449	211.1631	0.7975527	5.080691	1.093535	0.807159	0.192841	2.947601
15222	-1250.361	-1460.395	210.0336	0.588982	4.264843	2.030456	0.708665	0.291335	3.4806
15228	-1232.967	-1443.589	210.6221	0.6372464	4.407181	1.593194	0.708665	0.291335	3.243576
15234	-1237.957	-1447.967	210.0095	0.5066148	4.844779	1.593194	0.79842	0.20158	3.602214
15240	-1235.415	-1445.441	210.0264	0.6699266	3.522871	1.750373	0.733841	0.266159	3.686388
15246	-1242.969	-1453.48	210.5113	0.7470826	4.176985	1.188163	0.727119	0.272881	3.473238
15252	-1238.907	-1449.312	210.4046	0.7199606	8.028736	1.576514	0.737829	0.262171	2.811858
15258	-1251.124	-1462.055	210.9311	0.8831043	8.185098	0.8165723	0.742727	0.257273	2.787263
15264	-1252.319	-1463.71	211.3917	0.8654397	7.635622	0.8410871	0.769106	0.230894	2.562339
15270	-1254.636	-1465.842	211.2059	0.7199643	5.709406	1.169103	0.769665	0.230335	2.826698
15276	-1247.283	-1458.606	211.3232	0.7836979	5.237606	1.51181	0.726973	0.273027	2.622451
15282	-1250.239	-1461.268	211.0282	0.7765141	5.237606	1.51181	0.690154	0.309846	2.807635
15288	-1248.53	-1458.865	210.3346	0.7462651	6.621144	0.9655894	0.708119	0.291881	3.318844
15294	-1261.361	-1472.234	210.8725	0.8971815	5.361775	1.118796	0.681124	0.318876	3.002533
15300	-1256.62	-1468.155	211.5343	0.9694171	5.361775	1.118796	0.698861	0.301139	2.554784
15306	-1246.226	-1457.267	211.0406	0.8038307	5.361775	1.133919	0.774399	0.225601	2.949321
15312	-1253.949	-1465.469	211.5201	0.8278646	5.929251	1.215399	0.774399	0.225601	2.508445
15318	-1260.766	-1472.034	211.2673	0.7180904	5.353999	1.288345	0.824721	0.175279	2.78423
15324	-1253.754	-1463.763	210.0092	0.6598306	5.111594	1.321062	0.697999	0.302001	3.588672
15330	-1245.43	-1456.139	210.7091	1.01135	4.787597	0.5285632	0.699614	0.300386	3.539301
15336	-1240.75	-1452.331	211.5808	1.033234	4.787597	0.5504821	0.693775	0.306225	2.99124
15342	-1259.775	-1471.099	211.3243	1.026845	5.170722	1.513046	0.74837	0.25163	2.481259
15348	-1262.601	-1473.821	211.2205	0.9004987	5.273598	1.417447	0.705105	0.294895	2.651323
15354	-1252.361	-1463.745	211.3841	0.6608555	6.244667	1.090803	0.850687	0.149313	2.718536
15360	-1253.866	-1464.559	210.6935	0.8155857	6.244667	1.320519	0.721737	0.278263	2.922798
15366	-1249.285	-1459.746	210.4606	0.614412	6.244667	1.664001	0.729447	0.270553	3.03102
15372	-1248.661	-1459.868	211.2068	0.6929192	5.284846	1.194833	0.729284	0.270716	2.895558
15378	-1253.682	-1464.953	211.2711	0.7988237	5.718154	1.502784	0.727218	0.272782	2.572008
15384	-1261.09	-1472.933	211.8435	0.8514261	4.650473	2.29223	0.746833	0.253167	2.047409
15390	-1245.819	-1457.231	211.4114	0.9548706	5.757421	1.502784	0.77015	0.22985	2.380129
15396	-1247.826	-1459.498	211.672	0.9265875	5.855924	1.246155	0.66761	0.33239	2.345397
15402	-1250.342	-1460.884	210.5423	0.7124139	4.818541	1.814311	0.757517	0.242483	3.085707
15408	-1247.079	-1457.528	210.4486	0.7568415	4.818541	1.814311	0.650014	0.349986	3.115065
15414	-1248.531	-1458.516	209.9847	0.6945251	5.483445	0.8957594	0.682151	0.317849	3.75478
15420	-1252.652	-1464.062	211.4092	0.8932284	5.324902	1.324165	0.755227	0.244773	2.576073
15426	-1251.593	-1463.126	211.533	0.9324988	5.252061	1.066151	0.785043	0.214957	2.62715
15432	-1245.979	-1457.777	211.7978	0.8299818	5.252061	1.05966	0.660415	0.339585	2.530348
15438	-1243.375	-1454.89	211.5142	0.9112594	3.865552	1.754797	0.660415	0.339585	2.580493
15444	-1246.912	-1458.458	211.5459	0.9102897	3.808259	2.11347	0.630674	0.369326	2.438596
15450	-1240.69	-1451.358	210.668	0.7596976	5.571878	1.619996	0.765177	0.234823	2.936167
15456	-1246.584	-1457.313	210.7291	0.8475117	5.015483	1.619996	0.613246	0.386754	2.936167
15462	-1262.546	-1473.545	210.9988	0.7735694	6.412372	1.056185	0.777109	0.222891	2.88092
15468	-1252.3	-1463.102	210.8017	0.8729388	5.176878	1.056185	0.761487	0.238513	3.12417
15474	-1246.182	-1457.144	210.9616	0.7246471	6.04374	1.557465	0.736758	0.263242	2.734787
15480	-1240.927	-1452.295	211.3679	0.797892	6.04374	1.627764	0.771853	0.228147	2.40645
15486	-1246.495	-1457.622	211.1268	0.8805605	6.04374	1.411669	0.738382	0.261618	2.603621
15492	-1248.326	-1459.458	211.1322	0.7357031	6.075992	1.747034	0.763923	0.236077	2.538203
15498	-1245.98	-1457.284	211.3031	0.7209732	6.075992	1.728778	0.752631	0.247369	2.447975
15504	-1252.724	-1463.217	210.4928	0.5930654	6.204822	1.491965	0.714322	0.285678	3.102706
15510	-1245.853	-1456.795	210.9418	0.8428343	5.182579	1.083894	0.778667	0.221333	3.041857
15516	-1238.345	-1449.918	211.5733	0.7781893	5.182579	1.978616	0.806943	0.193057	2.286005
15522	-1237.063	-1449.023	211.9597	0.9284195	4.389779	1.264665	0.66611	0.33389	2.408681
15528	-1230.806	-1442.792	211.9856	0.9691929	5.634916	0.9219405	0.759352	0.240648	2.34897
15534	-1234.566	-1446.003	211.4371	0.8523764	5.121294	1.029036	0.760424	0.239576	2.778938
15540	-1250.791	-1461.366	210.575	0.4443456	5.999294	1.582995	0.638546	0.361454	3.132385
15546	-1248.713	-1458.649	209.9352	0.6878623	5.429802	1.582995	0.658846	0.341154	3.450516
15552	-1238.114	-1449.137	211.0229	0.8865057	4.624544	1.455868	0.711237	0.288763	2.874905
15558	-1233.479	-1445.041	211.5621	0.9699986	4.624544	1.400392	0.727009	0.272991	2.518554
15564	-1253.756	-1463.895	210.1388	0.7242178	4.360012	1.248022	0.722577	0.277423	3.639248
15570	-1234.75	-1445.082	210.3318	0.5722791	5.710428	1.344763	0.713878	0.286122	3.348154
15576	-1241.696	-1452.268	210.5718	0.6667134	6.101013	1.243119	0.712623	0.287377	3.14345
15582	-1240.112	-1451.136	211.0237	0.8187384	5.664016	2.060139	0.64552	0.35448	2.497962
15588	-1238.853	-1451.525	212.6719	1.204299	5.020615	1.312664	0.731814	0.268186	1.595937
15594	-1242.251	-1454.78	212.5285	1.145293	5.725089	1.312664	0.778187	0.221813	1.607552
15600	-1270.972	-1482.249	211.2764	0.8737775	5.06276	1.165898	0.717594	0.282406	2.795877
15606	-1260.723	-1472.183	211.4595	0.8390603	5.06276	1.675775	0.678447	0.321553	2.461421
15612	-1240.724	-1452.64	211.9153	1.026052	3.694599	1.391403	0.733867	0.266133	2.45713
15618	-1248.078	-1459.284	211.2058	0.870842	5.767927	1.690766	0.733867	0.266133	2.477958
15624	-1238.238	-1449.435	211.1974	0.9357755	5.767927	1.749203	0.759603	0.240397	2.418186
15630	-1242.121	-1452.308	210.187	0.6433188	4.780755	1.494388	0.737699	0.262301	3.471343
15636	-1249.042	-1460.916	211.874	1.079119	4.024896	1.494388	0.746352	0.253648	2.328019
15642	-1256.473	-1468.946	212.4731	1.33531	4.641745	1.233141	0.739601	0.260399	1.769159
15648	-1256.85	-1469.916	213.066	1.367728	4.259907	0.95751	0.740198	0.259802	1.591723
15654	-1256.709	-1469.631	212.9225	1.247321	4.929608	1.265377	0.825717	0.174283	1.424697
15660	-1267.728	-1480.871	213.1432	1.247321	4.586279	1.265377	0.784475	0.215525	1.330227
15666	-1267.396	-1479.996	212.6	1.328893	5.083073	1.57399	0.701461	0.298539	1.394396
15672	-1263.479	-1474.855	211.3761	0.8363005	4.778061	1.841989	0.754709	0.245291	2.498475
15678	-1259.258	-1468.94	209.6817	0.7924907	4.64367	1.841989	0.649412	0.350588	3.56511
15684	-1255.44	-1466.17	210.7301	0.6379844	7.330828	1.361021	0.771767	0.228233	2.845119
15690	-1248.824	-1460.183	211.3584	0.6625366	7.991788	1.083414	0.691282	0.308718	2.510591
15696	-1243.921	-1455.077	211.1551	0.731878	7.991788	1.380669	0.691282	0.308718	2.434946
15702	-1238.425	-1449.648	211.2227	0.731878	6.23384	1.380669	0.799766	0.200234	2.623337
15708	-1234.34	-1444.582	210.2416	0.7395925	8.713774	1.031161	0.742988	0.257012	3.09381
15714	-1229.181	-1439.701	210.5209	0.6409421	8.969218	1.022458	0.742988	0.257012	2.963964
15720	-1239.312	-1450.197	210.8854	0.6314236	8.761899	1.022458	0.743167	0.256833	2.77089
15726	-1237.883	-1448.566	210.6829	0.7377352	6.659582	1.606144	0.745795	0.254205	2.789418
15732	-1249.821	-1460.621	210.8001	0.7360982	5.986964	1.664273	0.760859	0.239141	2.789418
15738	-1250.895	-1462.279	211.3841	0.8389781	5.980324	1.446071	0.760859	0.239141	2.462441
15744	-1238.488	-1449.553	211.0647	0.7752647	7.369922	1.548459	0.734488	0.265512	2.462441
15750	-1230.777	-1441.105	210.328	0.7538915	6.851215	1.211186	0.703608	0.296392	3.151759
15756	-1244.762	-1455.726	210.9635	0.8268034	6.851215	0.9463003	0.715227	0.284773	2.877515
15762	-1243.687	-1455.115	211.4282	0.7606819	8.023794	1.511048	0.722766	0.277234	2.175362
15768	-1245.735	-1457.147	211.4122	0.9478511	5.827412	1.279717	0.78058	0.21942	2.482492
15774	-1231.75	-1443.162	211.412	0.6346041	8.855709	1.153734	0.79174	0.20826	2.354779
15780	-1244.558	-1456.29	211.7325	0.8373555	4.714526	1.584813	0.804169	0.195831	2.392688
15786	-1247.087	-1459.173	212.0867	0.9279298	5.570926	0.9786377	0.804169	0.195831	2.283656
15792	-1240.527	-1452.559	212.0323	1.135221	7.396657	1.164581	0.721452	0.278548	1.789168
15798	-1235.373	-1447.483	212.1094	1.066328	5.0677	0.9803561	0.729487	0.270513	2.265279
15804	-1242.727	-1453.899	211.1718	0.839837	5.705091	0.9803561	0.731379	0.268621	2.883937
15810	-1237.977	-1449.897	211.9199	1.00933	5.482882	1.196365	0.76256	0.23744	2.221485
15816	-1263.266	-1473.897	210.6305	0.824349	5.628874	0.9581952	0.771726	0.228274	3.241787
15822	-1250.533	-1461.69	211.1568	0.6682773	9.491197	1.146472	0.812847	0.187153	2.430884
15828	-1241.847	-1453.607	211.7597	0.9607076	8.336846	1.028635	0.812847	0.187153	2.054755
15834	-1252.267	-1463.095	210.8278	1.017314	6.22088	1.349453	0.757896	0.242104	2.707697
15840	-1242.13	-1453.097	210.9664	0.8222404	6.833901	1.087326	0.754986	0.245014	2.796197
15846	-1235.751	-1448.019	212.2683	0.9106953	6.985394	1.021798	0.795018	0.204982	1.931141
15852	-1253.951	-1465.544	211.5928	0.8518622	5.578173	1.365641	0.78691	0.21309	2.425114
15858	-1257.738	-1468.836	211.0979	0.8058478	6.221681	1.429825	0.810039	0.189961	2.633038
15864	-1249.56	-1461.476	211.9157	0.9703617	5.936059	1.880338	0.733144	0.266856	1.843948
15870	-1246.305	-1458.577	212.2727	1.134037	5.827633	1.084769	0.763064	0.236936	1.91554
15876	-1242.864	-1455.283	212.4191	1.153031	5.827633	1.084769	0.732021	0.267979	1.802355
15882	-1242.955	-1454.295	211.3393	1.072714	4.397114	2.939227	0.696449	0.303551	2.081806
15888	-1235.234	-1446.259	211.0245	1.072714	4.397114	2.939227	0.789958	0.210042	2.285994
15894	-1245.425	-1456.741	211.3153	0.7994676	8.449553	0.9603749	0.787837	0.212163	2.474518
15900	-1239.534	-1451.152	211.6178	0.9362419	4.552165	1.550582	0.745776	0.254224	2.448491
15906	-1235.076	-1445.203	210.1264	0.812762	5.018131	1.419716	0.780692	0.219308	3.400827
15912	-1245.352	-1456.168	210.8162	0.6084189	6.0054	1.453974	0.657526	0.342474	2.945172
15918	-1239.992	-1451.133	211.1405	0.8849558	5.288697	1.453974	0.799123	0.200877	2.690566
15924	-1253.345	-1463.632	210.287	0.6490131	5.027873	1.829313	0.718802	0.281198	3.234035
15930	-1259.547	-1470.863	211.3153	0.9947575	4.589923	1.67197	0.707088	0.292912	2.541176
15936	-1254.633	-1466.047	211.4141	0.9394259	4.604879	1.867183	0.663413	0.336587	2.432204
15942	-1252.376	-1464.219	211.8433	1.029845	4.604879	1.806589	0.717453	0.282547	2.123561
15948	-1261.589	-1473.548	211.9583	1.029845	4.061102	1.18144	0.730689	0.269311	2.45735
15954	-1247.338	-1458.781	211.4425	0.9515887	4.896402	1.112153	0.79153	0.20847	2.705224
15960	-1242.899	-1453.364	210.4649	0.8808974	5.419175	1.112153	0.778397	0.221603	3.249498
15966	-1244.928	-1455.82	210.8921	0.8330204	4.627612	1.155103	0.802112	0.197888	3.132766
15972	-1234.989	-1445.559	210.5695	0.6550878	5.507756	1.168678	0.691676	0.308324	3.277215
15978	-1234.973	-1445.849	210.876	0.8786557	5.507756	2.950177	0.669988	0.330012	2.300666
15984	-1232.728	-1444.06	211.3317	0.9261153	5.301287	2.659507	0.675214	0.324786	2.094532
15990	-1247.51	-1458.842	211.3318	0.865397	5.948997	1.344447	0.752459	0.247541	2.532692
15996	-1262.61	-1474.432	211.8223	0.8821888	5.43673	1.344447	0.659501	0.340499	2.294191
16002	-1242.645	-1454.657	212.0124	0.8108566	8.062146	0.8308305	0.856449	0.143551	2.158158
16008	-1245.731	-1456.634	210.903	0.6136378	14.28163	0.8308305	0.858616	0.141384	2.411394
16014	-1247.844	-1460.191	212.3462	0.9268959	4.59947	1.549501	0.701923	0.298077	1.974687
16020	-1248.236	-1458.864	210.6284	0.7606239	4.363791	1.549501	0.701923	0.298077	3.193179
16026	-1239.122	-1449.469	210.3469	0.6399277	5.229464	1.345591	0.705055	0.294945	3.372816
16032	-1254.75	-1465.995	211.2446	0.6987169	11.52133	0.9471058	0.822123	0.177877	2.28311
16038	-1249.254	-1461.033	211.7786	0.6203875	7.138437	0.9471058	0.837598	0.162402	2.464827
16044	-1243.234	-1453.953	210.7188	0.6065303	8.460265	0.9471058	0.705752	0.294248	2.965677
16050	-1239.711	-1451.068	211.3573	0.9624302	4.716504	2.357132	0.71696	0.28304	2.257057
16056	-1232.281	-1443.747	211.4666	0.9727716	3.966089	1.773316	0.746854	0.253146	2.543003
16062	-1240.405	-1450.697	210.2916	0.7637678	6.873581	0.8164573	0.803785	0.196215	3.396975
16068	-1229.695	-1440.454	210.7598	0.7721315	5.69539	1.503537	0.718802	0.281198	2.904334
16074	-1232.9	-1443.9	211.0002	0.7528321	7.8633	1.369444	0.706896	0.293104	2.539718
16080	-1240.636	-1451.339	210.7022	0.7689588	6.354382	1.369444	0.755261	0.244739	2.906723
16086	-1237.519	-1448.954	211.435	0.8888996	4.789997	1.443398	0.755261	0.244739	2.597191
16092	-1235.663	-1447.375	211.7124	0.9771035	4.716133	1.443398	0.754492	0.245508	2.381892
16098	-1237.209	-1448.744	211.5355	0.762998	4.586593	1.462695	0.713821	0.286179	2.641066
16104	-1228.686	-1440.002	211.3167	0.9264399	4.586593	1.812914	0.713821	0.286179	2.526095
16110	-1244.835	-1455.655	210.8205	0.8057821	6.120534	1.475374	0.69247	0.30753	2.796687
16116	-1259.105	-1469.539	210.4347	0.8873229	6.120534	1.930796	0.744024	0.255976	2.796687
16122	-1251.105	-1462.855	211.7505	0.8808727	8.108239	1.460172	0.734414	0.265586	1.896319
16128	-1257.393	-1468.465	211.0718	0.7432008	9.559755	1.460172	0.776457	0.223543	2.266547
16134	-1242.206	-1453.672	211.4659	0.7376148	8.229049	1.460172	0.819628	0.180372	2.16525
16140	-1237.4	-1448.194	210.7934	0.8085361	5.91047	1.460172	0.71808	0.28192	2.8491
16146	-1248.777	-1459.703	210.9265	0.8957185	4.498027	1.460172	0.766926	0.233074	2.94871
16152	-1251.734	-1462.784	211.0502	0.723213	5.843983	1.456723	0.737493	0.262507	2.75628
16158	-1246.628	-1458.213	211.5859	0.8614487	5.843983	1.456723	0.751004	0.248996	2.336763
16164	-1247.733	-1459.684	211.9503	0.8022482	5.7626	1.109603	0.732993	0.267007	2.338955
16170	-1245.884	-1457.517	211.6324	0.712699	4.914198	1.3482	0.709635	0.290365	2.607707
16176	-1239.976	-1450.337	210.3608	0.6970908	5.573675	1.957735	0.755515	0.244485	3.027827
16182	-1253.505	-1464.801	211.2961	0.6985517	6.332264	1.02673	0.754585	0.245415	2.774419
16188	-1246.267	-1457.086	210.8191	0.6167934	6.990812	1.358974	0.788996	0.211004	2.847941
16194	-1250.246	-1459.75	209.5039	0.7735105	6.116826	1.302971	0.766288	0.233712	3.67538
16200	-1247.734	-1458.125	210.3901	0.6829875	6.556939	1.302971	0.649039	0.350961	3.149551
16206	-1248.092	-1458.773	210.6814	0.8229097	6.556939	1.392933	0.698153	0.301847	2.847719
16212	-1246.397	-1458.09	211.6936	0.7474463	6.990812	0.9978425	0.754801	0.245199	2.425398
16218	-1248.885	-1460.098	211.2128	0.7474463	6.243669	1.228727	0.724767	0.275233	2.694938
16224	-1237.586	-1449.06	211.4745	0.853803	7.201689	1.431193	0.760275	0.239725	2.229042
16230	-1245.068	-1455.847	210.7787	0.6805065	5.662949	1.276844	0.711907	0.288093	3.059112
16236	-1255.996	-1466.697	210.7005	0.5539321	5.702937	1.276844	0.648966	0.351034	3.175061
16242	-1247.28	-1458.13	210.85	0.6971225	6.10911	1.373569	0.616139	0.383861	2.893566
16248	-1236.229	-1447.348	211.1188	0.8713532	6.790059	1.373569	0.758365	0.241635	2.526827
16254	-1246.251	-1457.083	210.8325	0.7944855	6.790059	1.373569	0.681117	0.318883	2.750888
16260	-1264.839	-1474.934	210.0946	0.6252565	5.99175	1.191803	0.719666	0.280334	3.490363
16266	-1253.76	-1463.879	210.1192	0.8372494	5.182485	0.9664719	0.78053	0.21947	3.597531
16272	-1247.56	-1458.399	210.8382	0.9084441	6.715519	1.799039	0.717794	0.282206	2.501546
16278	-1243.096	-1454.662	211.5656	1.006775	6.715519	1.14074	0.662309	0.337691	2.293514
16284	-1241.058	-1452.493	211.4358	0.852384	5.391487	1.514784	0.73329	0.26671	2.482865
16290	-1240.34	-1451.991	211.6509	0.7249717	8.132612	1.241807	0.792177	0.207823	2.178043
16296	-1239.308	-1450.817	211.5086	0.6792225	8.132612	1.470945	0.742634	0.257366	2.181933
16302	-1239.285	-1451.196	211.9115	0.9650228	6.124986	1.441266	0.726429	0.273571	2.021525
16308	-1239.534	-1450.453	210.9185	0.6250689	7.898956	1.441266	0.755469	0.244531	2.630945
16314	-1240.654	-1452.265	211.6107	0.66601	7.358957	0.8910119	0.785782	0.214218	2.550137
16320	-1246.631	-1458.106	211.4742	0.7963473	8.395016	1.440819	0.777454	0.222546	2.111101
16326	-1234.869	-1446.62	211.7506	0.8278785	8.395016	1.440819	0.777454	0.222546	1.906079
16332	-1234.358	-1444.77	210.412	0.598395	8.059225	1.440819	0.802813	0.197187	2.937526
16338	-1233.499	-1444.648	211.1493	0.6004252	10.51418	1.043074	0.779254	0.220746	2.437633
16344	-1231.14	-1442.796	211.6553	0.5900941	9.336382	1.072125	0.806696	0.193304	2.223292
16350	-1233.703	-1445.274	211.5704	0.7882251	5.317935	1.072125	0.711299	0.288701	2.678629
16356	-1230.827	-1441.949	211.1217	0.8337721	5.317935	1.072125	0.720929	0.279071	2.924003
16362	-1233.486	-1444.468	210.9819	0.7635914	6.155409	1.072125	0.720929	0.279071	2.924003
16368	-1237.692	-1448.728	211.0362	0.7478849	6.155409	1.353273	0.719718	0.280282	2.752661
16374	-1258.349	-1469.711	211.3614	1.088377	5.799881	0.7804331	0.679852	0.320148	2.737131
16380	-1269.577	-1480.995	211.4179	0.9867683	4.987512	0.700893	0.735	0.265	2.954793
16386	-1255.751	-1467.529	211.7778	1.022985	7.321917	0.9250442	0.735	0.265	2.19968
16392	-1255.174	-1466.308	211.1338	0.8816014	5.149561	1.72695	0.734413	0.265587	2.601687
16398	-1256.269	-1467.883	211.614	0.7889116	5.681542	1.72695	0.682978	0.317022	2.269776
16404	-1246.42	-1457.83	211.4106	0.7713398	4.91084	1.481636	0.686302	0.313698	2.645722
16410	-1242.692	-1453.415	210.7229	0.668342	4.127393	1.481636	0.621477	0.378523	3.265953
16416	-1249.028	-1459.912	210.8842	0.7567992	4.403566	1.774025	0.769338	0.230662	2.944159
16422	-1254.556	-1465.388	210.8326	0.7385744	4.24824	1.182302	0.742539	0.257461	3.279157
16428	-1253.581	-1463.257	209.6757	0.8547425	4.24824	2.326652	0.640256	0.359744	3.442531
16434	-1242.857	-1453.742	210.8842	0.9027067	5.077828	1.299051	0.702988	0.297012	2.944411
16440	-1246.84	-1456.688	209.8486	0.6645569	5.630734	1.30042	0.71136	0.28864	3.609193
16446	-1249.081	-1458.847	209.7664	0.5015293	5.906195	0.9606729	0.704452	0.295548	3.890595
16452	-1249.72	-1461.267	211.5471	0.888289	5.890975	0.8978947	0.691734	0.308266	2.649874
16458	-1252.515	-1464.167	211.6526	0.9564649	4.99204	1.117093	0.758867	0.241133	2.552926
16464	-1246.52	-1456.29	209.7699	0.803977	3.6757	1.807367	0.718633	0.281367	3.70357
16470	-1252.688	-1462.32	209.6314	0.6697654	3.6757	1.898299	0.737101	0.262899	3.82816
16476	-1263.561	-1474.132	210.5707	0.7629704	5.058844	0.9755695	0.764299	0.235701	3.391816
16482	-1247.681	-1458.236	210.5553	0.7906275	6.343744	1.097004	0.757692	0.242308	3.123059
16488	-1238.204	-1449.795	211.5908	0.9312517	6.343744	1.227045	0.744496	0.255504	2.330493
16494	-1252.287	-1463.909	211.6221	0.9061688	6.343744	1.56714	0.687594	0.312406	2.156215
16500	-1244.784	-1454.967	210.1834	0.6671278	6.343744	1.768092	0.701251	0.298749	3.110244
16506	-1239.113	-1450.379	211.2653	0.8504964	6.343744	1.944036	0.672448	0.327552	2.264115
16512	-1267.431	-1479.443	212.0123	1.086732	7.657387	1.644101	0.766453	0.233547	1.534026
16518	-1252.689	-1464.812	212.1235	1.024784	5.666309	1.640678	0.789621	0.210379	1.816638
16524	-1232.73	-1444.352	211.6218	0.8889067	6.624838	1.0816	0.713408	0.286592	2.380247
16530	-1239.117	-1450.533	211.4164	0.8496914	6.624838	1.221436	0.76125	0.23875	2.45512
16536	-1238.863	-1449.776	210.9133	0.7975538	6.624838	1.221436	0.788675	0.211325	2.798144
16542	-1236.944	-1447.995	211.0511	0.8255873	5.640515	1.080907	0.750174	0.249826	2.91588
16548	-1240.789	-1451.416	210.6268	0.7260033	5.910565	1.080907	0.76789	0.23211	3.188945
16554	-1242.573	-1453.858	211.2849	0.8223389	5.670712	1.483434	0.760038	0.239962	2.565101
16560	-1253.758	-1465.03	211.272	0.6607726	5.946473	1.190844	0.757418	0.242582	2.775131
16566	-1247.208	-1458.291	211.0834	0.814721	5.669956	1.539448	0.736414	0.263586	2.669203
16572	-1239.27	-1450.456	211.1861	0.9705478	5.669956	1.308074	0.742007	0.257993	2.619008
16578	-1236.833	-1447.043	210.2099	0.9097517	4.140601	2.043347	0.65389	0.34611	3.207608
16584	-1247.732	-1457.437	209.7049	0.9219584	3.714291	1.099797	0.669927	0.330073	3.975234
16590	-1249.51	-1458.899	209.3889	0.8134794	4.217135	0.9413412	0.698595	0.301405	4.20885
16596	-1240.476	-1450.205	209.7291	0.7077516	4.370008	1.321586	0.713613	0.286387	3.848243
16602	-1246.299	-1455.846	209.5472	0.8380978	4.759722	1.301776	0.722626	0.277374	3.819408
16608	-1259.749	-1470.36	210.6106	0.8291186	4.559766	1.301776	0.722626	0.277374	3.239623
16614	-1254.148	-1464.361	210.2123	0.6828244	5.183168	1.301776	0.722626	0.277374	3.454636
16620	-1246.191	-1456.623	210.4322	0.6649284	4.483498	1.301776	0.735892	0.264108	3.454636
16626	-1235.556	-1447.586	212.0297	1.017961	4.648321	1.642133	0.735892	0.264108	2.071635
16632	-1255.936	-1466.923	210.9868	0.8767699	6.051695	1.783985	0.740122	0.259878	2.529583
16638	-1255.763	-1466.907	211.1443	1.005266	5.294588	1.000061	0.788344	0.211656	2.852869
16644	-1244.24	-1455.949	211.7098	0.8914055	5.294588	1.168898	0.782888	0.217112	2.476888
16650	-1241.543	-1453.086	211.5423	0.7342691	5.450187	1.463057	0.741089	0.258911	2.504358
16656	-1239.839	-1450.589	210.7494	0.7868891	5.450187	1.061165	0.741089	0.258911	3.160233
16662	-1233.152	-1444.088	210.9362	0.6000684	5.450187	1.061165	0.742549	0.257451	3.160233
16668	-1231.283	-1442.356	211.0731	0.7170844	5.450187	1.213414	0.663488	0.336512	2.925546
16674	-1238.02	-1448.521	210.5012	0.7362268	6.276724	2.069198	0.715034	0.284966	2.776425
16680	-1238.871	-1450.171	211.3	0.7497296	6.14561	1.274089	0.746328	0.253672	2.630466
16686	-1240.038	-1451.427	211.3885	1.004665	6.14561	1.293434	0.736048	0.263952	2.406175
16692	-1237.264	-1448.32	211.0568	0.7961579	6.14561	1.293434	0.774499	0.225501	2.741553
16698	-1237.755	-1450.111	212.3555	1.126464	4.351536	1.53929	0.723095	0.276905	1.890136
16704	-1238.349	-1450.547	212.1976	1.034834	5.01533	1.007802	0.723095	0.276905	2.220493
16710	-1234.591	-1446.876	212.285	1.034834	5.885707	0.9917483	0.720319	0.279681	2.024826
16716	-1234.519	-1446.114	211.5954	1.032391	6.727881	1.281183	0.758896	0.241104	2.177738
16722	-1235.076	-1446.712	211.6361	1.00088	5.271366	1.428918	0.747355	0.252645	2.32321
16728	-1236.669	-1448.38	211.7105	0.9744346	3.844468	0.7666253	0.773659	0.226341	2.950893
16734	-1248.347	-1459.768	211.4211	0.9892513	3.847712	0.7666253	0.620895	0.379105	3.114592
16740	-1239.806	-1451.134	211.328	0.7763764	3.847712	1.632627	0.72239	0.27761	2.831306
16746	-1237.59	-1448.39	210.7997	0.7483683	4.926076	1.632627	0.638032	0.361968	2.96328
16752	-1238.796	-1448.235	209.4387	0.7214612	4.926076	1.551123	0.67662	0.32338	3.811714
16758	-1231.261	-1441.368	210.1064	0.6904339	4.926076	1.13088	0.770068	0.229932	3.639322
16764	-1246.975	-1457.678	210.7025	0.7300549	5.744992	0.9016909	0.777804	0.222196	3.272895
16770	-1252.062	-1464.819	212.7565	1.308535	6.191979	0.9663419	0.802111	0.197889	1.467326
16776	-1252.026	-1464.996	212.9695	1.209227	5.043422	1.153877	0.770871	0.229129	1.467326
16782	-1241.106	-1451.816	210.71	0.7778122	4.360906	1.553584	0.714869	0.285131	3.133287
16788	-1246.788	-1456.949	210.1608	0.8107095	3.857191	1.432445	0.714869	0.285131	3.5867
16794	-1254.941	-1465.366	210.4249	0.7234238	5.360569	1.432445	0.669869	0.330131	3.21702
16800	-1250.349	-1461.593	211.2444	0.6943402	6.00061	1.455967	0.735324	0.264676	2.63168
16806	-1252.64	-1463.812	211.1715	0.7671633	6.00061	1.455967	0.800109	0.199891	2.63168
16812	-1250.942	-1462.669	211.7271	0.8734586	6.00061	1.233255	0.698431	0.301569	2.32864
16818	-1256.132	-1467.322	211.1906	1.031326	5.949743	1.761396	0.68928	0.31072	2.32864
16824	-1259.213	-1471.262	212.0484	1.021893	5.949743	1.80388	0.672844	0.327156	1.747133
16830	-1258.58	-1470.996	212.416	1.26049	6.433871	1.307286	0.740011	0.259989	1.483621
16836	-1266.187	-1478.441	212.2537	1.278931	5.121325	1.485629	0.740011	0.259989	1.725883
16842	-1251.23	-1462.423	211.1939	0.8845783	5.562583	1.973841	0.715681	0.284319	2.397489
16848	-1235.848	-1446.183	210.3349	0.8355422	4.710877	1.973841	0.730444	0.269556	3.09643
16854	-1230.344	-1440.497	210.1531	0.7797634	4.668044	1.738341	0.735052	0.264948	3.331408
16860	-1241.521	-1452.699	211.1781	0.8934672	5.51268	1.738341	0.781031	0.218969	2.502016
16866	-1248.89	-1459.492	210.6015	0.7275096	7.647518	1.738341	0.768611	0.231389	2.66454
16872	-1248.566	-1459.246	210.68	0.765604	5.787652	1.6285	0.670106	0.329894	2.8889
16878	-1246.938	-1458.381	211.443	0.9920603	5.449192	1.83941	0.748956	0.251044	2.241069
16884	-1235.553	-1447.027	211.4733	0.9222604	5.746641	1.327405	0.750862	0.249138	2.448352
16890	-1244.842	-1456.1	211.2586	0.8636877	5.746641	1.525582	0.768759	0.231241	2.524626
16896	-1246.887	-1457.739	210.8522	0.5996499	5.746641	1.444948	0.664543	0.335457	2.971112
16902	-1245.822	-1456.378	210.5565	0.6570043	6.568687	0.9182835	0.749023	0.250977	3.276725
16908	-1263.445	-1473.956	210.5103	0.9297183	3.635372	1.826705	0.708643	0.291357	3.19834
16914	-1251.931	-1463.354	211.423	0.9342398	4.074934	2.494974	0.673141	0.326859	2.31678
16920	-1255.904	-1466.672	210.7677	0.7737978	4.888447	1.313775	0.741747	0.258253	3.116065
16926	-1249.148	-1460.163	211.0146	0.7641588	5.841526	1.213174	0.719431	0.280569	2.872525
16932	-1242.826	-1452.437	209.6111	0.6231925	5.841526	1.199646	0.779149	0.220851	3.789131
16938	-1248.308	-1457.67	209.3617	0.7516934	5.833602	0.8422747	0.714604	0.285396	4.062453
16944	-1245.392	-1456.334	210.9417	0.8407822	5.833602	0.9570601	0.74888	0.25112	3.016948
16950	-1248.726	-1459.653	210.9273	0.8983234	5.833602	0.9570601	0.783025	0.216975	2.991099
16956	-1238.824	-1449.876	211.0524	0.869147	5.833602	1.246421	0.701448	0.298552	2.769667
16962	-1246.658	-1458.778	212.1201	1.026161	5.833602	1.246421	0.728574	0.271426	1.992733
16968	-1238.955	-1450.602	211.6475	0.9050491	5.833602	1.488608	0.770602	0.229398	2.255975
16974	-1237.216	-1448.68	211.4638	0.7955152	5.833602	1.145901	0.719257	0.280743	2.616221
16980	-1235.514	-1446.846	211.3328	0.945693	5.833602	1.321348	0.741418	0.258582	2.511222
16986	-1242.87	-1453.434	210.5638	0.6844895	5.833602	1.458415	0.704381	0.295619	3.074007
16992	-1252.936	-1464.36	211.4236	0.6686045	6.224071	1.458415	0.785609	0.214391	2.502255
16998	-1253.082	-1464.177	211.0947	0.7584289	6.474225	1.289822	0.731169	0.268831	2.696641
17004	-1241.634	-1453.469	211.8353	0.8006751	6.82095	1.19725	0.754065	0.245935	2.205566
17010	-1248.75	-1458.532	209.7812	0.4583069	5.252165	1.408745	0.720342	0.279658	3.774965
17016	-1241.575	-1451.614	210.0391	0.7638051	4.037981	1.480221	0.652614	0.347386	3.628043
17022	-1246.314	-1456.539	210.2257	0.6648685	6.378139	0.7826945	0.700946	0.299054	3.580721
17028	-1248.626	-1459.767	211.1411	0.7888093	5.379402	1.005816	0.716405	0.283595	2.96842
17034	-1247.782	-1458.883	211.1014	0.9072867	6.432835	1.754729	0.754645	0.245355	2.394559
17040	-1259.726	-1470.566	210.8406	0.8064369	6.32373	1.198797	0.684044	0.315956	2.890168
17046	-1247.605	-1457.987	210.3819	0.5475838	4.691756	1.311743	0.733072	0.266928	3.511191
17052	-1243.214	-1452.993	209.7785	0.5278643	4.691756	1.526825	0.733072	0.266928	3.776681
17058	-1243.532	-1455.098	211.566	0.6820104	4.97794	1.526825	0.733072	0.266928	2.572609
17064	-1238.575	-1450.145	211.5699	0.7696129	5.533143	1.082025	0.755635	0.244365	2.649863
17070	-1261.176	-1471.68	210.504	0.8523389	5.361353	0.9612106	0.731298	0.268702	3.338984
17076	-1252.583	-1463.114	210.5305	0.8258691	5.361353	0.9612106	0.731298	0.268702	3.338984
17082	-1251.081	-1461.015	209.9335	0.7587219	4.930209	1.113173	0.790126	0.209874	3.708609
17088	-1239.307	-1450.349	211.0421	0.8261462	6.593306	1.113173	0.726034	0.273966	2.765228
17094	-1251.354	-1462.464	211.11	1.042988	5.159839	2.56879	0.675081	0.324919	2.215668
17100	-1253.865	-1465.033	211.1677	0.859491	4.992218	1.151502	0.731873	0.268127	2.890282
17106	-1239.819	-1451.029	211.2104	0.859491	4.917229	1.480793	0.717284	0.282716	2.713864
17112	-1235.854	-1446.338	210.4843	0.7463193	4.917229	1.313861	0.702038	0.297962	3.295384
17118	-1247.768	-1458.836	211.0676	0.6897445	4.999137	1.732191	0.744292	0.255708	2.783631
17124	-1249.043	-1460.371	211.3279	0.9224517	4.890428	0.8624205	0.757093	0.242907	2.947255
17130	-1247.355	-1458.179	210.8247	0.7135005	6.86728	1.544978	0.744087	0.255913	2.716237
17136	-1240.761	-1451.551	210.7904	0.7637529	6.077516	1.733561	0.753421	0.246579	2.737012
17142	-1243.16	-1453.621	210.4608	0.6806506	4.637084	1.733561	0.589987	0.410013	3.215598
17148	-1249.958	-1460.102	210.1441	0.7279286	3.284411	1.291277	0.624391	0.375609	3.831171
17154	-1245.203	-1456.668	211.4648	0.823962	6.476622	1.645395	0.729211	0.270789	2.256184
17160	-1234.364	-1444.814	210.45	0.7884723	6.109606	1.504017	0.683081	0.316919	3.019702
17166	-1237.248	-1448.155	210.907	0.6380311	8.16562	1.34565	0.796755	0.203245	2.644721
17172	-1248.679	-1459.367	210.6884	0.5063612	8.16562	1.34565	0.724603	0.275397	2.858794
17178	-1249.332	-1459.769	210.4372	0.6916655	7.437064	1.212101	0.760342	0.239658	3.050307
17184	-1238.151	-1449.303	211.1521	0.8355009	6.226148	1.303155	0.68668	0.31332	2.642327
17190	-1242.46	-1453.653	211.193	0.925022	4.383339	1.944556	0.719276	0.280724	2.592157
17196	-1241.518	-1453.292	211.7743	0.9360651	4.10974	2.036322	0.719276	0.280724	2.2398
17202	-1248.949	-1459.74	210.7914	0.7971537	4.749951	2.036322	0.780689	0.219311	2.81585
17208	-1242.114	-1452.59	210.4764	0.7971537	4.749951	2.036322	0.753055	0.246945	3.006033
17214	-1242.974	-1454.478	211.5041	0.8433074	5.578919	1.109487	0.708917	0.291083	2.621898
17220	-1245.62	-1455.78	210.1601	0.8036646	5.578919	1.109487	0.689043	0.310957	3.451122
17226	-1243.009	-1453.414	210.4054	0.6677256	3.895216	1.593938	0.716069	0.283931	3.451122
17232	-1244.828	-1455.359	210.5309	0.7725708	3.72594	2.100922	0.67556	0.32444	3.163067
17238	-1243.459	-1453.459	209.9999	0.7792393	5.67424	2.100922	0.6263	0.3737	3.129351
17244	-1243.92	-1454.093	210.1726	0.8098127	5.80011	2.201948	0.706317	0.293683	2.955425
17250	-1250.814	-1461.103	210.2888	0.7784206	6.045021	1.948447	0.794766	0.205234	2.955425
17256	-1234.067	-1445.133	211.0653	0.8414081	5.244698	1.504009	0.747491	0.252509	2.747774
17262	-1240.237	-1451.361	211.1241	0.7499563	6.438369	1.001711	0.731804	0.268196	2.848017
17268	-1229.265	-1440.103	210.8373	0.7556195	5.871856	1.259241	0.770157	0.229843	2.956496
17274	-1249.176	-1459.386	210.2102	0.7342577	4.503385	3.208644	0.728861	0.271139	2.910588
17280	-1255.517	-1466.933	211.4157	0.8148889	6.911109	1.732564	0.723149	0.276851	2.194281
17286	-1241.664	-1453.576	211.9125	0.9256714	8.036346	0.9675625	0.800131	0.199869	2.054385
17292	-1233.487	-1445.016	211.529	0.7638641	8.045663	0.8818185	0.81801	0.18199	2.462127
17298	-1243.04	-1453.754	210.7133	0.6106907	8.427189	0.8818185	0.786023	0.213977	3.012008
17304	-1251.538	-1462.487	210.9492	0.7167931	7.055738	0.8818185	0.787043	0.212957	2.967788
17310	-1247.567	-1459.108	211.5406	0.9005447	4.817173	1.778656	0.695829	0.304171	2.372706
17316	-1253.357	-1464.675	211.3185	0.8387865	6.65796	1.778656	0.78465	0.21535	2.25783
17322	-1251.725	-1463.697	211.9716	1.096548	6.933209	1.325571	0.756961	0.243039	1.830235
17328	-1242.178	-1453.495	211.3168	0.8451259	7.216652	1.484754	0.756961	0.243039	2.307962
17334	-1248.608	-1459.596	210.9878	0.824241	8.483724	1.448248	0.769606	0.230394	2.391931
17340	-1250.369	-1461.362	210.9934	0.7531742	6.788636	0.917181	0.785589	0.214411	2.930657
17346	-1237.87	-1448.618	210.7477	0.5348561	6.581745	1.428617	0.775351	0.224649	2.961706
17352	-1245.28	-1455.848	210.5679	0.5885859	7.166238	1.428617	0.718882	0.281118	2.961706
17358	-1251.6	-1463.072	211.4722	1.059122	4.910847	1.689087	0.787795	0.212205	2.335668
17364	-1255.252	-1466.664	211.4118	1.017757	5.560428	1.689087	0.748594	0.251406	2.288589
17370	-1247.06	-1458.452	211.3926	0.85197	6.439357	1.689087	0.72528	0.27472	2.271042
17376	-1245.675	-1456.694	211.0193	0.8124355	6.753526	1.521055	0.692673	0.307327	2.561053
17382	-1238.371	-1449.088	210.7171	0.8253255	6.753526	1.604236	0.747249	0.252751	2.703153
17388	-1237.387	-1448.504	211.1179	0.6446887	6.685443	1.463534	0.766786	0.233214	2.639395
17394	-1239.124	-1449.923	210.7985	0.6351486	6.255592	1.769119	0.707576	0.292424	2.770806
17400	-1238.391	-1449.812	211.4217	0.6919217	5.384319	1.187488	0.730539	0.269461	2.753422
17406	-1240.661	-1452.445	211.784	0.9679607	5.384319	1.47358	0.686657	0.313343	2.208562
17412	-1230.536	-1441.03	210.4935	0.6065916	6.781333	2.113477	0.745407	0.254593	2.775579
17418	-1240.688	-1452.094	211.406	0.5285702	9.472807	1.225266	0.778916	0.221084	2.319515
17424	-1236.496	-1447.822	211.3264	0.7814428	7.830647	1.843077	0.794803	0.205197	2.106138
17430	-1234.271	-1445.615	211.3443	0.7166472	7.855786	1.039206	0.775286	0.224714	2.52827
17436	-1234.8	-1446.304	211.5042	0.7800785	10.86095	1.039206	0.808812	0.191188	2.062899
17442	-1234.33	-1445.546	211.2155	0.7138911	11.25385	1.590875	0.808812	0.191188	1.960033
17448	-1247.472	-1459.594	212.1218	0.7711024	9.192437	1.077819	0.829737	0.170263	1.804611
17454	-1242.405	-1453.941	211.536	0.8714526	6.581098	1.293464	0.841905	0.158095	2.333702
17460	-1241.058	-1452.424	211.3655	0.7595108	6.581098	1.293464	0.745423	0.254577	2.511651
17466	-1244.642	-1456.671	212.0289	0.8808688	5.145183	1.293464	0.775249	0.224751	2.239064
17472	-1238.112	-1449.557	211.445	0.876436	4.906812	1.025667	0.701079	0.298921	2.798092
17478	-1245.217	-1454.839	209.6215	0.7107201	4.906812	1.900602	0.752944	0.247056	3.582038
17484	-1245.68	-1456.47	210.7894	0.856877	4.906812	1.700053	0.734755	0.265245	2.879823
17490	-1239.196	-1449.652	210.4555	0.6702272	4.906812	1.360166	0.745935	0.254065	3.337
17496	-1241.424	-1452.151	210.7267	0.716199	6.89608	1.012568	0.746055	0.253945	3.040224
17502	-1244.924	-1456.646	211.7218	0.7609264	6.89608	1.032457	0.781726	0.218274	2.390299
17508	-1234.612	-1445.873	211.2604	0.7450464	6.89608	1.091979	0.696112	0.303888	2.652491
17514	-1237.545	-1449.458	211.9129	1.034698	6.805482	0.9329492	0.764384	0.235616	2.169664
17520	-1236.603	-1447.974	211.3709	0.6590536	6.805482	0.9329492	0.791893	0.208107	2.746294
17526	-1240.13	-1451.02	210.8904	0.620123	7.613928	1.582824	0.69784	0.30216	2.621843
17532	-1248.6	-1459.87	211.2702	0.8215546	5.464026	1.332388	0.732486	0.267514	2.679418
17538	-1249.501	-1460.829	211.3278	0.6703461	10.5647	1.094878	0.788877	0.211123	2.243444
17544	-1243.338	-1455.137	211.7981	0.771141	9.796916	1.031429	0.818318	0.181682	1.987138
17550	-1250.982	-1462.283	211.3002	0.5296063	7.464483	1.278849	0.709027	0.290973	2.586307
17556	-1240.768	-1452.219	211.4516	0.7455648	7.715034	1.204739	0.686216	0.313784	2.364381
17562	-1240.35	-1451.821	211.4708	0.8282253	7.715034	1.204739	0.825411	0.174589	2.299491
17568	-1240.455	-1452.162	211.7067	0.8282253	7.715034	1.102215	0.750041	0.249959	2.207124
17574	-1256.242	-1467.778	211.5366	0.7757979	7.501765	1.131344	0.734455	0.265545	2.359442
17580	-1247.1	-1458.501	211.4013	0.9620879	7.501765	1.110049	0.735203	0.264797	2.339524
17586	-1241.784	-1453.58	211.7963	0.9620879	6.418819	1.526642	0.739267	0.260733	2.012642
17592	-1235.529	-1446.089	210.5599	0.9901629	5.871517	1.280965	0.743433	0.256567	2.971464
17598	-1230.222	-1441.266	211.0442	0.9866689	5.726569	1.280965	0.772417	0.227583	2.701358
17604	-1246.066	-1457.394	211.3286	0.907285	5.882242	1.569497	0.754415	0.245585	2.412634
17610	-1237.467	-1448.738	211.2711	0.7371433	5.905057	1.254082	0.72587	0.27413	2.701928
17616	-1239.989	-1451.991	212.002	1.034231	5.905057	1.377621	0.759893	0.240107	1.983121
17622	-1241.915	-1452.894	210.9784	0.5691135	8.647754	1.22296	0.811764	0.188236	2.651634
17628	-1229.912	-1440.825	210.9135	0.6765317	7.836497	1.22296	0.704736	0.295264	2.717905
17634	-1227.401	-1438.468	211.0675	0.7735772	7.836497	1.007909	0.731721	0.268279	2.685657
17640	-1235.267	-1446.846	211.5793	0.9843757	7.670691	0.9435684	0.731721	0.268279	2.294624
17646	-1242.935	-1453.944	211.009	0.9077663	7.912767	1.026505	0.806329	0.193671	2.618642
17652	-1240.319	-1450.709	210.3907	0.6151703	4.197339	1.349204	0.658788	0.341212	3.538177
17658	-1246.058	-1457.145	211.0868	1.035468	4.60945	1.680623	0.628601	0.371399	2.650222
17664	-1248.774	-1460.724	211.9509	0.992816	7.944478	0.9859368	0.795752	0.204248	1.983419
17670	-1243.499	-1454.55	211.051	0.7244744	5.155801	1.48257	0.716558	0.283442	2.852003
17676	-1253.341	-1463.653	210.312	0.7876035	5.1555	1.712908	0.740941	0.259059	3.160741
17682	-1241.6	-1452.583	210.9833	0.6506426	5.18141	1.361391	0.762193	0.237807	2.989135
17688	-1240.656	-1451.946	211.2899	0.7477329	5.18141	1.531433	0.747412	0.252588	2.665774
17694	-1238.648	-1449.565	210.9179	0.7565196	7.44093	1.122031	0.803158	0.196842	2.768821
17700	-1249.769	-1460.89	211.1207	1.155032	5.462967	2.928353	0.658792	0.341208	1.974087
17706	-1245.043	-1456.724	211.6817	1.158938	5.462967	1.865572	0.718811	0.281189	1.961794
17712	-1246.685	-1458.649	211.9642	1.058141	6.307861	1.053535	0.748158	0.251842	2.114589
17718	-1256.689	-1468.183	211.4942	1.02205	6.307861	1.163551	0.734779	0.265221	2.374694
17724	-1252.379	-1462.936	210.5567	0.6636009	8.312452	1.344844	0.794431	0.205569	2.827154
17730	-1245.17	-1456.441	211.2716	0.720425	7.126657	1.267402	0.794431	0.205569	2.534489
17736	-1251.302	-1463.155	211.8532	1.034534	5.758879	1.621387	0.795272	0.204728	1.986626
17742	-1243.435	-1454.41	210.9752	0.7266899	5.829962	1.489049	0.761542	0.238458	2.787354
17748	-1246.123	-1457.296	211.1735	0.7825978	5.122085	1.489049	0.711948	0.288052	2.744739
17754	-1243.76	-1454.322	210.5611	0.7483349	5.122085	1.43815	0.773607	0.226393	3.157106
17760	-1244.534	-1455.122	210.5876	0.8862132	5.397191	0.776633	0.807823	0.192177	3.385077
17766	-1240.593	-1451.088	210.4956	0.7945894	5.519078	0.776633	0.787643	0.212357	3.473967
17772	-1236.206	-1446.666	210.4596	0.6472439	8.148654	0.9378067	0.834516	0.165484	3.13649
17778	-1226.301	-1436.966	210.6642	0.6849292	7.4254	0.7990914	0.746974	0.253026	3.167757
17784	-1234.771	-1444.698	209.9277	0.8765458	7.77299	0.7410757	0.746974	0.253026	3.489284
17790	-1241.787	-1453.07	211.2824	0.9823868	6.414633	0.9472243	0.746974	0.253026	2.646413
17796	-1231.19	-1443.209	212.0187	0.9332216	6.119899	1.089993	0.797677	0.202323	2.166694
17802	-1230.881	-1442.083	211.2028	0.8359034	6.119899	1.277931	0.817666	0.182334	2.639086
17808	-1233.379	-1444.16	210.7812	0.5262678	6.119899	1.319933	0.764086	0.235914	3.06176
17814	-1235.91	-1446.783	210.8723	0.521628	7.011608	1.319933	0.734853	0.265147	2.889646
17820	-1233.764	-1445.302	211.5372	0.936964	6.436678	1.319933	0.763069	0.236931	2.298115
17826	-1238.964	-1450.348	211.3841	0.5646228	6.436678	1.830786	0.707498	0.292502	2.401163
17832	-1234.205	-1444.882	210.6765	0.5953319	4.883443	1.543475	0.735177	0.264823	3.17299
17838	-1241.395	-1451.972	210.5779	0.6500225	5.341442	1.543475	0.699901	0.300099	3.124106
17844	-1255.648	-1466.959	211.3111	0.7101293	7.84741	1.201045	0.68517	0.31483	2.461086
17850	-1249.027	-1461.025	211.9983	0.8800103	6.525286	1.850431	0.68517	0.31483	1.766784
17856	-1252.145	-1463.175	211.0299	0.8611495	6.285894	1.850431	0.703725	0.296275	2.45159
17862	-1243.689	-1454.205	210.5164	0.7377679	7.704416	1.105462	0.671509	0.328491	3.000551
17868	-1249.727	-1461.666	211.9393	0.9329075	5.077654	1.190621	0.760584	0.239416	2.330929
17874	-1253.666	-1464.004	210.3379	0.8482859	4.525465	2.462251	0.782898	0.217102	2.961674
17880	-1244.71	-1455.02	210.3095	0.7502448	4.772722	1.661508	0.655249	0.344751	3.268695
17886	-1246.705	-1456.311	209.6066	0.5836841	3.740436	1.661508	0.635667	0.364333	3.965861
17892	-1229.01	-1440.174	211.1642	0.7199968	6.41757	1.366327	0.735921	0.264079	2.647502
17898	-1225.431	-1436.635	211.2042	0.9147045	6.241293	1.68239	0.778552	0.221448	2.382994
17904	-1231.671	-1442.901	211.2305	0.7683794	5.035283	1.68239	0.704434	0.295566	2.64972
17910	-1246.863	-1457.864	211.0007	0.7579717	4.610343	1.68239	0.752254	0.247746	2.871385
17916	-1249.684	-1460.567	210.883	0.8259948	4.758175	1.967055	0.71218	0.28782	2.765762
17922	-1257.824	-1468.067	210.2435	0.9245021	4.09641	2.090077	0.672717	0.327283	3.171736
17928	-1255.251	-1466.484	211.2324	1.04444	4.09641	1.131139	0.759986	0.240014	2.915137
17934	-1245.246	-1456.292	211.0461	0.8078092	6.912444	1.565774	0.683618	0.316382	2.505778
17940	-1246.839	-1457.604	210.7649	0.7941146	4.758175	1.51046	0.808454	0.191546	3.037673
17946	-1242.092	-1451.62	209.528	0.7247341	4.630315	0.9435301	0.695144	0.304856	4.106101
17952	-1239.043	-1449.378	210.3351	0.7705732	6.502232	0.9248285	0.816327	0.183673	3.344903
17958	-1235.202	-1445.625	210.4227	0.6670063	6.573548	0.9248285	0.756683	0.243317	3.344903
17964	-1239.129	-1448.326	209.1966	0.6445553	5.850038	1.099251	0.756683	0.243317	4.064962
17970	-1238.314	-1447.838	209.5239	0.5606582	6.41041	1.099251	0.699235	0.300765	3.849608
17976	-1238.927	-1449.2	210.2729	0.6290265	5.215879	1.188454	0.720903	0.279097	3.501578
17982	-1247.808	-1457.321	209.5125	0.766285	5.215879	1.133703	0.755	0.245	3.890253
17988	-1239.731	-1450.644	210.9121	0.8356311	4.402425	1.456613	0.752823	0.247177	3.012747
17994	-1240.409	-1451.015	210.6058	0.6818732	4.803611	1.456613	0.681433	0.318567	3.215017
18000	-1239.59	-1450.74	211.1499	0.6620799	4.699175	1.456613	0.717957	0.282043	2.920066
18006	-1245.662	-1456.352	210.6898	0.7457607	4.699175	1.250407	0.717957	0.282043	3.242691
18012	-1247.748	-1458.624	210.8763	0.7442603	5.440757	1.396909	0.723856	0.276144	2.938779
18018	-1255.715	-1466.3	210.5856	0.7442603	4.668619	1.872798	0.625328	0.374672	3.04517
18024	-1258.33	-1468.646	210.3159	0.8637523	5.619526	1.326423	0.694392	0.305608	3.20785
18030	-1269.289	-1481.172	211.8826	1.20423	5.648794	1.42308	0.79371	0.20629	1.968406
18036	-1256.713	-1467.39	210.6767	0.8418604	5.648794	1.42308	0.776391	0.223609	2.955822
18042	-1233.231	-1444.077	210.8463	0.6379489	5.650162	1.427516	0.709534	0.290466	2.974177
18048	-1242.024	-1452.599	210.5752	0.5937549	5.650162	1.324812	0.759754	0.240246	3.210365
18054	-1244.221	-1454.908	210.687	0.6231567	5.202288	1.440408	0.716233	0.283767	3.142628
18060	-1235.836	-1447.081	211.2454	0.7748508	5.27267	1.440408	0.779829	0.220171	2.70266
18066	-1248.635	-1459.763	211.1275	0.7951416	6.035656	1.255404	0.697795	0.302205	2.734301
18072	-1249.802	-1461.009	211.2065	0.6839853	5.663751	1.40919	0.786481	0.213519	2.734301
18078	-1254.355	-1465.191	210.8363	0.8050624	6.68503	1.40919	0.765876	0.234124	2.739245
18084	-1258.408	-1468.345	209.937	0.7946173	5.060388	1.900741	0.692185	0.307815	3.323191
18090	-1252.742	-1463.564	210.8217	0.8747825	5.251118	1.5973	0.662238	0.337762	2.834087
18096	-1263.711	-1475.359	211.6482	0.9899774	5.251118	1.657621	0.664239	0.335761	2.220458
18102	-1261.141	-1472.603	211.4615	0.9779355	6.43442	0.9500992	0.791863	0.208137	2.533559
18108	-1254.806	-1466.238	211.432	0.8650385	5.787415	0.8902867	0.765724	0.234276	2.755503
18114	-1260.028	-1470.805	210.7772	0.7026725	6.903585	0.8902867	0.724068	0.275932	3.093071
18120	-1252.923	-1464.054	211.1314	0.7026725	6.156196	1.459693	0.809475	0.190525	2.671505
18126	-1250.181	-1462.224	212.0436	0.8771849	5.210561	1.54978	0.817849	0.182151	2.09256
18132	-1250.528	-1462.272	211.7444	0.86669	5.210561	2.051818	0.651847	0.348153	2.085025
18138	-1252.273	-1463.832	211.5597	0.9020889	5.210561	1.772202	0.693889	0.306111	2.292078
18144	-1249.052	-1461.59	212.5382	1.055785	5.762412	0.8407003	0.768169	0.231831	1.969985
18150	-1233.214	-1445.129	211.9146	0.8878979	3.848453	1.396271	0.701834	0.298166	2.507668
18156	-1230.477	-1441.208	210.7308	0.8205093	3.848453	1.396271	0.732196	0.267804	3.265252
18162	-1246.33	-1456.956	210.6252	0.6966845	5.871181	1.436355	0.776196	0.223804	3.034474
18168	-1243.141	-1454.713	211.5715	0.704812	5.871181	1.436355	0.755051	0.244949	2.450321
18174	-1250.283	-1460.736	210.4533	0.6416671	5.871181	1.436995	0.775428	0.224572	3.169409
18180	-1253.186	-1464.045	210.8587	0.9152023	7.640623	1.021843	0.741002	0.258998	2.741813
18186	-1249.438	-1459.988	210.5496	0.7285125	8.418687	0.87015	0.794795	0.205205	3.04809
18192	-1234.265	-1445.243	210.9789	0.6938394	5.871181	1.005718	0.714664	0.285336	3.047553
18198	-1230.406	-1440.897	210.4906	0.5607094	5.906235	1.523383	0.779351	0.220649	3.152181
18204	-1252.222	-1463.518	211.296	0.7417111	5.906235	1.529145	0.818306	0.181694	2.551119
18210	-1252.344	-1463.359	211.0151	0.6977908	7.617985	1.342691	0.715894	0.284106	2.607554
18216	-1257.876	-1468.306	210.4298	0.5090657	6.827058	1.342691	0.666148	0.333852	3.174833
18222	-1229.801	-1441.475	211.6742	0.7924349	5.952629	1.070853	0.770872	0.229128	2.512485
18228	-1252.598	-1462.491	209.8928	0.6125507	4.763728	1.937586	0.707252	0.292748	3.492199
18234	-1246.8	-1457.6	210.8002	0.7942699	5.265894	2.095279	0.724604	0.275396	2.703364
18240	-1258.928	-1469.211	210.2823	0.6257887	5.265894	2.095279	0.714961	0.285039	3.117882
18246	-1252.131	-1462.93	210.7994	0.6145201	4.971505	1.497534	0.769585	0.230415	3.093471
18252	-1251.991	-1462.212	210.2217	0.7065044	5.247825	1.609878	0.687399	0.312601	3.288667
18258	-1274.105	-1484.967	210.8622	0.7315406	6.588662	1.255347	0.737676	0.262324	2.856674
18264	-1247.865	-1459.501	211.6355	0.8907932	5.784411	1.507671	0.685837	0.314163	2.271633
18270	-1251.863	-1463.165	211.3019	0.7706747	5.926823	0.9760566	0.774216	0.225784	2.816334
18276	-1253.327	-1464.722	211.3949	0.6542248	7.134496	1.291523	0.729875	0.270125	2.485342
18282	-1260.548	-1471.852	211.3045	0.805892	6.846055	1.291523	0.739068	0.260932	2.485342
18288	-1244.964	-1456.193	211.2283	0.7621676	6.846055	1.617649	0.689726	0.310274	2.406212
18294	-1238.627	-1450.717	212.0899	0.8930294	6.769717	1.149976	0.812083	0.187917	2.012866
18300	-1236.707	-1448.41	211.7032	0.9935459	5.833833	1.149976	0.761268	0.238732	2.339801
18306	-1226.749	-1438.292	211.5432	0.8577743	6.149538	1.558167	0.732554	0.267446	2.271816
18312	-1232.363	-1444.026	211.6635	0.9195254	6.15329	1.558167	0.732554	0.267446	2.153658
18318	-1238.395	-1449.704	211.3085	0.8075675	6.183887	1.705319	0.691501	0.308499	2.383622
18324	-1251.09	-1461.823	210.7334	0.6180409	4.224209	2.066434	0.787448	0.212552	3.045628
18330	-1248.187	-1459.427	211.2396	0.9019242	5.514545	2.066434	0.700494	0.299506	2.331175
18336	-1244.23	-1455.631	211.4015	0.8035985	7.738031	1.251204	0.724208	0.275792	2.331175
18342	-1234.868	-1446.076	211.2079	0.8621837	8.480082	1.251204	0.714176	0.285824	2.328316
18348	-1255.086	-1466.856	211.7703	0.8303574	5.908209	1.251204	0.692409	0.307591	2.333162
18354	-1245.094	-1455.015	209.9206	0.5928607	4.89604	2.458204	0.707962	0.292038	3.298288
18360	-1234.002	-1444.5	210.4981	0.7595086	4.853484	1.38018	0.723426	0.276574	3.258982
18366	-1227.377	-1437.878	210.5011	0.8950685	5.162726	1.016906	0.742928	0.257072	3.313908
18372	-1241.552	-1451.065	209.5128	0.6599358	4.871862	1.826976	0.736447	0.263553	3.706697
18378	-1235.111	-1446.06	210.9495	0.6201232	5.812284	1.826976	0.700403	0.299597	2.730222
18384	-1240.488	-1451.506	211.0183	0.7020961	5.814847	1.826976	0.721709	0.278291	2.637216
18390	-1241.141	-1452.057	210.9155	0.8048456	5.814847	1.826976	0.721709	0.278291	2.637216
18396	-1256.505	-1467.73	211.2246	0.8121355	4.799578	1.826976	0.754243	0.245757	2.609657
18402	-1257.339	-1468.419	211.0801	0.9425699	4.799578	1.826976	0.76947	0.23053	2.618359
18408	-1255.448	-1466.396	210.9481	0.8255209	4.799578	2.209743	0.670008	0.329992	2.634195
18414	-1243.183	-1454.928	211.7451	0.9703344	4.496892	2.114352	0.670481	0.329519	2.128009
18420	-1240.123	-1451.483	211.3599	0.8856122	5.338212	1.743022	0.709175	0.290825	2.419653
18426	-1238.569	-1449.425	210.8559	0.7462494	5.338212	1.494507	0.732013	0.267987	2.921722
18432	-1236.149	-1447.168	211.019	0.7759652	5.623075	1.388813	0.67977	0.32023	2.808555
18438	-1237.385	-1448.432	211.0467	0.7735993	5.989614	1.277767	0.736387	0.263613	2.792142
18444	-1237.789	-1448.29	210.5017	0.698583	6.23654	0.9090189	0.80345	0.19655	3.335097
18450	-1247.556	-1457.432	209.8763	0.7409256	6.23654	1.018448	0.679746	0.320254	3.609949
18456	-1238.293	-1448.914	210.6216	0.7407979	6.23654	1.004892	0.755085	0.244915	3.180809
18462	-1242.939	-1453.643	210.704	0.6609043	6.694443	0.9326786	0.760137	0.239863	3.161554
18468	-1243.494	-1454.424	210.9295	0.6634135	6.670983	0.9326786	0.795709	0.204291	3.02862
18474	-1225.325	-1436.038	210.7131	0.6886116	4.93546	1.333707	0.729465	0.270535	3.181649
18480	-1240.562	-1450.852	210.2905	0.6702389	4.742275	1.428032	0.708869	0.291131	3.43071
18486	-1237.955	-1447.957	210.0024	0.6484691	6.0699	1.147995	0.708869	0.291131	3.542302
18492	-1233.703	-1444.043	210.3405	0.7142386	6.292094	1.008102	0.7226	0.2774	3.352918
18498	-1251.959	-1463.621	211.6614	0.7204376	5.331234	1.105303	0.71232	0.28768	2.64295
18504	-1255.879	-1466.824	210.9447	0.7717424	5.458018	2.218052	0.717304	0.282696	2.554701
18510	-1243.757	-1453.703	209.9459	0.5371906	6.968222	0.9591152	0.720372	0.279628	3.627768
18516	-1242.845	-1453.304	210.4588	0.636015	6.968222	0.9591152	0.717234	0.282766	3.270018
18522	-1245.14	-1456.178	211.0383	0.9471275	7.608186	0.9591152	0.708064	0.291936	2.654732
18528	-1256.668	-1468.151	211.4832	0.9783292	6.206107	0.9591152	0.737469	0.262531	2.546819
18534	-1255.146	-1465.523	210.3764	0.6342412	6.050153	0.9591152	0.68223	0.31777	3.441252
18540	-1258.03	-1468.033	210.0025	0.5724379	6.050153	1.079222	0.766657	0.233343	3.626021
18546	-1265.888	-1476.984	211.0962	0.7563606	5.082889	1.467543	0.635644	0.364356	2.824151
18552	-1241.044	-1452.552	211.508	0.8428752	6.753817	1.16381	0.799068	0.200932	2.415646
18558	-1241.942	-1453.326	211.3839	0.840782	6.753817	1.241639	0.726385	0.273615	2.452446
18564	-1238.413	-1449.69	211.2766	0.840782	6.753817	0.8431164	0.814434	0.185566	2.759774
18570	-1233.08	-1443.851	210.7703	0.6864898	7.430339	1.09755	0.744808	0.255192	2.915893
18576	-1248.982	-1459.879	210.8971	0.7055872	8.447833	0.9669575	0.735641	0.264359	2.786763
18582	-1238.859	-1449.466	210.6072	0.6568754	8.447833	0.9890833	0.795725	0.204275	2.977972
18588	-1247.383	-1457.666	210.283	0.6517848	8.327346	0.9890833	0.707871	0.292129	3.187672
18594	-1240.513	-1451.172	210.6589	0.703734	7.302473	0.8794604	0.746372	0.253628	3.120099
18600	-1246.137	-1456.325	210.1887	0.6308586	7.302473	0.8794604	0.695726	0.304274	3.440521
18606	-1248.695	-1459.346	210.651	0.7977605	6.615031	1.193652	0.695726	0.304274	2.97257
18612	-1238.896	-1449.89	210.9938	0.7301541	6.615031	1.193652	0.702874	0.297126	2.806163
18618	-1229.877	-1441.013	211.1363	0.8469855	5.94262	1.193652	0.705286	0.294714	2.743395
18624	-1246.861	-1458.516	211.6548	0.8469855	8.604568	0.8824903	0.77857	0.22143	2.263995
18630	-1243.854	-1455.171	211.317	0.7641084	6.236713	1.165277	0.65854	0.34146	2.655672
18636	-1245.626	-1456.589	210.9632	0.8012489	5.8263	2.496609	0.758976	0.241024	2.375834
18642	-1243.182	-1454.906	211.724	0.8640815	6.961415	0.9056554	0.726718	0.273282	2.396976
18648	-1241.276	-1453.157	211.8811	1.142106	6.961415	0.7097512	0.806709	0.193291	2.266578
18654	-1244.008	-1455.148	211.1406	0.7081602	8.000638	1.159661	0.791896	0.208104	2.573203
18660	-1233.223	-1444.736	211.5138	0.6804796	7.400653	1.159661	0.760992	0.239008	2.430845
18666	-1226.235	-1437.773	211.5388	0.7395386	6.966621	1.148952	0.766499	0.233501	2.440737
18672	-1239.076	-1450.268	211.1923	0.7081313	6.208168	1.193476	0.793742	0.206258	2.75536
18678	-1247.798	-1458.734	210.9353	0.6590278	6.245136	1.322501	0.683453	0.316547	2.870239
18684	-1249.565	-1460.944	211.38	0.7299811	6.820686	1.322501	0.744549	0.255451	2.473262
18690	-1242.859	-1453.631	210.7713	0.7237086	4.807784	1.492986	0.725436	0.274564	3.074993
18696	-1245.718	-1456.194	210.476	0.7105804	5.054188	1.351238	0.67223	0.32777	3.280919
18702	-1241.42	-1451.217	209.7972	0.71317	5.054188	1.147637	0.721831	0.278169	3.775346
18708	-1222.276	-1432.479	210.2024	0.7070817	5.057038	1.425123	0.721831	0.278169	3.409475
18714	-1226.05	-1437.34	211.2902	0.8313465	5.944414	1.425123	0.743988	0.256012	2.541291
18720	-1236.354	-1447.602	211.2481	0.8882729	6.68805	0.9812447	0.697865	0.302135	2.666196
18726	-1245.355	-1456.151	210.7951	0.9267967	6.68805	0.7761112	0.756873	0.243127	3.054701
18732	-1242.266	-1453.267	211.001	0.8061425	4.762756	1.06166	0.783118	0.216882	3.111693
18738	-1248.07	-1459.28	211.2097	0.7460061	5.399928	1.072388	0.68554	0.31446	2.910648
18744	-1250.755	-1462.423	211.6685	1.050879	5.91659	1.921203	0.727843	0.272157	1.943529
18750	-1241.131	-1451.807	210.6767	0.6852597	5.445974	1.297137	0.683676	0.316324	3.140361
18756	-1254.741	-1464.449	209.7072	0.7197309	5.445974	1.500225	0.649216	0.350784	3.596966
18762	-1254.721	-1466.418	211.6963	1.12929	6.560158	1.144865	0.761628	0.238372	2.149978
18768	-1242.748	-1454.449	211.7006	0.8940456	6.560158	0.9670961	0.709972	0.290028	2.407443
18774	-1238.761	-1450.076	211.3155	0.8547262	6.560158	1.211451	0.770075	0.229925	2.529499
18780	-1237.275	-1448.507	211.2318	0.8105558	6.560158	1.39789	0.651531	0.348469	2.514134
18786	-1230.409	-1440.978	210.5688	0.7912818	6.723717	1.39789	0.676411	0.323589	2.910257
18792	-1240.153	-1450.282	210.129	0.6584649	6.18919	1.991895	0.662625	0.337375	3.087079
18798	-1243.029	-1454.536	211.5069	0.9870906	5.534705	1.241878	0.662625	0.337375	2.464818
18804	-1243.626	-1454.142	210.5161	0.724991	5.398782	1.241878	0.717033	0.282967	3.246717
18810	-1240.089	-1450.238	210.1488	0.5626243	5.398782	1.862676	0.70265	0.29735	3.294999
18816	-1252.021	-1462.169	210.1482	0.4615246	5.398782	1.487078	0.653237	0.346763	3.503458
18822	-1245.937	-1455.7	209.7629	0.6855533	5.398782	1.487078	0.653237	0.346763	3.597327
18828	-1247.03	-1456.922	209.8917	0.7170195	4.671275	1.487078	0.693271	0.306729	3.622198
18834	-1248.023	-1459.177	211.1538	0.560584	4.671275	1.487078	0.731363	0.268637	2.970137
18840	-1272.792	-1483.375	210.5826	0.970558	4.504794	1.127123	0.750245	0.249755	3.271626
18846	-1266.518	-1478.045	211.5267	0.8683975	5.435308	1.127123	0.800305	0.199695	2.605431
18852	-1259.57	-1470.868	211.2981	0.7619151	7.26531	1.611939	0.747127	0.252873	2.308451
18858	-1250.07	-1461.111	211.0405	0.8388491	5.300834	1.611939	0.673796	0.326204	2.708189
18864	-1231.555	-1443.063	211.5083	0.8621635	5.300834	1.291717	0.759519	0.240481	2.554258
18870	-1235.834	-1446.676	210.8422	0.7502974	5.194238	2.034335	0.759519	0.240481	2.737786
18876	-1235.905	-1448.167	212.2626	0.9271623	5.194238	1.224133	0.759519	0.240481	2.086152
18882	-1238.538	-1450.158	211.6195	0.9271623	5.194238	1.580839	0.759519	0.240481	2.32311
18888	-1244.713	-1456.111	211.3983	0.8852753	6.234251	1.06469	0.759519	0.240481	2.58827
18894	-1269.329	-1480.875	211.5459	1.084294	6.334135	1.409493	0.800104	0.199896	2.167159
18900	-1252.17	-1463.805	211.6344	1.053166	5.338987	1.928479	0.772809	0.227191	2.059802
18906	-1258.475	-1470.169	211.6944	0.9927456	7.139693	1.5848	0.763711	0.236289	1.92709
18912	-1241.985	-1453.495	211.5095	0.9081149	5.175635	1.558655	0.745121	0.254879	2.418009
18918	-1237.766	-1448.02	210.2538	0.7762833	5.175635	1.558655	0.679638	0.320362	3.261405
18924	-1243.972	-1455.164	211.1921	1.059732	5.098628	2.803246	0.804948	0.195052	2.091314
18930	-1248.375	-1459.2	210.825	1.012137	5.098628	2.803246	0.645092	0.354908	2.35886
18936	-1246.664	-1456.614	209.9501	0.8564918	4.594874	2.927518	0.622155	0.377845	3.047289
18942	-1253.64	-1465.041	211.4012	0.8460961	4.847568	1.817357	0.771341	0.228659	2.473744
18948	-1256.772	-1467.087	210.3156	0.8047899	5.505487	1.694348	0.624983	0.375017	3.100288
18954	-1237.285	-1448.276	210.9902	0.7468411	5.106344	1.846195	0.66432	0.33568	2.733272
18960	-1250.036	-1461.092	211.0553	0.8615181	5.500545	1.694348	0.709245	0.290755	2.618181
18966	-1240.938	-1451.553	210.615	0.8288009	6.338224	1.694348	0.776266	0.223734	2.78284
18972	-1247.729	-1458.623	210.8946	0.7154087	6.338224	1.694348	0.684991	0.315009	2.681142
18978	-1247.728	-1459.056	211.3282	0.8688914	5.949023	1.063436	0.745747	0.254253	2.684291
18984	-1248.643	-1460.455	211.8124	0.9770569	4.317559	1.565325	0.76835	0.23165	2.338926
18990	-1247.001	-1458.281	211.2805	1.012707	7.391031	2.185923	0.78033	0.21967	1.907242
18996	-1247.841	-1458.917	211.0758	0.8268507	6.747562	1.881982	0.754134	0.245866	2.366242
19002	-1252.446	-1463.64	211.1937	0.8139981	4.906079	1.706141	0.679906	0.320094	2.656892
19008	-1253.579	-1465.068	211.4889	0.888951	4.678886	1.566415	0.74978	0.25022	2.527951
19014	-1252.146	-1463.841	211.6949	0.8394061	6.539723	1.030993	0.772585	0.227415	2.408041
19020	-1251.484	-1462.255	210.7713	0.810303	4.729719	2.450484	0.72194	0.27806	2.687857
19026	-1236.936	-1447.908	210.9723	0.8024392	5.501517	1.462753	0.679609	0.320391	2.805476
19032	-1259.607	-1470.363	210.7556	0.8438714	7.710189	1.100391	0.758597	0.241403	2.794083
19038	-1257.972	-1469.1	211.1273	0.7310802	7.916084	1.194679	0.827394	0.172606	2.557995
19044	-1240.042	-1450.429	210.3864	0.6958223	7.390263	1.178192	0.76067	0.23933	3.1015
19050	-1229.598	-1441.031	211.4325	0.8128492	5.687074	1.234737	0.74084	0.25916	2.599254
19056	-1243.277	-1453.871	210.5939	0.6278038	5.687074	1.234737	0.74084	0.25916	3.217811
19062	-1240.86	-1451.237	210.3774	0.6443466	4.274878	1.890996	0.774552	0.225448	3.293327
19068	-1225.728	-1436.244	210.5163	0.6155537	4.09252	1.890996	0.663467	0.336533	3.263323
19074	-1238.198	-1448.832	210.6336	0.4849044	4.391788	1.759837	0.716413	0.283587	3.263323
19080	-1235.499	-1447.412	211.913	0.7662215	5.255726	1.544184	0.746142	0.253858	2.244256
19086	-1244.417	-1454.135	209.7183	0.6605884	5.255726	1.544184	0.724732	0.275268	3.635654
19092	-1248.751	-1459.763	211.0116	0.9640164	4.128626	1.171484	0.671345	0.328655	3.067846
19098	-1244.801	-1456.06	211.2597	0.9640164	4.184987	1.376164	0.67545	0.32455	2.804372
19104	-1253.869	-1464.017	210.1478	0.6543823	4.26017	1.531313	0.745045	0.254955	3.564533
19110	-1245.237	-1456.058	210.8211	0.8161835	10.49939	0.9060076	0.773841	0.226159	2.596456
19116	-1233.275	-1445.157	211.8827	0.685723	11.14428	0.9060076	0.846611	0.153389	1.936793
19122	-1252.381	-1464.388	212.0068	0.8831111	11.14428	0.5563647	0.849707	0.150293	2.019968
19128	-1239.935	-1451.988	212.0535	0.9044087	11.2504	0.6574397	0.844331	0.155669	1.86573
19134	-1246.229	-1458.164	211.9355	0.6902849	8.440641	0.8813601	0.840827	0.159173	2.20395
19140	-1249.066	-1460.78	211.7139	0.7664579	9.873263	0.704858	0.81372	0.18628	2.27616
19146	-1235.872	-1447.696	211.8236	0.8645303	9.873263	0.8579177	0.830379	0.169621	2.020686
19152	-1245.422	-1457.201	211.7791	0.7770405	11.01052	0.8149617	0.822752	0.177248	2.026082
19158	-1240.685	-1452.661	211.9762	1.013253	12.52665	0.8898173	0.835642	0.164358	1.518941
19164	-1245.575	-1457.41	211.8345	1.024418	12.14156	0.8898173	0.83152	0.16848	1.651466
19170	-1262.242	-1473.961	211.7189	0.9484932	5.01981	1.311426	0.767513	0.232487	2.406308
19176	-1267.815	-1480.178	212.3636	0.9636181	3.649522	1.468434	0.677885	0.322115	2.18408
19182	-1237.599	-1448.511	210.9121	0.7586608	7.750697	1.090781	0.736252	0.263748	2.751235
19188	-1243.719	-1454.592	210.8726	0.5938926	7.750697	1.090781	0.832085	0.167915	2.87544
19194	-1254	-1465.831	211.8309	1.11481	4.074801	1.30732	0.620407	0.379593	2.414022
19200	-1242.481	-1453.552	211.0713	0.9710571	4.947042	1.30732	0.710298	0.289702	2.807893
19206	-1251.631	-1463.492	211.8605	1.056198	4.044411	1.30732	0.710298	0.289702	2.438659
19212	-1249.661	-1460.605	210.9435	0.9283565	4.044411	1.810923	0.733873	0.266127	2.86038
19218	-1249.848	-1461.206	211.3575	1.000594	4.174038	1.618796	0.659313	0.340687	2.614616
19224	-1245.125	-1455.766	210.6401	0.8226982	4.810949	1.618796	0.659313	0.340687	3.039978
19230	-1240.653	-1451.356	210.7029	0.785042	4.724591	1.618796	0.698129	0.301871	3.039978
19236	-1246.807	-1456.418	209.6107	0.6090955	5.061365	1.440621	0.720159	0.279841	3.802342
19242	-1248.225	-1458	209.7749	0.7700524	5.061365	1.679331	0.671371	0.328629	3.515429
19248	-1245.959	-1456.973	211.0131	0.8642584	4.851372	1.176814	0.663798	0.336202	2.991006
19254	-1242.277	-1453.716	211.4397	0.7277884	4.81918	1.176814	0.794853	0.205147	2.821401
19260	-1246.464	-1457.464	210.9999	0.9253919	4.193969	1.757132	0.685316	0.314684	2.819068
19266	-1244.138	-1455.659	211.5212	0.9025886	4.193969	1.07219	0.746016	0.253984	2.840041
19272	-1247.824	-1459.583	211.7586	0.9562416	3.324607	1.907214	0.678581	0.321419	2.464249
19278	-1251.594	-1462.375	210.7813	0.846694	3.324607	2.467001	0.678581	0.321419	2.942839
19284	-1243.75	-1454.395	210.6454	0.8834007	4.359548	2.674033	0.72579	0.27421	2.723022
19290	-1237.749	-1448.588	210.8392	0.753729	4.668264	1.677447	0.651641	0.348359	2.962974
19296	-1241.27	-1453.413	212.1433	1.117298	4.198333	1.433973	0.643702	0.356298	2.12203
19302	-1236.856	-1447.665	210.8081	0.7008774	5.760646	1.892626	0.703416	0.296584	2.750255
19308	-1237.495	-1448.293	210.7981	0.8641012	5.808026	1.892626	0.651632	0.348368	2.648989
19314	-1241.598	-1452.076	210.4782	0.8819241	5.69991	2.493348	0.732468	0.267532	2.648989
19320	-1238.361	-1450.183	211.8227	1.02529	5.148137	1.851519	0.700755	0.299245	2.018867
19326	-1235.052	-1446.91	211.8571	0.9463683	5.274636	1.329503	0.805522	0.194478	2.265975
19332	-1235.302	-1446.991	211.6893	0.9050436	5.274636	1.703771	0.787339	0.212661	2.224641
19338	-1229.136	-1440.884	211.7474	0.9416479	5.208495	1.703771	0.781367	0.218633	2.174928
19344	-1239.336	-1450.686	211.3509	0.9669408	4.946316	2.111502	0.634859	0.365141	2.300452
19350	-1238.835	-1451.171	212.3363	0.9449651	4.946316	1.885618	0.825964	0.174036	1.747664
19356	-1241.432	-1453.764	212.3316	0.9449651	4.946316	1.29216	0.812155	0.187845	2.036522
19362	-1249.686	-1460.775	211.0885	0.9323841	4.794671	1.950159	0.7322	0.2678	2.573514
19368	-1241.657	-1452.268	210.611	0.7357731	5.508539	1.742839	0.669789	0.330211	2.944983
19374	-1261.608	-1473.397	211.7896	0.6920162	5.508539	1.444258	0.739055	0.260945	2.374781
19380	-1250.571	-1461.313	210.7421	0.7325543	7.147891	1.448092	0.738669	0.261331	2.762337
19386	-1258.622	-1469.365	210.743	0.4959341	7.147891	1.225012	0.764728	0.235272	3.01328
19392	-1257.246	-1467.971	210.7251	0.7226131	7.147891	1.225012	0.746132	0.253868	2.887628
19398	-1250.26	-1461.448	211.1873	0.7393345	7.147891	1.045082	0.754764	0.245236	2.69563
19404	-1255.819	-1466.821	211.0017	0.7855543	6.176053	1.551168	0.776156	0.223844	2.656252
19410	-1251.678	-1463.562	211.8836	0.8784275	4.589692	1.278461	0.740825	0.259175	2.442305
19416	-1259.272	-1471.192	211.92	1.067512	4.589692	1.853507	0.777209	0.222791	2.03183
19422	-1249.613	-1461.176	211.5625	0.8383314	5.34218	2.083337	0.740774	0.259226	2.187501
19428	-1251.635	-1463.07	211.4353	1.059806	4.686026	2.083337	0.66435	0.33565	2.24529
19434	-1238.249	-1449.777	211.5283	0.9620339	4.933102	2.083337	0.747098	0.252902	2.202232
19440	-1247.606	-1458.878	211.2722	0.84244	6.742393	1.694443	0.729833	0.270167	2.308602
19446	-1244.79	-1455.951	211.1615	0.7925285	5.162195	1.694443	0.721573	0.278427	2.650748
19452	-1238.767	-1450.377	211.6103	0.8384397	5.181098	1.694443	0.767806	0.232194	2.33809
19458	-1243.266	-1455.438	212.1722	0.8380942	6.373876	1.27654	0.763616	0.236384	1.980751
19464	-1242.171	-1454.166	211.9946	0.9600657	6.373876	1.208068	0.763616	0.236384	2.056355
19470	-1242.518	-1453.384	210.8668	0.7336308	7.903576	1.479694	0.732148	0.267852	2.57736
19476	-1238.014	-1449.817	211.8022	0.8942685	7.903576	1.216358	0.781893	0.218107	2.010308
19482	-1248.565	-1460.158	211.5924	0.7294463	9.384673	1.216358	0.781893	0.218107	2.083355
19488	-1248.413	-1459.197	210.7834	0.6804196	7.892501	1.216358	0.835109	0.164891	2.79188
19494	-1258.363	-1469.226	210.8623	0.8511768	4.709188	1.444592	0.699411	0.300589	2.98302
19500	-1248.008	-1459.181	211.1732	0.870079	4.709188	1.444592	0.712599	0.287401	2.783478
19506	-1245.066	-1456.277	211.2108	0.7861479	4.709188	1.499856	0.7564	0.2436	2.78665
19512	-1247.954	-1458.12	210.1653	0.6405095	4.708587	2.175642	0.6355	0.3645	3.244964
19518	-1231.484	-1442.469	210.9846	0.5914927	4.761244	2.098215	0.68602	0.31398	2.79992
19524	-1229.942	-1441.322	211.3795	0.7083553	4.353587	1.729127	0.727227	0.272773	2.699882
19530	-1242.703	-1453.687	210.9843	0.7136849	4.781239	2.461979	0.754727	0.245273	2.60326
19536	-1233.18	-1444.499	211.3184	0.8235081	5.449201	1.284853	0.710011	0.289989	2.674821
19542	-1235.329	-1446.965	211.6365	0.8723413	6.191655	1.275842	0.733458	0.266542	2.335216
19548	-1246.017	-1457.196	211.1784	0.7927046	6.191655	1.717369	0.770421	0.229579	2.468725
19554	-1250.905	-1461.731	210.8262	0.730601	5.906624	1.717369	0.769406	0.230594	2.767128
19560	-1233.347	-1444.1	210.753	0.690903	4.104433	1.717369	0.666421	0.333579	3.141582
19566	-1233.158	-1443.184	210.026	0.4170394	4.856898	2.148568	0.726601	0.273399	3.441653
19572	-1225.236	-1435.799	210.5625	0.6094888	6.042785	1.465599	0.745118	0.254882	3.085954
19578	-1225.426	-1436.09	210.6643	0.6679599	4.867261	1.465599	0.745118	0.254882	3.173769
19584	-1230.313	-1441.593	211.2798	0.740366	6.286702	1.465599	0.731669	0.268331	2.534689
19590	-1236.546	-1447.818	211.2719	0.695091	6.162811	1.573873	0.718398	0.281602	2.53684
19596	-1235.471	-1446.841	211.3701	0.7896176	5.957543	1.017589	0.718398	0.281602	2.733246
19602	-1246.513	-1456.939	210.4257	0.8101505	5.211644	2.024327	0.791692	0.208308	2.954794
19608	-1248.542	-1459.11	210.5684	0.777281	4.819006	2.024327	0.719875	0.280125	2.954794
19614	-1255.305	-1467.413	212.1072	1.080495	4.15347	1.376561	0.69699	0.30301	2.207715
19620	-1245.627	-1458.504	212.8773	1.262383	4.570493	0.8832193	0.75491	0.24509	1.788218
19626	-1242.495	-1454.897	212.4026	1.262383	4.757969	0.8832193	0.716457	0.283543	2.071189
19632	-1237.94	-1450.446	212.5061	1.082047	4.757969	0.7533832	0.780589	0.219411	2.219717
19638	-1244.129	-1456.1	211.9717	1.110703	5.91397	0.9247015	0.767061	0.232939	2.2209
19644	-1254.017	-1466.408	212.3916	1.110703	5.411981	1.484984	0.697403	0.302597	1.692427
19650	-1252.469	-1464.58	212.1107	1.052523	4.119152	2.004685	0.719443	0.280557	1.95231
19656	-1250.401	-1462.317	211.9153	0.9908921	4.677647	1.586022	0.70608	0.29392	2.183869
19662	-1227.191	-1437.343	210.1518	0.6324513	4.502819	1.578023	0.719712	0.280288	3.511433
19668	-1239.031	-1449.818	210.7873	0.6866823	6.815518	1.422279	0.705961	0.294039	2.817773
19674	-1241.889	-1452.027	210.1379	0.8550274	4.828631	1.422279	0.675458	0.324542	3.399762
19680	-1242.73	-1453.302	210.5718	0.8118704	4.425603	2.157364	0.740601	0.259399	2.957427
19686	-1252.602	-1463.045	210.4425	0.8174653	4.425603	1.250229	0.763105	0.236895	3.394839
19692	-1247.518	-1458.595	211.0774	1.029471	4.747955	1.105366	0.671075	0.328925	2.909866
19698	-1242.263	-1452.243	209.9796	0.8149432	5.943681	0.8491299	0.69023	0.30977	3.651086
19704	-1261.188	-1471.722	210.5334	0.923226	6.368108	0.8989702	0.782337	0.217663	3.172045
19710	-1248.446	-1459.545	211.0991	0.7856564	4.939481	0.8437028	0.745355	0.254645	3.170033
19716	-1247.817	-1458.761	210.944	0.8063482	5.669857	0.8437028	0.724336	0.275664	3.133837
19722	-1237.551	-1448.799	211.2478	0.6222133	5.963332	0.8437028	0.716502	0.283498	3.019016
19728	-1238.687	-1449.45	210.7626	0.6726124	6.675226	0.8437028	0.757716	0.242284	3.180031
19734	-1235.188	-1446.818	211.6302	0.6967258	6.505416	1.367724	0.804583	0.195417	2.35764
19740	-1245.949	-1457.209	211.2598	0.9848459	6.553284	1.092694	0.756003	0.243997	2.550613
19746	-1250.232	-1460.972	210.7401	0.7922929	6.553284	1.095756	0.756336	0.243664	2.983728
19752	-1231.254	-1442.121	210.8669	0.6637876	5.123785	0.9485264	0.755705	0.244295	3.281775
19758	-1238.923	-1448.698	209.7747	0.5477835	5.352774	0.9485264	0.721049	0.278951	3.947293
19764	-1235.287	-1445.566	210.2793	0.6417181	6.631257	1.123647	0.7665	0.2335	3.321445
19770	-1250.124	-1461.711	211.5865	0.8656574	5.863021	1.123647	0.77452	0.22548	2.504432
19776	-1249.947	-1460.82	210.8736	0.9767313	5.338392	1.123647	0.73256	0.26744	2.955169
19782	-1258.807	-1470.143	211.3365	0.7300481	7.430533	1.460246	0.801131	0.198869	2.352443
19788	-1248.649	-1460.071	211.4221	0.6647972	7.430533	1.460246	0.741021	0.258979	2.339521
19794	-1242.662	-1453.748	211.0863	0.6647972	7.430533	1.460246	0.785138	0.214862	2.550631
19800	-1246.019	-1457.409	211.3892	0.7104045	7.430533	1.048847	0.742937	0.257063	2.550631
19806	-1227.882	-1438.781	210.8997	0.7259928	7.430533	1.482268	0.724884	0.275116	2.618204
19812	-1240.36	-1451.649	211.2889	0.8006527	4.080407	1.283455	0.696034	0.303966	2.951528
19818	-1249.715	-1461.356	211.6415	0.9667719	4.615466	1.382846	0.678628	0.321372	2.481191
19824	-1230.555	-1441.455	210.8996	0.7975345	5.16483	1.334746	0.760232	0.239768	2.966594
19830	-1241.515	-1452.662	211.1472	0.6278498	5.791846	1.334746	0.762586	0.237414	2.820826
19836	-1253.752	-1463.646	209.8932	0.5602427	6.581559	1.334746	0.698946	0.301054	3.495917
19842	-1237.188	-1448.379	211.1917	0.8733953	5.049469	1.308601	0.675914	0.324086	2.775887
19848	-1237.984	-1448.563	210.5782	0.6740886	4.646069	1.308601	0.720367	0.279633	3.331584
19854	-1238.467	-1448.538	210.0707	0.7614196	4.667677	1.261874	0.698802	0.301198	3.595985
19860	-1234.28	-1445.22	210.9405	0.8204549	5.345767	1.152058	0.700588	0.299412	2.992194
19866	-1241.477	-1451.856	210.3792	0.7597072	3.894158	1.607517	0.690497	0.309503	3.407301
19872	-1233.167	-1444.105	210.9383	0.8736674	3.950444	1.536617	0.732604	0.267396	3.027093
19878	-1233.51	-1445.349	211.8387	0.7903755	5.565238	1.09863	0.759162	0.240838	2.455004
19884	-1241.494	-1453.319	211.8254	0.8550593	3.863061	1.21957	0.703867	0.296133	2.669623
19890	-1245.473	-1455.725	210.2519	0.7816047	4.456434	1.732695	0.738977	0.261023	3.312051
19896	-1250.428	-1460.923	210.4946	0.6428735	4.160209	2.301612	0.765048	0.234952	3.108834
19902	-1247.312	-1457.925	210.6129	0.9224025	4.160209	2.301612	0.748231	0.251769	2.869959
19908	-1252.564	-1462.736	210.1718	0.5337956	4.79778	1.732342	0.667086	0.332914	3.444698
19914	-1235.009	-1446.618	211.6093	0.8990077	5.711918	1.323997	0.827648	0.172352	2.384483
19920	-1235.367	-1445.934	210.5679	0.8607605	5.151105	1.87704	0.734956	0.265044	2.901618
19926	-1237.334	-1448.082	210.7475	0.6484325	5.767104	1.87704	0.699266	0.300734	2.824009
19932	-1248.313	-1458.999	210.6864	0.5862114	5.839031	1.499828	0.702059	0.297941	3.040323
19938	-1247.721	-1458.086	210.3655	0.9411074	4.319585	2.545802	0.703758	0.296242	2.902856
19944	-1239.012	-1450.31	211.2985	0.9273167	5.753072	1.541828	0.741093	0.258907	2.451479
19950	-1237.999	-1448.17	210.1701	0.693117	6.049941	1.201891	0.693111	0.306889	3.393145
19956	-1236.533	-1447.319	210.7858	0.7740674	4.956728	1.201891	0.718103	0.281897	3.149617
19962	-1236.15	-1447.224	211.0737	0.8045936	5.319316	1.199558	0.718103	0.281897	2.900469
19968	-1238.828	-1449.268	210.4404	0.6566227	5.319316	1.199558	0.771217	0.228783	3.365427
19974	-1246.47	-1456.714	210.2445	0.5811911	6.746075	1.199558	0.802331	0.197669	3.322716
19980	-1237.824	-1449	211.1762	1.00809	4.70005	1.216883	0.660267	0.339733	2.811107
19986	-1241.379	-1453	211.6209	0.8598871	4.70005	1.216883	0.641318	0.358682	2.629454
19992	-1237.056	-1447.025	209.9688	0.704548	5.151987	2.061142	0.685155	0.314845	3.286773
19998	-1238.376	-1448.767	210.3912	0.8917162	4.941416	2.061142	0.682412	0.317588	2.958735
20004	-1237.717	-1449.214	211.4961	0.9533016	6.839052	1.129934	0.771686	0.228314	2.360909
20010	-1235.01	-1446.497	211.4874	0.8729693	7.69371	1.307538	0.79696	0.20304	2.207191
20016	-1243.456	-1455.124	211.6682	1.10299	10.76818	0.657127	0.79696	0.20304	2.038604
20022	-1248.448	-1458.999	210.5503	0.7071059	4.885001	1.286146	0.704484	0.295516	3.298389
20028	-1251.193	-1462.735	211.5421	0.8589279	4.972361	1.680871	0.704484	0.295516	2.410682
20034	-1247.047	-1458.916	211.8694	0.9381367	7.101402	1.125106	0.762994	0.237006	2.096766
20040	-1241.855	-1453.314	211.4589	1.00035	5.848201	2.051404	0.803112	0.196888	2.076702
20046	-1228.849	-1440.033	211.1841	0.7752863	5.349572	1.175823	0.712883	0.287117	2.859161
20052	-1230.645	-1441.528	210.8833	0.7336278	7.855399	0.9451309	0.808847	0.191153	2.859161
20058	-1231.745	-1442.848	211.1034	0.8007811	6.631039	0.9451309	0.782321	0.217679	2.838486
20064	-1246.842	-1458.462	211.6199	0.9417709	6.208003	0.6985704	0.802465	0.197535	2.670914
20070	-1239.281	-1450.628	211.3471	0.8295811	5.1527	1.139302	0.721243	0.278757	2.779208
20076	-1251.485	-1462.575	211.0892	1.005632	4.12024	2.000625	0.765056	0.234944	2.638021
20082	-1247.34	-1458.499	211.1591	0.9591519	9.34609	0.8840701	0.778008	0.221992	2.425348
20088	-1245.008	-1457.287	212.2789	0.993367	6.776535	1.07452	0.760997	0.239003	1.863855
20094	-1250.256	-1459.813	209.5565	0.7395949	4.155314	2.127252	0.721805	0.278195	3.658988
20100	-1242.442	-1452.539	210.0973	0.8793483	4.155314	1.180014	0.6644	0.3356	3.645402
20106	-1232.832	-1443.925	211.0928	0.8377291	3.883549	1.452154	0.720742	0.279258	3.007029
20112	-1230.199	-1440.557	210.3585	0.7106968	5.004895	1.389024	0.720742	0.279258	3.340592
20118	-1236.83	-1446.706	209.8761	0.7205793	4.905807	1.595457	0.720742	0.279258	3.544291
20124	-1233.21	-1444.689	211.4786	0.920092	5.275353	1.25539	0.701562	0.298438	2.559768
20130	-1235.923	-1446.227	210.3042	0.9431087	5.275353	1.25539	0.739586	0.260414	3.255704
20136	-1230.546	-1441.804	211.2575	0.8042832	6.448053	1.069871	0.791561	0.208439	2.691628
20142	-1243.12	-1454.25	211.1306	0.7499169	6.448053	1.459147	0.790289	0.209711	2.601393
20148	-1239.7	-1449.946	210.2463	0.5290893	6.432433	1.459147	0.778338	0.221662	3.270153
20154	-1239.402	-1450.655	211.2525	0.84908	6.432433	1.459147	0.75755	0.24245	2.465889
20160	-1235.708	-1445.918	210.2102	0.6710958	5.622428	1.404	0.76142	0.23858	3.347286
20166	-1238.358	-1449.393	211.035	0.6800775	5.622428	1.266802	0.774506	0.225494	2.916656
20172	-1241.74	-1452.823	211.083	0.8248456	7.528686	1.60275	0.808892	0.191108	2.375263
20178	-1236.063	-1446.951	210.888	0.8359113	7.528686	1.866256	0.79818	0.20182	2.382188
20184	-1239.159	-1449.892	210.7337	0.6392641	7.528686	1.111372	0.707816	0.292184	2.94678
20190	-1244.996	-1455.911	210.9154	0.7367311	4.717759	1.636749	0.721955	0.278045	2.935156
20196	-1230.666	-1442.014	211.3482	0.9405902	5.842746	0.8742562	0.721955	0.278045	2.762961
20202	-1237.469	-1449.356	211.8873	0.9405902	5.549616	1.673564	0.738636	0.261364	2.038084
20208	-1229.439	-1441.644	212.2049	0.9476485	6.409582	0.847433	0.786485	0.213515	2.154431
20214	-1234.43	-1446.726	212.2959	1.089438	6.409582	0.905867	0.837964	0.162036	1.957951
20220	-1233.051	-1444.998	211.9463	1.044974	4.710477	1.70107	0.738424	0.261576	2.070426
20226	-1236.296	-1448.375	212.0787	0.9146398	4.696013	1.515309	0.800553	0.199447	2.15661
20232	-1232.974	-1444.735	211.7615	0.9215379	4.696013	1.664852	0.737627	0.262373	2.289062
20238	-1228.515	-1439.655	211.1396	0.7668562	6.484994	1.664852	0.688575	0.311425	2.488857
20244	-1229.086	-1441.067	211.9816	0.8966676	6.484994	0.9897749	0.784942	0.215058	2.222637
20250	-1234.246	-1444.889	210.6423	0.7613531	6.484994	1.118133	0.750458	0.249542	3.057685
20256	-1246.719	-1457.391	210.672	0.5346123	6.553561	1.118133	0.704196	0.295804	3.165868
20262	-1236.121	-1447.176	211.0549	0.7830275	5.124825	1.012131	0.704196	0.295804	3.060899
20268	-1237.828	-1448.533	210.705	0.7002983	7.049171	1.116869	0.744888	0.255112	2.983542
20274	-1235.785	-1446.639	210.8542	0.740814	6.36179	1.294796	0.744888	0.255112	2.867166
20280	-1229.207	-1440.762	211.5553	0.7290011	7.002459	1.125981	0.735645	0.264355	2.445318
20286	-1237.607	-1449.436	211.8297	0.854103	8.130849	1.089623	0.789207	0.210793	2.065614
20292	-1227.166	-1439.013	211.8465	0.7685792	7.966029	1.089623	0.790456	0.209544	2.131132
20298	-1226.461	-1438.183	211.7226	0.7673528	7.966029	0.8384974	0.790456	0.209544	2.378031
20304	-1228.79	-1440.187	211.3965	0.8934498	7.966029	0.7263231	0.774063	0.225937	2.587612
20310	-1240.959	-1452.625	211.666	1.1691	5.396737	0.6074621	0.765433	0.234567	2.703348
20316	-1251.144	-1463.227	212.0834	1.076003	6.274095	0.4785918	0.814777	0.185223	2.493069
20322	-1246.072	-1456.02	209.9481	0.7553352	5.974747	1.466631	0.722094	0.277906	3.372479
20328	-1227.863	-1439.256	211.3928	0.873822	5.701252	1.31883	0.73024	0.26976	2.540477
20334	-1236.448	-1447.865	211.4175	0.8302938	5.284951	1.280874	0.739309	0.260691	2.638379
20340	-1235.212	-1445.521	210.309	0.7617733	5.284951	1.11815	0.700369	0.299631	3.428926
20346	-1234.297	-1445.349	211.0523	0.8769712	7.460883	1.253741	0.718089	0.281911	2.538004
20352	-1248.006	-1459.5	211.4943	1.070258	4.492376	1.504648	0.71726	0.28274	2.47416
20358	-1257.998	-1470.216	212.2184	0.9951741	4.492376	1.176536	0.759771	0.240229	2.229357
20364	-1230.373	-1441.95	211.5766	0.870186	7.078073	0.9064835	0.768761	0.231239	2.469765
20370	-1230.948	-1441.964	211.0162	0.6891001	7.211583	0.8867599	0.768761	0.231239	2.921199
20376	-1231.209	-1442.16	210.9513	0.8224533	7.211583	1.171471	0.786153	0.213847	2.709471
20382	-1239.713	-1450.468	210.7555	0.7571091	7.229908	1.024659	0.72073	0.27927	2.949002
20388	-1241.38	-1452.748	211.3684	0.9970624	6.267419	1.024659	0.757513	0.242487	2.556642
20394	-1249.704	-1460.352	210.6482	0.7337313	4.699509	2.499756	0.725574	0.274426	2.800427
20400	-1250.078	-1460.89	210.8126	0.7572494	4.177727	2.149647	0.649804	0.350196	2.895173
20406	-1238.84	-1449.605	210.7643	0.7159105	4.177727	2.149647	0.653303	0.346697	2.949261
20412	-1237.828	-1447.364	209.536	0.6041313	4.177727	2.375567	0.683924	0.316076	3.668195
20418	-1255.45	-1465.652	210.2019	0.825234	5.209651	1.818624	0.700664	0.299336	3.154417
20424	-1239.836	-1450.645	210.8083	0.6825473	4.158476	1.397616	0.715673	0.284327	3.238721
20430	-1235.058	-1445.575	210.5174	0.8083483	4.158476	1.61042	0.674836	0.325164	3.244041
20436	-1247.716	-1458.669	210.953	0.731926	4.407787	2.004669	0.618897	0.381103	2.831201
20442	-1241.774	-1452.997	211.2235	0.7612692	4.867983	1.359282	0.710851	0.289149	2.831201
20448	-1232.655	-1444.607	211.9528	1.021037	5.262409	1.430314	0.772529	0.227471	2.10645
20454	-1247.435	-1458.148	210.7128	1.042385	5.262409	1.282574	0.772529	0.227471	2.941366
20460	-1242.561	-1453.127	210.5655	0.8842665	4.52832	1.4875	0.733952	0.266048	3.153729
20466	-1240.019	-1450.86	210.8409	0.9405198	5.349543	1.84873	0.6573	0.3427	2.6647
20472	-1245.004	-1455.673	210.6693	0.8038482	4.417152	2.493611	0.6573	0.3427	2.79879
20478	-1241.857	-1452.532	210.6754	0.8316976	3.696474	2.560726	0.723105	0.276895	2.904038
20484	-1241.372	-1452.557	211.185	0.8316976	3.795805	2.560726	0.704708	0.295292	2.57064
20490	-1232.062	-1443.618	211.5565	0.8905364	9.230358	1.401701	0.761257	0.238743	1.916186
20496	-1238.461	-1449.533	211.0718	0.7832786	6.644767	1.401701	0.701611	0.298389	2.616852
20502	-1241.12	-1452.108	210.9879	0.7642359	6.644767	1.539768	0.710522	0.289478	2.616852
20508	-1233.144	-1443.863	210.7197	0.6551457	6.048621	1.156858	0.768003	0.231997	3.114531
20514	-1234.035	-1445.84	211.8052	0.8857354	6.048621	1.156858	0.759041	0.240959	2.30629
20520	-1234.866	-1446.366	211.4997	0.8018184	6.992763	1.156858	0.757213	0.242787	2.418191
20526	-1249.296	-1460.223	210.9267	0.8947809	5.112112	1.156858	0.815675	0.184325	2.991205
20532	-1247.724	-1458.021	210.2972	0.8608232	4.409954	2.228556	0.692178	0.307822	3.072314
20538	-1246.053	-1456.908	210.855	0.6564349	4.409954	1.46185	0.805654	0.194346	3.150042
20544	-1247.039	-1457.941	210.9017	0.6123259	4.409954	1.581701	0.746446	0.253554	3.096698
20550	-1243.289	-1453.82	210.5309	0.7966206	3.326972	1.581701	0.617811	0.382189	3.42914
20556	-1253.405	-1464.16	210.7551	0.7724689	3.326972	1.581701	0.697891	0.302109	3.311702
20562	-1234.321	-1445.481	211.1601	0.8791846	7.079199	1.124671	0.743954	0.256046	2.588845
20568	-1232.978	-1444.355	211.3772	0.820008	7.079199	1.124671	0.786385	0.213615	2.490497
20574	-1235.039	-1446.069	211.0307	0.7766301	4.446943	1.441742	0.720742	0.279258	2.975449
20580	-1241.736	-1451.466	209.7304	0.8640475	4.446943	1.575781	0.719557	0.280443	3.63266
20586	-1243.861	-1455.096	211.2354	0.8421637	4.412063	1.283142	0.746507	0.253493	2.894718
20592	-1238.277	-1448.986	210.7084	0.8186151	4.52084	1.041628	0.703788	0.296212	3.331594
20598	-1245.057	-1456.181	211.1241	0.8317848	5.577837	1.082512	0.790636	0.209364	2.87677
20604	-1247.911	-1459.15	211.2394	0.8050809	5.140929	1.405453	0.723544	0.276456	2.726095
20610	-1263.996	-1475.002	211.0066	0.6251635	4.799342	1.405453	0.74255	0.25745	3.034159
20616	-1253.052	-1463.665	210.6132	0.7089244	4.799342	1.853168	0.746019	0.253981	3.034159
20622	-1239.67	-1449.77	210.0993	0.5343102	3.802232	1.545502	0.67879	0.32121	3.74512
20628	-1233.29	-1442.83	209.5396	0.6832663	4.783325	1.109042	0.67879	0.32121	4.004679
20634	-1233.41	-1445.15	211.7408	0.8943594	5.383527	0.9560061	0.717272	0.282728	2.568093
20640	-1231.431	-1442.757	211.3265	0.6759957	5.750153	0.9560061	0.678105	0.321895	2.897725
20646	-1213.415	-1425.106	211.6906	0.7754723	5.750153	1.016824	0.761852	0.238148	2.576406
20652	-1225.627	-1436.009	210.3821	0.7907859	5.750153	1.016824	0.748171	0.251829	3.355044
20658	-1235.259	-1446.048	210.7891	0.8763246	5.750153	1.002935	0.714079	0.285921	3.071531
20664	-1236.217	-1447.123	210.9056	0.7206072	5.750153	1.002935	0.69944	0.30056	3.094929
20670	-1252.057	-1462.579	210.5222	0.6965048	4.738853	1.868257	0.761599	0.238401	3.100863
20676	-1246.158	-1455.635	209.4774	0.7648328	5.047879	1.132797	0.696994	0.303006	3.938071
20682	-1237.708	-1447.839	210.1315	0.7785162	6.022513	1.949667	0.658048	0.341952	3.052495
20688	-1237.907	-1447.499	209.5921	0.7078436	5.410736	1.08033	0.677714	0.322286	3.876644
20694	-1232.617	-1443.635	211.0181	0.7634524	5.186315	1.36196	0.785664	0.214336	2.899129
20700	-1234.536	-1445.315	210.7784	0.7350131	5.186315	1.396935	0.709494	0.290506	3.043854
20706	-1234.46	-1446.183	211.7235	1.065631	5.186315	1.521191	0.72487	0.27513	2.196206
20712	-1251.166	-1463.667	212.5008	1.074373	4.152048	1.521191	0.713953	0.286047	1.879077
20718	-1256.497	-1468.837	212.3401	1.079782	3.713104	2.231839	0.721222	0.278778	1.785095
20724	-1254.006	-1466.689	212.6829	1.156774	4.398123	1.382644	0.814534	0.185466	1.71373
20730	-1240.896	-1453.53	212.6339	1.104918	3.460313	1.778598	0.679816	0.320184	1.812875
20736	-1240.347	-1452.681	212.3342	1.093374	4.210348	1.861463	0.730967	0.269033	1.810818
20742	-1242.088	-1454.086	211.998	1.243229	4.210348	1.861463	0.715458	0.284542	1.937909
20748	-1237.753	-1449.57	211.8171	0.9121414	4.210348	1.861463	0.730128	0.269872	2.273861
20754	-1241.172	-1452.289	211.1171	0.969677	5.264846	1.861463	0.74141	0.25859	2.484296
20760	-1231.75	-1442.756	211.0057	0.7763946	4.933367	1.861463	0.750265	0.249735	2.72945
20766	-1248.509	-1458.64	210.1313	0.8361702	4.365114	1.211407	0.716433	0.283567	3.59587
20772	-1247.042	-1458.149	211.1071	0.9341687	4.365114	1.467181	0.767505	0.232495	2.837958
20778	-1244.648	-1455.234	210.5868	0.7772279	5.042424	1.467181	0.686852	0.313148	3.124731
20784	-1251.063	-1461.635	210.5712	0.7105293	5.042424	1.766718	0.720364	0.279636	3.049799
20790	-1250.903	-1461.044	210.1416	0.6566662	5.042424	2.15447	0.770431	0.229569	3.199726
20796	-1248.155	-1459.074	210.9193	0.6598419	5.474441	2.15447	0.738142	0.261858	2.658531
20802	-1235.252	-1445.952	210.7003	0.8412753	6.617024	1.22056	0.605563	0.394437	2.902292
20808	-1243.215	-1454.08	210.8648	0.7389392	6.342471	1.22056	0.731624	0.268376	2.902292
20814	-1251.844	-1462.407	210.5633	0.5615914	7.19529	1.056324	0.723169	0.276831	3.166697
20820	-1242.673	-1452.993	210.3193	0.6730297	6.361195	1.020458	0.754787	0.245213	3.373014
20826	-1241.037	-1451.422	210.3853	0.7099685	5.647417	1.020608	0.736643	0.263357	3.413598
20832	-1242.832	-1453.595	210.7634	0.651825	4.755152	1.603713	0.680127	0.319873	3.084379
20838	-1232.758	-1443.48	210.7224	0.783766	5.399548	1.603713	0.732416	0.267584	2.922652
20844	-1238.596	-1449.806	211.2098	0.7678971	5.399548	1.39248	0.732416	0.267584	2.73063
20850	-1240.657	-1451.695	211.0378	0.6354257	4.999028	1.555741	0.786241	0.213759	2.907947
20856	-1246.964	-1457.7	210.7361	0.755092	5.646478	1.837233	0.708186	0.291814	2.799581
20862	-1239.331	-1450.753	211.4225	0.9093876	5.617292	1.447347	0.746855	0.253145	2.450071
20868	-1232.586	-1444.053	211.4668	0.9083358	6.344817	1.447347	0.701936	0.298064	2.31122
20874	-1232.213	-1443.229	211.016	0.7422547	5.62305	1.200945	0.745567	0.254433	2.924454
20880	-1231.675	-1442.338	210.6628	0.5720159	4.175712	1.501407	0.663811	0.336189	3.340265
20886	-1234.77	-1445.692	210.9225	0.5576687	5.002533	1.213465	0.756829	0.243171	3.18331
20892	-1243.08	-1453.155	210.0753	0.5884977	4.935454	1.500762	0.681809	0.318191	3.539805
20898	-1240.439	-1451.616	211.1762	0.6400337	4.494782	1.622672	0.648623	0.351377	2.882351
20904	-1248.852	-1458.85	209.9983	0.7154644	4.494782	2.231156	0.672262	0.327738	3.319328
20910	-1245.16	-1456.768	211.6081	1.071418	5.84362	1.47124	0.749658	0.250342	2.180728
20916	-1228.416	-1439.427	211.0118	0.5899937	5.544679	1.47124	0.773003	0.226997	2.899717
20922	-1249.679	-1460.88	211.2008	0.6801842	5.492953	1.980124	0.728959	0.271041	2.530283
20928	-1244.37	-1454.688	210.3179	0.5153102	5.211951	1.980124	0.734968	0.265032	3.210529
20934	-1242.23	-1452.329	210.0982	0.4655624	5.211951	1.008037	0.655113	0.344887	3.795698
20940	-1248.651	-1459.6	210.9499	0.6857842	5.292961	1.370747	0.776046	0.223954	2.965523
20946	-1232.989	-1444.161	211.1719	0.8495831	5.985296	1.968652	0.752376	0.247624	2.368828
20952	-1242.347	-1453.549	211.2023	0.9216015	7.103185	1.439044	0.829439	0.170561	2.36899
20958	-1242.733	-1454.238	211.5056	0.9034478	5.912785	1.118722	0.749705	0.250295	2.526581
20964	-1239.344	-1451.572	212.2286	1.131856	8.776056	1.1219	0.763108	0.236892	1.49067
20970	-1238.353	-1448.719	210.3659	0.5410772	6.492682	1.529333	0.618779	0.381221	3.153496
20976	-1240.721	-1450.921	210.2008	0.7144643	6.492682	1.916833	0.763061	0.236939	2.995583
20982	-1245.44	-1456.015	210.5748	0.7411254	5.000932	1.710526	0.763204	0.236796	3.05831
20988	-1241.092	-1452.767	211.6746	0.9313877	5.065672	0.9579896	0.726589	0.273411	2.638086
20994	-1253.996	-1466.083	212.0874	1.117015	4.381282	1.587307	0.764548	0.235452	2.04704
21000	-1234.917	-1445.908	210.9909	1.037397	7.142843	0.729008	0.685327	0.314673	2.846509
21006	-1230.286	-1441.148	210.8624	0.8665488	5.20887	1.972646	0.679245	0.320755	2.673823
21012	-1235.934	-1446.488	210.5538	0.7941411	5.3431	1.972646	0.625546	0.374454	2.884164
21018	-1237.761	-1447.709	209.9483	0.8602602	6.903003	1.972646	0.644607	0.355393	2.985231
21024	-1238.554	-1448.875	210.3209	0.7912058	6.627945	1.972646	0.712916	0.287084	2.838291
21030	-1244.266	-1454.73	210.4642	0.5814587	6.932511	1.972646	0.698078	0.301922	2.838291
21036	-1237.275	-1449.058	211.7833	0.8918653	6.932511	1.039682	0.736085	0.263915	2.258198
21042	-1229.436	-1440.23	210.7933	0.9313718	6.932511	0.8233413	0.804998	0.195002	2.987792
21048	-1227.031	-1438.021	210.9908	0.9547438	6.609067	0.7609388	0.737284	0.262716	2.942085
21054	-1227.699	-1438.854	211.1554	0.8071024	6.609067	0.7424404	0.700514	0.299486	2.945647
21060	-1222.532	-1433.954	211.4224	1.101604	6.802387	0.8706641	0.802687	0.197313	2.482844
21066	-1234.924	-1445.758	210.8338	1.043061	6.020842	0.8662567	0.760457	0.239543	2.991369
21072	-1248.667	-1460.201	211.5343	1.036184	3.76151	1.480597	0.726572	0.273428	2.630979
21078	-1248.155	-1459.97	211.8156	1.080983	4.247073	1.701844	0.647744	0.352256	2.22459
21084	-1249.288	-1460.127	210.8391	0.9804185	5.725232	1.363564	0.764266	0.235734	2.789928
21090	-1244.217	-1455.754	211.5374	1.028413	7.633671	1.371396	0.693786	0.306214	2.047166
21096	-1257.274	-1469.057	211.7828	1.235844	10.58433	1.365694	0.720544	0.279456	1.368479
21102	-1246.38	-1457.219	210.8394	0.772958	4.537789	1.553838	0.713963	0.286037	3.026286
21108	-1242.559	-1453.319	210.7599	0.6623384	4.958649	1.593712	0.72763	0.27237	3.049443
21114	-1237.139	-1447.586	210.4476	0.5312017	6.342921	1.727966	0.7131	0.2869	3.049443
21120	-1241.995	-1452.312	210.3163	0.5612851	8.956495	1.143384	0.709025	0.290975	3.067404
21126	-1246.365	-1457.453	211.0887	1.080192	8.179992	1.143384	0.734571	0.265429	2.360385
21132	-1238.264	-1448.253	209.9887	0.522939	5.44228	1.627495	0.66506	0.33494	3.495556
21138	-1263.963	-1474.286	210.3221	0.6545088	6.627818	1.627495	0.719776	0.280224	3.052644
21144	-1260.255	-1471.377	211.1217	0.5955563	8.16876	1.541747	0.677386	0.322614	2.44478
21150	-1246.649	-1457.123	210.4742	0.6023425	7.691595	1.541747	0.795851	0.204149	2.895391
21156	-1255.74	-1465.775	210.0343	0.6917483	5.800308	2.159733	0.629225	0.370775	3.122678
21162	-1257.301	-1468.069	210.768	0.6860425	6.783192	0.9579838	0.701461	0.298539	3.081184
21168	-1256.133	-1466.493	210.3594	0.649731	5.160869	1.123313	0.732154	0.267846	3.481806
21174	-1264.584	-1475.473	210.8893	0.7687847	6.709816	2.136099	0.732154	0.267846	2.432069
21180	-1255.825	-1466.723	210.8979	0.5417405	10.20932	1.314478	0.787749	0.212251	2.510523
21186	-1246.608	-1458.249	211.641	1.005879	7.012449	1.314478	0.790108	0.209892	2.107443
21192	-1249.652	-1461.126	211.4744	0.8471574	6.473712	1.732952	0.818624	0.181376	2.197662
21198	-1244.157	-1454.477	210.3203	0.7744999	6.473712	0.8727982	0.707742	0.292258	3.388163
21204	-1234.152	-1445.786	211.6337	0.8501624	6.33784	1.328413	0.729132	0.270868	2.302058
21210	-1243.456	-1455.084	211.628	0.7550537	6.33784	0.9576834	0.703565	0.296435	2.57747
21216	-1237.968	-1449.534	211.5665	0.8279645	5.494112	1.4872	0.6854	0.3146	2.411919
21222	-1241.099	-1451.585	210.4858	0.6653907	5.494112	1.94457	0.725153	0.274847	2.98893
21228	-1240.83	-1451.548	210.7181	0.9899206	5.941759	1.59888	0.717108	0.282892	2.718666
21234	-1240.188	-1451.188	210.9993	0.697747	4.733617	1.945193	0.759898	0.240102	2.785386
21240	-1248.163	-1459.86	211.6968	1.082844	6.532146	1.039824	0.760997	0.239003	2.247426
21246	-1256.287	-1468.656	212.3688	1.094765	5.469599	1.039824	0.715045	0.284955	1.967356
21252	-1234.472	-1445.898	211.4263	0.7395316	5.623132	1.297492	0.702076	0.297924	2.625997
21258	-1233.206	-1444.113	210.9064	0.8135699	5.522275	1.97866	0.687661	0.312339	2.625997
21264	-1244.261	-1455.826	211.5646	0.7065008	6.186932	1.016197	0.698794	0.301206	2.631919
21270	-1248.932	-1459.58	210.6485	0.6245206	6.225271	2.215376	0.722857	0.277143	2.712309
21276	-1253.864	-1464.834	210.9701	0.6951575	5.747049	2.087878	0.763659	0.236341	2.585387
21282	-1241.007	-1451.598	210.5911	0.656522	6.942183	1.986044	0.698149	0.301851	2.709022
21288	-1246.231	-1457.327	211.0952	0.7675668	7.06187	1.108629	0.738049	0.261951	2.709022
21294	-1250.09	-1461.487	211.3971	0.9354871	7.416754	1.108629	0.723285	0.276715	2.370781
21300	-1244.306	-1456.019	211.7133	0.913858	7.143634	1.108629	0.760032	0.239968	2.218289
21306	-1242.68	-1454.193	211.5124	0.9152662	7.788684	1.519571	0.777863	0.222137	2.044369
21312	-1238.066	-1449.072	211.0059	0.7149581	6.604078	1.519571	0.71323	0.28677	2.65077
21318	-1226.724	-1437.112	210.3886	0.6472599	6.604078	1.033427	0.762932	0.237068	3.30762
21324	-1229.058	-1439.609	210.5504	0.5881631	6.604078	1.033427	0.740159	0.259841	3.247022
21330	-1236.381	-1446.807	210.4257	0.592655	6.842695	1.103899	0.671364	0.328636	3.247417
21336	-1244.738	-1454.367	209.6289	0.5289835	6.787476	1.113042	0.671364	0.328636	3.751614
21342	-1245.69	-1457	211.3101	0.7056217	7.607813	1.103598	0.850811	0.149189	2.548566
21348	-1242.404	-1453.226	210.8211	0.584503	6.293869	1.112739	0.675445	0.324555	3.085649
21354	-1251.752	-1462.654	210.9023	0.7298627	5.883413	1.515862	0.752001	0.247999	2.809816
21360	-1236.947	-1447.597	210.6502	0.6155201	5.329167	2.083801	0.777336	0.222664	2.897112
21366	-1249.454	-1460.266	210.8121	0.6171161	5.329167	1.808049	0.735648	0.264352	2.898331
21372	-1248.429	-1459.669	211.2398	0.7120004	7.683303	1.282498	0.690188	0.309812	2.481326
21378	-1248.976	-1460.06	211.084	0.6498488	8.803319	0.9365499	0.819162	0.180838	2.687028
21384	-1247.431	-1459.243	211.8128	1.057271	6.971977	1.09721	0.794332	0.205668	2.090636
21390	-1246.642	-1458.678	212.036	1.085383	6.801787	1.09721	0.758124	0.241876	1.947922
21396	-1240.13	-1451.881	211.751	0.9903403	6.069224	1.09721	0.723065	0.276935	2.305771
21402	-1239.488	-1450.212	210.7233	0.6695437	6.796875	1.235478	0.761001	0.238999	2.960436
21408	-1231.431	-1441.719	210.2878	0.5316087	6.843316	1.194453	0.78734	0.21266	3.316614
21414	-1242.687	-1452.267	209.5805	0.5645668	5.093132	1.386933	0.672701	0.327299	3.864004
21420	-1237.099	-1447.32	210.2206	0.7426641	6.105604	1.386933	0.774451	0.225549	3.236716
21426	-1235.427	-1446.364	210.937	0.7426641	4.746176	1.272681	0.607034	0.392966	3.078382
21432	-1241.782	-1452.197	210.4153	0.5423332	6.518925	1.241832	0.785382	0.214618	3.253225
21438	-1243.038	-1453.856	210.8176	0.563502	6.04647	1.275351	0.756105	0.243895	3.050069
21444	-1235.133	-1445.965	210.8321	0.6226828	7.407141	1.496297	0.741101	0.258899	2.719909
21450	-1232.548	-1443.224	210.6756	0.4937273	7.204506	1.06882	0.732374	0.267626	3.132002
21456	-1245.25	-1455.784	210.5342	0.6343012	7.270374	1.012029	0.697162	0.302838	3.157222
21462	-1249.544	-1460.813	211.2683	0.7171037	4.638848	1.46416	0.753343	0.246657	2.822432
21468	-1251.22	-1462.951	211.7318	0.8239598	5.547963	1.355824	0.745055	0.254945	2.364716
21474	-1252.312	-1463.951	211.6387	0.8549361	5.191572	1.319376	0.655354	0.344646	2.481674
21480	-1238	-1449.192	211.1925	0.9460559	4.071134	1.442468	0.678535	0.321465	2.847734
21486	-1245.884	-1455.402	209.518	0.4496804	4.332282	1.706165	0.723806	0.276194	3.962757
21492	-1245.749	-1457.543	211.7941	0.8806649	5.215437	1.0238	0.746615	0.253385	2.528912
21498	-1255.069	-1466.918	211.8492	0.9457313	5.215437	1.0238	0.746615	0.253385	2.453742
21504	-1247.724	-1458.051	210.3274	0.4934465	4.378036	1.3601	0.65521	0.34479	3.607244
21510	-1243.754	-1455.71	211.956	1.047606	5.423434	1.367539	0.712616	0.287384	2.09076
21516	-1251.685	-1463.554	211.8695	0.8237928	5.423434	1.34987	0.748265	0.251735	2.300807
21522	-1249.29	-1459.274	209.9841	0.4654587	5.643093	1.34987	0.797662	0.202338	3.621063
21528	-1242.913	-1453.961	211.0485	0.6651691	5.643093	1.256015	0.716113	0.283887	2.919835
21534	-1257.402	-1468.416	211.0145	0.7013449	6.962568	1.117436	0.766905	0.233095	2.806648
21540	-1264.027	-1475.699	211.6718	0.7231381	6.962568	1.005422	0.746348	0.253652	2.453376
21546	-1251.359	-1462.463	211.1048	0.6684321	7.77483	1.179268	0.734505	0.265495	2.636036
21552	-1254.057	-1464.801	210.7439	0.8548997	6.725203	1.120958	0.79985	0.20015	2.906724
21558	-1254.268	-1464.557	210.289	0.8261574	6.725203	1.323273	0.770785	0.229215	3.09248
21564	-1256.232	-1467.042	210.8103	0.6985855	7.772956	1.323273	0.828403	0.171597	2.723969
21570	-1249.724	-1462.037	212.3126	1.124422	5.605438	1.13248	0.764816	0.235184	1.90289
21576	-1256.828	-1469.18	212.3515	1.085555	5.605438	1.13248	0.773614	0.226386	1.90289
21582	-1251.853	-1463.5	211.6465	0.7733254	6.038887	1.532957	0.73027	0.26973	2.288209
21588	-1251.404	-1462.099	210.6949	0.7729886	5.371975	1.532957	0.732126	0.267874	2.9803
21594	-1237.695	-1449.27	211.5749	1.048631	7.153958	1.816161	0.788857	0.211143	1.863498
21600	-1248.141	-1460.061	211.92	1.130222	5.403603	1.816161	0.70242	0.29758	1.851282
21606	-1254.954	-1467.489	212.535	1.18512	7.095627	0.7876429	0.755195	0.244805	1.716713
21612	-1253.885	-1465.623	211.7374	1.232126	7.256266	1.504574	0.792685	0.207315	1.756153
21618	-1231.14	-1442.807	211.6672	0.8185289	8.097496	1.614351	0.815975	0.184025	1.92104
21624	-1239.067	-1450.541	211.4733	0.6692847	7.115985	1.150712	0.775675	0.224325	2.505089
21630	-1244.366	-1455.25	210.8842	0.6893978	4.982872	0.8353338	0.735884	0.264116	3.352234
21636	-1247.609	-1457.949	210.3392	0.6599955	5.792524	1.054912	0.748674	0.251326	3.42899
21642	-1245.628	-1456.509	210.8813	0.461204	6.692866	1.446687	0.704668	0.295332	2.902442
21648	-1241.471	-1452.962	211.4918	0.6811834	6.692866	1.129701	0.679298	0.320702	2.554632
21654	-1238.577	-1448.324	209.747	0.4639695	8.042469	1.00755	0.766479	0.233521	3.632113
21660	-1243.407	-1455.128	211.7204	0.8153675	7.715745	1.227899	0.78193	0.21807	2.133635
21666	-1248.782	-1460.088	211.306	0.8153675	6.534242	1.227899	0.815132	0.184868	2.554742
21672	-1236.159	-1447.372	211.2128	0.7566175	6.343408	1.239371	0.766591	0.233409	2.669516
21678	-1237.895	-1448.721	210.8265	0.7343004	6.359649	1.239371	0.794113	0.205887	2.916148
21684	-1236.918	-1448.915	211.9965	0.9628557	6.359649	1.028568	0.779979	0.220021	2.163679
21690	-1239.273	-1451.394	212.1206	0.9317189	7.366018	1.028568	0.779979	0.220021	1.958665
21696	-1238.152	-1449.762	211.6105	0.9334485	5.833958	1.545037	0.732408	0.267592	2.235011
21702	-1240.273	-1451.097	210.8234	0.6533916	6.59065	0.8953539	0.777916	0.222084	3.132425
21708	-1239.405	-1449.497	210.0917	0.7280982	6.142101	0.8495068	0.748576	0.251424	3.608613
21714	-1233.015	-1443.743	210.7272	0.6527834	4.697549	1.168576	0.661685	0.338315	3.317601
21720	-1239.638	-1450.681	211.0432	0.6751517	6.199847	0.8303349	0.749659	0.250341	3.085086
21726	-1232.551	-1443.441	210.89	0.605128	5.914984	1.511448	0.767327	0.232673	2.890163
21732	-1234.061	-1445.754	211.6925	0.8000328	5.914984	1.455945	0.751319	0.248681	2.297171
21738	-1229.57	-1440.992	211.4222	0.8209935	5.914984	1.455945	0.779037	0.220963	2.455104
21744	-1265.571	-1475.857	210.2858	0.7064067	6.628658	1.977786	0.698568	0.301432	2.908894
21750	-1246.481	-1456.862	210.381	0.9102426	7.077106	1.536434	0.730985	0.269015	2.84332
21756	-1246.315	-1456.962	210.6468	0.8573594	6.527317	1.536434	0.73752	0.26248	2.786591
21762	-1247.834	-1458.526	210.6917	0.7287269	6.527317	1.260277	0.67333	0.32667	2.967064
21768	-1238.44	-1449.917	211.4772	0.8176794	7.140023	1.381221	0.804286	0.195714	2.283508
21774	-1246.487	-1458.095	211.608	0.8176794	7.246597	0.938787	0.804286	0.195714	2.439453
21780	-1253.129	-1465.172	212.0425	0.9268052	7.154276	0.9423942	0.749299	0.250701	2.100506
21786	-1247.235	-1459.195	211.9607	0.8870896	7.195478	1.233369	0.790781	0.209219	1.993891
21792	-1250.393	-1462.358	211.9644	0.99733	7.277069	1.233369	0.73333	0.26667	1.905906
21798	-1247.029	-1459.053	212.0239	1.079242	5.363027	1.885968	0.759791	0.240209	1.79215
21804	-1253.778	-1465.297	211.5192	0.9661099	6.240197	1.885968	0.772341	0.227659	2.062303
21810	-1245.836	-1455.745	209.9087	0.5540854	5.238004	1.117555	0.690106	0.309894	3.789523
21816	-1251.729	-1463.633	211.9043	0.9456276	5.238004	0.9240141	0.793858	0.206142	2.479231
21822	-1245.538	-1456.514	210.9761	0.8088435	6.42371	1.761124	0.763186	0.236814	2.533589
21828	-1237.662	-1449.973	212.311	0.9782543	5.174931	1.450604	0.794462	0.205538	1.901825
21834	-1250.589	-1462.449	211.8607	0.7833591	8.704329	1.040655	0.782584	0.217416	2.053682
21840	-1257.576	-1468.857	211.2809	0.8096613	9.200877	0.7491818	0.872448	0.127552	2.556166
21846	-1248.031	-1459.963	211.9319	0.8343067	8.57284	0.854809	0.823701	0.176299	2.116283
21852	-1252.835	-1463.715	210.8804	0.8980048	8.57284	0.854809	0.8456	0.1544	2.73917
21858	-1246.358	-1458.143	211.7842	0.9306629	8.41136	0.854809	0.725347	0.274653	2.168809
21864	-1254.196	-1466.195	211.9985	0.9164197	7.431275	1.424743	0.723127	0.276873	1.810828
21870	-1256.717	-1467.707	210.9906	0.7260766	9.343051	1.161127	0.826989	0.173011	2.505947
21876	-1250.944	-1462.528	211.5847	0.7604837	7.768959	1.161127	0.807863	0.192137	2.287807
21882	-1255.821	-1467.624	211.8023	0.8988379	6.14734	1.274876	0.775474	0.224526	2.219272
21888	-1243.011	-1454.229	211.2177	0.7329441	8.605329	1.274876	0.752442	0.247558	2.377301
21894	-1258.8	-1469.859	211.0593	0.7376534	8.605329	1.457108	0.759145	0.240855	2.383476
21900	-1259.067	-1469.434	210.367	1.000215	3.75558	2.778068	0.670147	0.329853	2.914526
21906	-1254.462	-1464.347	209.8854	0.7722157	4.083871	2.640827	0.685611	0.314389	3.308088
21912	-1253.448	-1463.712	210.2637	0.7221288	4.648469	1.50068	0.693316	0.306684	3.400403
21918	-1243.75	-1453.629	209.879	0.7968927	5.406906	1.447661	0.719531	0.280469	3.480789
21924	-1245.288	-1456.446	211.1585	0.7192566	11.02349	0.7647162	0.839656	0.160344	2.499171
21930	-1235.829	-1447.097	211.2683	0.7054857	11.12685	0.7682922	0.811572	0.188428	2.426807
21936	-1248.555	-1459.247	210.6918	0.7380988	8.758259	1.097315	0.786463	0.213537	2.780555
21942	-1251.401	-1462.592	211.1914	0.7726932	9.781106	1.097315	0.779995	0.220005	2.341654
21948	-1254.973	-1466.154	211.1805	0.8224422	9.781106	1.056226	0.808632	0.191368	2.341654
21954	-1253.176	-1463.935	210.759	0.6617512	8.450309	1.056226	0.808632	0.191368	2.843236
21960	-1255.06	-1465.538	210.4781	0.8158537	5.742016	1.815431	0.752841	0.247159	2.91286
21966	-1255.627	-1466.515	210.8876	0.8241859	4.113795	1.815431	0.623633	0.376367	2.941478
21972	-1250.457	-1462.173	211.7162	0.8229144	6.692202	0.8666696	0.780489	0.219511	2.491269
21978	-1242.014	-1452.751	210.7363	0.7486348	6.114683	1.327583	0.749587	0.250413	2.952335
21984	-1243.343	-1454.724	211.3804	0.7954576	6.179402	1.295776	0.71589	0.28411	2.536232
21990	-1240.93	-1452.166	211.2363	0.6003412	6.058826	1.47131	0.75995	0.24005	2.678861
21996	-1239.394	-1450.321	210.9264	0.6041672	5.213667	1.54261	0.724074	0.275926	2.963911
22002	-1253.63	-1464.506	210.8758	0.7774101	5.161637	1.34459	0.67949	0.32051	2.988813
22008	-1248.406	-1458.365	209.9595	0.7093624	5.161637	1.014972	0.733774	0.266226	3.739005
22014	-1257.916	-1467.316	209.4002	0.7397147	4.516419	2.067084	0.622102	0.377898	3.703123
22020	-1254.494	-1464.092	209.5977	0.6545865	4.271442	2.005066	0.630206	0.369794	3.703123
22026	-1248.237	-1458.851	210.6142	0.7160168	4.271442	1.60283	0.698701	0.301299	3.222962
22032	-1252.712	-1463.228	210.5161	0.4794079	4.088062	2.187525	0.668358	0.331642	3.243403
22038	-1241.455	-1451.458	210.0025	0.5118091	4.088062	1.943743	0.689409	0.310591	3.606897
22044	-1248.988	-1460.308	211.32	0.9020637	5.227019	2.307579	0.703889	0.296111	2.243875
22050	-1244.07	-1454.07	209.9997	0.6689505	4.678078	2.307579	0.705937	0.294063	3.289503
22056	-1252.994	-1463.364	210.3705	0.6171853	5.770443	1.228072	0.729159	0.270841	3.346884
22062	-1246.689	-1457.086	210.3972	0.7842091	4.923782	1.232476	0.74279	0.25721	3.363102
22068	-1250.196	-1460.337	210.1406	0.5448903	4.168885	2.338524	0.66396	0.33604	3.363102
22074	-1249.192	-1460.608	211.4161	0.6952781	5.944618	1.778658	0.632911	0.367089	2.392445
22080	-1236.602	-1447.458	210.8563	0.6468686	5.116326	1.896312	0.713673	0.286327	2.855111
22086	-1243.882	-1455.163	211.2806	0.6987988	4.486137	1.842025	0.7273	0.2727	2.696743
22092	-1240.569	-1451.139	210.5699	0.7306353	5.99322	1.842025	0.698022	0.301978	2.861422
22098	-1238.697	-1449.715	211.0179	0.6650841	7.140088	1.499471	0.751112	0.248888	2.611825
22104	-1238.306	-1448.701	210.3946	0.5444427	7.140088	1.424615	0.622672	0.377328	3.097039
22110	-1243.451	-1453.787	210.3355	0.5942875	7.140088	0.9508521	0.742581	0.257419	3.350882
22116	-1250.019	-1460.98	210.9614	0.5942875	9.056785	0.9767262	0.702447	0.297553	2.743843
22122	-1242.12	-1452.213	210.0929	0.7250556	6.323102	1.035714	0.702447	0.297553	3.471517
22128	-1236.036	-1446.988	210.952	0.8465574	5.336984	1.583158	0.737131	0.262869	2.764011
22134	-1234.95	-1445.193	210.2433	0.6296025	5.336984	1.920576	0.673337	0.326663	3.188218
22140	-1237.034	-1447.099	210.0649	0.7702533	5.336984	1.464618	0.673337	0.326663	3.390928
22146	-1235.064	-1447.045	211.9805	0.9198893	5.336984	1.095479	0.729519	0.270481	2.322992
22152	-1243.897	-1455.368	211.4706	0.8065445	5.433099	1.501729	0.707239	0.292761	2.488873
22158	-1238.758	-1449.998	211.2395	0.4998589	6.349069	1.501729	0.79458	0.20542	2.682953
22164	-1239.689	-1450.618	210.9294	0.7637638	6.398188	1.651352	0.736232	0.263768	2.639352
22170	-1247.495	-1459.121	211.6258	0.7410828	4.819481	1.412411	0.705513	0.294487	2.579893
22176	-1249.804	-1460.33	210.5254	0.6929433	4.583678	1.476948	0.726093	0.273907	3.285444
22182	-1245.31	-1455.479	210.169	0.5310954	6.037149	1.114328	0.769529	0.230471	3.536077
22188	-1257.414	-1467.326	209.9124	0.4502078	5.804195	1.094513	0.831026	0.168974	3.775153
22194	-1245.847	-1456.468	210.6207	0.6128089	6.422522	1.237764	0.737272	0.262728	3.104599
22200	-1241.982	-1453.316	211.3337	0.9086418	6.422522	1.063767	0.765407	0.234593	2.587423
22206	-1251.044	-1461.988	210.9438	0.8632612	7.650134	1.259618	0.765407	0.234593	2.587423
22212	-1243.479	-1454.341	210.8624	0.905695	6.240015	1.620603	0.770344	0.229656	2.628708
22218	-1253.326	-1463.951	210.625	0.6699294	6.240015	1.694673	0.72883	0.27117	2.886961
22224	-1248.111	-1458.665	210.5545	0.6697403	6.240015	2.053564	0.694544	0.305456	2.795131
22230	-1246.779	-1456.788	210.0081	0.8196529	3.965419	2.495194	0.587128	0.412872	3.272501
22236	-1246.414	-1456.796	210.3816	0.7759215	3.965419	2.51927	0.728845	0.271155	3.069748
22242	-1245.209	-1455.609	210.4001	0.8108581	5.714557	1.559827	0.728845	0.271155	3.069748
22248	-1238.794	-1449.714	210.9205	0.7715783	5.714557	0.9409242	0.758568	0.241432	3.098758
22254	-1243.442	-1454.599	211.1578	0.741744	6.209056	1.645382	0.694565	0.305435	2.541129
22260	-1244.092	-1455.092	211.0006	0.7649519	4.680413	1.645382	0.694565	0.305435	2.869742
22266	-1249.605	-1460.8	211.195	0.9958422	4.476614	1.759385	0.641743	0.358257	2.60066
22272	-1244.176	-1454.625	210.4488	0.7867597	4.073039	1.307747	0.704793	0.295207	3.447377
22278	-1232.856	-1442.93	210.0744	0.7047145	4.760428	1.307747	0.688892	0.311108	3.588861
22284	-1230.154	-1441.17	211.0157	0.5707142	7.327394	0.9551823	0.739479	0.260521	2.934657
22290	-1227.386	-1438.293	210.9071	0.7087775	6.967568	0.9890114	0.757921	0.242079	2.941321
22296	-1234.035	-1444.802	210.7662	0.6096854	6.967568	1.249545	0.757921	0.242079	2.941321
22302	-1236.563	-1447.347	210.7844	0.6757667	7.070416	1.128734	0.736008	0.263992	2.941321
22308	-1239.029	-1449.692	210.6631	0.7888539	8.269619	0.8345026	0.776857	0.223143	2.984394
22314	-1240.659	-1451.189	210.5308	0.5955902	7.15977	1.344732	0.711458	0.288542	3.019869
22320	-1255.718	-1467.287	211.5688	0.7703383	10.70358	0.9955963	0.757864	0.242136	2.070484
22326	-1247.325	-1459.095	211.77	0.9132229	9.546066	0.9378929	0.804026	0.195974	2.001414
22332	-1241.319	-1453.181	211.8618	0.9691051	8.164407	0.9378929	0.804026	0.195974	2.063597
22338	-1241.656	-1453.572	211.9156	0.9484533	11.0766	0.7819031	0.812424	0.187576	1.838209
22344	-1248.61	-1460.344	211.7338	0.8891367	7.814506	1.041941	0.819313	0.180687	2.17457
22350	-1240.715	-1452.355	211.6398	0.5947268	10.92168	1.041941	0.822394	0.177606	2.088073
22356	-1237.777	-1449.218	211.4415	0.8222611	10.92168	1.149673	0.805474	0.194526	2.00215
22362	-1232.769	-1444.811	212.0417	0.9843573	9.786477	1.149673	0.829418	0.170582	1.593865
22368	-1256.18	-1467.589	211.4094	0.9653574	11.67827	1.909555	0.767026	0.232974	1.454451
22374	-1241.371	-1452.36	210.9885	0.8159522	4.449301	1.62729	0.712532	0.287468	2.89597
22380	-1238.69	-1449.599	210.9096	0.7845364	5.210479	1.739861	0.704086	0.295914	2.783563
22386	-1240.463	-1450.96	210.4975	0.6987657	3.887334	1.739433	0.749807	0.250193	3.322738
22392	-1245.349	-1455.751	210.4022	0.7663197	4.498291	1.573833	0.736807	0.263193	3.288691
22398	-1256.967	-1467.166	210.1989	0.5485644	4.526537	1.481835	0.665132	0.334868	3.569089
22404	-1264.351	-1474.135	209.7844	0.7714104	4.733517	1.665235	0.665132	0.334868	3.569089
22410	-1258.564	-1468.937	210.3727	0.6898578	7.729919	1.23418	0.694756	0.305244	3.043824
22416	-1262.978	-1474.306	211.3276	0.9083827	4.043269	1.38171	0.706778	0.293222	2.822614
22422	-1249.607	-1460.864	211.2575	0.90037	4.706518	1.829366	0.715687	0.284313	2.550456
22428	-1246.669	-1457.808	211.1391	0.8448961	4.688444	1.829366	0.734522	0.265478	2.661346
22434	-1252.058	-1461.738	209.6801	0.6087855	6.087203	1.845508	0.638082	0.361918	3.448127
22440	-1251.256	-1461.414	210.1579	0.7303353	4.302356	1.829366	0.632311	0.367689	3.389197
22446	-1252.211	-1462.836	210.6247	0.7508224	4.4559	1.829366	0.592955	0.407045	3.07254
22452	-1254.067	-1464.678	210.6108	0.8008871	4.083353	1.593589	0.736191	0.263809	3.214796
22458	-1248.849	-1461.472	212.6228	1.109978	3.578669	1.5645	0.656178	0.343822	1.885901
22464	-1236.077	-1448.07	211.9936	1.061315	3.578669	1.424097	0.703027	0.296973	2.396284
22470	-1244.516	-1456.921	212.4058	1.328414	3.549688	1.154633	0.722766	0.277234	2.109703
22476	-1248.361	-1459.834	211.4727	1.134064	3.807238	1.763469	0.613855	0.386145	2.476615
22482	-1256.9	-1467.945	211.0447	0.6381344	5.842034	1.825274	0.743459	0.256541	2.656907
22488	-1240.704	-1451.081	210.3769	0.4807456	5.410655	1.825274	0.733144	0.266856	3.220575
22494	-1248.266	-1458.702	210.4363	0.5731153	6.187893	1.825274	0.756074	0.243926	3.015165
22500	-1237.859	-1448.335	210.4765	0.5839345	4.610664	1.507311	0.73242	0.26758	3.360413
22506	-1227.086	-1436.813	209.7264	0.6235771	5.700106	1.507311	0.79354	0.20646	3.600817
22512	-1228.541	-1438.902	210.3605	0.5459632	4.755016	1.531284	0.762681	0.237319	3.415425
22518	-1240.591	-1451.629	211.038	0.6877676	4.795496	1.284505	0.762681	0.237319	3.03637
22524	-1246.653	-1457.399	210.7459	0.6684834	5.468759	2.109187	0.704085	0.295915	2.775848
22530	-1253.148	-1464.622	211.4746	0.8842883	5.153244	1.687544	0.749368	0.250632	2.402742
22536	-1253.465	-1464.383	210.9177	0.7926883	4.902381	1.653994	0.749368	0.250632	2.860582
22542	-1236.799	-1447.839	211.0394	0.7116838	5.517199	1.457971	0.733312	0.266688	2.819588
22548	-1244.016	-1454.378	210.3618	0.7586179	4.794036	2.006289	0.710036	0.289964	3.100341
22554	-1236.959	-1448.591	211.6318	0.9979142	6.112245	1.085052	0.771486	0.228514	2.377457
22560	-1230.664	-1442.948	212.2836	1.014236	6.961712	1.085052	0.788666	0.211334	1.811979
22566	-1236.358	-1448.056	211.6975	0.8370305	6.961712	0.9533469	0.804411	0.195589	2.398931
22572	-1243.694	-1454.442	210.7482	0.7485267	6.961712	1.204639	0.704157	0.295843	2.892342
22578	-1235.949	-1446.61	210.6611	0.7485267	5.083073	1.204639	0.685393	0.314607	3.216331
22584	-1250.532	-1460.814	210.2818	0.7004367	4.443215	1.669459	0.723046	0.276954	3.369374
22590	-1252.824	-1463.065	210.2415	0.7742701	4.97893	1.371817	0.623117	0.376883	3.384171
22596	-1243.013	-1454.093	211.0801	0.7742701	5.329771	1.371817	0.744349	0.255651	2.82691
22602	-1234.768	-1446.106	211.3379	0.7193547	6.016298	1.515907	0.741172	0.258828	2.528301
22608	-1242.415	-1453.837	211.4221	0.8796831	6.440238	0.7290872	0.810688	0.189312	2.773254
22614	-1231.43	-1441.983	210.5524	0.6257633	6.440238	1.516137	0.668172	0.331828	3.004444
22620	-1228.103	-1438.406	210.3027	0.6636719	5.913192	1.274734	0.670063	0.329937	3.315541
22626	-1238.602	-1448.609	210.0072	0.5637425	4.566043	1.184864	0.688496	0.311504	3.802771
22632	-1241.011	-1452.46	211.4494	0.8252637	4.566043	1.521751	0.725545	0.274455	2.632714
22638	-1242.467	-1454.386	211.919	0.9954571	4.566043	1.768926	0.734573	0.265427	2.119936
22644	-1246.297	-1457.034	210.7366	0.81615	4.836513	0.9320659	0.773908	0.226092	3.326537
22650	-1246.879	-1458.024	211.1457	0.8789898	4.836513	1.043954	0.728267	0.271733	2.978915
22656	-1231.966	-1443.532	211.5658	1.065875	4.836513	0.9709102	0.728267	0.271733	2.653981
22662	-1259.612	-1471.752	212.1397	1.047559	4.836513	0.9709102	0.746477	0.253523	2.305929
22668	-1251.864	-1462.32	210.4558	0.9387426	4.781215	1.153538	0.699183	0.300817	3.302459
22674	-1246.013	-1457.479	211.4659	0.649414	7.883611	1.000338	0.854582	0.145418	2.514921
22680	-1240.932	-1452.599	211.6666	0.7886336	7.883611	1.000338	0.783399	0.216601	2.300385
22686	-1237.497	-1449.227	211.7307	0.9093126	7.883611	1.649701	0.783399	0.216601	1.827022
22692	-1246.483	-1459.061	212.5775	1.109635	5.095134	1.368847	0.688983	0.311017	1.684735
22698	-1248.391	-1461.39	212.9982	1.317384	4.435836	1.28447	0.819776	0.180224	1.412807
22704	-1255.477	-1468.127	212.6502	1.324265	4.25058	2.052961	0.772422	0.227578	1.313011
22710	-1257.577	-1469.652	212.0749	1.416073	4.522239	2.867887	0.772422	0.227578	1.305179
22716	-1245.455	-1457.136	211.6805	1.264335	5.346722	2.788891	0.775667	0.224333	1.571645
22722	-1238.372	-1450.115	211.7429	0.9506291	4.763578	1.543135	0.740609	0.259391	2.323876
22728	-1234.004	-1444.706	210.7015	0.8131798	6.374814	1.543135	0.679824	0.320176	2.798349
22734	-1229.67	-1440.141	210.4706	0.4964553	6.572443	1.273281	0.704269	0.295731	3.224937
22740	-1237.49	-1449.548	212.058	1.11437	4.848345	1.725203	0.783638	0.216362	1.912008
22746	-1244.463	-1456.056	211.5931	1.155889	6.11397	1.700208	0.673704	0.326296	1.985845
22752	-1242.264	-1454.402	212.1382	1.070001	3.657238	1.806334	0.673704	0.326296	2.108375
22758	-1225.353	-1436.895	211.5412	0.8966164	4.530043	1.114925	0.689209	0.310791	2.742925
22764	-1232.604	-1443.358	210.7534	0.9185975	4.530043	1.177901	0.681107	0.318893	3.169741
22770	-1235.078	-1447.285	212.2064	1.159193	3.901273	1.332362	0.647026	0.352974	2.169914
22776	-1240.625	-1452.816	212.1914	0.9644592	5.449581	1.416101	0.803952	0.196048	1.960071
22782	-1244.102	-1455.578	211.4764	0.8075186	5.422965	1.416101	0.807405	0.192595	2.526426
22788	-1246.212	-1456.45	210.238	0.8982358	5.307337	2.573036	0.736625	0.263375	2.824517
22794	-1231.789	-1442.885	211.0958	0.9518241	5.076809	1.315868	0.78906	0.21094	2.778342
22800	-1245.6	-1456.894	211.2945	0.8154981	3.736536	1.77704	0.692175	0.307825	2.793282
22806	-1243.699	-1455.863	212.1639	0.9011837	5.152342	1.558242	0.739251	0.260749	2.003642
22812	-1234.407	-1444.9	210.4928	0.7156032	4.56251	1.569868	0.766224	0.233776	3.255252
22818	-1234.667	-1446.253	211.5862	0.8349544	6.027068	1.151538	0.738287	0.261713	2.483051
22824	-1255.457	-1466.043	210.5868	0.6005986	5.039613	1.75342	0.811625	0.188375	3.111745
22830	-1245.779	-1456.515	210.7356	0.9093217	6.996353	1.422768	0.73842	0.26158	2.689367
22836	-1251.259	-1462.632	211.3726	0.7048176	6.996353	1.422768	0.74863	0.25137	2.420435
22842	-1253.36	-1464.478	211.1182	0.8239507	6.996353	1.102496	0.817209	0.182791	2.672264
22848	-1252.818	-1464.27	211.4517	0.7899563	7.214818	1.290207	0.805713	0.194287	2.354166
22854	-1259.614	-1471.297	211.6833	0.780241	6.528528	1.289825	0.773657	0.226343	2.307383
22860	-1245.867	-1457.544	211.6772	0.8875615	5.923275	1.165214	0.762856	0.237144	2.400874
22866	-1242.983	-1454.367	211.3835	0.9169128	6.381103	1.129954	0.72768	0.27232	2.518775
22872	-1249.255	-1461.192	211.9368	0.910633	7.166935	1.034268	0.804951	0.195049	2.117886
22878	-1250.475	-1462.239	211.764	0.8430655	5.885138	1.091043	0.789528	0.210472	2.422778
22884	-1242.412	-1453.431	211.0192	0.7093248	5.055203	1.672518	0.829776	0.170224	2.815826
22890	-1230.009	-1439.963	209.9543	0.6388585	6.403383	1.394884	0.773423	0.226577	3.410025
22896	-1233.757	-1444.59	210.8321	0.8015023	6.403383	1.394884	0.75807	0.24193	2.789333
22902	-1243.662	-1454.859	211.1971	0.6195818	7.72566	1.508725	0.772064	0.227936	2.450555
22908	-1250.121	-1461.077	210.9561	0.8605479	7.72566	1.508725	0.713651	0.286349	2.450555
22914	-1246.384	-1458.462	212.0782	0.9673153	6.259815	1.584005	0.728259	0.271741	1.815314
22920	-1254.524	-1466.359	211.8351	0.8952238	6.259815	1.584005	0.730835	0.269165	2.028406
22926	-1257.871	-1470.177	212.3067	0.9863174	5.616422	1.584005	0.793747	0.206253	1.752244
22932	-1264.831	-1475.882	211.051	0.9829341	5.34857	0.9018012	0.761812	0.238188	2.975608
22938	-1243.376	-1455.302	211.9252	0.949733	4.765848	1.310569	0.66788	0.33212	2.321104
22944	-1250.212	-1461.869	211.6564	0.9300309	5.869235	1.558048	0.779889	0.220111	2.19595
22950	-1233.042	-1443.862	210.8195	0.7481425	4.478089	1.672918	0.734397	0.265603	3.014468
22956	-1237.322	-1447.103	209.7812	0.7059045	5.055306	1.672918	0.737434	0.262566	3.552614
22962	-1229.08	-1439.593	210.5133	0.6576902	5.055306	1.534064	0.730535	0.269465	3.208076
22968	-1227.6	-1439.289	211.6891	0.7994093	7.801069	0.9516424	0.775281	0.224719	2.320971
22974	-1234.017	-1444.805	210.7881	0.8208982	5.504468	1.336573	0.751191	0.248809	2.964384
22980	-1243.188	-1454.275	211.0867	0.7791507	5.504468	1.336573	0.769434	0.230566	2.809081
22986	-1243.446	-1454.735	211.2892	0.6649681	7.422833	1.601392	0.813103	0.186897	2.359978
22992	-1235.071	-1446.01	210.9392	0.7345649	7.14523	1.372539	0.783948	0.216052	2.676337
22998	-1231.883	-1443.216	211.333	0.5685565	7.115859	1.428415	0.744336	0.255664	2.512244
23004	-1243.05	-1454.459	211.4092	0.5550518	6.375812	1.320071	0.693591	0.306409	2.626837
23010	-1243.182	-1454.651	211.4685	0.6962609	6.695074	1.428415	0.780537	0.219463	2.403736
23016	-1257.037	-1468.313	211.2761	0.6213135	6.695074	1.200141	0.780537	0.219463	2.685823
23022	-1257.317	-1467.11	209.7936	0.5650082	6.422506	1.686085	0.61996	0.38004	3.421917
23028	-1246.142	-1456.663	210.5212	0.6996998	7.858815	1.083942	0.61996	0.38004	3.014596
23034	-1258.461	-1468.588	210.1273	0.8850019	6.734171	0.9714282	0.61996	0.38004	3.340954
23040	-1239.618	-1450.007	210.3888	0.6580729	6.448337	0.9714282	0.711671	0.288329	3.358142
23046	-1240.11	-1451.566	211.4568	0.8689054	5.666623	0.9714282	0.66777	0.33223	2.704083
23052	-1231.635	-1443.411	211.776	0.7743035	8.1181	0.9798202	0.826623	0.173377	2.224016
23058	-1233.191	-1444.418	211.2275	0.6738513	8.587823	1.068876	0.728661	0.271339	2.525186
23064	-1223.4	-1434.526	211.1254	0.6666761	8.587823	0.7676292	0.753281	0.246719	2.791359
23070	-1229.185	-1440.418	211.2331	0.6838733	8.181918	0.7764954	0.813344	0.186656	2.753881
23076	-1237.541	-1448.882	211.3414	0.7965905	8.276437	1.163288	0.755443	0.244557	2.357334
23082	-1238.184	-1449.557	211.3725	0.9587087	5.396002	1.216007	0.790151	0.209849	2.602501
23088	-1227.162	-1439.202	212.0407	1.099997	5.396002	1.216007	0.70976	0.29024	2.087521
23094	-1230.595	-1442.416	211.8215	1.003348	5.804546	0.837902	0.683915	0.316085	2.462496
23100	-1248.266	-1458.058	209.7921	0.4936144	5.457328	1.401748	0.704668	0.295332	3.720023
23106	-1249.642	-1460.298	210.6555	0.7522211	5.545684	1.401748	0.705216	0.294784	3.047967
23112	-1224.239	-1435.718	211.4787	0.727673	5.459977	1.344703	0.781593	0.218407	2.603279
23118	-1234.224	-1445.084	210.8597	0.8658856	6.561072	1.344703	0.709858	0.290142	2.735523
23124	-1226.232	-1437.264	211.0322	0.6855081	5.710085	1.151837	0.683765	0.316235	2.96175
23130	-1240.791	-1451.067	210.2762	0.5230941	5.272293	1.69577	0.775281	0.224719	3.326258
23136	-1239.6	-1450.124	210.5241	0.6363917	4.940448	1.69577	0.748323	0.251677	3.166899
23142	-1248.211	-1458.454	210.2429	0.7827042	4.940448	1.907454	0.59788	0.40212	3.166899
23148	-1251.821	-1461.486	209.6644	0.6434051	4.43281	2.801698	0.692427	0.307573	3.404566
23154	-1249.533	-1460.844	211.3105	0.8201156	6.031887	1.20629	0.756172	0.243828	2.632848
23160	-1242.479	-1453.639	211.1603	0.6423479	6.18099	1.20629	0.758825	0.241175	2.812011
23166	-1237.894	-1449.702	211.8085	0.9204356	5.516315	1.018924	0.732186	0.267814	2.448167
23172	-1234.155	-1445.856	211.7007	0.8183313	6.054554	1.439915	0.810628	0.189372	2.266336
23178	-1236.981	-1449.013	212.0325	0.892872	7.773643	0.9071932	0.807589	0.192411	2.071952
23184	-1248.81	-1460.473	211.6634	0.8971801	7.4699	1.030347	0.760942	0.239058	2.266008
23190	-1240.688	-1452.343	211.6547	0.7865383	6.954503	1.210464	0.771589	0.228411	2.30479
23196	-1238.782	-1450.614	211.8314	0.7374906	6.76111	0.8662222	0.778328	0.221672	2.463466
23202	-1238.397	-1449.74	211.3432	0.6481199	5.955133	1.077573	0.816135	0.183865	2.801027
23208	-1239.727	-1450.017	210.2897	0.6985922	5.955133	1.792165	0.767169	0.232831	3.0737
23214	-1257.285	-1468.538	211.2523	0.8251195	5.872636	1.793974	0.643656	0.356344	2.418833
23220	-1251.352	-1462.668	211.316	0.697376	5.484092	1.463587	0.776448	0.223552	2.66184
23226	-1241.577	-1452.159	210.5816	0.6401834	5.302133	1.463587	0.666087	0.333913	3.168783
23232	-1242.1	-1452.57	210.4698	0.7411097	5.302133	1.463587	0.791543	0.208457	3.17524
23238	-1249.683	-1459.554	209.8716	0.6820216	3.973668	1.429127	0.696298	0.303702	3.806758
23244	-1248.266	-1458.135	209.8684	0.77355	4.186166	2.114795	0.696298	0.303702	3.455994
23250	-1265.87	-1477.473	211.6025	0.6840198	5.280237	1.766231	0.79059	0.20941	2.394041
23256	-1263.784	-1475.459	211.6753	0.9832679	3.882171	1.225297	0.757356	0.242644	2.675987
23262	-1246.92	-1457.098	210.1783	0.5641559	5.170071	1.520179	0.765128	0.234872	3.447545
23268	-1245.485	-1457.197	211.7119	0.980035	4.680049	1.350707	0.723417	0.276583	2.432505
23274	-1235.554	-1446.989	211.4348	0.8675584	5.874093	1.659847	0.757226	0.242774	2.332029
23280	-1240.638	-1452.77	212.132	0.8498884	5.874093	1.194454	0.776252	0.223748	2.124192
23286	-1228.692	-1440.307	211.6153	0.7250491	5.874093	1.112761	0.729877	0.270123	2.57858
23292	-1220.681	-1431.004	210.3227	0.7455466	5.874093	0.9431839	0.729877	0.270123	3.442258
23298	-1228.914	-1439.965	211.0514	0.841435	5.874093	0.7821218	0.743014	0.256986	3.061375
23304	-1245.644	-1456.173	210.529	0.5903356	6.765896	1.340065	0.686782	0.313218	3.076615
23310	-1245.865	-1455.542	209.6772	0.6326527	4.421651	1.135114	0.685208	0.314792	4.003359
23316	-1241.582	-1452.112	210.5297	0.9176607	5.260659	1.366284	0.693479	0.306521	3.085631
23322	-1267.462	-1478.738	211.2769	0.6229091	5.158181	1.342481	0.678225	0.321775	2.841553
23328	-1272.698	-1483.428	210.7299	0.5733553	4.392532	1.849387	0.688296	0.311704	3.119848
23334	-1228.829	-1440.422	211.593	0.8245761	6.366621	1.194501	0.696564	0.303436	2.411205
23340	-1227.721	-1439	211.2795	0.7470051	6.473709	1.157798	0.760213	0.239787	2.659842
23346	-1232.204	-1443.663	211.4584	0.7486586	6.473709	1.157798	0.749388	0.250612	2.548116
23352	-1235.748	-1447.256	211.5081	0.934552	6.447844	1.381142	0.761713	0.238287	2.285506
23358	-1239.686	-1450.511	210.8253	0.7602533	5.256271	1.698173	0.730789	0.269211	2.858755
23364	-1228.094	-1439.093	210.9986	0.7087736	7.196946	1.334183	0.730789	0.269211	2.667794
23370	-1232.234	-1443.484	211.2498	0.594611	7.668928	1.067948	0.720726	0.279274	2.667794
23376	-1233.158	-1444.021	210.8622	0.7718674	9.180541	1.449438	0.742039	0.257961	2.42679
23382	-1238.848	-1450.502	211.6542	0.7718674	6.701692	1.449438	0.75758	0.24242	2.225972
23388	-1229.006	-1441.272	212.2659	0.8551083	6.701692	1.449438	0.785908	0.214092	1.761479
23394	-1234.236	-1444.975	210.7397	0.8438383	6.25952	2.241922	0.719191	0.280809	2.506443
23400	-1236.409	-1447.353	210.9437	0.7809138	5.777273	1.732773	0.719191	0.280809	2.677685
23406	-1247.911	-1459.118	211.2069	0.7592261	7.83393	1.732773	0.792048	0.207952	2.243683
23412	-1244.141	-1455.6	211.4593	0.7592261	7.865931	1.429031	0.792048	0.207952	2.21529
23418	-1235.431	-1446.985	211.5545	0.915117	6.364448	1.162157	0.786257	0.213743	2.396751
23424	-1264.416	-1475.557	211.1415	0.9197141	7.869248	1.174291	0.768521	0.231479	2.448085
23430	-1243.063	-1454.127	211.0642	0.6898413	6.781445	1.162157	0.769452	0.230548	2.782489
23436	-1227.961	-1438.772	210.8108	0.5657505	6.354626	1.162157	0.769452	0.230548	3.067803
23442	-1240.411	-1451.192	210.7818	0.4949133	6.354626	1.278194	0.819495	0.180505	3.067803
23448	-1239.664	-1449.724	210.0601	0.3645386	6.759988	1.278194	0.758496	0.241504	3.516646
23454	-1249.043	-1457.854	208.8108	0.5183513	4.707443	1.051969	0.734141	0.265859	4.553835
23460	-1244.688	-1455.54	210.8523	0.6249021	6.933113	1.8681	0.720459	0.279541	2.612689
23466	-1243.056	-1454.451	211.3947	0.9608423	6.933113	0.8860309	0.768766	0.231234	2.559779
23472	-1240.804	-1451.538	210.7338	0.7361093	7.004165	1.552876	0.789952	0.210048	2.736688
23478	-1238.857	-1450.632	211.7753	0.9883389	6.134088	0.9489097	0.811586	0.188414	2.374551
23484	-1247.343	-1458.168	210.8258	0.7193247	5.850992	0.9691704	0.68009	0.31991	3.148636
23490	-1256.357	-1468.248	211.8918	1.045194	5.326864	1.54721	0.831716	0.168284	2.062584
23496	-1247.557	-1458.785	211.228	0.9026901	5.801753	1.3132	0.76029	0.23971	2.612049
23502	-1252.512	-1462.892	210.3805	0.8253689	5.807255	1.383434	0.726584	0.273416	3.137417
23508	-1237.195	-1447.708	210.5133	0.7577026	5.807255	1.760297	0.745379	0.254621	2.938157
23514	-1232.103	-1442.657	210.5534	0.61935	5.807255	1.752659	0.758149	0.241851	3.000242
23520	-1227.282	-1438.408	211.126	0.7027063	5.807255	1.431597	0.798331	0.201669	2.739638
23526	-1230.656	-1441.555	210.8988	0.8437765	5.807255	1.431597	0.718068	0.281932	2.792177
23532	-1240.283	-1450.607	210.3239	0.8251534	5.299514	2.662592	0.599813	0.400187	2.792177
23538	-1247.076	-1458.279	211.2034	0.7278379	6.049728	1.296257	0.599813	0.400187	2.70614
23544	-1265.523	-1476.479	210.9558	0.5397743	6.883903	1.22574	0.612651	0.387349	2.892102
23550	-1240.172	-1450.675	210.5035	0.6007701	6.883903	1.22574	0.583342	0.416658	3.12678
23556	-1239.094	-1449.329	210.2348	0.6230819	6.810152	1.641325	0.620074	0.379926	3.093943
23562	-1247.015	-1457.181	210.1663	0.5267981	6.810152	1.641325	0.517877	0.482123	3.19191
23568	-1251.523	-1462.476	210.9524	0.7421207	6.810152	1.627153	0.698258	0.301742	2.591944
23574	-1239.705	-1450.222	210.5168	0.5082096	6.083817	1.102757	0.730721	0.269279	3.345735
23580	-1247.551	-1459.153	211.6013	0.7376228	6.650969	1.276363	0.705444	0.294556	2.376267
23586	-1243.724	-1454.844	211.1199	0.7521719	7.550453	1.554969	0.65251	0.34749	2.416473
23592	-1253.259	-1464.138	210.8793	0.761399	5.183839	1.238468	0.701652	0.298348	3.045053
23598	-1250.379	-1460.782	210.4028	0.8386588	4.265191	2.028585	0.648867	0.351133	3.116397
23604	-1252.549	-1463.569	211.0203	0.7286302	8.357822	1.645618	0.74128	0.25872	2.356759
23610	-1251.201	-1462.452	211.251	0.6998133	8.180542	1.037081	0.732293	0.267707	2.559789
23616	-1261.556	-1473.655	212.0989	0.7002949	8.180542	1.037081	0.78577	0.21423	2.016225
23622	-1252.688	-1463.361	210.673	0.8045117	5.308682	0.9867634	0.777929	0.222071	3.260476
23628	-1248.13	-1459.177	211.0468	0.8173211	5.308682	0.9867634	0.72526	0.27474	3.030594
23634	-1250.621	-1461.443	210.8219	0.6729817	6.520465	1.165704	0.650851	0.349149	2.972415
23640	-1254.534	-1465.343	210.8089	0.7055648	4.671197	1.085787	0.775759	0.224241	3.287503
23646	-1256.213	-1466.785	210.572	0.7613296	6.541827	1.085787	0.691073	0.308927	3.109947
23652	-1254.539	-1465.172	210.6333	0.53615	6.034877	1.374685	0.793296	0.206704	3.130141
23658	-1247.516	-1458.077	210.5607	0.5693589	6.569553	1.374685	0.679497	0.320503	3.079722
23664	-1257.114	-1468.293	211.1791	0.7427547	5.335328	1.446493	0.70122	0.29878	2.749842
23670	-1257.335	-1467.941	210.6066	0.7343163	6.929091	1.329446	0.662058	0.337942	2.927589
23676	-1244.745	-1456.053	211.3087	0.6365024	6.929091	1.088337	0.805864	0.194136	2.687345
23682	-1249.33	-1460.835	211.5057	0.6232631	6.929091	1.088337	0.788647	0.211353	2.573893
23688	-1242.541	-1453.726	211.1847	0.8306271	5.681849	1.30177	0.780807	0.219193	2.707292
23694	-1246.981	-1457.94	210.9589	0.6665349	5.984091	1.670128	0.707419	0.292581	2.732963
23700	-1261.525	-1472.394	210.8686	0.7071481	7.085383	1.670128	0.7127	0.2873	2.610935
23706	-1254.085	-1465.369	211.2847	0.7782643	7.085383	1.489028	0.707907	0.292093	2.386223
23712	-1250.647	-1461.505	210.8579	0.7971007	7.355654	1.702819	0.769831	0.230169	2.513337
23718	-1247.742	-1457.875	210.1331	0.667708	7.355654	1.392068	0.725061	0.274939	3.16777
23724	-1243.673	-1454.461	210.7885	0.6984085	6.622204	1.74714	0.702183	0.297817	2.695871
23730	-1257.687	-1468.973	211.286	0.6024017	6.082828	1.74714	0.676036	0.323964	2.52438
23736	-1241.096	-1451.874	210.7771	0.7079854	8.315103	1.330659	0.746381	0.253619	2.671956
23742	-1223.421	-1434.378	210.9571	0.559016	8.402351	1.307524	0.746381	0.253619	2.654593
23748	-1233.652	-1444.147	210.4944	0.5453802	6.62967	1.379551	0.724241	0.275759	3.123288
23754	-1242.64	-1453.072	210.4324	0.7457285	6.62967	1.379551	0.65828	0.34172	3.040733
23760	-1251.51	-1463.418	211.9086	0.9721596	5.352044	1.546428	0.695995	0.304005	2.095546
23766	-1263.563	-1475.144	211.5808	0.8239397	5.317585	1.546428	0.7518	0.2482	2.4075
23772	-1256.67	-1468.144	211.4741	0.780818	5.317585	1.69685	0.798202	0.201798	2.436398
23778	-1239.287	-1450.295	211.0072	0.5925576	4.936054	1.69685	0.743168	0.256832	2.904222
23784	-1241.429	-1452.542	211.1137	0.7407317	4.102126	1.69685	0.746373	0.253627	2.904222
23790	-1252.392	-1463.427	211.0356	0.9157508	6.937647	0.8949624	0.79322	0.20678	2.801658
23796	-1243.714	-1455.232	211.5182	0.86655	6.937647	0.8949624	0.764218	0.235782	2.534905
23802	-1249.734	-1459.957	210.2224	0.6022151	6.182942	1.274227	0.725096	0.274904	3.361158
23808	-1256.39	-1466.819	210.4286	0.6957266	4.480582	1.472444	0.678372	0.321628	3.361158
23814	-1243.113	-1454.094	210.9816	0.7390063	7.038518	1.574799	0.76186	0.23814	2.568082
23820	-1242.201	-1452.224	210.0228	0.7171577	6.44454	1.574799	0.807498	0.192502	3.239691
23826	-1244.986	-1456.455	211.4694	0.8612965	7.437923	0.6466275	0.757709	0.242291	2.691305
23832	-1236.079	-1447.22	211.1413	0.713142	6.232141	1.283988	0.73087	0.26913	2.732946
23838	-1233.64	-1445.057	211.4171	0.7565018	6.811049	1.430994	0.748199	0.251801	2.380859
23844	-1239.585	-1451.301	211.7155	0.7884607	5.423504	1.497825	0.7487	0.2513	2.349326
23850	-1228.31	-1439.756	211.4466	0.7702372	5.893184	1.497825	0.757645	0.242355	2.455449
23856	-1236.333	-1447.357	211.0234	0.8321567	5.16734	1.78942	0.740056	0.259944	2.672283
23862	-1224.6	-1435.677	211.0774	0.6977402	5.16734	1.918498	0.734964	0.265036	2.672283
23868	-1239.165	-1449.691	210.5257	0.6180632	5.519908	1.918498	0.739365	0.260635	2.998815
23874	-1231.007	-1441.454	210.4464	0.6733344	5.519908	1.918498	0.717344	0.282656	3.013221
23880	-1224.222	-1435.215	210.9926	0.6864565	6.153396	1.240959	0.797849	0.202151	2.872938
23886	-1227.117	-1438.219	211.102	0.715259	6.014559	1.121744	0.718194	0.281806	2.872938
23892	-1239.158	-1450.723	211.5651	0.8367037	5.503526	1.121744	0.686359	0.313641	2.593304
23898	-1230.166	-1440.52	210.3542	0.6721241	5.062922	1.121744	0.682999	0.317001	3.488391
23904	-1244.117	-1454.785	210.6678	0.7702862	4.869318	1.552979	0.689496	0.310504	3.072372
23910	-1239.412	-1450.411	210.9985	0.7628653	4.666133	1.552979	0.785633	0.214367	2.913878
23916	-1234.484	-1445.606	211.1215	0.8181266	4.94525	1.696476	0.668603	0.331397	2.695871
23922	-1242.878	-1453.614	210.7361	0.7292047	7.139106	1.705824	0.688087	0.311913	2.657394
23928	-1241.143	-1452.414	211.2704	0.7707344	7.139106	1.275236	0.777903	0.222097	2.498158
23934	-1238.28	-1449.277	210.9967	0.7135057	7.139106	1.550393	0.758589	0.241411	2.57223
23940	-1231.723	-1442.82	211.0972	0.7305716	6.372431	1.700422	0.729035	0.270965	2.539099
23946	-1233.045	-1444.384	211.3388	0.7877953	5.247877	1.700422	0.706423	0.293577	2.526923
23952	-1254.544	-1465.554	211.0098	1.016806	5.711164	1.700422	0.784239	0.215761	2.514107
23958	-1258.383	-1469.792	211.4098	0.8531107	6.556887	1.700422	0.784239	0.215761	2.237329
23964	-1254.061	-1465.068	211.0066	0.8346208	5.558931	1.051763	0.770647	0.229353	2.966566
23970	-1247.984	-1459.065	211.0805	0.6728304	4.601201	1.124766	0.740276	0.259724	3.137056
23976	-1249.881	-1460.275	210.3945	0.5515425	5.442211	1.124766	0.70942	0.29058	3.473941
23982	-1247.242	-1457.783	210.5408	0.8295176	3.97247	1.262752	0.721266	0.278734	3.41
23988	-1242.556	-1453.982	211.426	0.691074	5.346484	1.505629	0.752704	0.247296	2.600931
23994	-1244.072	-1455.288	211.2153	0.625072	4.461359	1.505629	0.717425	0.282575	2.924208
24000	-1239.334	-1449.521	210.1863	0.5333796	5.40839	1.505629	0.74284	0.25716	3.429735
24006	-1230.192	-1440.212	210.0199	0.64955	5.40839	2.078208	0.740776	0.259224	3.242711
24012	-1239.855	-1450.176	210.3217	0.7179866	4.854465	1.854886	0.740776	0.259224	3.192249
24018	-1239.549	-1449.927	210.378	0.5468357	4.331062	1.936456	0.753446	0.246554	3.323671
24024	-1248.852	-1459.322	210.4693	0.5754521	7.057902	1.489631	0.724581	0.275419	3.014934
24030	-1247.858	-1457.798	209.94	0.8655114	4.637407	1.205969	0.680096	0.319904	3.644296
24036	-1238.251	-1448.228	209.9764	0.5716626	4.20301	1.388659	0.772691	0.227309	3.784225
24042	-1250.781	-1460.807	210.0254	0.4815966	4.434033	1.859392	0.653984	0.346016	3.576762
24048	-1255.37	-1466.032	210.6622	0.6078984	4.243871	1.859392	0.687172	0.312828	3.163821
24054	-1230.275	-1441.28	211.0053	0.8776295	6.050238	1.567879	0.732576	0.267424	2.608287
24060	-1220.232	-1430.975	210.7427	0.5839287	6.050238	0.9427898	0.756716	0.243284	3.26556
24066	-1226.344	-1437.879	211.535	0.781244	6.050238	1.208796	0.721747	0.278253	2.513552
24072	-1229.37	-1441.125	211.7544	0.9608821	4.684348	1.051583	0.78107	0.21893	2.580348
24078	-1246.711	-1457.782	211.0711	0.9608821	4.458623	2.084607	0.694323	0.305677	2.580348
24084	-1244.264	-1455.81	211.5459	0.7525607	4.458623	2.101165	0.716659	0.283341	2.407834
24090	-1234.898	-1446.594	211.6962	0.9705827	4.458623	1.977735	0.684576	0.315424	2.218359
24096	-1233.076	-1444.765	211.6888	0.7846811	4.458623	1.437777	0.77781	0.22219	2.568541
24102	-1247.191	-1457.192	210.0009	0.621789	4.653876	1.399822	0.747341	0.252659	3.655331
24108	-1251.827	-1462.081	210.2545	0.7337418	5.265465	1.399822	0.729115	0.270885	3.341246
24114	-1264.567	-1474.307	209.7393	0.5448702	5.81095	2.017074	0.763989	0.236011	3.429588
24120	-1243.283	-1453.876	210.5931	0.7269309	5.343835	1.904252	0.740034	0.259966	2.925736
24126	-1248.859	-1459.401	210.542	0.7519988	5.343835	1.595778	0.819123	0.180877	3.062209
24132	-1249.795	-1461.37	211.5744	0.9039893	4.922275	0.7631785	0.847217	0.152783	2.874071
24138	-1247.796	-1459.562	211.767	0.8076476	6.812161	0.7631785	0.757546	0.242454	2.528002
24144	-1252.277	-1463.736	211.4594	0.7501475	4.754042	1.717037	0.743946	0.256054	2.55472
24150	-1263.211	-1474.813	211.6013	0.8313239	4.599033	1.717037	0.731559	0.268441	2.443961
24156	-1253.729	-1465.376	211.6471	0.8313239	5.060565	1.185467	0.75907	0.24093	2.58398
24162	-1263.792	-1474.699	210.9071	0.6705197	5.089476	1.185467	0.681086	0.318914	3.125536
24168	-1247.55	-1457.596	210.0459	0.687046	5.089476	1.216021	0.68526	0.31474	3.606084
24174	-1257.361	-1468.086	210.725	0.7770363	5.714524	1.097724	0.684933	0.315067	3.119766
24180	-1245.025	-1455.896	210.8715	0.6892508	5.077539	1.216021	0.734196	0.265804	3.121679
24186	-1245.899	-1457.322	211.4225	0.6892508	5.604867	1.29946	0.803673	0.196327	2.661246
24192	-1241.819	-1452.944	211.1245	0.7996821	5.598466	1.24147	0.753902	0.246098	2.806637
24198	-1258.362	-1469.266	210.9031	0.7072173	5.775517	1.24147	0.621305	0.378695	2.969392
24204	-1253.936	-1464.646	210.7098	0.6775631	4.070467	1.553453	0.661747	0.338253	3.248493
24210	-1245.527	-1456.772	211.245	0.8158375	4.070467	1.553453	0.746197	0.253803	2.845518
24216	-1244.97	-1455.464	210.4945	0.7115839	4.070467	1.560967	0.8059	0.1941	3.352123
24222	-1247.826	-1459.045	211.2183	0.7807527	5.410044	1.769349	0.662822	0.337178	2.551335
24228	-1252.654	-1463.451	210.7968	0.6893955	3.670731	1.769349	0.658183	0.341817	3.185072
24234	-1250.355	-1460.74	210.3848	0.7624725	3.54484	1.490891	0.715404	0.284596	3.524158
24240	-1243.66	-1454.955	211.2948	0.8477674	4.014801	1.205801	0.701311	0.298689	2.972339
24246	-1239.33	-1450.01	210.6804	0.6851115	4.029513	1.414169	0.698574	0.301426	3.330277
24252	-1252.952	-1462.875	209.9232	0.6506168	4.786318	1.669331	0.662606	0.337394	3.54804
24258	-1248.183	-1458.952	210.7694	0.57609	3.773894	1.47125	0.709543	0.290457	3.368259
24264	-1243.735	-1453.958	210.2229	0.7473317	4.058959	1.88198	0.72006	0.27994	3.368259
24270	-1265.91	-1475.203	209.293	0.5027984	6.873575	1.4676	0.722192	0.277808	3.78039
24276	-1258.209	-1469.117	210.9082	0.722259	8.952697	1.4676	0.750829	0.249171	2.44496
24282	-1237.283	-1448.645	211.3624	0.7561009	3.686137	1.860189	0.730143	0.269857	2.767024
24288	-1238.493	-1449.897	211.404	0.8201622	3.305449	1.860189	0.691213	0.308787	2.789826
24294	-1246.186	-1456.801	210.6143	0.7095898	3.305449	2.332137	0.703096	0.296904	3.170076
24300	-1246.73	-1457.554	210.8236	0.6686794	2.898708	2.332137	0.648725	0.351275	3.170076
24306	-1246.337	-1457.422	211.0853	0.7752439	4.652136	1.186844	0.731159	0.268841	3.030757
24312	-1233.528	-1444.325	210.7967	0.6595607	5.130233	1.186844	0.717471	0.282529	3.190221
24318	-1228.352	-1438.88	210.5277	0.7009781	4.986938	1.074759	0.702782	0.297218	3.408083
24324	-1238.152	-1449.451	211.2997	0.7935971	5.448275	1.356587	0.705253	0.294747	2.669141
24330	-1235.99	-1446.971	210.9814	0.7727093	5.512336	1.167763	0.66264	0.33736	2.961614
24336	-1226.09	-1437.459	211.3685	0.7074748	6.904869	1.624548	0.824741	0.175259	2.340991
24342	-1258.394	-1468.003	209.6096	0.5652075	5.512768	1.564976	0.74356	0.25644	3.705883
24348	-1257.912	-1467.562	209.6503	0.3741782	3.998373	1.564976	0.681888	0.318112	4.047897
24354	-1241.261	-1451.477	210.216	0.6447781	5.906264	1.454744	0.743509	0.256491	3.294937
24360	-1254.993	-1466.002	211.0088	0.8086864	5.073128	1.279351	0.733447	0.266553	2.9366
24366	-1244.486	-1455.608	211.1215	0.8897962	4.556137	1.279351	0.690783	0.309217	2.909985
24372	-1246.422	-1458.673	212.2512	1.072896	4.556137	1.279351	0.709734	0.290266	2.087495
24378	-1252.181	-1463.856	211.6755	1.098824	4.516299	2.108745	0.729999	0.270001	2.087558
24384	-1252.368	-1463.742	211.3744	0.9275805	5.091732	2.22623	0.758649	0.241351	2.244078
24390	-1252.881	-1464.235	211.354	0.7845894	4.495319	2.230181	0.734321	0.265679	2.456609
24396	-1247.416	-1458.575	211.1592	0.7439528	4.495319	2.230181	0.737552	0.262448	2.603342
24402	-1249.31	-1459.791	210.4802	0.6848026	4.495319	1.825549	0.725307	0.274693	3.192014
24408	-1242.957	-1454.013	211.0556	0.7777044	4.274567	1.363827	0.726711	0.273289	3.028448
24414	-1251.894	-1462.57	210.6754	0.7497573	4.581939	1.353705	0.640609	0.359391	3.219476
24420	-1258.876	-1470.785	211.9088	0.967766	5.092465	1.856945	0.792826	0.207174	2.007846
24426	-1249.998	-1461.962	211.9645	0.9935257	3.978122	1.441104	0.712341	0.287659	2.360247
24432	-1240.772	-1452.93	212.1577	0.9802756	4.141217	2.054062	0.750777	0.249223	1.945152
24438	-1247.017	-1459.363	212.3456	1.027628	4.982869	1.541465	0.805212	0.194788	1.835142
24444	-1249.569	-1461.359	211.7896	1.052829	4.982869	2.740235	0.760659	0.239341	1.732195
24450	-1250.608	-1462.098	211.4898	1.052829	4.739664	2.740235	0.725251	0.274749	1.985168
24456	-1252.63	-1463.989	211.3588	0.8580697	4.672498	2.026643	0.67258	0.32742	2.445337
24462	-1243.093	-1453.979	210.8859	0.6366071	5.536097	1.50532	0.69591	0.30409	2.933705
24468	-1234.981	-1446.328	211.3471	0.6956587	5.860919	1.100482	0.652907	0.347093	2.770588
24474	-1239.108	-1449.963	210.8554	0.5740854	6.166213	1.100482	0.671295	0.328705	3.095987
24480	-1252.214	-1462.252	210.0382	0.5879286	3.814897	1.726786	0.672457	0.327543	3.674898
24486	-1241.926	-1452.931	211.0051	0.6780473	3.961251	1.726786	0.654068	0.345932	3.023643
24492	-1242.586	-1454.694	212.1083	0.8683033	3.877135	1.726786	0.717848	0.282152	2.241685
24498	-1236.367	-1447.833	211.4659	0.8794918	4.808104	1.413972	0.694133	0.305867	2.594501
24504	-1236.95	-1447.498	210.5479	0.7478067	4.461371	1.371554	0.649546	0.350454	3.3093
24510	-1234.722	-1444.949	210.2272	0.6330147	5.605216	1.087707	0.772647	0.227353	3.51951
24516	-1243.543	-1453.25	209.707	0.6210172	5.605216	1.087707	0.781452	0.218548	3.827561
24522	-1234.545	-1445.556	211.011	0.6797244	5.949055	0.9667565	0.712983	0.287017	3.048977
24528	-1245.262	-1455.889	210.627	0.6413786	5.949055	1.449809	0.721154	0.278846	3.048977
24534	-1264.735	-1474.585	209.8507	0.614575	5.949055	1.035791	0.707545	0.292455	3.727724
24540	-1261.488	-1471.815	210.3265	0.7945454	5.949055	1.035791	0.684436	0.315564	3.345771
24546	-1245.92	-1457.056	211.1362	0.7274177	4.109568	1.718057	0.68226	0.31774	2.888651
24552	-1240.075	-1450.667	210.5914	0.7210305	5.534071	1.718057	0.699325	0.300675	2.971488
24558	-1233.526	-1444.249	210.7228	0.7015114	4.468008	1.718057	0.706575	0.293425	3.084018
24564	-1233.684	-1443.987	210.3035	0.5379762	4.446073	1.327105	0.706575	0.293425	3.598304
24570	-1226.486	-1436.388	209.9014	0.604914	4.655331	1.327105	0.724857	0.275143	3.755587
24576	-1239.681	-1450.815	211.1344	0.6638197	4.089995	1.711788	0.741766	0.258234	2.934534
24582	-1231.048	-1441.043	209.9955	0.501401	4.089995	1.711788	0.69596	0.30404	3.701237
24588	-1230.406	-1440.668	210.2623	0.5143474	4.10164	1.159704	0.741526	0.258474	3.781551
24594	-1250.499	-1459.74	209.2409	0.6399756	4.391954	1.652166	0.693647	0.306353	4.022431
24600	-1237.57	-1447.25	209.6796	0.4216921	3.881188	1.159704	0.746201	0.253799	4.210079
24606	-1237.638	-1448.157	210.5189	0.351875	5.506937	1.159704	0.75274	0.24726	3.489615
24612	-1243.705	-1453.927	210.2221	0.5084767	5.506937	1.159704	0.752458	0.247542	3.5713
24618	-1252.492	-1463.682	211.1893	0.5336333	6.15862	1.551046	0.735554	0.264446	2.698341
24624	-1248.169	-1459.136	210.9666	0.819619	6.15862	1.747594	0.774092	0.225908	2.576507
24630	-1242.862	-1453.93	211.0688	0.8145855	7.018079	1.282992	0.774092	0.225908	2.608102
24636	-1240.044	-1450.789	210.745	0.6802403	6.764916	1.282992	0.764658	0.235342	2.921062
24642	-1248.252	-1459.836	211.5843	0.6722442	5.819378	1.274744	0.764658	0.235342	2.550897
24648	-1251.438	-1462.017	210.5788	0.6829951	5.819378	1.274744	0.741714	0.258286	3.154459
24654	-1245.935	-1458.107	212.1726	1.068619	5.572702	1.581896	0.78315	0.21685	1.797119
24660	-1232.497	-1444.601	212.1044	0.9425513	5.584449	1.499601	0.734088	0.265912	1.967681
24666	-1237.666	-1449.241	211.5749	0.9683141	5.77023	2.230188	0.749329	0.250671	1.967681
24672	-1243.753	-1455.14	211.3863	0.8986968	4.204318	1.785877	0.714727	0.285273	2.584887
24678	-1245.848	-1456.487	210.6388	0.7587613	4.562447	2.671842	0.731142	0.268858	2.765673
24684	-1261.948	-1472.744	210.7961	0.7405128	5.815675	1.839947	0.730677	0.269323	2.744963
24690	-1245.328	-1456.27	210.9419	0.7886015	5.815675	1.357353	0.71802	0.28198	2.833322
24696	-1238.969	-1450.264	211.2949	0.6675925	5.060744	1.651957	0.77481	0.22519	2.680405
24702	-1245.629	-1456.885	211.2557	0.7900858	5.060744	1.988703	0.671316	0.328684	2.496679
24708	-1244.86	-1456.111	211.2507	0.8752548	4.760007	1.404117	0.693247	0.306753	2.742826
24714	-1257.326	-1467.099	209.7731	0.5860545	5.871529	1.559234	0.768831	0.231169	3.54888
24720	-1251.676	-1461.979	210.3031	0.673069	6.134141	1.439945	0.789553	0.210447	3.200952
24726	-1235.768	-1447.349	211.5804	0.8049674	5.062724	1.625158	0.715183	0.284817	2.428508
24732	-1236.88	-1447.315	210.4347	0.5000125	5.220497	1.625158	0.715183	0.284817	3.282936
24738	-1253.169	-1463.213	210.0436	0.7219769	5.220497	1.001489	0.735092	0.264908	3.681611
24744	-1250.74	-1462.046	211.3064	0.7377827	5.220497	1.144766	0.752857	0.247143	2.845531
24750	-1238.792	-1449.126	210.3347	0.7007397	5.220497	1.191589	0.701354	0.298646	3.421181
24756	-1246.049	-1456.75	210.7006	0.7358452	5.474414	1.191589	0.712896	0.287104	3.144874
24762	-1247.201	-1457.964	210.7636	0.5464095	5.772061	1.420219	0.756446	0.243554	3.063569
24768	-1243.861	-1455.055	211.1947	0.7783384	5.772061	1.149226	0.721369	0.278631	2.799332
24774	-1251.075	-1462.103	211.0278	0.7094718	6.182516	1.417265	0.721201	0.278799	2.746821
24780	-1245.142	-1455.213	210.0705	0.8152395	5.769087	1.385273	0.729709	0.270291	3.331531
24786	-1251.49	-1461.061	209.5717	0.577428	6.08375	1.385273	0.729709	0.270291	3.716085
24792	-1240.304	-1451.121	210.8174	0.9319049	6.08375	1.425576	0.788349	0.211651	2.749863
24798	-1244.181	-1454.528	210.3475	0.8203524	5.915541	1.254697	0.714485	0.285515	3.206132
24804	-1251.158	-1461.028	209.8695	0.6753059	7.110678	1.790856	0.697128	0.302872	3.183132
24810	-1261.408	-1472.804	211.3955	0.7361539	5.726566	2.07616	0.740228	0.259772	2.299448
24816	-1241.651	-1453.031	211.3792	0.7753697	6.152115	1.579824	0.793504	0.206496	2.418273
24822	-1231.265	-1442.479	211.2142	0.740775	6.152115	1.579824	0.745488	0.254512	2.543278
24828	-1225.702	-1436.951	211.2493	0.8081707	5.122906	1.808312	0.753298	0.246702	2.547487
24834	-1227.293	-1437.669	210.3759	0.6926837	6.667039	1.34789	0.758068	0.241932	3.116066
24840	-1231.644	-1442.217	210.5727	0.6769174	6.759467	0.9682909	0.691079	0.308921	3.199503
24846	-1229.908	-1439.866	209.9584	0.5577911	6.265516	1.23997	0.744177	0.255823	3.547012
24852	-1235.114	-1445.865	210.7513	0.6627708	7.073687	1.093617	0.798247	0.201753	2.988095
24858	-1231.067	-1442.101	211.0338	0.6327762	6.576293	1.259589	0.728386	0.271614	2.811966
24864	-1232.947	-1444.02	211.0728	0.6003516	8.329899	0.8762116	0.766989	0.233011	2.815689
24870	-1241.161	-1451.554	210.3938	0.5106735	8.329899	0.8762116	0.749729	0.250271	3.275718
24876	-1268.402	-1478.783	210.3813	0.4958103	6.894866	0.9016936	0.814104	0.185896	3.442739
24882	-1241.317	-1451.509	210.1924	0.6205624	6.662599	0.8794882	0.836306	0.163694	3.523896
24888	-1235.341	-1445.779	210.4384	0.882748	6.662599	1.521911	0.785356	0.214644	2.885706
24894	-1236.538	-1446.839	210.3018	0.6711928	6.662599	2.078294	0.747508	0.252492	2.880744
24900	-1227.187	-1438.3	211.1126	0.9698087	5.627905	1.457349	0.706212	0.293788	2.599262
24906	-1241.854	-1453.052	211.1986	0.7813071	3.988218	1.457349	0.724639	0.275361	2.953604
24912	-1242.582	-1453.273	210.6912	0.8561174	5.486499	1.457349	0.704862	0.295138	2.947966
24918	-1245.335	-1456.879	211.5442	0.8435487	4.542603	1.419903	0.667695	0.332305	2.614209
24924	-1242.58	-1453.666	211.0867	0.7381192	6.947043	1.091055	0.753767	0.246233	2.757136
24930	-1253.363	-1465.279	211.9161	1.135377	4.645838	1.995127	0.722101	0.277899	1.920378
24936	-1248.261	-1460.393	212.1323	1.30128	4.645838	1.207169	0.661779	0.338221	2.037834
24942	-1255.827	-1467.694	211.8672	1.288158	4.446826	1.207118	0.68215	0.31785	2.258569
24948	-1251.49	-1463.959	212.4692	1.302211	4.285328	1.207118	0.833183	0.166817	1.885612
24954	-1241.761	-1452.944	211.1836	0.6115079	6.193096	1.199024	0.700161	0.299839	2.81875
24960	-1251.808	-1461.556	209.7484	0.739043	3.97088	1.53231	0.723809	0.276191	3.801301
24966	-1244.417	-1455.598	211.181	0.7611917	3.788064	1.53231	0.619732	0.380268	2.984525
24972	-1244.454	-1455.213	210.7594	0.5921605	4.429708	1.53231	0.721107	0.278893	3.210549
24978	-1254.797	-1465.08	210.2824	0.7629842	5.512805	1.53231	0.737518	0.262482	3.210549
24984	-1255.618	-1466.794	211.1766	0.73807	6.844694	1.43859	0.751764	0.248236	2.535188
24990	-1263.335	-1476.013	212.6774	1.335277	4.499739	1.908308	0.761269	0.238731	1.288103
24996	-1264.17	-1476.64	212.4703	1.430566	4.499739	2.282983	0.713581	0.286419	1.204287
25002	-1244.677	-1455.758	211.0814	0.7275116	7.499672	1.199409	0.778792	0.221208	2.636643
25008	-1244.476	-1455.364	210.8876	0.9258793	6.553992	1.578809	0.7714	0.2286	2.574177
25014	-1241.504	-1452.479	210.975	0.741398	6.998737	1.578809	0.694318	0.305682	2.574177
25020	-1248.889	-1460.252	211.3631	1.022307	4.987714	1.99233	0.781831	0.218169	2.293611
25026	-1258.115	-1469.637	211.5219	0.8571376	6.70226	1.258319	0.781831	0.218169	2.353216
25032	-1253.205	-1464.744	211.5395	0.9748937	4.181173	1.650744	0.666129	0.333871	2.502383
25038	-1254.564	-1466.372	211.8082	0.9202113	5.496445	1.607901	0.739057	0.260943	2.142063
25044	-1250.95	-1462.257	211.307	0.8870407	5.704216	1.139427	0.795558	0.204442	2.679912
25050	-1257.761	-1469.13	211.3688	0.8870407	5.704216	1.139427	0.789616	0.210384	2.641866
25056	-1248.085	-1459.345	211.2592	0.9028765	5.585723	1.947287	0.695331	0.304669	2.350756
25062	-1243.114	-1455.119	212.0048	0.9632063	4.828401	1.473218	0.733652	0.266348	2.168071
25068	-1252.671	-1463.924	211.2528	1.093059	4.828401	1.884532	0.771544	0.228456	2.388788
25074	-1245.831	-1455.506	209.6756	0.7051282	4.564179	2.16723	0.679321	0.320679	3.522378
25080	-1248.877	-1459.122	210.2452	0.8314871	4.750104	1.202358	0.724703	0.275297	3.468981
25086	-1246.625	-1456.833	210.2087	0.7716018	6.246982	1.672626	0.701027	0.298973	3.08383
25092	-1239.182	-1450.443	211.2608	0.7418397	5.489889	1.644232	0.75233	0.24767	2.587743
25098	-1236.953	-1447.22	210.2668	0.728027	6.47943	1.303161	0.656026	0.343974	3.206305
25104	-1247.818	-1459.619	211.8018	0.8028332	6.483848	1.25681	0.770465	0.229535	2.241047
25110	-1246.875	-1458.551	211.6759	0.9612499	6.993984	1.457582	0.835528	0.164472	2.042829
25116	-1232.827	-1444.75	211.9221	0.9460731	6.993984	1.457582	0.810805	0.189195	1.887897
25122	-1250.178	-1461.682	211.5038	0.8687585	5.436847	1.457582	0.805011	0.194989	2.449008
25128	-1250.588	-1462.795	212.2067	0.9942919	4.797048	1.457582	0.752425	0.247575	2.028799
25134	-1241.101	-1453.425	212.3236	1.149316	4.230591	1.457582	0.742343	0.257657	1.962739
25140	-1233.716	-1446.048	212.3322	1.094593	4.919041	1.457582	0.756898	0.243102	1.853024
25146	-1231.255	-1443.048	211.7933	0.9690512	4.397015	1.457582	0.782077	0.217923	2.39021
25152	-1238.988	-1450.159	211.1711	0.8452367	4.397015	1.265311	0.678266	0.321734	2.943472
25158	-1246.208	-1457.491	211.2825	0.955595	4.397015	1.348888	0.70776	0.29224	2.767672
25164	-1239.453	-1450.481	211.0278	0.7306017	4.898698	1.815282	0.779662	0.220338	2.767672
25170	-1224.147	-1434.276	210.1288	0.8138556	5.074051	1.28606	0.696963	0.303037	3.451956
25176	-1245.364	-1456.758	211.3937	0.8370312	4.848664	1.291379	0.728079	0.271921	2.717978
25182	-1242.906	-1454.494	211.5873	0.8156968	5.383649	1.235044	0.798506	0.201494	2.549838
25188	-1243.212	-1454.955	211.7429	0.8751442	5.273675	1.173501	0.773189	0.226811	2.46726
25194	-1255.607	-1467.109	211.5011	0.7899713	4.431318	1.319048	0.662856	0.337144	2.743412
25200	-1250.371	-1462.666	212.2942	1.180251	4.435005	1.457277	0.754839	0.245161	1.918442
25206	-1260.54	-1472.958	212.4174	1.296476	4.250922	1.883206	0.774253	0.225747	1.589146
25212	-1239.914	-1450.44	210.5261	0.6427829	4.910946	1.807927	0.71244	0.28756	3.123461
25218	-1243.088	-1453.791	210.7033	0.8810841	6.903901	1.807927	0.694631	0.305369	2.573578
25224	-1246.522	-1457.357	210.835	0.7146064	5.031741	2.025553	0.684858	0.315142	2.794336
25230	-1256.396	-1468.092	211.6964	1.145704	6.112759	1.83081	0.753868	0.246132	1.8661
25236	-1248.234	-1460.466	212.2327	1.134625	6.561205	0.6356816	0.752904	0.247096	2.164973
25242	-1241.698	-1452.647	210.9492	0.6956133	8.131405	0.9224232	0.770156	0.229844	2.824872
25248	-1234.238	-1445.312	211.074	0.8316771	8.131405	1.227509	0.728631	0.271369	2.485322
25254	-1247.365	-1458.128	210.7625	0.7173186	7.67752	1.026004	0.780144	0.219856	2.913583
25260	-1246.361	-1457.618	211.2571	0.9223029	5.774869	1.389275	0.768578	0.231422	2.548411
25266	-1252.727	-1464.018	211.2913	0.9263938	6.901323	1.464845	0.729956	0.270044	2.324291
25272	-1241.259	-1451.379	210.12	0.8062091	4.600248	1.253871	0.666669	0.333331	3.556879
25278	-1265.464	-1475.472	210.0081	0.6283371	4.600248	1.361252	0.632378	0.367622	3.674145
25284	-1245.239	-1457.18	211.9412	0.8495361	8.35584	0.9368179	0.786337	0.213663	2.067468
25290	-1246.575	-1457.954	211.3784	0.7481475	9.516579	0.9368179	0.72816	0.27184	2.366521
25296	-1239.265	-1450.59	211.3253	0.7284217	10.04364	0.9368179	0.72816	0.27184	2.359036
25302	-1236.368	-1447.803	211.4355	0.6374732	8.283743	1.07925	0.842854	0.157146	2.446211
25308	-1244.982	-1455.519	210.5365	0.6086986	7.268048	1.393923	0.809577	0.190423	2.971884
25314	-1241.828	-1452.679	210.8513	0.5746292	7.347421	1.049783	0.735725	0.264275	2.971884
25320	-1248.736	-1459.741	211.0049	0.7466762	7.614372	1.049783	0.776609	0.223391	2.741983
25326	-1256.469	-1467.371	210.9015	0.7339413	6.627271	1.03966	0.74644	0.25356	2.943928
25332	-1255.206	-1465.086	209.8794	0.6553594	6.296544	1.077233	0.698753	0.301247	3.616752
25338	-1243.255	-1454.508	211.2536	0.8702487	7.931932	1.077233	0.749122	0.250878	2.456984
25344	-1260.592	-1471.629	211.0364	0.8939301	8.095749	0.9972419	0.778113	0.221887	2.606733
25350	-1253.149	-1464.651	211.5024	0.8056344	8.095749	0.9972419	0.778113	0.221887	2.370297
25356	-1242.368	-1453.49	211.1225	0.7047184	8.095749	1.066418	0.789329	0.210671	2.628651
25362	-1249.556	-1460.815	211.2589	0.7100311	8.578296	1.066418	0.768587	0.231413	2.485533
25368	-1246.901	-1458.554	211.6528	0.6292912	6.46269	1.233671	0.821922	0.178078	2.461359
25374	-1242.232	-1454.567	212.335	0.888422	6.46269	1.168669	0.810572	0.189428	1.885872
25380	-1239.803	-1451.922	212.1185	0.8885635	6.565271	1.213513	0.793832	0.206168	1.989572
25386	-1242.863	-1454.541	211.6772	0.7433894	7.079309	1.578746	0.79526	0.20474	2.115495
25392	-1241.145	-1452.859	211.7145	0.910439	6.515813	1.495612	0.734072	0.265928	2.101188
25398	-1245.463	-1457.595	212.1313	0.9826877	5.86825	1.434242	0.734072	0.265928	1.907396
25404	-1241.704	-1453.292	211.5887	0.7874054	5.949275	2.020025	0.734583	0.265417	2.12694
25410	-1238.893	-1449.792	210.8995	0.7664923	5.060336	1.868167	0.729268	0.270732	2.776073
25416	-1253.792	-1464.436	210.6439	0.8927422	5.060336	2.583969	0.654561	0.345439	2.617186
25422	-1236.093	-1446.217	210.1243	0.7082796	4.726518	2.583969	0.637078	0.362922	3.1018
25428	-1237.93	-1449.41	211.4798	0.8734733	4.527439	1.400221	0.643793	0.356207	2.64768
25434	-1244.724	-1455.553	210.829	0.7336393	5.915642	1.781839	0.711181	0.288819	2.736503
25440	-1244.258	-1455.262	211.004	0.8875069	4.521348	1.559852	0.617407	0.382593	2.858538
25446	-1251.383	-1463.009	211.6256	0.8564502	5.685337	1.802709	0.616875	0.383125	2.186583
25452	-1259.265	-1470.029	210.7644	0.7111386	6.213359	0.9038515	0.750511	0.249489	3.179003
25458	-1264.578	-1475.815	211.2368	0.7435502	6.213359	1.191679	0.800462	0.199538	2.706634
25464	-1244.709	-1455.787	211.0781	0.702071	3.959998	2.618435	0.659316	0.340684	2.664729
25470	-1240.199	-1450.542	210.3431	0.6614366	3.421698	2.044381	0.659316	0.340684	3.42455
25476	-1243.6	-1453.07	209.4698	0.6681141	4.985182	2.342251	0.676021	0.323979	3.537953
25482	-1245.264	-1454.938	209.6744	0.5966086	4.985182	2.609412	0.719897	0.280103	3.382694
25488	-1242.188	-1452.429	210.2412	0.6803943	4.765631	1.909686	0.654655	0.345345	3.257428
25494	-1249.48	-1459.963	210.4827	0.778754	5.514246	1.876589	0.698272	0.301728	2.944324
25500	-1250.154	-1459.858	209.7035	0.5706414	4.556438	1.876589	0.669295	0.330705	3.683889
25506	-1255.984	-1465.971	209.987	0.7608221	4.556438	1.876589	0.665145	0.334855	3.408131
25512	-1256.976	-1466.945	209.9685	0.706099	3.584343	1.802681	0.744479	0.255521	3.666265
25518	-1247.4	-1457.347	209.9469	0.5937248	5.047622	1.398415	0.673828	0.326172	3.637892
25524	-1245.739	-1456.559	210.8195	0.7674531	6.411788	1.059669	0.725932	0.274068	2.990727
25530	-1249.115	-1460.241	211.1269	0.7691961	6.411788	1.751683	0.749872	0.250128	2.469652
25536	-1239.102	-1450.602	211.5	0.8109814	6.411788	1.569592	0.749872	0.250128	2.285275
25542	-1234.506	-1445.176	210.6706	0.7135277	6.761591	0.8796029	0.770785	0.229215	3.17526
25548	-1242.121	-1453.967	211.8464	0.9462274	5.479751	0.8796029	0.770785	0.229215	2.505059
25554	-1240.485	-1451.771	211.2861	0.953396	5.479751	0.8796029	0.788251	0.211749	2.845323
25560	-1243.721	-1454.996	211.2754	0.7671873	8.091926	1.432015	0.713256	0.286744	2.29922
25566	-1240.916	-1451.605	210.6889	0.657268	5.446807	1.432015	0.696508	0.303492	3.086179
25572	-1234.809	-1445.649	210.8399	0.8746554	6.863689	0.6455618	0.770359	0.229641	3.136616
25578	-1232.598	-1443.54	210.942	0.9011795	7.608131	0.6455618	0.770359	0.229641	2.967629
25584	-1249.006	-1460.24	211.2343	0.9011795	7.608131	0.6455618	0.741415	0.258585	2.790755
25590	-1237.339	-1447.932	210.5926	0.7122303	7.337731	1.068246	0.747631	0.252369	3.035124
25596	-1237.361	-1449.31	211.9494	0.8140969	7.337731	1.068246	0.799868	0.200132	2.128312
25602	-1232.29	-1443.761	211.4716	0.8286078	7.293211	1.327671	0.799868	0.200132	2.287041
25608	-1245.464	-1457.169	211.7055	0.8286078	6.225003	1.327671	0.736724	0.263276	2.287041
25614	-1242.722	-1454.399	211.6773	1.163423	7.533541	0.8067427	0.747194	0.252806	2.231365
25620	-1244.797	-1456.477	211.6802	1.02511	5.26707	1.658204	0.789976	0.210024	2.173977
25626	-1255.389	-1467.346	211.9574	0.9868608	6.208593	1.349515	0.751642	0.248358	2.010769
25632	-1256.452	-1468.33	211.8779	0.8412657	5.919784	0.966667	0.753571	0.246429	2.423571
25638	-1258.535	-1469.772	211.237	0.8426424	4.402853	1.891665	0.740399	0.259601	2.631947
25644	-1229.163	-1440.66	211.4969	0.7499386	7.748457	0.928269	0.784207	0.215793	2.495413
25650	-1224.634	-1435.329	210.6949	0.7761857	7.248827	0.928269	0.766898	0.233102	3.030488
25656	-1223.154	-1434.824	211.6703	0.8700604	7.248827	0.928269	0.785575	0.214425	2.373732
25662	-1228.085	-1439.787	211.7018	0.9906439	7.248827	0.8246442	0.850024	0.149976	2.349884
25668	-1215.403	-1426.896	211.4936	0.701958	6.873411	1.535468	0.816871	0.183129	2.309162
25674	-1216.92	-1428.562	211.6417	0.8319927	6.873411	1.750893	0.742789	0.257211	2.032528
25680	-1230.614	-1442.35	211.7353	0.738415	6.873411	1.750893	0.754917	0.245083	2.032528
25686	-1241.849	-1453.931	212.0821	0.9193283	6.105741	1.750893	0.745745	0.254255	1.792809
25692	-1235.024	-1446.519	211.4954	0.7707565	7.489149	1.53334	0.762794	0.237206	2.182349
25698	-1234.2	-1444.99	210.7899	0.8339032	7.896397	1.53334	0.762794	0.237206	2.539286
25704	-1264.039	-1476.317	212.2781	0.971314	7.098658	1.53334	0.774269	0.225731	1.564298
25710	-1261.146	-1471.858	210.7118	0.537742	5.88352	1.137127	0.717769	0.282231	3.223246
25716	-1243.231	-1454.081	210.8503	0.6669302	6.007547	1.268097	0.696396	0.303604	2.977743
25722	-1248.296	-1459.675	211.3785	0.644159	6.965254	1.383099	0.794428	0.205572	2.478253
25728	-1246.376	-1456.908	210.5326	0.6455829	7.025535	1.635131	0.769295	0.230705	2.876368
25734	-1255.67	-1466.598	210.9276	0.4577143	7.294258	1.285209	0.779796	0.220204	2.876368
25740	-1261.504	-1473.821	212.3174	1.039032	5.172412	1.833621	0.742295	0.257705	1.672995
25746	-1254.018	-1465.924	211.9065	0.9270614	5.172412	1.833621	0.831406	0.168594	2.031522
25752	-1253.727	-1464.374	210.6475	0.6513598	6.677901	1.150349	0.763371	0.236629	3.077004
25758	-1252.893	-1462.471	209.5782	0.5071939	7.480972	1.3686	0.788266	0.211734	3.58366
25764	-1250.238	-1461.997	211.7584	1.05808	5.93284	1.16217	0.759477	0.240523	2.240686
25770	-1242.869	-1453.92	211.0511	0.7179931	7.388568	1.16217	0.700206	0.299794	2.69515
25776	-1246.224	-1457.431	211.2072	0.8362501	7.172379	1.16217	0.768979	0.231021	2.553136
25782	-1240.188	-1451.952	211.7639	0.7546298	6.234026	1.59236	0.764726	0.235274	2.16753
25788	-1248.601	-1459.548	210.9467	0.6789336	6.74667	1.278233	0.771467	0.228533	2.804459
25794	-1252.022	-1463.45	211.4274	0.772634	6.712003	1.519289	0.778951	0.221049	2.336133
25800	-1238.447	-1449.544	211.0969	0.7863967	8.953771	1.146726	0.704713	0.295287	2.451115
25806	-1257.123	-1468.059	210.9353	0.7136103	8.953771	1.146726	0.714632	0.285368	2.597235
25812	-1245.43	-1456.203	210.7734	0.6666552	5.471733	1.329842	0.66725	0.33275	3.073974
25818	-1244.863	-1456.265	211.4019	0.813089	5.471733	1.21511	0.783382	0.216618	2.662486
25824	-1249.302	-1460.256	210.9535	0.7312457	5.471733	1.364966	0.77469	0.22531	2.910266
25830	-1243.696	-1453.843	210.1465	0.7166022	5.471733	1.343592	0.711703	0.288297	3.408607
25836	-1241.248	-1452.128	210.8798	0.6549147	5.471733	1.31471	0.681639	0.318361	3.024691
25842	-1238.677	-1449.956	211.2788	0.8970569	4.285584	1.721491	0.73835	0.26165	2.662077
25848	-1237.162	-1448.438	211.2763	0.7275763	5.472881	1.839814	0.686077	0.313923	2.510138
25854	-1240.322	-1451.463	211.1409	0.7901136	5.184571	1.839814	0.72682	0.27318	2.603187
25860	-1241.05	-1451.789	210.7391	0.7663919	5.184571	1.557769	0.752011	0.247989	2.97721
25866	-1240.602	-1451.736	211.1344	0.7586505	5.606971	1.894109	0.754447	0.245553	2.536768
25872	-1235.698	-1447.057	211.3595	0.7215717	6.369419	1.077723	0.778948	0.221052	2.686234
25878	-1235.543	-1445.934	210.3917	0.5989212	7.19266	1.077723	0.755634	0.244366	3.234478
25884	-1240.805	-1451.372	210.5674	0.869399	5.735241	1.904624	0.592919	0.407081	2.79368
25890	-1239.178	-1450.149	210.9705	0.7322077	7.164605	1.083983	0.678093	0.321907	2.807665
25896	-1239.91	-1450.85	210.9402	0.7757371	7.164605	1.083983	0.645721	0.354279	2.799601
25902	-1243.443	-1454.003	210.5599	0.8262919	6.590063	0.927052	0.697356	0.302644	3.166144
25908	-1247.306	-1457.953	210.6469	0.8040399	7.814363	0.927052	0.73956	0.26044	2.975568
25914	-1241.173	-1451.425	210.2516	0.6000945	7.654795	0.7413928	0.746036	0.253964	3.474841
25920	-1237.572	-1448.486	210.9139	0.5499398	8.076315	1.080319	0.76776	0.23224	2.845152
25926	-1233.601	-1445.117	211.5169	0.8431217	8.608385	0.6951057	0.81161	0.18839	2.495226
25932	-1249.74	-1459.853	210.1127	0.6279311	7.401322	1.128682	0.67433	0.32567	3.328775
25938	-1246.572	-1457.494	210.9213	0.7619717	7.150217	1.310394	0.647126	0.352874	2.700374
25944	-1239.532	-1450.442	210.9104	0.8039604	6.812273	1.310394	0.722937	0.277063	2.725445
25950	-1249.777	-1460.871	211.0935	0.7496358	11.98646	0.5242315	0.78605	0.21395	2.64452
25956	-1231.732	-1443.636	211.9032	0.8332279	10.24527	0.5561449	0.85831	0.14169	2.208461
25962	-1233.577	-1444.785	211.2086	0.7308	10.36203	0.8222681	0.786549	0.213451	2.479528
25968	-1237.657	-1448.402	210.7449	0.7407742	7.088328	1.373986	0.764176	0.235824	2.797965
25974	-1243.196	-1453.663	210.4672	0.7886121	7.088328	1.273871	0.795934	0.204066	2.98587
25980	-1240.68	-1451.473	210.7934	0.7859443	6.392183	1.273871	0.77616	0.22384	2.882868
25986	-1249.315	-1460.567	211.2528	1.061647	6.392183	1.389034	0.707385	0.292615	2.37132
25992	-1260.101	-1470.924	210.8224	0.7436805	6.891021	1.971296	0.814074	0.185926	2.52431
25998	-1255.051	-1466.376	211.3251	0.6938979	5.254171	2.03182	0.750975	0.249025	2.464579
26004	-1251.17	-1462.294	211.1245	0.7166868	7.780382	2.03182	0.784923	0.215077	2.212093
26010	-1243.036	-1454.551	211.5153	0.8038096	4.328094	1.285025	0.755892	0.244108	2.763065
26016	-1243.921	-1454.404	210.4829	0.5522789	5.189656	1.104442	0.701644	0.298356	3.472215
26022	-1232.51	-1442.845	210.3349	0.8687887	4.378073	1.104442	0.701644	0.298356	3.511812
26028	-1234.165	-1444.47	210.3047	0.6744166	4.398273	2.364202	0.665087	0.334913	3.138577
26034	-1250.04	-1461.462	211.4213	0.6318334	4.448888	1.533458	0.719426	0.280574	2.78534
26040	-1244.809	-1456.597	211.7879	0.8844411	5.250374	1.616947	0.749336	0.250664	2.216581
26046	-1242.562	-1453.676	211.1146	1.020247	4.664868	1.849288	0.709811	0.290189	2.564699
26052	-1256.287	-1467.181	210.8938	0.6310788	5.280554	1.612915	0.734317	0.265683	2.926579
26058	-1247.608	-1458.372	210.7647	0.6086834	5.280554	1.612915	0.715099	0.284901	3.017651
26064	-1236.179	-1446.993	210.8139	0.7707467	5.594102	1.525857	0.681066	0.318934	2.878138
26070	-1233.01	-1443.186	210.1754	0.6545642	4.552223	1.612915	0.691725	0.308275	3.461666
26076	-1239.825	-1450.82	210.9953	0.6796972	4.552223	1.583466	0.674938	0.325062	2.973449
26082	-1230.602	-1440.798	210.1962	0.6268505	5.597344	1.583466	0.712841	0.287159	3.307475
26088	-1245.224	-1456.203	210.9796	0.5863801	5.597344	2.173067	0.668532	0.331468	2.640778
26094	-1244.123	-1454.535	210.4124	0.6038661	6.065689	1.52612	0.641037	0.358963	3.148941
26100	-1231.24	-1441.016	209.7756	0.7286789	4.295044	1.437558	0.641037	0.358963	3.770799
26106	-1230.744	-1441.901	211.1571	0.8234163	4.295044	1.330455	0.746826	0.253174	2.952129
26112	-1239.844	-1450.549	210.7051	0.883634	4.333994	1.330455	0.746119	0.253881	3.178863
26118	-1240.538	-1451.023	210.4849	0.8062339	4.333994	1.330455	0.665119	0.334881	3.354576
26124	-1248.513	-1459.626	211.1129	0.8810007	4.333994	0.8287409	0.731486	0.268514	3.222716
26130	-1246.543	-1457.59	211.0468	0.6617193	4.710443	1.401619	0.736928	0.263072	3.00551
26136	-1242.457	-1453.313	210.8561	0.5931957	4.710443	1.552385	0.736928	0.263072	3.093503
26142	-1239.749	-1450.706	210.9569	0.7226562	6.95442	1.249916	0.735444	0.264556	2.758674
26148	-1236.607	-1447.654	211.0475	0.7930652	6.942307	1.228594	0.730145	0.269855	2.672681
26154	-1229.523	-1439.785	210.2623	0.5917896	5.000434	1.454499	0.79652	0.20348	3.438126
26160	-1236.76	-1447.227	210.4665	0.7372254	4.513587	1.454499	0.689046	0.310954	3.316425
26166	-1225.498	-1436.832	211.3346	1.113397	4.589863	1.201875	0.678904	0.321096	2.677852
26172	-1230.122	-1440.478	210.3563	1.067239	4.552026	2.070353	0.683352	0.316648	2.93954
26178	-1231.505	-1441.895	210.3897	0.7036145	5.754752	2.070353	0.672906	0.327094	2.93954
26184	-1222.849	-1433.143	210.2939	0.7030515	5.262049	1.405513	0.762763	0.237237	3.334074
26190	-1223.58	-1434.113	210.5332	0.8549222	6.394098	1.405513	0.728876	0.271124	2.934385
26196	-1237.437	-1448.981	211.544	0.8320377	5.628464	1.860859	0.655039	0.344961	2.240736
26202	-1234.558	-1445.575	211.0166	0.81431	4.18066	1.746792	0.65439	0.34561	2.882951
26208	-1237.238	-1446.277	209.0385	0.5602241	4.421584	2.219631	0.690227	0.309773	3.982306
26214	-1237.133	-1446.734	209.6005	0.6471066	5.06003	2.624962	0.685101	0.314899	3.379836
26220	-1240.397	-1450.597	210.2002	0.6240271	6.586236	2.624962	0.74626	0.25374	2.809599
26226	-1228.027	-1438.812	210.7853	0.7612474	6.658523	1.336207	0.669625	0.330375	2.835556
26232	-1242.028	-1452.676	210.6482	0.7555934	6.41199	1.446182	0.762774	0.237226	2.903691
26238	-1244.572	-1454.975	210.4031	0.4908878	6.523551	1.394587	0.686713	0.313287	3.216936
26244	-1236.971	-1448.076	211.1049	0.5995013	5.682221	1.212163	0.716536	0.283464	2.941975
26250	-1240.926	-1451.203	210.2771	0.6594088	6.650042	1.212163	0.717004	0.282996	3.263434
26256	-1251.598	-1461.943	210.345	0.5308537	6.928343	1.212163	0.750547	0.249453	3.263434
26262	-1244.952	-1454.902	209.95	0.6432837	5.372046	1.798364	0.70226	0.29774	3.392404
26268	-1236.93	-1447.706	210.7758	0.783561	4.584088	1.798364	0.73037	0.26963	2.950644
26274	-1238.502	-1449.154	210.6511	0.5700783	4.408534	1.744459	0.673215	0.326785	3.205382
26280	-1244.66	-1455.772	211.1113	0.9958373	3.561835	1.731317	0.690256	0.309744	2.851587
26286	-1244.481	-1455.396	210.9154	0.7868351	3.942913	1.731317	0.673265	0.326735	3.01415
26292	-1241.657	-1452.142	210.4848	0.9269895	3.942913	1.731317	0.723176	0.276824	3.187277
26298	-1249.833	-1459.977	210.1443	0.7286962	5.313897	1.75031	0.727184	0.272816	3.255082
26304	-1244.305	-1455.255	210.9499	0.6522107	4.965762	1.761862	0.690013	0.309987	2.871854
26310	-1236.647	-1447.777	211.1306	0.6910153	5.325215	1.761862	0.744339	0.255661	2.677929
26316	-1243.746	-1454.528	210.7821	0.7068968	6.31308	1.081004	0.749217	0.250783	3.050867
26322	-1241.185	-1451.744	210.5587	0.6538353	5.335347	1.081004	0.761325	0.238675	3.358211
26328	-1235.916	-1446.39	210.474	0.5444904	5.515244	1.245452	0.721148	0.278852	3.358211
26334	-1248.348	-1458.455	210.1073	0.601783	5.441499	1.133195	0.727383	0.272617	3.607576
26340	-1254.761	-1465.19	210.4286	0.6749528	6.152577	1.706031	0.786633	0.213367	3.009976
26346	-1238.445	-1449.25	210.8047	0.65984	5.569528	1.46643	0.738753	0.261247	2.980743
26352	-1226.261	-1436.925	210.6641	0.7343601	5.779266	1.087127	0.618142	0.381858	3.177628
26358	-1234.579	-1444.911	210.3321	0.5249577	5.437595	1.087127	0.712668	0.287332	3.546907
26364	-1225.568	-1435.76	210.192	0.5630019	5.437595	1.209823	0.719239	0.280761	3.541933
26370	-1233.094	-1443.888	210.7948	0.6331457	4.80032	1.12594	0.759862	0.240138	3.294283
26376	-1240.164	-1451.354	211.1902	0.6835993	4.80032	1.359935	0.759245	0.240755	2.909873
26382	-1240.871	-1452.523	211.6516	0.789402	4.80032	1.359935	0.718567	0.281433	2.562731
26388	-1242.069	-1453.319	211.25	0.6693739	5.394848	1.567241	0.78269	0.21731	2.687573
26394	-1226.949	-1437.545	210.5952	0.7767632	5.112535	1.321363	0.667833	0.332167	3.175821
26400	-1250.094	-1461.033	210.9399	0.6891894	5.28625	1.443651	0.787819	0.212181	2.936725
26406	-1249.423	-1459.6	210.1772	0.7011679	5.28625	2.233484	0.702626	0.297374	3.086875
26412	-1239.275	-1451.038	211.7636	0.840066	5.457142	1.093788	0.781307	0.218693	2.491255
26418	-1245.893	-1457.539	211.6462	0.9178149	5.457142	1.093788	0.746386	0.253614	2.516065
26424	-1251.438	-1462.897	211.4581	0.8548515	4.837577	1.559141	0.749473	0.250527	2.54267
26430	-1247.625	-1459.373	211.7485	0.9244132	3.16231	2.252903	0.733612	0.266388	2.407472
26436	-1250.143	-1460.619	210.4768	0.6493817	3.41185	2.275611	0.678585	0.321415	3.28018
26442	-1244.427	-1455.257	210.8296	0.8506654	5.671053	1.563881	0.754311	0.245689	2.79169
26448	-1247.977	-1459.078	211.1011	0.7864837	6.418376	1.904804	0.789039	0.210961	2.413462
26454	-1240.091	-1451.312	211.2205	0.8097357	5.519026	1.151365	0.774285	0.225715	2.802395
26460	-1235.716	-1446.85	211.1337	0.8326456	5.614355	1.502672	0.716606	0.283394	2.652291
26466	-1240.381	-1450.852	210.4712	0.8521429	6.260314	1.003233	0.747923	0.252077	3.201648
26472	-1242.284	-1453.541	211.2576	0.6849345	4.861735	1.072505	0.749306	0.250694	3.007429
26478	-1240.721	-1451.771	211.0499	0.5749824	6.467577	0.9344776	0.711197	0.288803	3.035657
26484	-1238.052	-1449.166	211.1138	0.7275194	6.467577	1.728196	0.735257	0.264743	2.505611
26490	-1245.412	-1456.18	210.7683	0.7056165	5.416991	1.728196	0.672109	0.327891	2.888426
26496	-1251.045	-1461.747	210.7021	0.5414516	7.252258	1.826444	0.801993	0.198007	2.73121
26502	-1239.821	-1450.92	211.0983	0.7142838	7.252258	1.826444	0.729012	0.270988	2.377267
26508	-1242.432	-1453.812	211.3804	0.7991501	5.735846	1.826444	0.688916	0.311084	2.36269
26514	-1234.251	-1445.394	211.1431	0.7992966	7.366769	0.9843861	0.78426	0.21574	2.695126
26520	-1230.85	-1440.871	210.0217	0.5238351	7.366769	0.9843861	0.807654	0.192346	3.528204
26526	-1240.23	-1450.722	210.4922	0.6939072	7.366769	1.286141	0.735619	0.264381	2.987062
26532	-1252.82	-1463.908	211.0888	0.7138803	6.478986	1.451618	0.766573	0.233427	2.648625
26538	-1248.495	-1459.899	211.4039	0.85728	6.577872	1.240851	0.756229	0.243771	2.454379
26544	-1237.611	-1449.298	211.6864	0.9159714	5.94665	0.8921376	0.732615	0.267385	2.541932
26550	-1235.584	-1446.905	211.3208	0.7857093	4.892138	1.379292	0.710049	0.289951	2.74316
26556	-1227.97	-1439.511	211.5413	0.791474	5.353103	1.379292	0.691218	0.308782	2.525244
26562	-1234.09	-1445.711	211.6214	0.8375503	5.353103	2.062304	0.742935	0.257065	2.155612
26568	-1237.407	-1448.686	211.2793	0.7356427	4.437014	2.301733	0.805217	0.194783	2.521381
26574	-1235.787	-1446.35	210.5631	0.6612393	3.878299	2.071458	0.65709	0.34291	3.18824
26580	-1231.968	-1442.784	210.8159	0.6871612	4.464664	1.476639	0.744914	0.255086	3.138386
26586	-1227.374	-1438.049	210.6746	0.8640455	6.229797	1.476639	0.76277	0.23723	2.833743
26592	-1233.333	-1444.135	210.8027	0.7255904	6.730687	1.191812	0.739307	0.260693	2.91021
26598	-1248.416	-1458.872	210.4552	0.6846473	6.730687	1.22224	0.747413	0.252587	3.127184
26604	-1233.91	-1444.723	210.8131	0.9366546	4.546098	1.996388	0.745881	0.254119	2.768847
26610	-1249.298	-1458.664	209.3655	0.7327958	5.000661	1.71165	0.691253	0.308747	3.771605
26616	-1240.637	-1450.412	209.7752	0.6183171	5.000661	1.713447	0.641325	0.358675	3.600108
26622	-1241.292	-1451.332	210.0404	0.7177831	5.000661	1.432681	0.678348	0.321652	3.50373
26628	-1241.498	-1451.777	210.2786	0.6607729	4.7533	1.432681	0.738787	0.261213	3.439255
26634	-1254.426	-1465.705	211.2789	0.8048013	5.60381	1.467215	0.713813	0.286187	2.597724
26640	-1245.885	-1456.828	210.9425	0.5542476	5.509942	1.516859	0.707644	0.292356	2.948264
26646	-1250.927	-1461.612	210.6846	0.7409923	5.464856	1.516859	0.740148	0.259852	2.99804
26652	-1256.768	-1468.234	211.4655	0.8318881	3.338373	1.954905	0.721976	0.278024	2.701924
26658	-1248.58	-1458.946	210.366	0.6592952	3.993889	1.786942	0.658441	0.341559	3.3838
26664	-1263.233	-1473.647	210.4141	0.5097476	5.087198	1.786942	0.758495	0.241505	3.247429
26670	-1259.43	-1468.99	209.5601	0.3990328	6.449298	0.8920154	0.705506	0.294494	4.035654
26676	-1263.439	-1474.146	210.7065	0.5968673	6.210266	1.170929	0.671588	0.328412	3.126784
26682	-1264.445	-1475.395	210.9504	0.771611	6.845572	1.285584	0.760701	0.239299	2.728801
26688	-1256.229	-1467.445	211.2164	0.63958	5.5308	1.760823	0.742434	0.257566	2.623921
26694	-1257.122	-1468.725	211.6032	0.6931094	5.62968	1.43663	0.686261	0.313739	2.475544
26700	-1268.29	-1479.456	211.1661	0.863722	4.79472	1.436538	0.687105	0.312895	2.780166
26706	-1255.186	-1465.269	210.0828	0.6363606	4.491901	1.775446	0.75617	0.24383	3.473679
26712	-1256.623	-1467.08	210.4568	0.5002406	4.897781	1.785681	0.800934	0.199066	3.259712
26718	-1252.689	-1464.528	211.8382	0.8658336	4.667672	1.803052	0.777058	0.222942	2.222697
26724	-1252.037	-1463.306	211.2688	0.6593901	4.521065	1.403941	0.759726	0.240274	2.906331
26730	-1251.388	-1463.088	211.7005	0.9452534	9.482969	0.7849874	0.798581	0.201419	2.145688
26736	-1253.9	-1465.11	211.2105	0.7791432	8.432958	0.7849874	0.798581	0.201419	2.674773
26742	-1244.595	-1455.664	211.0681	0.7046461	6.744388	1.313819	0.751001	0.248999	2.697
26748	-1253.497	-1464.305	210.8081	0.7285723	6.387067	1.313819	0.731195	0.268805	2.889506
26754	-1261.009	-1471.783	210.7742	0.8156448	6.387067	1.313819	0.760578	0.239422	2.857351
26760	-1251.777	-1462.876	211.0983	0.6063017	6.170064	1.313819	0.785879	0.214121	2.818285
26766	-1244.367	-1455.633	211.2669	0.9209981	5.807971	1.330329	0.837092	0.162908	2.567063
26772	-1236.253	-1447.577	211.3238	0.7500486	6.31842	1.696649	0.804663	0.195337	2.39413
26778	-1248.817	-1460.903	212.0862	0.8900489	6.31842	0.9730119	0.858114	0.141886	2.194904
26784	-1236.48	-1447.428	210.9482	0.8480214	4.70895	1.668378	0.708622	0.291378	2.836601
26790	-1233.808	-1444.262	210.4536	0.6950288	5.321287	2.046317	0.647983	0.352017	2.98184
26796	-1251.984	-1462.848	210.8642	0.9363813	5.321287	2.028512	0.771525	0.228475	2.590739
26802	-1235.578	-1445.704	210.1254	0.4910969	7.002303	1.603436	0.636769	0.363231	3.228324
26808	-1236.767	-1447.836	211.0689	0.4572499	7.002303	1.120448	0.802033	0.197967	2.91475
26814	-1239.867	-1450.805	210.938	0.5515321	6.116773	1.604139	0.691583	0.308417	2.824009
26820	-1247.782	-1458.085	210.3024	0.6252147	6.204174	1.916492	0.730702	0.269298	3.028117
26826	-1237.314	-1447.354	210.0396	0.7094579	6.300224	1.118876	0.735422	0.264578	3.468882
26832	-1240.491	-1450.964	210.4727	0.8348735	5.60585	0.8334437	0.69789	0.30211	3.411683
26838	-1236.866	-1447.721	210.8549	0.5750104	5.098776	1.038388	0.726629	0.273371	3.291996
26844	-1257.086	-1468.706	211.6192	0.8910069	7.931697	1.074278	0.744835	0.255165	2.2129
26850	-1244.152	-1455.442	211.2899	0.6562826	5.950477	1.826284	0.785007	0.214993	2.476435
26856	-1238.03	-1449.226	211.1956	0.7863355	5.950477	1.277033	0.754067	0.245933	2.699489
26862	-1248.05	-1459.001	210.9506	0.663742	5.208434	1.570764	0.734983	0.265017	2.902132
26868	-1243.754	-1454.402	210.6478	0.7568984	5.881508	1.570764	0.695445	0.304555	2.923951
26874	-1240.351	-1450.913	210.5624	0.6007233	5.048785	1.095569	0.705286	0.294714	3.424866
26880	-1242.579	-1453.833	211.2536	0.7531971	4.692848	1.095569	0.727347	0.272653	2.985394
26886	-1240.354	-1451.728	211.3741	0.7438205	4.96037	1.24174	0.727347	0.272653	2.792825
26892	-1250.367	-1460.862	210.4947	0.7043142	5.611281	1.157424	0.722304	0.277696	3.282544
26898	-1258.768	-1469.671	210.9038	0.6566708	5.611281	2.963737	0.686897	0.313103	2.403359
26904	-1260.932	-1471.37	210.4375	0.6297983	9.092557	0.7869488	0.805598	0.194402	3.160065
26910	-1255.26	-1466.725	211.4646	0.7194535	7.98793	0.6767717	0.822447	0.177553	2.690108
26916	-1257.854	-1469.329	211.4752	0.7739343	7.98793	1.074935	0.727014	0.272986	2.372616
26922	-1258.109	-1468.014	209.9045	0.6803661	5.021424	1.003863	0.641556	0.358444	3.81614
26928	-1248.087	-1458.368	210.2813	0.6184991	4.429037	1.993257	0.635531	0.364469	3.300503
26934	-1244.545	-1455.234	210.6894	0.7968669	4.429037	2.142086	0.723846	0.276154	2.900051
26940	-1256.235	-1467.522	211.287	0.8927341	4.983372	2.142086	0.83377	0.16623	2.370755
26946	-1248.588	-1460.469	211.8809	0.8930359	4.983372	1.507373	0.806123	0.193877	2.248709
26952	-1260.783	-1471.546	210.7623	0.7952032	7.87202	0.7538189	0.758071	0.241929	3.023515
26958	-1273.567	-1483.869	210.3019	0.9852068	8.579626	0.8728782	0.649156	0.350844	3.023515
26964	-1253.374	-1463.479	210.1048	0.6516433	4.333947	1.806847	0.718295	0.281705	3.468847
26970	-1246.993	-1457.941	210.9488	0.6241062	4.333947	1.339163	0.718295	0.281705	3.184107
26976	-1246.937	-1457.992	211.0546	0.7539959	5.125598	1.442616	0.735052	0.264948	2.855051
26982	-1273.996	-1484.364	210.3684	0.8313818	5.281399	2.074429	0.688422	0.311578	2.947807
26988	-1273.765	-1484.963	211.1984	0.7443549	6.326096	0.9820361	0.711601	0.288399	2.833942
26994	-1259.172	-1470.22	211.0478	0.7705356	4.695786	1.350873	0.738547	0.261453	2.966062
27000	-1241.131	-1452.004	210.8729	0.6401569	8.842588	1.182109	0.669749	0.330251	2.673563
27006	-1234.627	-1445.649	211.0216	0.8468793	7.439593	1.735703	0.713569	0.286431	2.354606
27012	-1233.423	-1444.046	210.6236	0.8468793	5.879796	1.653971	0.783806	0.216194	2.849463
27018	-1248.599	-1460.19	211.5905	0.8289142	6.469605	1.033633	0.748845	0.251155	2.488595
27024	-1246.556	-1458.336	211.7804	0.9259319	4.983434	1.342265	0.727173	0.272827	2.3724
27030	-1261.654	-1472.233	210.579	0.803076	5.135249	1.228766	0.61823	0.38177	3.211816
27036	-1260.989	-1471.699	210.7106	0.8859238	5.135249	1.228766	0.689643	0.310357	3.084329
27042	-1271.978	-1482.853	210.8757	0.7291259	5.749202	1.539679	0.705659	0.294341	2.836093
27048	-1271.067	-1482.32	211.2537	0.7548168	5.749202	1.283749	0.727996	0.272004	2.710206
27054	-1272.775	-1484.401	211.6258	0.8975201	5.749202	1.283749	0.688033	0.311967	2.389923
27060	-1256.205	-1466.246	210.0402	0.7010361	5.431473	0.9059537	0.577715	0.422285	3.720467
27066	-1250.959	-1460.674	209.7156	0.539049	5.431473	1.87387	0.726558	0.273442	3.553356
27072	-1252.459	-1462.424	209.9654	0.6130527	5.329956	1.336902	0.683222	0.316778	3.599516
27078	-1263.574	-1473.274	209.6997	0.6326603	5.329956	1.336902	0.781877	0.218123	3.741972
27084	-1255.218	-1466.631	211.4124	0.7608342	5.340975	1.737976	0.684959	0.315041	2.466718
27090	-1253.547	-1464.3	210.7522	0.7572838	5.704221	2.047559	0.565154	0.434846	2.702266
27096	-1251.401	-1462.798	211.3964	0.7516395	5.704221	1.836357	0.695952	0.304048	2.383734
27102	-1253.516	-1466.17	212.6545	1.057752	4.524751	0.6390023	0.835377	0.164623	2.280776
27108	-1256.247	-1467.91	211.6626	1.162388	4.978767	0.9314533	0.690458	0.309542	2.534553
27114	-1247.06	-1458.192	211.1319	0.7630676	5.879043	0.9990321	0.755072	0.244928	2.916902
27120	-1249.435	-1460.881	211.4454	0.939097	4.479908	1.290881	0.755072	0.244928	2.691142
27126	-1254.467	-1465.856	211.3888	0.8452898	6.535225	1.499696	0.757527	0.242473	2.348565
27132	-1256.656	-1468.395	211.7385	1.018791	4.978767	0.783001	0.60232	0.39768	2.679591
27138	-1242.558	-1452.784	210.2265	0.7001612	4.978767	1.426186	0.707755	0.292245	3.411727
27144	-1254.869	-1465.564	210.6947	0.781324	5.168826	1.382831	0.496101	0.503899	3.075601
27150	-1245.982	-1457.131	211.1489	0.8313204	5.601741	1.633425	0.705538	0.294462	2.588407
27156	-1249.409	-1460.354	210.9453	0.8318925	4.282417	1.633425	0.694266	0.305734	2.941458
27162	-1245.415	-1456.715	211.3005	0.9542811	4.78207	1.290348	0.713456	0.286544	2.715552
27168	-1242.402	-1453.508	211.1058	0.8196699	6.042555	1.397056	0.713456	0.286544	2.661334
27174	-1253.898	-1464.937	211.0389	0.8730806	4.836052	1.638244	0.657765	0.342235	2.756059
27180	-1258.997	-1469.302	210.3055	0.6380171	4.80723	1.169758	0.654137	0.345863	3.553615
27186	-1260.262	-1470.632	210.37	0.7534525	3.640508	1.105527	0.760588	0.239412	3.702005
27192	-1235.739	-1446.313	210.5735	0.6600851	10.60188	0.8488429	0.751875	0.248125	2.87263
27198	-1259.313	-1469.927	210.6132	0.62288	10.5851	0.8488429	0.830191	0.169809	2.87263
27204	-1255.782	-1466.608	210.8262	0.6755388	9.561892	0.8488429	0.792715	0.207285	2.808727
27210	-1255.971	-1466.242	210.2714	0.7250679	4.254313	1.545501	0.671796	0.328204	3.446385
27216	-1245.287	-1455.531	210.2442	0.5089939	4.206133	2.118282	0.663861	0.336139	3.385907
27222	-1259.155	-1470.28	211.1251	0.5318567	7.792888	0.9449971	0.730357	0.269643	2.842292
27228	-1242.677	-1454.119	211.4426	0.6458807	7.288071	0.9449971	0.825722	0.174278	2.640025
27234	-1254.654	-1464.512	209.8583	0.7580632	4.391394	1.248599	0.703438	0.296562	3.775839
27240	-1253.725	-1464.426	210.7011	0.6572426	4.391394	1.329805	0.703438	0.296562	3.304735
27246	-1243.023	-1454.286	211.2628	0.8955731	4.627944	1.135165	0.745066	0.254934	2.883688
27252	-1230.887	-1442.877	211.9902	1.025958	6.3526	1.135165	0.820806	0.179194	2.061698
27258	-1253.071	-1464.203	211.1321	0.8200332	6.3526	1.983948	0.767093	0.232907	2.352097
27264	-1246.504	-1457.748	211.2443	0.9575956	5.123894	1.619256	0.691128	0.308872	2.535367
27270	-1241.078	-1451.459	210.3815	0.7882574	4.614076	2.122317	0.678787	0.321213	3.062934
27276	-1249.992	-1461.207	211.2149	0.7177802	3.891949	1.325853	0.71805	0.28195	3.062934
27282	-1243.492	-1455.083	211.5915	0.9446972	3.251201	1.325853	0.663806	0.336194	2.842314
27288	-1240.983	-1452.172	211.1886	0.9361602	4.678692	1.325853	0.734671	0.265329	2.795849
27294	-1243.83	-1454.672	210.8419	0.9770144	4.062745	1.791165	0.668337	0.331663	2.896294
27300	-1241.251	-1452.513	211.2624	0.8653524	5.241939	1.791165	0.785888	0.214112	2.490255
27306	-1239.06	-1449.989	210.9292	0.7221982	5.982729	1.582312	0.788389	0.211611	2.754321
27312	-1234.441	-1445.751	211.3108	0.9422433	6.29124	1.582312	0.7881	0.2119	2.334171
27318	-1241.613	-1452.766	211.1537	0.8226799	6.60892	1.221923	0.800361	0.199639	2.637335
27324	-1240.991	-1453.29	212.2982	0.9489858	6.047741	1.252745	0.735969	0.264031	1.885998
27330	-1243.477	-1454.987	211.5101	0.97141	6.98128	1.312174	0.807097	0.192903	2.220482
27336	-1239.075	-1450.335	211.2595	0.8427975	6.041537	1.312174	0.717837	0.282163	2.593911
27342	-1250.365	-1461.964	211.5988	0.9219922	6.404945	1.842104	0.713294	0.286706	2.031672
27348	-1234.575	-1445.722	211.1461	1.011512	6.771281	1.330779	0.691071	0.308929	2.445901
27354	-1242.243	-1453.381	211.1378	0.6572014	6.824198	1.312174	0.76864	0.23136	2.673428
27360	-1243.578	-1454.435	210.8569	0.6028001	6.824198	1.312174	0.737619	0.262381	2.877948
27366	-1240.851	-1451.73	210.8789	0.7728999	6.824198	0.8286988	0.696807	0.303193	3.041791
27372	-1241.355	-1450.976	209.6213	0.5071111	5.925431	1.365039	0.708639	0.291361	3.759236
27378	-1241.901	-1452.82	210.919	0.720378	7.26049	0.949292	0.716296	0.283704	2.914644
27384	-1248.717	-1459.308	210.591	0.83692	8.349462	0.949292	0.780804	0.219196	2.914644
27390	-1246.127	-1457.256	211.1288	0.7438228	7.14314	0.7153083	0.805089	0.194911	2.951056
27396	-1263.401	-1474.343	210.9412	0.8997168	5.42853	0.822058	0.696432	0.303568	3.131659
27402	-1254.667	-1464.853	210.1854	0.6048522	5.862559	1.227158	0.65748	0.34252	3.449766
27408	-1242.656	-1452.459	209.8025	0.7240656	4.47049	1.626145	0.694871	0.305129	3.64742
27414	-1237.548	-1448.919	211.3709	0.9215092	3.928002	1.626145	0.733562	0.266438	2.702432
27420	-1245.423	-1456.255	210.8325	0.9676992	3.826088	1.626145	0.698987	0.301013	3.021988
27426	-1254.13	-1465.484	211.3542	0.8936074	4.510029	1.626145	0.6821	0.3179	2.614198
27432	-1259.284	-1469.813	210.5287	0.8293271	4.432278	1.921667	0.693582	0.306418	3.053277
27438	-1264.449	-1475.484	211.0343	0.9072739	5.709993	1.439631	0.693582	0.306418	2.681596
27444	-1244.052	-1455.236	211.1843	0.777825	5.485342	1.280149	0.715333	0.284667	2.781478
27450	-1251.825	-1462.434	210.6084	0.942028	4.520472	2.484271	0.684801	0.315199	2.735051
27456	-1263.35	-1473.437	210.0876	0.8454877	4.520472	2.484271	0.699653	0.300347	3.10756
27462	-1246.678	-1457.48	210.8021	0.7271446	4.966722	1.635515	0.727549	0.272451	2.966488
27468	-1233.772	-1444.861	211.0888	0.7733925	4.966722	1.203222	0.775663	0.224337	2.966488
27474	-1239.466	-1450.373	210.9076	0.7222821	5.917663	1.183955	0.798529	0.201471	2.966488
27480	-1241.658	-1453.163	211.5053	0.852482	5.917663	1.183955	0.718325	0.281675	2.521217
27486	-1236.328	-1447.405	211.0771	0.8558475	5.917663	1.183955	0.757257	0.242743	2.783044
27492	-1239.531	-1450.959	211.4275	0.7986462	5.917663	1.183955	0.777763	0.222237	2.602951
27498	-1240.922	-1452.067	211.1449	0.781462	5.971715	1.545636	0.662795	0.337205	2.602951
27504	-1243.85	-1455.651	211.8004	0.9397626	3.698129	1.545636	0.731562	0.268438	2.510174
27510	-1244.632	-1455.828	211.1961	0.9855081	3.696746	2.325379	0.688998	0.311002	2.563287
27516	-1255.336	-1467.34	212.0049	1.053759	4.428122	1.124402	0.772305	0.227695	2.370944
27522	-1255.071	-1465.422	210.3511	0.8102085	5.13453	1.998536	0.711156	0.288844	3.021182
27528	-1250.063	-1460.441	210.3781	0.8197673	5.459518	1.998536	0.649157	0.350843	2.947026
27534	-1229.809	-1440.93	211.121	0.762843	7.257901	1.408896	0.667295	0.332705	2.514199
27540	-1234.852	-1445.685	210.8324	0.8073028	6.890523	1.785364	0.720981	0.279019	2.549935
27546	-1240.588	-1450.746	210.1586	0.5178132	5.668195	2.407779	0.734469	0.265531	3.093818
27552	-1252.175	-1461.769	209.594	0.4467243	4.762395	2.407779	0.656668	0.343332	3.612013
27558	-1269.559	-1478.173	208.6136	0.5966172	3.810879	2.407779	0.597239	0.402761	4.261803
27564	-1250.293	-1461.433	211.1399	0.6509515	8.033514	1.423642	0.736144	0.263856	2.46949
27570	-1263.606	-1474.503	210.8969	0.6691385	5.89209	1.571672	0.631065	0.368935	2.824359
27576	-1241.962	-1452.754	210.7915	0.7134943	6.176367	1.522481	0.613958	0.386042	2.841347
27582	-1253.831	-1464.612	210.781	0.8706364	4.63355	1.520817	0.613958	0.386042	2.999705
27588	-1252.125	-1463.361	211.2352	0.8748459	5.428451	1.509169	0.758372	0.241628	2.590273
27594	-1255.242	-1467.334	212.0911	1.075841	6.190036	1.703829	0.83391	0.16609	1.684326
27600	-1259.446	-1471.628	212.1818	1.155385	6.190036	0.9083783	0.687421	0.312579	2.022292
27606	-1265.453	-1477.362	211.9087	0.928625	8.89646	0.8675607	0.776645	0.223355	2.022292
27612	-1262.417	-1474.605	212.1887	1.155184	6.004034	0.8276308	0.776798	0.223202	2.106384
27618	-1248.349	-1460.19	211.8409	0.9196061	6.004034	0.8276308	0.698828	0.301172	2.479598
27624	-1234.79	-1447.297	212.507	1.31828	4.450206	1.795123	0.719464	0.280536	1.501279
27630	-1248.494	-1461.523	213.0283	1.378523	3.960568	1.221043	0.753621	0.246379	1.501279
27636	-1241.206	-1453.849	212.6429	1.284305	4.143503	1.289957	0.630125	0.369875	1.761543
27642	-1234.496	-1446.279	211.7835	1.222267	4.143503	1.289957	0.719659	0.280341	2.370761
27648	-1242.47	-1454.751	212.2812	1.02716	4.478135	0.9752443	0.691384	0.308616	2.293838
27654	-1254.4	-1463.51	209.1102	0.6034025	3.875955	2.149749	0.695909	0.304091	4.040479
27660	-1260.434	-1472.376	211.9411	0.8423622	6.285478	1.19272	0.791141	0.208859	2.190423
27666	-1241.69	-1453.491	211.8002	1.146411	5.685629	1.521901	0.735979	0.264021	2.006647
27672	-1247.049	-1458.199	211.1497	0.9658967	5.685629	1.521901	0.706339	0.293661	2.540036
27678	-1261.186	-1470.891	209.7048	0.4899047	4.690497	1.595249	0.680004	0.319996	3.813123
27684	-1253.497	-1463.502	210.0049	0.7407554	5.998116	1.142246	0.679667	0.320333	3.500171
27690	-1248.459	-1459.437	210.978	0.743787	6.639916	1.200934	0.696592	0.303408	2.800257
27696	-1249.647	-1460.355	210.7081	0.5831691	6.639916	1.200934	0.697719	0.302281	3.059813
27702	-1247.195	-1457.593	210.398	0.6764871	5.870225	1.426509	0.677719	0.322281	3.186442
27708	-1240.848	-1451.494	210.646	0.5177596	5.601142	1.426509	0.677719	0.322281	3.1735
27714	-1237.094	-1447.8	210.706	0.8577845	4.956672	1.727248	0.695504	0.304496	2.910283
27720	-1243.877	-1454.325	210.4483	0.5509089	4.290503	1.68606	0.759435	0.240565	3.380924
27726	-1246.677	-1457.198	210.5213	0.6237079	3.998471	1.569201	0.714119	0.285881	3.398668
27732	-1243.35	-1453.366	210.0164	0.5787881	4.905881	1.533703	0.730994	0.269006	3.570677
27738	-1247.415	-1457.092	209.6768	0.7360481	5.698437	1.518472	0.687173	0.312827	3.559806
27744	-1240.633	-1450.546	209.9132	0.660572	5.698437	1.644157	0.687173	0.312827	3.414116
27750	-1235.98	-1446.583	210.603	0.7020112	5.698437	1.644157	0.76711	0.23289	2.980624
27756	-1238.594	-1449.825	211.2308	0.7340166	6.648464	1.644157	0.728609	0.271391	2.438138
27762	-1244.345	-1455.927	211.5815	0.8195326	8.172944	1.060247	0.888099	0.111901	2.262477
27768	-1242.536	-1453.659	211.123	0.8730398	7.268221	1.175766	0.804731	0.195269	2.562765
27774	-1246.588	-1457.617	211.0297	0.8701068	9.163128	1.175766	0.83978	0.16022	2.401817
27780	-1256.288	-1467.061	210.7726	0.8213397	5.984279	1.434978	0.71417	0.28583	2.854609
27786	-1263.453	-1474.339	210.8864	0.7786885	6.349894	1.238999	0.696705	0.303295	2.854609
27792	-1258.429	-1469.767	211.3374	0.7535705	6.349894	1.238999	0.756635	0.243365	2.593737
27798	-1258.339	-1470.132	211.7926	1.020491	5.382186	1.119179	0.798962	0.201038	2.356917
27804	-1250.411	-1460.664	210.2525	0.7429022	5.382186	1.119179	0.751894	0.248106	3.45732
27810	-1248.088	-1458.273	210.185	0.7223688	4.659211	0.9924844	0.678419	0.321581	3.696871
27816	-1244.17	-1455.004	210.8336	0.6702674	6.514416	0.9924844	0.642813	0.357187	3.065967
27822	-1241.089	-1451.828	210.7387	0.7536653	6.390876	1.603676	0.748069	0.251931	2.783592
27828	-1243.158	-1454.276	211.1174	0.6721521	6.390876	1.340153	0.795766	0.204234	2.722193
27834	-1241.189	-1452.086	210.8968	0.6670632	7.245088	1.438668	0.8049	0.1951	2.699721
27840	-1243.801	-1454.798	210.9978	0.6670632	7.245088	1.2356	0.784549	0.215451	2.737769
27846	-1241.106	-1451.869	210.7637	0.5038214	7.44291	1.2356	0.753238	0.246762	2.954317
27852	-1251.756	-1462.889	211.1327	0.6697703	7.44291	1.2356	0.804054	0.195946	2.628396
27858	-1243.623	-1455.396	211.773	0.8571142	7.44291	1.331571	0.804054	0.195946	2.050748
27864	-1244.194	-1455.977	211.783	0.8864729	7.609274	1.24372	0.735183	0.264817	2.050748
27870	-1250.261	-1461.61	211.3492	0.6953344	10.86671	0.9289741	0.814903	0.185097	2.29051
27876	-1252.765	-1463.577	210.8126	0.6953344	11.33677	0.9762463	0.769954	0.230046	2.555047
27882	-1252.419	-1463.687	211.2674	0.6957178	11.13486	0.7474106	0.769954	0.230046	2.448971
27888	-1245.539	-1457.433	211.8938	0.8911342	9.89702	0.7474106	0.77947	0.22053	2.040354
27894	-1245.643	-1457.227	211.5841	0.7890196	5.501083	1.843094	0.716732	0.283268	2.270747
27900	-1239.814	-1450.952	211.1384	0.8140898	8.983396	0.9082906	0.804397	0.195603	2.551086
27906	-1243.392	-1454.74	211.3481	0.9788134	7.545092	0.6764552	0.757759	0.242241	2.655522
27912	-1250.154	-1461.619	211.4655	0.7096056	11.02798	0.6764552	0.79929	0.20071	2.382573
27918	-1245.212	-1456.978	211.7652	0.8112824	11.02798	0.6002255	0.839854	0.160146	2.193588
27924	-1241.598	-1452.494	210.8957	0.5735072	5.748666	1.046752	0.773167	0.226833	3.163009
27930	-1241.989	-1452.751	210.7615	0.6048604	6.221837	0.9915829	0.704224	0.295776	3.18839
27936	-1251.205	-1461.326	210.1208	0.6490924	5.174244	0.9915829	0.784852	0.215148	3.692179
27942	-1242.676	-1453.529	210.8537	0.7392513	5.93603	1.246818	0.719909	0.280091	2.953347
27948	-1243.234	-1454.197	210.9621	0.6732075	4.610513	1.77688	0.705677	0.294323	2.908348
27954	-1231.216	-1441.92	210.7038	0.6581572	6.86929	1.39316	0.742063	0.257937	2.892251
27960	-1229.834	-1440.928	211.0937	0.7150454	7.299331	1.17109	0.784164	0.215836	2.677122
27966	-1231.638	-1442.713	211.0746	0.6910376	6.957476	1.17109	0.732022	0.267978	2.747356
27972	-1240.737	-1451.439	210.7017	0.7288622	6.549927	1.214526	0.745072	0.254928	2.981373
27978	-1242.34	-1453.03	210.6907	0.6197303	5.471159	1.387163	0.716831	0.283169	3.124256
27984	-1247.065	-1457.242	210.1763	0.4750355	5.290118	1.387163	0.7456	0.2544	3.540232
27990	-1252.094	-1463.911	211.8175	0.991139	6.818289	1.611259	0.776076	0.223924	1.87855
27996	-1244.57	-1456.306	211.7354	0.8146689	10.51199	1.257599	0.815987	0.184013	1.785162
28002	-1237.951	-1449.581	211.6308	1.237005	7.744089	1.085687	0.803607	0.196393	1.995063
28008	-1236.971	-1448.271	211.2998	0.9115699	7.413157	1.308038	0.810539	0.189461	2.338313
28014	-1238.295	-1448.841	210.5457	0.7138809	10.87689	1.135066	0.788534	0.211466	2.655274
28020	-1262.086	-1472.885	210.7987	0.8461991	7.392793	1.438985	0.7354	0.2646	2.631079
28026	-1262.07	-1473.068	210.9983	0.7269259	6.104854	1.438985	0.740645	0.259355	2.75527
28032	-1249.918	-1460.258	210.3399	0.7397878	9.533649	0.7863982	0.745385	0.254615	3.109176
28038	-1231.069	-1442.397	211.3284	0.8735403	7.467504	1.37182	0.750705	0.249295	2.304767
28044	-1219.13	-1429.915	210.7854	0.8085539	9.055513	1.37182	0.768917	0.231083	2.502756
28050	-1235.952	-1446.458	210.5055	0.7681639	5.187771	1.423023	0.719732	0.280268	3.174517
28056	-1253.506	-1463.926	210.4196	0.8060544	4.479416	2.002118	0.734664	0.265336	3.095043
28062	-1240.807	-1451.471	210.6639	0.6968058	7.698717	1.065329	0.792772	0.207228	2.959944
28068	-1232.547	-1444.01	211.4631	0.8514968	7.251507	1.161957	0.774724	0.225276	2.372818
28074	-1231.469	-1442.987	211.518	0.8008504	6.718156	1.147139	0.718695	0.281305	2.450151
28080	-1251.052	-1462.427	211.3746	0.8209974	4.639021	2.43003	0.657623	0.342377	2.32744
28086	-1248.918	-1460.521	211.6023	0.8116213	4.639021	2.43003	0.603773	0.396227	2.187162
28092	-1236.838	-1448.343	211.5054	0.7984559	4.639021	1.71431	0.704756	0.295244	2.518223
28098	-1247.108	-1458.001	210.8937	0.7730325	4.639021	2.117408	0.613359	0.386641	2.760052
28104	-1245.009	-1457.726	212.7166	1.270439	6.332445	1.366318	0.797265	0.202735	1.217394
28110	-1247.093	-1458.328	211.2345	0.7698272	4.804047	2.117408	0.685426	0.314574	2.521851
28116	-1251.771	-1462.412	210.6416	0.7803236	4.930972	1.06545	0.639524	0.360476	3.309026
28122	-1262.05	-1472.767	210.7166	0.6146495	6.353392	1.849829	0.796433	0.203567	2.788208
28128	-1253.822	-1464.57	210.7481	0.7752833	5.562441	1.849829	0.78801	0.21199	2.788208
28134	-1252.172	-1463.381	211.2092	0.8876543	5.562441	1.722787	0.765707	0.234293	2.484564
28140	-1244.417	-1454.565	210.1488	0.8275002	5.940116	2.013205	0.704181	0.295819	3.002255
28146	-1252.74	-1463.561	210.8211	0.9009056	4.504116	2.013205	0.704181	0.295819	2.787499
28152	-1231.922	-1442.875	210.9531	0.7448887	4.567641	1.524806	0.704338	0.295662	2.982006
28158	-1224.284	-1435.167	210.8834	0.7134827	3.836796	1.798276	0.704338	0.295662	3.073109
28164	-1230.913	-1441.983	211.0702	0.7324627	4.445966	1.798276	0.719954	0.280046	2.829035
28170	-1229.288	-1440.207	210.9193	0.6630016	5.208282	1.798276	0.676968	0.323032	2.829035
28176	-1223.237	-1434.228	210.991	0.5710594	5.004972	1.798276	0.776226	0.223774	2.875277
28182	-1231.246	-1441.894	210.6485	0.6110411	6.470239	1.357462	0.734063	0.265937	3.023807
28188	-1240.919	-1451.345	210.4255	0.8792564	5.332547	1.805997	0.793413	0.206587	2.97359
28194	-1236.286	-1447.163	210.8767	0.8223864	5.332547	1.805997	0.722604	0.277396	2.734512
28200	-1234.974	-1445.682	210.7082	0.6075737	5.332547	1.436599	0.72135	0.27865	3.120167
28206	-1232.194	-1443.172	210.9776	0.638472	5.74495	1.436599	0.738261	0.261739	2.876104
28212	-1228.057	-1438.996	210.9388	0.6503265	10.16927	0.9303226	0.816846	0.183154	2.641462
28218	-1248.467	-1459.904	211.437	0.8660447	7.260638	0.8897857	0.816846	0.183154	2.547071
28224	-1241.298	-1453.077	211.7788	0.9997558	6.577478	0.9826467	0.780526	0.219474	2.278022
28230	-1255.937	-1466.512	210.5747	0.6137606	4.850337	2.134204	0.666286	0.333714	3.006249
28236	-1258.08	-1469.089	211.0086	0.5696127	4.864593	1.287562	0.697348	0.302652	3.11106
28242	-1240.178	-1451.841	211.6628	1.033711	7.55276	1.286218	0.746387	0.253613	2.016657
28248	-1236.927	-1448.827	211.8997	1.147603	6.107072	1.430683	0.745577	0.254423	1.915338
28254	-1248.663	-1460.763	212.0995	1.058568	4.810567	1.264234	0.810089	0.189911	2.155044
28260	-1246.024	-1456.641	210.6178	0.7805477	4.810567	0.9474996	0.719106	0.280894	3.412113
28266	-1256.574	-1466.501	209.9267	0.5665077	4.810567	2.235846	0.719106	0.280894	3.392223
28272	-1250.204	-1461.414	211.2104	0.7480629	9.413759	1.156563	0.730197	0.269803	2.348866
28278	-1241.487	-1452.694	211.2075	0.9111174	7.941776	1.224097	0.753658	0.246342	2.375727
28284	-1236.432	-1448.068	211.6362	0.8203754	7.967198	1.224097	0.781065	0.218935	2.155745
28290	-1236.765	-1447.226	210.4607	0.6361517	5.395021	1.267975	0.711151	0.288849	3.319397
28296	-1248.846	-1459.669	210.8238	0.6443892	5.395021	1.267975	0.711151	0.288849	3.099453
28302	-1240.884	-1452.522	211.6384	0.9348984	5.782479	1.694692	0.732847	0.267153	2.157221
28308	-1236.085	-1447.133	211.0482	0.8987713	4.496024	1.763784	0.717793	0.282207	2.745225
28314	-1233.382	-1444.321	210.9392	0.8236617	4.56725	1.835663	0.730867	0.269133	2.816382
28320	-1239.845	-1451.285	211.4401	0.9140624	4.56725	1.741546	0.724397	0.275603	2.48906
28326	-1236.583	-1447.513	210.9296	0.9496968	4.916304	2.033118	0.654544	0.345456	2.609314
28332	-1249.155	-1459.973	210.8172	0.7184599	5.198295	1.484297	0.745029	0.254971	2.988926
28338	-1251.612	-1463.342	211.7297	0.8310278	6.334155	1.484297	0.745029	0.254971	2.175602
28344	-1256.861	-1467.775	210.9143	0.9847921	4.7426	1.24146	0.795566	0.204434	2.963278
28350	-1257.081	-1467.559	210.4781	0.9738481	5.44048	1.24146	0.728509	0.271491	3.115363
28356	-1253.417	-1464.028	210.6103	0.7773301	5.682277	1.24146	0.748924	0.251076	3.116618
28362	-1238.84	-1449.427	210.5869	0.804442	6.628715	1.011523	0.742124	0.257876	3.106543
28368	-1251.083	-1461.543	210.4598	0.5565924	5.142514	1.079778	0.690805	0.309195	3.504159
28374	-1247.878	-1457.198	209.3199	0.4992337	3.765766	1.397484	0.58244	0.41756	4.280751
28380	-1240.379	-1451.39	211.0112	0.6197643	4.634959	1.60559	0.718298	0.281702	2.975624
28386	-1240.777	-1450.723	209.9452	0.4956423	5.464876	1.60559	0.693775	0.306225	3.542216
28392	-1233.855	-1444.62	210.7654	0.6430918	5.106548	0.9905391	0.675672	0.324328	3.33121
28398	-1236.546	-1447.5	210.9535	0.8052982	5.93871	0.9364602	0.70064	0.29936	3.028597
28404	-1243.903	-1453.157	209.254	0.4938935	5.48532	1.60559	0.721192	0.278808	3.939164
28410	-1239.094	-1449.892	210.7983	0.7182718	6.035874	1.077744	0.70443	0.29557	3.07527
28416	-1231.52	-1442.121	210.6012	0.5368775	6.035874	1.538488	0.762197	0.237803	3.07527
28422	-1242.714	-1453.664	210.9503	0.6631283	6.326271	1.538488	0.713968	0.286032	2.746952
28428	-1241.048	-1451.715	210.6667	0.6576877	4.93412	1.538488	0.688105	0.311895	3.135303
28434	-1250.322	-1462.289	211.9675	0.9982218	5.795823	1.053946	0.772707	0.227293	2.230811
28440	-1237.876	-1448.14	210.2638	0.6454091	6.037024	1.538488	0.752863	0.247137	3.211219
28446	-1244.549	-1455.28	210.7309	0.7535459	7.909607	1.54596	0.696531	0.303469	2.618503
28452	-1257.811	-1468.104	210.2927	0.883496	4.050375	1.519869	0.706138	0.293862	3.390962
28458	-1250.413	-1461.089	210.6761	0.6336346	5.638435	2.166418	0.675276	0.324724	2.79364
28464	-1251.352	-1462.541	211.1894	0.786921	4.891419	1.902695	0.776866	0.223134	2.601654
28470	-1250.758	-1462.087	211.3289	0.3805264	4.731614	1.475263	0.787218	0.212782	2.967651
28476	-1234.393	-1445.768	211.3743	0.7494441	6.260886	1.242174	0.739806	0.260194	2.584566
28482	-1250.479	-1461.251	210.7712	0.8391982	4.073478	1.448617	0.690249	0.309751	3.161332
28488	-1247.171	-1458.555	211.3841	0.8387425	4.679035	1.448617	0.690249	0.309751	2.677179
28494	-1241.813	-1453.775	211.9614	0.9899907	5.782961	1.210597	0.716983	0.283017	2.149646
28500	-1239.219	-1451.079	211.8607	0.9221613	4.915254	1.693265	0.751242	0.248758	2.171426
28506	-1243.709	-1455.255	211.546	0.6808492	5.229884	1.58354	0.693103	0.306897	2.517372
28512	-1240.167	-1450.693	210.5256	0.7884162	5.229884	1.58354	0.700081	0.299919	3.073581
28518	-1239.857	-1450.934	211.0761	0.6567848	5.537193	1.58354	0.700081	0.299919	2.771954
28524	-1250.602	-1461.414	210.812	0.6322629	5.135973	1.893967	0.685859	0.314141	2.888422
28530	-1236.319	-1447.236	210.9168	0.6146665	4.506395	1.380581	0.745633	0.254367	3.15744
28536	-1227.564	-1437.758	210.1948	0.657888	4.506395	1.396596	0.746424	0.253576	3.549056
28542	-1240.699	-1451.968	211.2694	0.7201223	5.684244	1.396596	0.741664	0.258336	2.676395
28548	-1247.524	-1458.835	211.3102	0.6463037	4.947448	0.9729326	0.756048	0.243952	3.043113
28554	-1235.69	-1446.836	211.1457	0.6116256	6.610535	1.771801	0.70663	0.29337	2.520296
28560	-1237.42	-1449.189	211.7692	0.925035	5.758028	1.771801	0.739849	0.260151	2.048675
28566	-1248.349	-1459.972	211.6234	0.6940562	5.79767	1.409964	0.793391	0.206609	2.448601
28572	-1239.507	-1450.618	211.1113	0.7841831	4.287139	1.663789	0.666598	0.333402	2.856573
28578	-1241.578	-1452.3	210.7223	0.6553768	4.194314	2.097794	0.671291	0.328709	3.025015
28584	-1240.737	-1450.902	210.1647	0.4569806	4.194314	2.109212	0.688962	0.311038	3.468121
28590	-1243.471	-1453.533	210.0618	0.7544441	3.738471	2.039197	0.688962	0.311038	3.468121
28596	-1245.479	-1455.803	210.3238	0.7574613	4.47131	2.039197	0.773265	0.226735	3.169614
28602	-1236.804	-1448.91	212.1058	0.921662	4.756522	2.039197	0.771759	0.228241	1.897158
28608	-1240.36	-1451.15	210.7903	0.8657006	5.636706	1.979647	0.680789	0.319211	2.647046
28614	-1246.375	-1458.051	211.6755	0.9257699	4.198764	1.803241	0.680789	0.319211	2.381021
28620	-1246.332	-1457.852	211.5202	0.9210175	5.664248	1.792773	0.739934	0.260066	2.220499
28626	-1249.099	-1460.174	211.0751	0.7728293	5.772196	1.846783	0.798532	0.201468	2.557111
28632	-1260.754	-1472.695	211.9417	0.9866576	4.79346	1.803241	0.771728	0.228272	2.052042
28638	-1255.589	-1466.28	210.6905	0.7502753	4.698171	1.951798	0.804758	0.195242	2.944515
28644	-1273.402	-1484.237	210.8353	0.4921399	4.035012	2.012207	0.804758	0.195242	3.11565
28650	-1265.352	-1476.411	211.0588	0.8038702	4.288091	2.334761	0.799961	0.200039	2.634136
28656	-1255.985	-1465.576	209.591	0.7032418	5.001628	2.334761	0.738228	0.261772	3.446272
28662	-1249.791	-1460.96	211.169	0.7560885	5.415847	1.57542	0.746843	0.253157	2.677115
28668	-1250.846	-1462.069	211.2228	0.7560885	5.194224	1.066471	0.690503	0.309497	2.933219
28674	-1231.223	-1441.898	210.6751	0.6475138	5.776053	1.032768	0.737808	0.262192	3.253828
28680	-1233.551	-1443.208	209.6567	0.6754937	5.209309	1.032768	0.72327	0.27673	3.915166
28686	-1233.325	-1443.504	210.1789	0.700965	6.073739	1.969756	0.751432	0.248568	3.056061
28692	-1235.745	-1446.559	210.8144	0.6149172	6.227671	1.472916	0.702338	0.297662	2.901947
28698	-1240.024	-1451.02	210.9966	0.8285119	6.227671	1.36382	0.780949	0.219051	2.712012
28704	-1250.967	-1462.623	211.6567	0.9643482	5.651643	1.562014	0.667168	0.332832	2.206851
28710	-1236.871	-1448.459	211.5888	0.8453512	6.079991	1.482569	0.773573	0.226427	2.296336
28716	-1245.619	-1457.256	211.6377	0.7768431	6.967288	1.513099	0.752415	0.247585	2.165592
28722	-1256.579	-1468.24	211.6612	0.8462153	6.543225	1.513099	0.71168	0.28832	2.165592
28728	-1246.935	-1458.306	211.3709	0.8432035	4.683498	1.388821	0.747817	0.252183	2.709888
28734	-1245.754	-1456.188	210.434	0.6647158	4.690673	2.281884	0.647057	0.352943	3.039895
28740	-1236.099	-1446.935	210.8354	0.7209807	4.690673	1.558836	0.728844	0.271156	3.030244
28746	-1235.752	-1446.748	210.9952	0.63112	5.318679	1.558836	0.704718	0.295282	2.882103
28752	-1249.731	-1461.532	211.8005	0.8171063	4.676211	1.558836	0.704718	0.295282	2.381231
28758	-1251.409	-1462.922	211.5125	0.8504628	4.623252	1.369577	0.730949	0.269051	2.638653
28764	-1245.393	-1456.184	210.7911	0.7925641	6.668843	1.875912	0.769787	0.230213	2.579414
28770	-1258.851	-1469.869	211.0183	0.9020914	6.668843	1.875912	0.703374	0.296626	2.368369
28776	-1265.394	-1476.307	210.9137	0.6087575	4.366582	1.875912	0.693763	0.306237	2.983776
28782	-1261.454	-1472.181	210.7271	0.6787424	6.216397	1.51545	0.71907	0.28093	2.898808
28788	-1254.082	-1465.066	210.9843	0.8632799	4.552329	1.51545	0.619785	0.380215	2.898808
28794	-1249.423	-1461.396	211.9731	1.090737	6.624715	0.7955893	0.810836	0.189164	2.219387
28800	-1240.854	-1450.566	209.7119	0.5311053	4.870219	1.708027	0.739793	0.260207	3.710809
28806	-1247.679	-1457.743	210.0638	0.5311053	4.870219	1.611285	0.745581	0.254419	3.544816
28812	-1252.79	-1462.393	209.6036	0.5802355	4.870219	1.604906	0.659787	0.340213	3.785418
28818	-1244.992	-1455.798	210.8059	0.7614419	5.49157	1.27586	0.750444	0.249556	3.0212
28824	-1238.679	-1449.09	210.4107	0.590674	4.45646	1.743634	0.722893	0.277107	3.32674
28830	-1254.665	-1465.156	210.4911	0.5941504	4.45646	1.743634	0.691028	0.308972	3.277306
28836	-1247.996	-1457.894	209.8983	0.6504713	6.291986	1.501009	0.726758	0.273242	3.404112
28842	-1234.023	-1445.247	211.2246	0.6084704	6.291986	1.501009	0.727967	0.272033	2.633701
28848	-1247.764	-1458.757	210.9931	0.6899623	6.291986	1.501009	0.757466	0.242534	2.725871
28854	-1248.268	-1459.369	211.1014	0.6740205	6.291986	1.501009	0.759872	0.240128	2.669232
28860	-1248.117	-1459.637	211.5205	0.679281	5.169646	1.677698	0.721064	0.278936	2.504034
28866	-1244.78	-1455.809	211.0288	0.6205824	7.455664	1.84736	0.736441	0.263559	2.445797
28872	-1225.464	-1436.997	211.5325	0.7442811	6.257671	1.268432	0.808048	0.191952	2.475847
28878	-1240.972	-1452.457	211.4846	0.7051894	6.257671	1.268432	0.750024	0.249976	2.530247
28884	-1238.241	-1449.367	211.1258	0.9065368	4.0968	1.50285	0.692928	0.307072	2.879701
28890	-1236.144	-1446.53	210.3864	0.7120482	5.314564	1.246641	0.631344	0.368656	3.341562
28896	-1228.137	-1439.026	210.889	0.6265985	5.904624	1.158073	0.658572	0.341428	3.050705
28902	-1216.673	-1428.025	211.3522	0.8109832	5.904624	1.067228	0.752396	0.247604	2.709533
28908	-1222.379	-1434.662	212.2838	1.022486	5.904624	1.067228	0.651395	0.348605	1.981549
28914	-1227.237	-1439.409	212.1718	1.082666	6.271549	1.030202	0.711272	0.288728	1.981549
28920	-1230.905	-1442.865	211.9597	1.085307	6.271549	0.7480547	0.758651	0.241349	2.319902
28926	-1238.639	-1450.752	212.1128	1.04798	6.271549	1.152578	0.766782	0.233218	1.96748
28932	-1249.967	-1460.843	210.875	0.70428	5.035314	1.630589	0.683113	0.316887	2.926808
28938	-1238.969	-1450.045	211.0756	0.7971617	6.076114	1.630589	0.676941	0.323059	2.583585
28944	-1250.608	-1461.332	210.7246	0.6014807	7.149341	1.630589	0.703923	0.296077	2.772568
28950	-1243.537	-1455.093	211.5557	0.6963904	11.7233	1.305812	0.798688	0.201312	1.84271
28956	-1239.962	-1451.199	211.2368	0.6787406	11.49378	1.305812	0.845982	0.154018	2.089858
28962	-1246.119	-1456.467	210.3481	0.6140799	7.774639	1.305812	0.762146	0.237854	3.06289
28968	-1230.79	-1441.655	210.8651	0.5884418	6.808931	0.9828803	0.75277	0.24723	3.06289
28974	-1231.874	-1442.591	210.7174	0.6668491	5.033795	1.833082	0.767565	0.232435	2.96441
28980	-1240.725	-1451.637	210.9124	0.61688	5.188423	1.833082	0.724463	0.275537	2.851113
28986	-1246.235	-1456.621	210.3857	0.7559089	5.056694	2.018413	0.741634	0.258366	3.03889
28992	-1248.421	-1459.283	210.8625	0.6724889	6.793185	1.770301	0.697322	0.302678	2.63387
28998	-1239.686	-1451.409	211.7231	0.88188	6.185556	1.550671	0.784174	0.215826	2.137884
29004	-1257.893	-1467.716	209.8227	0.543064	6.237257	1.367356	0.655212	0.344788	3.5777
29010	-1245.047	-1456.156	211.1091	0.9039386	6.230691	1.957864	0.677303	0.322697	2.341209
29016	-1232.977	-1444.114	211.1369	0.7859406	6.894796	1.861492	0.800384	0.199616	2.341209
29022	-1222.85	-1434.37	211.5194	0.7338846	5.493168	1.861492	0.771413	0.228587	2.341209
29028	-1227.655	-1438.119	210.4641	0.8041073	5.111657	1.621812	0.707761	0.292239	3.104232
29034	-1231.706	-1442.12	210.4135	0.7318168	5.111657	1.621812	0.669813	0.330187	3.177333
29040	-1251.434	-1463.141	211.7068	0.7938691	6.671563	1.150263	0.775118	0.224882	2.339939
29046	-1248.295	-1458.33	210.0352	0.7674543	6.671563	1.915489	0.716178	0.283822	3.039582
29052	-1244.263	-1454.703	210.4398	0.616733	7.205455	1.060164	0.739941	0.260059	3.203795
29058	-1241.485	-1452.161	210.6763	0.680594	6.154379	1.213209	0.739941	0.260059	3.080685
29064	-1252.141	-1461.184	209.0434	0.5008097	4.277884	1.154282	0.620485	0.379515	4.453406
29070	-1248.93	-1458.284	209.3543	0.6634373	4.79373	0.9593757	0.665833	0.334167	4.20293
29076	-1242.033	-1452.546	210.5134	0.642793	4.79373	0.9593757	0.688238	0.311762	3.549163
29082	-1249.596	-1460.39	210.7939	0.673713	6.473857	0.9619651	0.83851	0.16149	3.111628
29088	-1249.423	-1460.898	211.4755	0.7820872	5.628301	1.449015	0.777844	0.222156	2.49413
29094	-1240.085	-1450.686	210.6017	0.7285732	5.397684	1.449015	0.699096	0.300904	3.095668
29100	-1235.767	-1446.6	210.8332	0.7279419	5.397684	1.311469	0.715561	0.284439	3.022061
29106	-1237.307	-1447.748	210.441	0.6139861	5.397684	1.622549	0.714488	0.285512	3.18491
29112	-1239.672	-1449.949	210.277	0.6260766	4.174202	1.574548	0.730032	0.269968	3.503943
29118	-1232.981	-1444.009	211.0275	0.5650865	4.702518	1.383188	0.723359	0.276641	3.084819
29124	-1236.582	-1446.723	210.1406	0.4116099	4.702518	1.734775	0.761536	0.238464	3.549509
29130	-1234.112	-1445.195	211.0823	0.4622056	5.471625	1.618847	0.760138	0.239862	2.881733
29136	-1240.335	-1451.724	211.389	0.8141754	7.094872	1.550397	0.813627	0.186373	2.267272
29142	-1239.267	-1450.991	211.7243	0.6163484	7.094872	1.367301	0.844004	0.155996	2.267272
29148	-1238.895	-1449.922	211.0276	0.5906595	5.887628	1.367301	0.746105	0.253895	2.885842
29154	-1242.286	-1453.391	211.1048	0.541105	5.887628	1.466343	0.734729	0.265271	2.823043
29160	-1240.957	-1451.956	210.9991	0.5471955	7.087919	1.072157	0.751748	0.248252	2.918907
29166	-1242.917	-1453.103	210.1862	0.6663859	6.264169	1.072157	0.679203	0.320797	3.438741
29172	-1256.182	-1466.816	210.6345	0.9414616	5.535972	2.219381	0.677075	0.322925	2.628772
29178	-1241.214	-1451.514	210.3002	0.6587935	4.765096	1.990103	0.687598	0.312402	3.206897
29184	-1239.669	-1450.593	210.9233	0.6905384	4.407211	1.356099	0.692058	0.307942	3.138135
29190	-1241.991	-1453.153	211.1621	0.8096833	4.407211	1.608257	0.742338	0.257662	2.810427
29196	-1242.729	-1453.681	210.9524	0.6736795	4.407211	1.67192	0.701418	0.298582	2.992939
29202	-1253.003	-1462.872	209.8689	0.6436526	4.117469	1.703413	0.752935	0.247065	3.690168
29208	-1246.353	-1457.429	211.0752	0.761013	4.580884	1.710912	0.777498	0.222502	2.818168
29214	-1230.698	-1441.388	210.6894	0.4885216	4.513209	1.679281	0.730608	0.269392	3.237508
29220	-1239.07	-1449.646	210.5756	0.830223	3.730485	1.679281	0.681022	0.318978	3.255079
29226	-1236.23	-1447.53	211.2998	0.8087345	4.890256	1.679281	0.743985	0.256015	2.608542
29232	-1258.416	-1469.621	211.2054	0.7717748	7.500569	1.968721	0.802341	0.197659	2.183793
29238	-1262.794	-1474.511	211.7174	0.7894125	8.774936	1.334959	0.802341	0.197659	1.964194
29244	-1255.885	-1467.727	211.8422	0.8042793	7.396061	1.201403	0.739514	0.260486	2.117883
29250	-1248.186	-1460.676	212.4902	1.221647	6.727969	1.353345	0.744641	0.255359	1.377352
29256	-1240.948	-1453.39	212.4423	1.153776	6.09954	1.656528	0.798932	0.201068	1.406101
29262	-1235.692	-1446.947	211.2545	0.6933384	10.3276	1.149093	0.766314	0.233686	2.266973
29268	-1247.788	-1458.733	210.945	0.6059219	10.61886	1.149093	0.786012	0.213988	2.490354
29274	-1244.402	-1455.187	210.7851	0.6745908	4.80691	1.911634	0.661768	0.338232	2.928555
29280	-1238.492	-1449.585	211.0931	0.7738678	7.576912	1.165714	0.769682	0.230318	2.609606
29286	-1236.238	-1448.277	212.0391	0.9611605	8.024882	0.6003463	0.84991	0.15009	2.240105
29292	-1234.883	-1445.658	210.775	0.5040844	5.481643	1.005718	0.716205	0.283795	3.339338
29298	-1234.75	-1445.527	210.7771	0.4628259	5.481643	1.020132	0.740992	0.259008	3.35396
29304	-1247.894	-1458.431	210.5369	0.5931408	5.211723	1.220283	0.753735	0.246265	3.352509
29310	-1254.386	-1465.836	211.4505	0.9481159	4.993558	1.383304	0.814078	0.185922	2.543388
29316	-1242.276	-1454.018	211.742	1.016841	5.706359	1.103116	0.758131	0.241869	2.347777
29322	-1246.89	-1457.729	210.8393	0.848061	5.925785	2.142075	0.762686	0.237314	2.525306
29328	-1250.37	-1460.512	210.1424	0.7586521	7.350185	1.815587	0.678784	0.321216	2.931196
29334	-1245.222	-1455.845	210.623	0.7778119	3.652994	2.06041	0.757156	0.242844	3.134498
29340	-1246.799	-1457.891	211.0912	0.718803	4.531076	1.74637	0.658378	0.341622	2.829082
29346	-1232.317	-1443.329	211.0122	0.6678403	4.435286	1.498736	0.720677	0.279323	3.028481
29352	-1234.753	-1445.743	210.9901	0.7405182	5.350938	1.512304	0.69799	0.30201	2.834046
29358	-1232.689	-1443.534	210.8447	0.5483644	5.350938	1.622984	0.704844	0.295156	2.990399
29364	-1233.085	-1444.52	211.4347	0.7446074	4.803755	1.677397	0.783199	0.216801	2.580943
29370	-1238.896	-1449.62	210.7232	0.6396302	5.308327	2.070449	0.652738	0.347262	2.846294
29376	-1244.825	-1456.306	211.4804	0.8859734	4.025266	1.718383	0.701019	0.298981	2.598177
29382	-1252.11	-1463.646	211.5362	0.7885369	6.242516	1.43832	0.715333	0.284667	2.362688
29388	-1240.66	-1451.791	211.131	0.8842896	7.921516	1.096948	0.71241	0.28759	2.514574
29394	-1227.626	-1438.54	210.9138	0.528999	9.218469	1.096948	0.725453	0.274547	2.724423
29400	-1234.969	-1445.915	210.9458	0.6652987	5.670384	1.46119	0.798455	0.201545	2.879235
29406	-1245.814	-1457.002	211.1874	0.713269	7.193003	1.46119	0.728734	0.271266	2.487212
29412	-1246.119	-1457.289	211.1693	0.6455359	7.193003	0.9627559	0.769991	0.230009	2.808368
29418	-1244.144	-1454.861	210.7178	0.6769844	7.994205	0.9627559	0.80261	0.19739	2.966164
29424	-1237.072	-1447.742	210.6698	0.7453993	6.077172	1.398102	0.728027	0.271973	2.966164
29430	-1244.57	-1454.935	210.3651	0.3937033	5.2039	1.070966	0.721127	0.278873	3.649003
29436	-1235.959	-1446.5	210.5415	0.7198953	3.783341	1.394301	0.682143	0.317857	3.449897
29442	-1234.283	-1444.908	210.6247	0.6063638	3.870093	1.394301	0.714297	0.285703	3.449897
29448	-1241.673	-1452.234	210.5611	0.6700246	3.870093	1.394301	0.697738	0.302262	3.449897
29454	-1249.6	-1460.909	211.3089	0.4325255	10.62869	0.8363272	0.846096	0.153904	2.567722
29460	-1256.686	-1468.232	211.5455	0.9553527	6.464101	1.228035	0.706042	0.293958	2.325942
29466	-1259.361	-1470.89	211.5298	0.9629628	6.39417	1.228035	0.686391	0.313609	2.341256
29472	-1233.7	-1444.632	210.9319	0.662461	4.868831	1.783767	0.726415	0.273585	2.884712
29478	-1232.49	-1443.778	211.2875	0.6418901	8.090066	1.203044	0.726415	0.273585	2.48861
29484	-1238.805	-1449.794	210.9895	0.6983967	8.090066	1.375942	0.780028	0.219972	2.550193
29490	-1236.715	-1448.018	211.3023	0.7493514	7.163189	1.405577	0.719047	0.280953	2.422902
29496	-1235.685	-1446.748	211.0626	0.6694005	6.244419	1.376332	0.719047	0.280953	2.760557
29502	-1237.471	-1447.743	210.2715	0.6487687	6.303271	2.072726	0.647511	0.352489	2.963542
29508	-1232.221	-1442.847	210.6258	0.5458454	4.773971	2.072726	0.731969	0.268031	3.050326
29514	-1243.425	-1454.596	211.1717	0.6688714	5.395874	1.641536	0.731969	0.268031	2.703976
29520	-1264.198	-1475.499	211.3012	1.001952	6.437559	1.720263	0.812215	0.187785	2.220287
29526	-1253.137	-1464.656	211.5187	0.765641	5.729078	1.423163	0.711338	0.288662	2.473722
29532	-1248.724	-1459.468	210.7437	0.8442592	4.669181	1.416294	0.757103	0.242897	3.078165
29538	-1243.601	-1453.717	210.1164	0.8271964	4.669181	1.514206	0.751011	0.248989	3.415796
29544	-1241.382	-1452.452	211.0703	0.8308056	4.755491	1.514206	0.797002	0.202998	2.8303
29550	-1248.374	-1458.921	210.5464	0.5808538	7.118155	1.532894	0.691316	0.308684	2.938771
29556	-1235.248	-1446.345	211.0973	0.8221253	7.118155	1.260234	0.72411	0.27589	2.584448
29562	-1236.496	-1446.936	210.4397	0.7477438	7.261747	1.260234	0.734699	0.265301	3.012121
29568	-1238.392	-1448.99	210.5977	0.7307304	6.646119	1.260234	0.691308	0.308692	3.00644
29574	-1240.742	-1452.462	211.7199	0.8161351	7.091403	1.260234	0.745317	0.254683	2.197959
29580	-1228.393	-1439.845	211.4526	0.8141036	6.00732	1.078286	0.75589	0.24411	2.624017
29586	-1234.54	-1445.601	211.0613	0.6807497	7.21868	0.8126069	0.753839	0.246161	2.948674
29592	-1258.634	-1470.16	211.5256	0.8139486	4.776064	1.614669	0.766409	0.233591	2.512918
29598	-1257.31	-1467.701	210.3909	0.7476488	5.380462	1.354743	0.749414	0.250586	3.255453
29604	-1232.501	-1444.158	211.6572	0.806017	6.901096	1.320045	0.825711	0.174289	2.239213
29610	-1228.053	-1439.509	211.4556	0.8082267	6.901096	1.320045	0.802619	0.197381	2.366556
29616	-1232.033	-1442.635	210.6017	0.8335669	6.721058	1.320045	0.706501	0.293499	2.902487
29622	-1237.657	-1449.115	211.4578	0.897361	5.993732	1.320045	0.74673	0.25327	2.439305
29628	-1231.446	-1442.921	211.4752	0.8446816	5.993732	1.371772	0.741447	0.258553	2.435546
29634	-1244.083	-1456.194	212.1111	0.9076565	5.993732	1.086486	0.791524	0.208476	2.145017
29640	-1254.182	-1464.986	210.8044	0.840155	5.993732	1.535116	0.769422	0.230578	2.777401
29646	-1250.169	-1460.942	210.7724	0.6594195	5.993732	1.535116	0.74634	0.25366	2.906469
29652	-1250.75	-1461.225	210.4743	0.7568335	5.990822	1.059509	0.80448	0.19552	3.261459
29658	-1253.576	-1464.405	210.8288	0.636869	6.713544	1.349458	0.755578	0.244422	2.870804
29664	-1251.532	-1462.497	210.9644	0.6101399	6.713544	1.218037	0.787132	0.212868	2.870804
29670	-1263.218	-1474.075	210.8571	0.7032534	5.23926	1.438347	0.668355	0.331645	2.988066
29676	-1260.854	-1470.717	209.8629	0.4692162	4.080361	2.180498	0.662532	0.337468	3.635322
29682	-1262.268	-1472.11	209.842	0.5217292	4.080361	2.137695	0.662532	0.337468	3.630726
29688	-1257.264	-1466.976	209.7112	0.6303556	4.317556	1.329578	0.686003	0.313997	3.908732
29694	-1242.115	-1453.91	211.7956	0.9091783	5.857464	1.295596	0.779854	0.220146	2.250917
29700	-1240.054	-1451.597	211.5426	0.9705957	5.533064	1.553543	0.695566	0.304434	2.299534
29706	-1226.001	-1437.294	211.2932	0.9203744	5.533064	1.553543	0.721544	0.278456	2.488915
29712	-1233.228	-1446.063	212.8347	1.04174	4.386167	0.9650213	0.689116	0.310884	1.947376
29718	-1241.153	-1453.561	212.4074	1.055206	5.954084	1.851717	0.727704	0.272296	1.438062
29724	-1241.633	-1453.561	211.9279	1.258839	5.954084	1.851717	0.686486	0.313514	1.642451
29730	-1253.74	-1465.087	211.347	0.9237648	4.994828	1.3087	0.647238	0.352762	2.659165
29736	-1246.6	-1458.547	211.9468	0.7914886	4.994828	1.3087	0.746207	0.253793	2.367285
29742	-1243.023	-1455.205	212.182	1.12083	5.247424	1.134375	0.765059	0.234941	2.054369
29748	-1250.585	-1461.405	210.8202	0.8608376	5.270028	1.134375	0.691954	0.308046	3.061758
29754	-1245.351	-1457.134	211.7834	0.8498529	5.000379	1.340571	0.711934	0.288066	2.41643
29760	-1261.355	-1472.964	211.6093	0.8012811	7.793583	1.018827	0.73524	0.26476	2.328239
29766	-1270.173	-1479.926	209.7527	0.757946	6.700871	1.238432	0.686445	0.313555	3.493572
29772	-1254.093	-1465.994	211.9016	1.043842	4.709479	0.9345696	0.726694	0.273306	2.50573
29778	-1248.15	-1459.601	211.4509	0.8639662	4.709479	1.324459	0.706321	0.293679	2.674641
29784	-1252.059	-1462.03	209.9712	0.7734793	5.048152	1.146078	0.660122	0.339878	3.641693
29790	-1243.486	-1454.68	211.1934	0.903473	4.82607	1.325455	0.737671	0.262329	2.786786
29796	-1250.965	-1461.338	210.3729	0.7902667	4.661838	1.800458	0.707936	0.292064	3.172719
29802	-1256.342	-1467.409	211.0668	0.8939078	6.329842	1.275474	0.721986	0.278014	2.658098
29808	-1247.08	-1458.729	211.649	1.01429	6.329842	1.345259	0.730197	0.269803	2.179058
29814	-1231.42	-1442.878	211.4578	0.8252187	5.976061	1.347475	0.730197	0.269803	2.473479
29820	-1234.367	-1445.582	211.2156	0.7141418	6.208844	1.225068	0.743732	0.256268	2.720566
29826	-1242.945	-1454.116	211.1702	0.9356971	6.208844	1.957984	0.718964	0.281036	2.285186
29832	-1261.389	-1472.152	210.7623	0.8081378	12.31494	1.224643	0.779496	0.220504	2.285186
29838	-1252.673	-1464.189	211.5159	0.7957789	10.75768	0.897768	0.736582	0.263418	2.150053
29844	-1245.151	-1455.63	210.4787	0.741102	6.048523	1.147768	0.708556	0.291444	3.21149
29850	-1239.516	-1450.516	211	0.6566061	6.872019	1.059166	0.733104	0.266896	2.887479
29856	-1248.472	-1458.773	210.3008	0.6175823	6.872019	1.059166	0.703824	0.296176	3.327512
29862	-1251.76	-1463.566	211.8063	0.8098797	7.361781	1.039861	0.809212	0.190788	2.238401
29868	-1246.206	-1457.805	211.5992	0.8309275	8.184331	1.110102	0.838813	0.161187	2.212147
29874	-1256.581	-1467.931	211.3498	0.8594949	8.184331	1.121321	0.741737	0.258263	2.347036
29880	-1246.893	-1457.865	210.9714	0.742491	8.371993	1.364656	0.741737	0.258263	2.506907
29886	-1252.395	-1463.68	211.2853	0.7962397	7.774875	1.235229	0.741758	0.258242	2.413484
29892	-1250.531	-1460.734	210.2025	0.6164084	4.775215	1.694619	0.667012	0.332988	3.39683
29898	-1246.8	-1455.959	209.1589	0.5985386	5.206349	1.694619	0.625006	0.374994	3.94131
29904	-1252.627	-1463.219	210.5917	0.5877927	6.53643	1.678493	0.69483	0.30517	2.922173
29910	-1254.32	-1465.689	211.369	0.9097516	6.53643	1.107347	0.800969	0.199031	2.523276
29916	-1255.094	-1466.864	211.7697	0.882542	6.53643	0.9155843	0.766817	0.233183	2.408507
29922	-1251.337	-1463.408	212.0717	0.754309	8.307653	1.019967	0.790268	0.209732	1.993828
29928	-1252.467	-1463.49	211.0237	0.6898832	5.29608	1.935206	0.798593	0.201407	2.682559
29934	-1246.149	-1456.755	210.6063	0.7211426	4.541537	1.935206	0.786661	0.213339	3.046693
29940	-1260.764	-1472.938	212.1741	1.000021	5.030616	1.152123	0.792095	0.207905	2.167185
29946	-1249.826	-1461.368	211.5426	0.922724	5.030616	1.111295	0.802399	0.197601	2.638584
29952	-1242.212	-1453.687	211.475	0.7016356	5.030616	1.482501	0.753523	0.246477	2.627804
29958	-1249.328	-1460.67	211.3419	0.7518668	4.151788	1.191896	0.739355	0.260645	2.981712
29964	-1250.989	-1462.003	211.0141	0.671616	4.209728	1.191896	0.71218	0.28782	3.213802
29970	-1254.286	-1465.251	210.9651	0.6061102	4.209728	1.224296	0.71218	0.28782	3.264915
29976	-1249.967	-1460.158	210.1905	0.6279609	4.517102	2.217982	0.737347	0.262653	3.25776
29982	-1251.592	-1462.05	210.4578	0.6310344	4.826632	1.623207	0.788203	0.211797	3.25776
29988	-1249.57	-1459.623	210.053	0.6941433	5.335433	0.9594821	0.717357	0.282643	3.699139
29994	-1258.264	-1468.657	210.3938	0.6698797	5.552022	0.9594821	0.795283	0.204717	3.482304
30000	-1251.143	-1461.869	210.7261	0.7644217	7.426305	1.661405	0.744482	0.255518	2.623811
30006	-1251.618	-1463.612	211.9942	1.015565	7.426305	0.9052848	0.770065	0.229935	2.063015
30012	-1255.004	-1466.987	211.9834	0.7786832	8.136715	0.8514059	0.819129	0.180871	2.173592
30018	-1247.655	-1459.183	211.5278	0.7610434	9.872614	1.01622	0.784906	0.215094	2.173592
30024	-1244.859	-1455.681	210.822	0.6750467	9.872614	1.04541	0.747577	0.252423	2.655352
30030	-1244.32	-1455.184	210.864	0.6583233	8.741277	1.04541	0.77645	0.22355	2.756087
30036	-1243.509	-1454.224	210.7152	0.7643489	8.260413	1.157237	0.772837	0.227163	2.771698
30042	-1257.071	-1467.121	210.0504	0.6645137	7.939038	1.563128	0.754547	0.245453	3.074634
30048	-1239.013	-1449.883	210.8706	0.6124342	6.611446	1.563128	0.73112	0.26888	2.77631
30054	-1276.689	-1488.015	211.3255	0.878264	6.315487	1.811662	0.75989	0.24011	2.264199
30060	-1245.613	-1456.082	210.469	0.5415753	5.637962	1.601402	0.753167	0.246833	3.183085
30066	-1244.424	-1454.527	210.1031	0.7463491	5.637962	1.285208	0.642184	0.357816	3.419385
30072	-1231.163	-1441.848	210.6851	0.6831885	7.1929	1.524675	0.779403	0.220597	2.786896
30078	-1244.408	-1456.214	211.8061	0.8219278	5.775723	1.830493	0.769693	0.230307	2.064777
30084	-1252.339	-1463.944	211.6047	0.9206121	6.69684	1.830493	0.769693	0.230307	1.989917
30090	-1247.814	-1459.881	212.0667	0.9788586	7.358213	1.242651	0.806714	0.193286	1.831926
30096	-1250.817	-1463.14	212.3223	0.9179866	5.365207	1.447471	0.735975	0.264025	1.901985
30102	-1243.081	-1454.661	211.5801	0.7753675	7.166326	1.528063	0.734621	0.265379	2.169663
30108	-1245.755	-1457.125	211.3698	0.8569019	6.673285	1.680803	0.734621	0.265379	2.252396
30114	-1248.63	-1459.332	210.7013	0.572101	4.579344	1.897736	0.716856	0.283144	3.08568
30120	-1250.446	-1460.274	209.8272	0.5871828	6.420736	1.3942	0.745037	0.254963	3.512507
30126	-1262.816	-1473.454	210.638	0.5903825	6.18509	1.258027	0.718092	0.281908	3.130193
30132	-1256.993	-1468.081	211.0875	0.8605791	6.107444	1.311335	0.740099	0.259901	2.6798
30138	-1255.498	-1466.394	210.8961	0.914594	5.903922	1.946504	0.746474	0.253526	2.522054
30144	-1254.689	-1466.423	211.7345	0.9349223	6.712337	1.628193	0.754124	0.245876	1.980229
30150	-1229.08	-1440.568	211.4886	0.8352869	5.903922	1.161464	0.721868	0.278132	2.556807
30156	-1237.084	-1448.526	211.4427	0.8317796	5.903922	1.304795	0.716797	0.283203	2.511326
30162	-1238.678	-1450.099	211.4213	0.6288595	6.947966	1.334271	0.716797	0.283203	2.487578
30168	-1244.897	-1455.524	210.6272	0.560431	6.947966	1.334271	0.721991	0.278009	3.014983
30174	-1243.018	-1452.647	209.6291	0.8879847	5.852061	1.309005	0.729184	0.270816	3.570629
30180	-1238.669	-1448.798	210.1292	0.5936591	5.852061	1.29856	0.775035	0.224965	3.455661
30186	-1245.569	-1455.75	210.1814	0.6069746	5.590925	1.29856	0.727559	0.272441	3.455661
30192	-1262.1	-1473.435	211.3355	0.6436627	5.444571	1.750426	0.750189	0.249811	2.565714
30198	-1244.018	-1455.424	211.4068	0.7584668	5.408143	1.863116	0.733578	0.266422	2.410403
30204	-1235.183	-1445.887	210.7031	0.6377286	6.38897	1.317742	0.668012	0.331988	3.005292
30210	-1235.612	-1446.807	211.1947	0.7123892	6.0908	1.237654	0.728603	0.271397	2.744953
30216	-1238.126	-1449.179	211.0527	0.7923439	5.977258	1.237654	0.762175	0.237825	2.799404
30222	-1243.667	-1454.878	211.2111	0.5425765	6.586764	1.237654	0.768852	0.231148	2.768771
30228	-1241.165	-1452.503	211.3386	0.8767195	6.628362	0.7706974	0.804111	0.195889	2.768771
30234	-1240.544	-1451.875	211.3307	0.7626867	6.628362	0.9036858	0.774073	0.225927	2.750416
30240	-1239.807	-1450.952	211.1458	0.801618	6.088346	0.795186	0.717259	0.282741	2.988273
30246	-1243.01	-1453	209.9903	0.6428257	6.407146	0.795186	0.769623	0.230377	3.71738
30252	-1238.179	-1448.889	210.7102	0.8253052	5.033787	0.8407613	0.726427	0.273573	3.362603
30258	-1237.51	-1447.685	210.1749	0.8253052	5.033787	0.9848456	0.679392	0.320608	3.585026
30264	-1241.064	-1452.013	210.9488	0.7428405	7.063168	1.299313	0.752883	0.247117	2.711984
30270	-1248.029	-1459.673	211.6442	0.841872	5.997324	0.9404578	0.761537	0.238463	2.574524
30276	-1249.001	-1461.159	212.1581	0.9184195	5.678318	0.9404578	0.753425	0.246575	2.251673
30282	-1225.852	-1438.552	212.6993	1.101574	5.678318	0.8736284	0.790073	0.209927	1.818659
30288	-1231.419	-1443.581	212.1625	1.078535	7.287166	0.8736284	0.790073	0.209927	1.95092
30294	-1248.108	-1460.472	212.3648	0.9796916	5.72992	0.9767568	0.81324	0.18676	2.044135
30300	-1254.866	-1467.028	212.1617	0.9777425	5.252379	0.9767568	0.79524	0.20476	2.258516
30306	-1262.709	-1473.888	211.1788	0.8294397	5.078785	0.7095764	0.779787	0.220213	3.169764
30312	-1255.454	-1467.025	211.5713	0.8325442	6.005424	0.9042299	0.801579	0.198421	2.647986
30318	-1251.057	-1463.64	212.5833	1.165568	5.546098	0.9608304	0.729238	0.270762	1.813639
30324	-1259.409	-1471.405	211.996	1.082714	5.100858	1.971752	0.748579	0.251421	1.822256
30330	-1247.343	-1458.455	211.1114	0.8430135	6.415176	1.132875	0.789047	0.210953	2.726113
30336	-1250.93	-1462.602	211.6726	0.8870218	8.165959	1.132875	0.795447	0.204553	2.116641
30342	-1243.33	-1454.87	211.5394	0.7761636	4.114083	1.857587	0.740937	0.259063	2.556062
30348	-1248.228	-1458.903	210.6749	0.8430232	4.114083	1.590971	0.74953	0.25047	3.146792
30354	-1250.806	-1461.82	211.0135	0.7835543	5.054967	1.65716	0.69418	0.30582	2.780484
30360	-1249.045	-1460.114	211.069	0.7946534	5.707331	1.821602	0.629384	0.370616	2.567251
30366	-1249.048	-1460.035	210.9872	0.8335505	4.894587	1.821602	0.70055	0.29945	2.727822
30372	-1242.873	-1454.188	211.3143	0.8935802	5.407246	1.676953	0.749952	0.250048	2.459433
30378	-1237.364	-1448.093	210.7293	0.848321	5.188625	1.676953	0.749952	0.250048	2.88328
30384	-1259.441	-1470.618	211.1763	0.7241131	5.089545	1.821602	0.732765	0.267235	2.64525
30390	-1248.453	-1460.116	211.6626	0.8440609	6.157607	1.677935	0.766532	0.233468	2.148732
30396	-1241.061	-1452.542	211.4808	0.9340542	5.685275	1.677935	0.729513	0.270487	2.282464
30402	-1243.646	-1454.953	211.3074	0.9500221	5.168612	2.18111	0.689211	0.310789	2.274854
30408	-1240.397	-1452.507	212.1105	0.9157563	5.168612	1.237905	0.788537	0.211463	2.189719
30414	-1243.726	-1455.372	211.6453	0.7816399	6.93945	1.52587	0.793159	0.206841	2.155373
30420	-1244.59	-1456.306	211.7163	0.8065807	6.908927	1.250739	0.793159	0.206841	2.236605
30426	-1247.065	-1458.193	211.1285	0.7346843	7.001989	1.327729	0.742816	0.257184	2.600055
30432	-1236.249	-1447.772	211.5227	0.8330386	7.609841	1.540551	0.748661	0.251339	2.104841
30438	-1252.925	-1464.617	211.6924	0.8753466	4.515178	1.540551	0.71511	0.28489	2.451474
30444	-1236.918	-1447.49	210.572	0.7947162	5.223004	1.540551	0.765589	0.234411	3.061514
30450	-1232.478	-1443.187	210.7089	0.7992849	5.223004	1.353294	0.765589	0.234411	3.061514
30456	-1240.752	-1451.158	210.4054	0.7154215	6.554524	1.353294	0.733834	0.266166	3.097329
30462	-1247.295	-1458.321	211.0264	0.8786302	6.821011	1.353294	0.751531	0.248469	2.585498
30468	-1253.35	-1464.543	211.1934	1.007709	6.954397	2.350919	0.634868	0.365132	1.97147
30474	-1252.013	-1463.3	211.287	0.8013834	6.883747	1.211686	0.82427	0.17573	2.536086
30480	-1246.438	-1458.026	211.5874	0.7300522	5.812564	1.211686	0.712173	0.287827	2.547365
30486	-1242.275	-1453.749	211.474	0.7235512	6.528249	1.211686	0.70217	0.29783	2.516834
30492	-1249.909	-1461.446	211.5371	0.7258428	8.141624	1.211686	0.73334	0.26666	2.266508
30498	-1249.429	-1461.457	212.0276	0.8587951	8.159278	1.211686	0.775391	0.224609	1.852141
30504	-1232.198	-1443.314	211.116	0.6827401	10.56661	1.036645	0.789294	0.210706	2.405663
30510	-1255.697	-1467.08	211.3825	0.7669833	10.56661	1.060716	0.862324	0.137676	2.166279
30516	-1246.776	-1458.197	211.4212	0.8870738	9.480645	1.060716	0.777812	0.222188	2.174142
30522	-1259.366	-1469.458	210.0921	0.5367558	6.095042	1.120476	0.743852	0.256148	3.566193
30528	-1255.177	-1465.627	210.4502	0.5389192	4.63393	1.151569	0.729222	0.270778	3.566193
30534	-1240.341	-1451.336	210.9949	0.7375344	6.498942	1.247894	0.722763	0.277237	2.788433
30540	-1249.01	-1459.954	210.9435	0.7995806	4.696173	1.247894	0.747171	0.252829	3.06175
30546	-1247.856	-1459.254	211.3983	0.7777365	5.123354	2.275032	0.710328	0.289672	2.302482
30552	-1243.762	-1454.686	210.9248	0.7116385	5.123354	2.226139	0.716174	0.283826	2.656915
30558	-1244.495	-1455.826	211.3317	0.8180229	5.123354	0.9797237	0.741976	0.258024	2.893318
30564	-1244.865	-1455.248	210.3836	0.6660947	4.249978	1.985829	0.755699	0.244301	3.247903
30570	-1255.693	-1465.588	209.8949	0.5690859	4.06021	1.585163	0.760321	0.239679	3.775875
30576	-1258.195	-1469.206	211.0118	0.8089054	4.06021	1.551892	0.68921	0.31079	2.993117
30582	-1255.388	-1466.187	210.7992	0.769276	3.896448	1.551892	0.724675	0.275325	3.176724
30588	-1255.041	-1465.572	210.5313	0.7120098	3.112114	1.538949	0.721779	0.278221	3.546391
30594	-1256.175	-1465.399	209.2237	0.541057	5.817311	1.662942	0.71854	0.28146	3.858567
30600	-1251.617	-1461.38	209.7627	0.7196065	4.455077	1.667322	0.705996	0.294004	3.659512
30606	-1242.872	-1453.757	210.8855	0.7630132	5.980631	1.062965	0.759262	0.240738	3.012654
30612	-1251.405	-1461.859	210.4544	0.5242795	6.855281	2.053215	0.753878	0.246122	2.860445
30618	-1238.192	-1449.366	211.1746	0.5753984	7.395808	1.018024	0.763812	0.236188	2.788601
30624	-1240.144	-1451.172	211.028	0.6916992	5.680062	0.8000984	0.730629	0.269371	3.180488
30630	-1237.581	-1447.256	209.6755	0.5552489	5.680062	0.9728421	0.71375	0.28625	3.936953
30636	-1252.768	-1462.462	209.6935	0.6166618	3.799485	1.694582	0.619406	0.380594	3.872433
30642	-1241.206	-1451.835	210.6295	0.5362737	6.898743	1.156607	0.754891	0.245109	3.124329
30648	-1250.148	-1460.957	210.8094	0.6342996	6.898743	1.156607	0.755825	0.244175	2.958018
30654	-1243.521	-1454.505	210.9837	0.6727319	6.898743	1.156607	0.755825	0.244175	2.829439
30660	-1250.986	-1461.837	210.8511	0.8670671	6.898743	0.9824281	0.669707	0.330293	2.892515
30666	-1243.629	-1455.646	212.0176	0.9362787	4.843028	1.259883	0.713279	0.286721	2.283142
30672	-1241.443	-1451.646	210.2035	0.6674251	5.314582	1.738729	0.666514	0.333486	3.260653
30678	-1236.797	-1447.498	210.7007	0.6754475	5.088846	1.738729	0.76003	0.23997	2.99642
30684	-1242.26	-1453.233	210.9725	0.6396051	5.088846	0.9925445	0.728704	0.271296	3.212768
30690	-1253.403	-1463.064	209.6607	0.5955704	4.885783	1.149546	0.71697	0.28303	3.947555
30696	-1252.008	-1462.128	210.1197	0.5696764	4.885783	1.253537	0.701764	0.298236	3.645961
30702	-1242.658	-1453.23	210.5724	0.6423588	5.652138	1.253537	0.766672	0.233328	3.21772
30708	-1238.606	-1449.562	210.9566	0.7110193	6.256236	1.387107	0.793088	0.206912	2.792983
30714	-1244.956	-1455.527	210.5705	0.6777095	5.340656	1.460701	0.694924	0.305076	3.14825
30720	-1242.837	-1453.422	210.585	0.6920272	6.066118	1.303039	0.744537	0.255463	3.095766
30726	-1234.937	-1445.529	210.5917	0.5270367	6.066118	0.9317675	0.744537	0.255463	3.392407
30732	-1235.364	-1446.646	211.2817	0.9185834	5.535208	2.136231	0.72194	0.27806	2.265019
30738	-1243.409	-1454.678	211.2684	0.9166572	5.535208	2.16369	0.72194	0.27806	2.265019
30744	-1232.268	-1443.631	211.363	0.5522481	5.797264	1.904372	0.682042	0.317958	2.489087
30750	-1239.174	-1449.777	210.603	0.578256	6.62553	1.904372	0.669019	0.330981	2.821562
30756	-1235.161	-1445.648	210.4863	0.5451099	6.62553	1.47976	0.669019	0.330981	3.083265
30762	-1251.522	-1462.844	211.3217	0.6917797	5.376993	1.47976	0.778461	0.221539	2.671646
30768	-1243.21	-1454.931	211.7212	0.6741841	5.597988	1.448096	0.767044	0.232956	2.412909
30774	-1237.934	-1449.38	211.4462	0.9430592	5.716797	1.044584	0.781998	0.218002	2.61235
30780	-1244.726	-1456.043	211.3177	0.5803757	6.057942	1.420485	0.706827	0.293173	2.664803
30786	-1251.723	-1463.214	211.4913	0.6949755	7.353904	1.011124	0.624711	0.375289	2.529352
30792	-1245.092	-1456.436	211.3448	0.8214835	4.039877	2.764573	0.661565	0.338435	2.364608
30798	-1241.831	-1453.39	211.5588	0.8303017	3.520444	2.826055	0.645663	0.354337	2.321954
30804	-1235.367	-1446.453	211.0868	0.6463961	5.067111	2.093237	0.712438	0.287562	2.652128
30810	-1253.438	-1463.576	210.1381	0.6628665	3.422797	1.980446	0.763265	0.236735	3.564844
30816	-1244.212	-1453.75	209.5379	0.6644796	3.96473	1.980446	0.682872	0.317128	3.798444
30822	-1256.327	-1466.307	209.9803	0.4795501	3.387215	2.237616	0.62067	0.37933	3.686606
30828	-1261.561	-1471.686	210.1246	0.5692905	3.387215	2.396955	0.62067	0.37933	3.502341
30834	-1262.937	-1472.639	209.7017	0.5799847	3.637273	1.230243	0.734098	0.265902	4.121658
30840	-1248.007	-1458.561	210.5539	0.8032935	6.728861	0.9588249	0.695832	0.304168	3.145411
30846	-1239.931	-1451.276	211.3446	0.7784069	6.716679	1.474201	0.715448	0.284552	2.405319
30852	-1251.541	-1462.239	210.6989	0.6712969	8.314907	1.421208	0.710916	0.289084	2.698948
30858	-1248.312	-1459.638	211.3265	0.8309274	7.279707	1.421208	0.722522	0.277478	2.333055
30864	-1245.909	-1456.891	210.9817	0.5309271	7.279707	1.540027	0.727842	0.272158	2.680864
30870	-1239.321	-1450.804	211.4831	0.5481657	7.45635	1.540027	0.7776	0.2224	2.334338
30876	-1242.829	-1454.574	211.7449	0.8637301	6.802887	1.521181	0.632419	0.367581	2.057815
30882	-1256.276	-1467.843	211.5676	0.8992937	4.253332	2.145973	0.694165	0.305835	2.326031
30888	-1260.946	-1471.833	210.8871	0.8046666	5.558468	1.229191	0.75391	0.24609	2.959762
30894	-1248.731	-1460.142	211.4108	0.7331981	9.002299	1.317999	0.707469	0.292531	2.186158
30900	-1256.919	-1466.758	209.8394	0.6191952	3.886327	1.841542	0.71967	0.28033	3.714815
30906	-1236.13	-1446.853	210.7222	0.6103554	3.992249	1.539384	0.804314	0.195686	3.302193
30912	-1244.242	-1455.043	210.8004	0.7206626	6.00858	1.71211	0.723474	0.276526	2.775956
30918	-1244.14	-1454.681	210.5405	0.5887774	7.19985	1.71211	0.730261	0.269739	2.852365
30924	-1243.033	-1454.635	211.6021	0.7961545	6.187212	1.447043	0.754966	0.245034	2.320005
30930	-1247.326	-1458.567	211.2411	0.6177266	5.042284	1.12336	0.754966	0.245034	2.99859
30936	-1238.8	-1449.733	210.9333	0.6832907	5.981183	1.628921	0.647485	0.352515	2.75595
30942	-1237.134	-1446.886	209.7518	0.7960306	4.527847	1.670004	0.649006	0.350994	3.607528
30948	-1246.767	-1457.066	210.2985	0.7019402	5.154021	1.670004	0.649006	0.350994	3.236748
30954	-1252.25	-1463.216	210.9657	0.8772522	5.088863	0.8832323	0.628137	0.371863	3.143872
30960	-1249.336	-1460.027	210.6911	0.7353664	4.414261	2.608223	0.818979	0.181021	2.793958
30966	-1235.704	-1447.362	211.6581	0.8415906	4.500419	1.369497	0.675473	0.324527	2.577055
30972	-1252.168	-1462.61	210.4418	0.7650617	6.003043	1.488248	0.710948	0.289052	3.060779
30978	-1239.373	-1449.896	210.5234	0.8434179	5.194417	1.061288	0.676359	0.323641	3.300732
30984	-1258.444	-1469.06	210.6161	0.8757928	4.619688	1.255969	0.757572	0.242428	3.220599
30990	-1240.372	-1451.675	211.3035	0.7746222	6.330276	0.9320512	0.711725	0.288275	2.782471
30996	-1239.036	-1450.394	211.3582	0.7069627	8.094134	1.001048	0.834083	0.165917	2.520795
31002	-1227.21	-1438.189	210.9791	0.6989822	8.094134	0.9838092	0.772541	0.227459	2.770184
31008	-1228.573	-1440.108	211.5356	0.733638	6.735692	1.397091	0.776614	0.223386	2.347181
31014	-1245.322	-1457.103	211.7802	0.8585278	7.442941	1.646822	0.776614	0.223386	1.888575
31020	-1243.042	-1454.562	211.5197	0.7200703	4.32787	1.323341	0.735145	0.264855	2.792368
31026	-1241.116	-1452.669	211.5524	0.8286078	3.749309	2.215397	0.642685	0.357315	2.463549
31032	-1243.788	-1455.986	212.1977	0.7964338	3.623664	1.404788	0.737126	0.262874	2.433593
31038	-1252.028	-1462.904	210.8757	0.8985816	4.186237	2.451064	0.74371	0.25629	2.672245
31044	-1242.49	-1452.765	210.2745	0.8696168	4.239553	2.451064	0.652678	0.347322	3.043866
31050	-1240.923	-1451.764	210.8408	0.6816803	5.346669	1.734015	0.763498	0.236502	2.868011
31056	-1248.512	-1459.715	211.2023	0.7404485	5.346669	1.404514	0.777365	0.222635	2.754819
31062	-1246.495	-1456.697	210.2022	0.7631145	6.519661	1.404514	0.80078	0.19922	3.170651
31068	-1239.34	-1450.539	211.1995	0.8673521	6.81837	1.407314	0.792305	0.207695	2.458603
31074	-1239.04	-1450.8	211.7602	0.81162	7.240938	1.407314	0.793569	0.206431	2.077045
31080	-1247.358	-1458.478	211.1201	0.7482349	4.356294	1.23661	0.69836	0.30164	3.054427
31086	-1262.653	-1473.844	211.1905	0.6833006	4.128522	1.241885	0.69565	0.30435	3.092145
31092	-1229.822	-1440.914	211.0924	0.8093509	7.848437	1.118615	0.75415	0.24585	2.581481
31098	-1232.899	-1443.595	210.6965	0.8269173	7.848437	0.9874904	0.770064	0.229936	2.890251
31104	-1236.928	-1448.169	211.2406	0.9167656	6.569104	1.467004	0.770064	0.229936	2.407713
31110	-1240.015	-1450.245	210.2303	0.7052955	6.713909	1.041952	0.762061	0.237939	3.347389
31116	-1237.029	-1447.723	210.6934	0.7128043	5.619509	1.547913	0.722974	0.277026	2.972264
31122	-1227.234	-1438.027	210.7935	0.7145635	5.958869	1.547913	0.722974	0.277026	2.859892
31128	-1226.848	-1437.534	210.686	0.8862185	5.656562	1.514162	0.788722	0.211278	2.88119
31134	-1242.639	-1453.972	211.3331	0.7272167	5.535218	1.501296	0.705116	0.294884	2.607443
31140	-1232.487	-1443.234	210.7463	0.7302568	6.257219	1.531517	0.777101	0.222899	2.843147
31146	-1223.795	-1434.59	210.7951	0.721182	6.257219	1.531517	0.793445	0.206555	2.819004
31152	-1234.951	-1445.666	210.7156	0.7625053	7.671936	1.531517	0.76081	0.23919	2.657357
31158	-1235.949	-1447.2	211.2502	0.7319018	6.5903	1.290003	0.806733	0.193267	2.60095
31164	-1240.869	-1453.258	212.3885	1.013077	7.930644	0.7584287	0.80776	0.19224	1.846453
31170	-1238.951	-1449.562	210.6114	0.873772	6.08196	1.577253	0.713452	0.286548	2.84318
31176	-1230.708	-1441.928	211.2199	0.8824066	7.370782	1.442096	0.761809	0.238191	2.346132
31182	-1230.843	-1442.36	211.517	0.9308464	7.40979	1.442096	0.751104	0.248896	2.118329
31188	-1229.876	-1441.377	211.5006	0.8888717	7.40979	1.514355	0.776454	0.223546	2.121448
31194	-1231.351	-1442.379	211.0276	0.6173083	6.015684	1.509442	0.717917	0.282083	2.78529
31200	-1241.127	-1452.466	211.339	0.8455504	8.319762	1.290354	0.754087	0.245913	2.252916
31206	-1238.655	-1449.463	210.8078	0.9127726	5.809935	1.052526	0.755137	0.244863	3.000512
31212	-1246.618	-1456.875	210.2578	0.4651252	6.933414	1.139981	0.742787	0.257213	3.390393
31218	-1245.658	-1455.856	210.1982	0.4858519	6.713093	1.343308	0.728283	0.271717	3.339774
31224	-1233.095	-1443.362	210.2672	0.7669065	6.144502	1.410502	0.753948	0.246052	3.17846
31230	-1228.517	-1439.085	210.5682	0.6438309	5.771492	1.410502	0.741392	0.258608	3.126527
31236	-1231.128	-1441.655	210.5271	0.7118945	6.195806	1.27136	0.655447	0.344553	3.115695
31242	-1238.381	-1449.864	211.4831	0.7013927	9.672118	0.8165854	0.825179	0.174821	2.397754
31248	-1242.016	-1453.87	211.8547	0.9734417	8.461777	0.8165854	0.823929	0.176071	2.117451
31254	-1238.25	-1450.207	211.9568	0.822376	6.84513	1.469474	0.775444	0.224556	1.963559
31260	-1243.72	-1454.636	210.9157	0.6805087	6.84513	1.938569	0.783682	0.216318	2.523882
31266	-1232.764	-1444.484	211.7209	0.9092039	7.336697	1.027696	0.780852	0.219148	2.240395
31272	-1238.908	-1449.94	211.0324	0.7516152	6.13944	1.027696	0.828645	0.171355	2.928867
31278	-1248.457	-1460.402	211.9445	0.855508	6.640556	1.009028	0.827572	0.172428	2.238197
31284	-1238.966	-1449.329	210.363	0.8801927	5.938175	1.644114	0.757743	0.242257	2.982123
31290	-1258.471	-1469.422	210.9515	0.6226387	5.100575	1.720718	0.730405	0.269595	2.882328
31296	-1259.334	-1470.266	210.9322	0.6580623	5.100575	1.689462	0.730158	0.269842	2.885132
31302	-1254.287	-1465.208	210.9206	0.7311213	5.100575	1.689462	0.653581	0.346419	2.847933
31308	-1261.639	-1472.74	211.1015	0.8986942	6.501505	1.393178	0.769183	0.230817	2.550868
31314	-1252.838	-1464.424	211.5857	2.617349	6.866781	1.029112	0.749567	0.250433	0.1497332
31320	-1251.482	-1462.67	211.1881	0.6758224	7.271689	1.405369	0.792722	0.207278	2.526561
31326	-1257.996	-1468.758	210.7612	0.5872596	6.735622	1.405369	0.756927	0.243073	2.912241
31332	-1262.637	-1474.919	212.2815	2.431004	6.241641	0.9093039	0.786953	0.213047	0.2208548
31338	-1264.119	-1476.592	212.4728	2.338088	6.914472	0.78931	0.769142	0.230858	0.2764428
31344	-1249.584	-1460.98	211.3965	0.8422809	4.90715	1.494329	0.704583	0.295417	2.605458
31350	-1233.652	-1444.067	210.4148	0.7408576	5.360443	1.303034	0.72451	0.27549	3.273079
31356	-1236.341	-1447.685	211.3438	0.7375971	5.252819	1.303034	0.809359	0.190641	2.734682
31362	-1240.775	-1450.292	209.517	0.734862	4.236601	1.247198	0.711295	0.288705	4.013722
31368	-1243.011	-1452.062	209.0517	0.5382367	4.676369	1.828419	0.661646	0.338354	4.073271
31374	-1241.404	-1451.767	210.3622	0.760287	6.82777	1.046205	0.770068	0.229932	3.220073
31380	-1235.046	-1445.839	210.7931	0.9051029	6.82777	1.046205	0.721743	0.278257	2.875678
31386	-1239.995	-1450.748	210.7528	0.8031157	6.82777	1.931431	0.759445	0.240555	2.554027
31392	-1249.028	-1459.361	210.3323	0.619767	5.345876	1.454494	0.64062	0.35938	3.325315
31398	-1256.695	-1466.807	210.1121	0.6537543	5.345876	1.454494	0.639487	0.360513	3.434629
31404	-1240.787	-1451.666	210.8792	0.6686491	7.147615	1.134839	0.847803	0.152197	2.875204
31410	-1233.814	-1444.93	211.1161	0.7144434	6.250929	1.176813	0.673215	0.326785	2.800827
31416	-1238.542	-1448.609	210.067	0.6035761	6.250929	1.633783	0.705692	0.294308	3.282689
31422	-1231.323	-1441.422	210.0998	0.7812303	6.250929	1.870797	0.709049	0.290951	3.066175
31428	-1230.266	-1441.644	211.3783	0.8666256	5.185058	1.647821	0.66618	0.33382	2.485848
31434	-1241.421	-1453.746	212.3254	1.1726	4.535398	1.841672	0.735944	0.264056	1.699003
31440	-1240.44	-1450.489	210.0487	1.118187	4.535398	3.383795	0.729844	0.270156	2.727542
31446	-1235.9	-1446.428	210.5285	0.9488376	4.535398	2.877578	0.659894	0.340106	2.664729
31452	-1229.832	-1441.652	211.8204	0.9611713	3.567803	2.692211	0.688801	0.311199	2.096151
31458	-1227.063	-1438.536	211.4727	1.0686	3.567803	1.962705	0.718387	0.281613	2.494114
31464	-1242.694	-1453.68	210.9854	0.8038227	3.567803	1.962705	0.669967	0.330033	2.954917
31470	-1229.626	-1440.585	210.9587	0.8311605	4.435269	1.813511	0.713088	0.286912	2.832947
31476	-1226.947	-1437.798	210.8508	0.8163185	4.975814	1.441419	0.783678	0.216322	2.966169
31482	-1243.253	-1453.501	210.2483	0.786719	4.975814	1.441419	0.685031	0.314969	3.341817
31488	-1245.595	-1455.794	210.1995	0.7287113	4.643129	1.335724	0.735107	0.264893	3.509047
31494	-1242.408	-1452.371	209.9625	0.7438409	4.643129	1.21691	0.714108	0.285892	3.695217
31500	-1241.761	-1451.882	210.1212	0.6686106	4.820435	1.21691	0.754787	0.245213	3.616714
31506	-1228.632	-1438.739	210.1073	0.6984891	4.032876	1.417002	0.680375	0.319625	3.65499
31512	-1228.396	-1438.331	209.9349	0.8606622	4.032876	1.417002	0.689739	0.310261	3.660922
31518	-1228.019	-1438.679	210.6605	0.7248578	4.465358	1.352434	0.702698	0.297302	3.264626
31524	-1229.784	-1440.28	210.4958	0.7520176	5.058216	1.352434	0.760784	0.239216	3.243515
31530	-1244.393	-1456.616	212.2227	2.832507	3.852813	0.9298977	0.757779	0.242221	0.1370395
31536	-1243.466	-1455.418	211.9515	2.832507	4.701731	0.9298977	0.756824	0.243176	0.1370395
31542	-1234.552	-1445.421	210.8684	0.8389543	6.487079	0.9183264	0.738814	0.261186	2.993777
31548	-1240.824	-1452.548	211.7236	0.929002	5.976359	0.8421708	0.80105	0.19895	2.54077
31554	-1242.784	-1453.947	211.1623	0.7340661	5.976359	1.253812	0.80105	0.19895	2.759952
31560	-1240.796	-1451.746	210.9495	2.890465	4.945747	1.643085	0.742812	0.257188	0.09596866
31566	-1247.537	-1458.627	211.0905	2.890465	4.843213	1.643085	0.781313	0.218687	0.1104727
31572	-1261.431	-1472.239	210.8074	0.6268185	5.079718	1.137706	0.750354	0.249646	3.237506
31578	-1240.544	-1450.649	210.1048	0.5539052	5.525162	1.786189	0.718763	0.281237	3.334995
31584	-1236.675	-1447.055	210.3798	0.6976601	5.070374	1.786189	0.744552	0.255448	3.159464
31590	-1233.423	-1444.796	211.3731	2.782491	4.730382	1.502518	0.722872	0.277128	0.1166837
31596	-1241.106	-1452.562	211.4561	2.782491	4.756105	1.514045	0.705015	0.294985	0.1331391
31602	-1227.665	-1438.9	211.2351	0.8505275	4.441931	1.734805	0.703626	0.296374	2.682038
31608	-1230.541	-1441.243	210.7027	0.838876	4.930555	1.843217	0.705265	0.294735	2.883193
31614	-1235.412	-1447.271	211.8584	0.8109733	5.631136	1.543405	0.739369	0.260631	2.187594
31620	-1238.999	-1449.645	210.6459	2.978114	5.352585	1.704767	0.793675	0.206325	0.08884385
31626	-1239.051	-1449.721	210.6695	2.87339	5.73712	1.704767	0.670177	0.329823	0.09081277
31632	-1245.348	-1457.491	212.1427	0.9172073	4.507995	1.801595	0.809942	0.190058	2.021905
31638	-1244.313	-1456.254	211.9412	1.072363	5.085548	1.709491	0.781338	0.218662	1.980839
31644	-1235.604	-1447.268	211.664	0.9257969	4.867776	1.729795	0.721952	0.278048	2.289007
31650	-1246.176	-1456.909	210.7336	0.9200075	4.307143	2.140556	0.706478	0.293522	2.822307
31656	-1234.304	-1445.224	210.9203	0.5840834	6.254685	1.389797	0.706478	0.293522	2.891028
31662	-1242.924	-1453.587	210.6637	0.789515	4.88153	1.389797	0.65966	0.34034	3.133815
31668	-1226.178	-1436.598	210.4207	0.7024006	4.88153	1.837357	0.65966	0.34034	3.144666
31674	-1225.736	-1436.677	210.9405	0.747694	4.88153	1.837357	0.754076	0.245924	2.804917
31680	-1233.699	-1444.505	210.8051	0.7331075	5.917479	1.837357	0.680029	0.319971	2.729635
31686	-1244.576	-1455.673	211.0966	0.9741878	5.230954	1.837357	0.730173	0.269827	2.509386
31692	-1239.537	-1449.742	210.2046	0.7054004	5.349872	1.088587	0.698164	0.301836	3.528739
31698	-1229.166	-1439.937	210.7717	0.7868211	5.349872	1.882021	0.708683	0.291317	2.788468
31704	-1237.469	-1448.69	211.2209	0.8603841	5.251893	1.40616	0.736221	0.263779	2.684719
31710	-1243.314	-1455.068	211.7541	0.8455077	5.193676	1.773682	0.763381	0.236619	2.205817
31716	-1239.86	-1451.397	211.5368	0.8530576	6.014176	1.773682	0.763381	0.236619	2.205817
31722	-1247.137	-1458.332	211.1952	0.7623449	6.245362	1.285369	0.686891	0.313109	2.667111
31728	-1248.252	-1459.232	210.9801	0.876816	5.953486	1.771951	0.752554	0.247446	2.553328
31734	-1242.059	-1453.052	210.9935	0.8355158	6.65096	1.742474	0.767219	0.232781	2.481781
31740	-1251.382	-1462.302	210.9194	0.8989868	5.457923	1.127164	0.708075	0.291925	2.953514
31746	-1245.864	-1456.877	211.0129	0.892282	5.457923	1.564846	0.750922	0.249078	2.687139
31752	-1234.741	-1444.647	209.9061	0.722621	5.457923	1.583079	0.675296	0.324704	3.442844
31758	-1232.469	-1443.547	211.0781	0.6354315	5.457923	1.583079	0.684882	0.315118	2.796468
31764	-1240.337	-1451.956	211.6188	0.7315209	4.897204	1.531415	0.640489	0.359511	2.521162
31770	-1238.972	-1449.749	210.7769	2.895999	7.612036	0.9854913	0.795703	0.204297	0.08678147
31776	-1242.303	-1453.415	211.1116	2.895999	6.418887	0.9074484	0.728667	0.271333	0.08678147
31782	-1254.655	-1465.595	210.9399	2.895999	5.33761	1.439444	0.753832	0.246168	0.09100712
31788	-1238.2	-1448.964	210.7643	2.945357	5.366296	1.439444	0.797898	0.202102	0.07889288
31794	-1242.171	-1453.109	210.9387	3.077251	6.767029	0.7628532	0.79225	0.20775	0.07889288
31800	-1251.497	-1462.227	210.7305	3.108625	4.811671	1.389141	0.728102	0.271898	0.07327405
31806	-1238.759	-1449.26	210.5008	3.108625	5.405198	1.389141	0.589028	0.410972	0.06785515
31812	-1234.766	-1445.218	210.4524	3.108625	5.405198	1.389141	0.781503	0.218497	0.06417301
31818	-1237.299	-1447.447	210.148	3.108625	6.423506	1.389141	0.753411	0.246589	0.060248
31824	-1243.495	-1453.826	210.3307	3.108625	6.423506	1.29372	0.756406	0.243594	0.06806661
31830	-1248.663	-1459.859	211.1955	0.6569997	6.531071	1.474687	0.724916	0.275084	2.599918
31836	-1256.6	-1467.631	211.0311	0.591501	6.531071	1.359606	0.702382	0.297618	2.795252
31842	-1255.311	-1465.581	210.2693	3.142982	6.020316	1.300818	0.71925	0.28075	0.05961757
31848	-1249.033	-1459.155	210.122	3.142982	6.659067	1.300818	0.829466	0.170534	0.05961757
31854	-1247.337	-1457.421	210.0845	3.122241	6.659067	1.348947	0.831506	0.168494	0.05832804
31860	-1242.22	-1452.9	210.6796	0.7930353	6.087128	1.561162	0.768866	0.231134	2.85691
31866	-1241.557	-1452.646	211.0887	0.8373155	5.416916	1.712128	0.644556	0.355444	2.618712
31872	-1238.436	-1448.531	210.0952	0.801805	5.04005	1.712128	0.691994	0.308006	3.299746
31878	-1243.16	-1453.437	210.2772	0.6481559	4.722541	1.069102	0.722017	0.277983	3.632255
31884	-1244.197	-1454.567	210.37	0.7547112	4.722541	1.069102	0.722017	0.277983	3.516359
31890	-1247.068	-1457.889	210.8212	0.652278	4.229995	1.316594	0.726056	0.273944	3.273283
31896	-1241.149	-1452.612	211.463	0.8219662	4.204549	1.316594	0.732548	0.267452	2.792171
31902	-1251.735	-1462.549	210.8145	0.8085069	5.978371	1.398871	0.656126	0.343874	2.854647
31908	-1245.968	-1457.022	211.0541	0.8712693	5.978371	1.398871	0.652592	0.347408	2.670067
31914	-1247.622	-1458.558	210.9357	0.9467919	3.95796	1.685988	0.692179	0.307821	2.920741
31920	-1243.152	-1453.732	210.5801	0.8152579	7.804672	1.379148	0.670371	0.329629	2.762452
31926	-1244.361	-1454.989	210.6277	0.6432324	7.127817	1.379148	0.754598	0.245402	2.920641
31932	-1244.122	-1454.322	210.1991	0.8523662	7.167958	1.266	0.654187	0.345813	3.102101
31938	-1237.408	-1448.74	211.3321	0.8267364	6.355617	1.266	0.732597	0.267403	2.536638
31944	-1252.967	-1462.428	209.4606	3.571179	5.226641	1.400891	0.75208	0.24792	0.03426169
31950	-1242.98	-1452.519	209.539	3.638185	4.634308	1.359916	0.701636	0.298364	0.0323058
31956	-1244.5	-1453.992	209.4924	3.674056	4.158895	1.572457	0.67617	0.32383	0.0323058
31962	-1246.791	-1456.349	209.558	3.696183	4.467665	1.360782	0.764365	0.235635	0.03326145
31968	-1239.314	-1448.935	209.6215	3.653569	4.467665	1.334626	0.716043	0.283957	0.03326145
31974	-1244.548	-1455.788	211.2402	0.6939795	6.643117	1.424251	0.785063	0.214937	2.557329
31980	-1245.032	-1454.379	209.3474	3.58672	5.527243	1.372279	0.788714	0.211286	0.03280579
31986	-1244.921	-1454.007	209.0855	3.570853	7.01947	1.252807	0.754744	0.245256	0.03188021
31992	-1241.039	-1452.102	211.0634	0.6912573	7.207847	1.279454	0.745068	0.254932	2.664808
31998	-1251.105	-1462.057	210.952	0.969986	5.839442	1.078592	0.777312	0.222688	2.859747
32004	-1232.361	-1441.41	209.0491	3.570853	5.512625	1.763271	0.764003	0.235997	0.03144786
32010	-1243.089	-1453.711	210.6223	0.5684004	5.855143	1.659227	0.685054	0.314946	3.019636
32016	-1250.443	-1460.959	210.5166	0.5530794	6.330705	1.584648	0.667798	0.332202	3.05508
32022	-1239.263	-1450.215	210.9518	0.7770953	5.091947	1.402845	0.713945	0.286055	2.927209
32028	-1235.236	-1444.97	209.7344	0.6686976	4.3079	2.904312	0.696583	0.303417	3.345006
32034	-1211.684	-1421.589	209.9053	0.6733972	6.354812	1.781077	0.696583	0.303417	3.265014
32040	-1219.813	-1429.912	210.0984	0.7017696	6.846487	1.125935	0.687875	0.312125	3.363551
32046	-1224.928	-1435.478	210.5493	0.7962617	6.846487	1.495206	0.687875	0.312125	2.858415
32052	-1224.653	-1436.155	211.5028	0.7962617	6.634728	1.22872	0.747491	0.252509	2.429091
32058	-1236.045	-1448.636	212.5914	1.020691	6.239854	0.97764	0.771836	0.228164	1.778592
32064	-1230.175	-1441.841	211.6665	1.020691	5.177208	2.16265	0.703362	0.296638	1.999344
32070	-1231.328	-1442.955	211.6273	0.8795001	5.856987	1.703396	0.752228	0.247772	2.184662
32076	-1237.619	-1449.174	211.5554	0.8771942	4.875647	1.703396	0.696513	0.303487	2.398582
32082	-1226.186	-1437.526	211.34	0.7341232	6.361501	1.17996	0.79462	0.20538	2.63414
32088	-1240.886	-1452.015	211.129	0.6022545	6.361501	1.255534	0.79462	0.20538	2.804327
32094	-1234.648	-1445.632	210.9841	0.6611934	6.361501	1.255534	0.785751	0.214249	2.856529
32100	-1232.312	-1444.025	211.7127	0.8259979	6.361501	1.255534	0.822338	0.177662	2.301853
32106	-1234.754	-1446.26	211.5055	0.7809591	8.061396	1.139747	0.845461	0.154539	2.301853
32112	-1242.489	-1454.117	211.6281	0.7048657	8.061396	0.7617258	0.762259	0.237741	2.522241
32118	-1237.189	-1447.48	210.2916	0.7626816	8.061396	0.7617258	0.78899	0.21101	3.295253
32124	-1238.677	-1449.02	210.3425	0.7746195	5.501543	1.02422	0.756589	0.243411	3.420627
32130	-1239.784	-1450.085	210.3004	0.8846232	5.172201	1.02422	0.761624	0.238376	3.432129
32136	-1249.471	-1460.388	210.9168	0.7546373	5.172201	1.02422	0.759002	0.240998	3.145253
32142	-1237.11	-1447.924	210.8134	0.670724	5.67753	0.9401055	0.759002	0.240998	3.228322
32148	-1240.072	-1451.099	211.0278	0.8166975	6.284729	0.8479183	0.766353	0.233647	2.985713
32154	-1239.595	-1449.453	209.8585	0.6046068	6.061524	1.160059	0.672984	0.327016	3.646216
32160	-1240.294	-1450.351	210.0572	0.4812064	4.652932	1.160059	0.715774	0.284226	3.819212
32166	-1223.942	-1434.352	210.4103	0.6683288	4.652932	1.160059	0.715774	0.284226	3.506326
32172	-1229.019	-1438.293	209.2733	0.6041874	4.652932	1.58635	0.796342	0.203658	4.004958
32178	-1240.377	-1450.198	209.8208	0.6667984	4.662309	1.530085	0.708108	0.291892	3.675717
32184	-1224.227	-1433.923	209.6962	0.6232791	4.804591	1.455992	0.719915	0.280085	3.780182
32190	-1232.479	-1441.952	209.4734	0.5194476	5.78443	1.464555	0.758457	0.241543	3.813286
32196	-1242.551	-1452.39	209.839	0.6030742	5.78443	1.791789	0.5997	0.4003	3.421508
32202	-1246.409	-1457.602	211.1929	0.745382	5.78443	1.791789	0.5997	0.4003	2.520588
32208	-1244.463	-1454.688	210.2249	0.657639	5.541265	1.730861	0.732195	0.267805	3.221724
32214	-1250.282	-1461.231	210.9489	0.8782152	4.175938	1.334138	0.715402	0.284598	3.065284
32220	-1247.193	-1459.545	212.352	1.137472	6.408753	1.204505	0.783342	0.216658	1.687717
32226	-1252.843	-1464.29	211.4462	1.004634	7.77563	0.7450365	0.735648	0.264352	2.495691
32232	-1236.649	-1447.48	210.8307	0.6882042	7.77563	0.8822425	0.810303	0.189697	2.968256
32238	-1238.877	-1449.624	210.7468	0.7287789	6.628055	0.8822425	0.781251	0.218749	3.136732
32244	-1238.526	-1449.94	211.4134	0.7944132	6.782781	0.7329169	0.79619	0.20381	2.781094
32250	-1235.336	-1446.015	210.6797	0.5846237	6.219152	1.121119	0.804916	0.195084	3.175462
32256	-1242.122	-1453.36	211.238	0.793351	5.587534	1.133545	0.731394	0.268606	2.800785
32262	-1243.342	-1453.349	210.0071	0.6309841	8.725967	0.6601738	0.784208	0.215792	3.54451
32268	-1238.72	-1448.566	209.8465	0.8616835	6.63451	0.7519375	0.747058	0.252942	3.674652
32274	-1237.62	-1449.191	211.5714	0.7593092	7.560615	1.027932	0.782869	0.217131	2.402263
32280	-1224.885	-1435.759	210.8745	0.4433629	8.260639	1.027932	0.782869	0.217131	2.943046
32286	-1243.652	-1454.097	210.4452	0.6851641	8.260639	1.32939	0.679933	0.320067	2.894973
32292	-1231.878	-1443.498	211.62	0.8741319	7.151477	1.32939	0.819386	0.180614	2.180084
32298	-1235.401	-1446.529	211.1287	0.6194694	7.159248	1.695599	0.713446	0.286554	2.48337
32304	-1233.663	-1444.755	211.0923	0.7513582	5.426476	1.774991	0.644858	0.355142	2.64265
32310	-1224.762	-1436.131	211.3696	0.612112	7.134799	1.522453	0.770456	0.229544	2.41558
32316	-1235.879	-1446.94	211.0611	0.7882077	7.297901	1.522453	0.767911	0.232089	2.477577
32322	-1241.02	-1451.66	210.6394	0.6123733	7.559256	1.43481	0.756372	0.243628	2.852978
32328	-1236.12	-1447.136	211.0161	0.7195433	7.624083	1.976077	0.756372	0.243628	2.320454
32334	-1237.379	-1448.921	211.5421	0.6547583	7.347957	1.188053	0.752321	0.247679	2.420108
32340	-1252.268	-1463.234	210.9659	0.8541706	5.030996	1.932876	0.623898	0.376102	2.662495
32346	-1248.995	-1460.182	211.187	1.020194	4.803727	1.439695	0.779459	0.220541	2.668458
32352	-1243.747	-1455.211	211.4647	0.8483747	4.803727	1.222311	0.735386	0.264614	2.711111
32358	-1239.851	-1451.526	211.6753	1.019093	5.371893	1.141132	0.738885	0.261115	2.421051
32364	-1236.532	-1448.192	211.6594	0.9961065	5.371893	1.062272	0.754763	0.245237	2.491461
32370	-1243.039	-1454.839	211.7993	0.9961065	5.997238	1.737033	0.736853	0.263147	1.957179
32376	-1241.725	-1453.471	211.7451	0.9949271	5.997238	1.877604	0.771502	0.228498	1.934347
32382	-1243.562	-1454.808	211.2463	0.8858992	4.975016	1.877604	0.696937	0.303063	2.499525
32388	-1243.131	-1454.257	211.1263	0.729751	4.975016	1.630058	0.696937	0.303063	2.769415
32394	-1232.696	-1444.315	211.6189	0.7419796	5.738369	1.606035	0.72045	0.27955	2.339801
32400	-1251.485	-1462.608	211.1227	0.4921478	5.310525	1.606035	0.791215	0.208785	2.870281
32406	-1264.874	-1475.948	211.0744	0.4313281	4.866648	1.606035	0.664378	0.335622	3.009977
32412	-1236.689	-1447.418	210.7298	0.6888293	5.002336	1.34243	0.709463	0.290537	3.156242
32418	-1233.011	-1443.707	210.6965	0.5717608	5.112832	1.34243	0.703768	0.296232	3.227215
32424	-1239.65	-1450.511	210.8604	0.581526	6.085455	1.666837	0.640561	0.359439	2.831295
32430	-1237.098	-1448.753	211.6542	0.7958215	6.085455	1.207285	0.716456	0.283544	2.425267
32436	-1240.687	-1452.101	211.4144	0.8495197	6.323316	1.923126	0.790234	0.209766	2.179722
32442	-1247.798	-1458.058	210.2599	0.6428639	5.217436	1.52269	0.682132	0.317868	3.344929
32448	-1247.273	-1457.674	210.4003	0.7620737	4.219856	1.584588	0.746861	0.253139	3.339311
32454	-1235.394	-1447.549	212.1547	0.9783979	5.647212	1.107589	0.789833	0.210167	2.113442
32460	-1243.016	-1455.523	212.5067	1.22149	5.647212	1.107589	0.794266	0.205734	1.710007
32466	-1245.57	-1457.213	211.6428	0.9753635	5.647212	1.963967	0.699106	0.300894	2.038707
32472	-1237.631	-1448.438	210.8071	0.7625859	4.924121	1.43231	0.710582	0.289418	3.037568
32478	-1236.42	-1445.879	209.4594	0.5842907	5.706282	1.43231	0.683079	0.316921	3.809287
32484	-1229.148	-1439.469	210.321	0.5929964	5.706282	1.582647	0.746407	0.253593	3.237843
32490	-1238.431	-1449.034	210.603	0.74803	5.706282	1.194944	0.70948	0.29052	3.158672
32496	-1253.417	-1463.673	210.2561	0.8433337	5.359189	1.194944	0.71289	0.28711	3.360169
32502	-1241.616	-1452.642	211.0266	0.9790708	3.868304	1.662216	0.693244	0.306756	2.874602
32508	-1238.05	-1449.158	211.108	0.8976231	3.868304	1.662216	0.673951	0.326049	2.874602
32514	-1252.407	-1464.279	211.8726	0.9685304	5.504777	1.771087	0.785602	0.214398	1.994212
32520	-1252.799	-1463.787	210.9882	0.7423149	4.967979	1.440496	0.814119	0.185881	2.92974
32526	-1252.41	-1463.16	210.7503	0.8555672	5.426602	1.440496	0.763714	0.236286	2.92974
32532	-1246.785	-1456.848	210.0628	0.7074437	5.008802	1.859619	0.739053	0.260947	3.323833
32538	-1248.351	-1459.499	211.1483	0.6953444	4.928706	1.859619	0.707484	0.292516	2.693206
32544	-1254.961	-1467.811	212.8493	1.45342	3.685102	2.136874	0.693319	0.306681	1.158518
32550	-1238.333	-1451.095	212.7616	1.041013	4.385522	0.9955875	0.770589	0.229411	1.976236
32556	-1230.879	-1442.396	211.5167	0.953362	3.956933	1.961314	0.693821	0.306179	2.452918
32562	-1240.212	-1452.748	212.5356	1.168704	4.675018	1.634067	0.67635	0.32365	1.618779
32568	-1242.957	-1455.107	212.1493	1.020047	3.92977	1.838527	0.752545	0.247455	2.057514
32574	-1243.186	-1455.417	212.231	1.079849	5.407907	1.647357	0.798375	0.201625	1.746825
32580	-1238.374	-1450.49	212.1158	1.11674	5.736672	1.647357	0.738983	0.261017	1.742553
32586	-1233.357	-1445.521	212.1641	0.9501434	5.736672	1.614401	0.745409	0.254591	1.840321
32592	-1238.36	-1449.385	211.0247	0.5974475	6.369707	1.870019	0.649891	0.350109	2.599562
32598	-1238.099	-1449.947	211.8488	0.7319114	8.598907	1.101085	0.794508	0.205492	2.070009
32604	-1243.735	-1455.007	211.2721	0.8540511	8.6149	1.076085	0.803844	0.196156	2.376656
32610	-1240.91	-1452.166	211.256	0.8981689	5.151877	2.288706	0.735945	0.264055	2.30687
32616	-1240.382	-1451.26	210.8782	0.8596317	5.151877	2.236742	0.839578	0.160422	2.585953
32622	-1235.487	-1447.201	211.7137	0.8633237	6.857624	1.42422	0.748853	0.251147	2.118258
32628	-1231.682	-1443.581	211.8994	0.8675275	6.857624	1.42422	0.779137	0.220863	1.992812
32634	-1240.449	-1451.608	211.1592	0.6722821	6.737595	1.745758	0.749286	0.250714	2.466893
32640	-1236.214	-1447.869	211.6552	0.9836985	7.717761	1.354654	0.810353	0.189647	1.996382
32646	-1237.368	-1449.003	211.6354	0.9836985	7.717761	1.511849	0.75831	0.24169	1.929454
32652	-1245.143	-1457.178	212.0354	1.118137	7.717761	1.190889	0.792863	0.207137	1.738099
32658	-1252.696	-1464.325	211.6292	0.7109726	10.73788	1.190889	0.800442	0.199558	1.944613
32664	-1249.091	-1459.981	210.8892	0.7390675	9.740916	1.27608	0.810326	0.189674	2.458483
32670	-1259.265	-1470.005	210.7404	0.7380705	7.284563	1.421983	0.674668	0.325332	2.754815
32676	-1258.78	-1469.867	211.0877	0.8131419	4.69541	1.671572	0.681926	0.318074	2.774059
32682	-1257.119	-1466.418	209.2989	0.70804	3.626189	1.70421	0.564885	0.435115	4.07762
32688	-1253.662	-1463.08	209.4185	0.4768217	3.626189	1.70421	0.692489	0.307511	4.141181
32694	-1248.171	-1459.008	210.8371	0.697949	4.228271	1.401491	0.692489	0.307511	3.197408
32700	-1251.807	-1462.384	210.5772	0.5780307	4.352064	1.66235	0.692489	0.307511	3.287111
32706	-1228.787	-1438.852	210.0652	0.5189783	4.352064	1.66235	0.741332	0.258668	3.620996
32712	-1238.348	-1448.367	210.0189	0.638436	4.352064	1.66235	0.702888	0.297112	3.578507
32718	-1233.419	-1443.908	210.4888	0.4842438	5.077231	1.156092	0.716032	0.283968	3.498958
32724	-1236.645	-1446.988	210.3425	0.6373719	5.077231	1.268426	0.703994	0.296006	3.438228
32730	-1244.145	-1454.95	210.8053	0.8407631	6.729539	1.096174	0.724762	0.275238	2.89144
32736	-1239.115	-1449.367	210.2518	0.6177685	6.303759	1.096174	0.679315	0.320685	3.410205
32742	-1251.14	-1461.326	210.186	0.413102	6.375549	1.513301	0.599677	0.400323	3.358025
32748	-1237.714	-1448.187	210.4727	0.5071338	4.798023	1.513301	0.670736	0.329264	3.372752
32754	-1229.554	-1440.326	210.7716	0.6719576	5.487212	1.513301	0.696592	0.303408	2.985335
32760	-1231.473	-1441.895	210.4211	0.707142	6.258226	1.626342	0.73647	0.26353	3.0127
32766	-1229.582	-1440.412	210.8294	0.6744574	5.627787	1.626342	0.715883	0.284117	2.878893
32772	-1241.395	-1452.747	211.3518	0.7435234	6.814004	1.498224	0.763347	0.236653	2.398173
32778	-1234.772	-1446.148	211.3768	0.9541849	7.295861	0.8670965	0.731702	0.268298	2.540738
32784	-1257.12	-1466.376	209.2563	0.668297	4.479841	1.382785	0.644209	0.355791	4.093978
32790	-1244.051	-1453.067	209.016	0.5936084	5.021367	1.83946	0.625469	0.374531	4.001444
32796	-1254.062	-1464.456	210.3942	0.539182	4.933533	1.883323	0.688932	0.311068	3.231437
32802	-1241.326	-1452.391	211.0641	0.888827	5.643589	1.252382	0.752706	0.247294	2.776478
32808	-1250.014	-1461.26	211.2468	0.9116168	5.529172	1.328337	0.798384	0.201616	2.629946
32814	-1253.858	-1464.415	210.5563	0.7991079	5.529172	1.328337	0.76112	0.23888	3.116296
32820	-1249.33	-1460.16	210.8303	0.710016	5.529172	1.117675	0.652745	0.347255	3.114105
32826	-1250.79	-1461.511	210.7214	0.5552522	3.92398	1.340305	0.63701	0.36299	3.437314
32832	-1242.902	-1452.801	209.8991	0.5672621	5.453178	1.340305	0.700487	0.299513	3.644106
32838	-1242.877	-1452.529	209.6523	0.5867785	4.891338	1.885246	0.700487	0.299513	3.644106
32844	-1247.738	-1458.034	210.296	0.5691643	4.891338	1.698664	0.700487	0.299513	3.348416
32850	-1251.473	-1462.432	210.9586	0.8898984	7.466049	1.782088	0.77532	0.22468	2.344804
32856	-1242.186	-1453.675	211.4885	0.9429796	5.672107	1.680129	0.744294	0.255706	2.273005
32862	-1241.298	-1453.321	212.0226	0.9349113	7.5079	1.691075	0.774464	0.225536	1.635871
32868	-1246.833	-1458.722	211.8887	1.066682	8.348659	0.9852731	0.735555	0.264445	1.925229
32874	-1235.974	-1447.352	211.378	0.8306764	7.191573	1.415426	0.726338	0.273662	2.314832
32880	-1242.356	-1452.73	210.3743	0.7194112	5.233547	1.202761	0.689947	0.310053	3.37926
32886	-1250.204	-1460.702	210.4976	0.6932293	4.198637	1.534031	0.704396	0.295604	3.347784
32892	-1245.495	-1456.74	211.2445	0.7255834	4.198637	1.666471	0.728874	0.271126	2.82741
32898	-1251.588	-1462.84	211.2518	0.7550326	5.601056	1.80959	0.750078	0.249922	2.499545
32904	-1235.79	-1446.955	211.1656	0.8289094	7.904153	1.520457	0.705429	0.294571	2.310673
32910	-1235.023	-1446.217	211.1937	0.8190294	7.904153	1.142697	0.794825	0.205175	2.49201
32916	-1246.972	-1458.201	211.2291	0.7123104	10.26927	1.29302	0.80786	0.19214	2.197078
32922	-1247.097	-1458.332	211.2348	0.9536879	3.630903	2.438111	0.678259	0.321741	2.538002
32928	-1251.435	-1463.292	211.8578	0.9899652	4.640566	2.188967	0.704429	0.295571	1.984572
32934	-1245.517	-1455.35	209.8331	0.4868939	7.41036	1.29302	0.672067	0.327933	3.490741
32940	-1259.244	-1469.813	210.5688	0.4590636	7.41036	1.29302	0.713037	0.286963	3.073119
32946	-1265.944	-1476.8	210.8554	0.6422177	5.566747	1.232489	0.742705	0.257295	3.073119
32952	-1241.571	-1452.323	210.7521	0.6718553	5.660064	1.730344	0.732029	0.267971	2.879905
32958	-1243.081	-1453.96	210.8789	0.8573251	4.26875	1.32599	0.758158	0.241842	3.105612
32964	-1255.471	-1466.446	210.9746	0.8417296	4.26875	1.924381	0.659281	0.340719	2.80698
32970	-1258.351	-1468.632	210.2815	0.7632722	4.157039	1.924381	0.774586	0.225414	3.290218
32976	-1252.425	-1464.182	211.7571	0.9804681	4.250078	1.651633	0.777619	0.222381	2.34743
32982	-1251.647	-1463.449	211.8019	0.932994	5.528274	0.6860971	0.775595	0.224405	2.677233
32988	-1247.295	-1459.461	212.166	1.143825	4.752815	1.090777	0.748216	0.251784	2.167154
32994	-1234.782	-1445.811	211.0294	0.9057519	5.956486	1.063854	0.691338	0.308662	2.842839
33000	-1242.414	-1452.608	210.1941	0.6124643	5.956486	1.063854	0.736071	0.263929	3.512946
33006	-1242.325	-1453.859	211.5341	0.9142975	7.148178	1.063854	0.779762	0.220238	2.359024
33012	-1255.709	-1466.013	210.3039	0.5495758	5.829945	0.9330941	0.714539	0.285461	3.58
33018	-1242.389	-1453.663	211.2733	0.8443801	6.086954	0.9330941	0.776243	0.223757	2.792444
33024	-1239.947	-1451.289	211.3416	0.8097979	6.086954	1.334188	0.745149	0.254851	2.545626
33030	-1230.403	-1440.539	210.1362	0.7653457	6.08463	1.556064	0.774926	0.225074	3.201517
33036	-1232.113	-1442.65	210.5369	0.8177074	4.346016	1.556064	0.74776	0.25224	3.214115
33042	-1238.515	-1449.229	210.7138	0.8686725	6.18052	1.854376	0.645671	0.354329	2.657238
33048	-1232.885	-1444.109	211.2232	0.6524356	6.421312	1.362761	0.734554	0.265446	2.653997
33054	-1227.804	-1439.25	211.4453	0.9725662	6.421312	1.362761	0.734554	0.265446	2.314444
33060	-1248.104	-1458.707	210.6035	0.6425191	4.454365	1.608393	0.71214	0.28786	3.23656
33066	-1246.984	-1457.715	210.731	0.7523543	5.506969	1.773669	0.71214	0.28786	2.850575
33072	-1251.68	-1462.535	210.8554	0.7996081	6.005982	1.322491	0.607977	0.392023	2.867882
33078	-1241.834	-1452.969	211.1352	0.7227657	6.005982	1.607647	0.71634	0.28366	2.612993
33084	-1252.254	-1463.293	211.0396	0.6787797	6.935376	1.507704	0.654053	0.345947	2.612993
33090	-1251.035	-1461.844	210.8086	0.7730882	6.096159	1.767526	0.731783	0.268217	2.703866
33096	-1249.48	-1460.656	211.1755	0.7204976	4.617581	1.893717	0.701485	0.298515	2.703866
33102	-1249.703	-1461.133	211.4299	0.7713277	5.917553	1.59984	0.745129	0.254871	2.415516
33108	-1246.853	-1458.135	211.2823	0.8393006	6.174963	1.919593	0.763734	0.236266	2.29501
33114	-1244.871	-1455.846	210.9751	1.063515	6.281505	1.463855	0.747985	0.252015	2.524758
33120	-1242.878	-1454.149	211.2715	0.6935181	6.664197	1.171353	0.728851	0.271149	2.663995
33126	-1249.693	-1460.749	211.0553	0.7365189	8.447832	1.171353	0.834885	0.165115	2.550501
33132	-1241.37	-1452.351	210.9808	0.6719691	4.20721	1.655805	0.709344	0.290656	3.021481
33138	-1245.094	-1455.289	210.1948	0.586951	5.178006	1.451601	0.719614	0.280386	3.452983
33144	-1251.167	-1461.461	210.2939	0.6433095	5.613541	1.7881	0.723778	0.276222	3.156288
33150	-1242.308	-1453.8	211.4922	0.7278661	6.908841	1.09712	0.759033	0.240967	2.514762
33156	-1243.403	-1454.952	211.5486	0.9001004	4.705189	1.590366	0.788338	0.211662	2.468195
33162	-1247.487	-1458.052	210.5642	0.6860718	4.872156	2.074159	0.704464	0.295536	2.985712
33168	-1253.55	-1464.11	210.5598	0.6164216	5.273605	2.074159	0.745068	0.254932	2.963304
33174	-1253.36	-1463.802	210.4422	0.7626478	3.954983	2.124557	0.6883	0.3117	3.166423
33180	-1242.34	-1452.833	210.493	0.8383509	4.280859	2.124557	0.701894	0.298106	3.027097
33186	-1233.608	-1443.823	210.2145	0.7072647	4.400305	2.102472	0.698611	0.301389	3.255669
33192	-1240.267	-1451.675	211.4078	0.7166547	4.400305	1.598825	0.782489	0.217511	2.722589
33198	-1249.624	-1460.05	210.426	0.6877987	7.225794	1.360797	0.756092	0.243908	3.011567
33204	-1231.199	-1442.536	211.3372	0.8064444	4.354646	1.35589	0.699695	0.300305	2.82981
33210	-1240.155	-1450.599	210.4439	0.6247265	5.660645	1.330494	0.762687	0.237313	3.265366
33216	-1233.092	-1444.014	210.9215	0.6921595	5.028814	1.330494	0.762687	0.237313	3.041258
33222	-1259.062	-1470.48	211.418	0.8022026	5.047473	1.343776	0.789914	0.210086	2.663824
33228	-1256.481	-1467.418	210.9371	0.8224646	4.407544	1.791629	0.712616	0.287384	2.864968
33234	-1237.453	-1448.304	210.851	0.7005983	5.622322	1.414347	0.720418	0.279582	2.943965
33240	-1231.152	-1441.26	210.1079	0.4605961	3.760251	1.879362	0.702719	0.297281	3.663142
33246	-1232.714	-1443.793	211.0793	0.7043193	3.69511	1.879362	0.656755	0.343245	2.960785
33252	-1234.695	-1445.74	211.0451	0.7399468	4.71407	1.879362	0.736188	0.263812	2.759633
33258	-1248.808	-1458.648	209.8404	0.6743557	4.240004	1.937773	0.633424	0.366576	3.579956
33264	-1244.07	-1454.786	210.7158	0.7736865	4.819122	1.41432	0.75568	0.24432	3.111576
33270	-1239.204	-1449.732	210.5284	0.6150977	5.79508	1.245959	0.697674	0.302326	3.242487
33276	-1239.206	-1450.491	211.2843	0.66234	6.394256	1.245959	0.729782	0.270218	2.672887
33282	-1238.52	-1449.415	210.8949	0.5377934	6.996322	1.247694	0.776698	0.223302	2.904273
33288	-1247.638	-1458.277	210.639	0.7338757	6.381331	1.91937	0.727608	0.272392	2.732778
33294	-1232.368	-1443.655	211.2871	0.7057982	5.087337	1.183912	0.719618	0.280382	2.877501
33300	-1234.609	-1445.601	210.9929	0.7524136	5.087337	1.183912	0.738642	0.261358	3.026583
33306	-1223.982	-1434.934	210.9524	0.7067697	5.95738	1.183912	0.781882	0.218118	2.943057
33312	-1252.196	-1463.844	211.6482	0.8245207	4.536674	1.714411	0.695231	0.304769	2.431713
33318	-1252.184	-1463.325	211.1413	0.8687945	6.285489	1.714411	0.694384	0.305616	2.431713
33324	-1229.491	-1440.299	210.8079	0.6850608	7.064966	1.568717	0.766033	0.233967	2.707754
33330	-1231.641	-1442.903	211.2621	0.7241336	7.758889	1.591142	0.766033	0.233967	2.301709
33336	-1225.928	-1436.723	210.7953	0.8452101	7.758889	1.591142	0.75683	0.24317	2.519846
33342	-1223.495	-1434.996	211.5014	0.82559	6.406175	1.045279	0.758278	0.241722	2.548205
33348	-1233.842	-1445.986	212.144	0.931463	10.02518	1.215767	0.822253	0.177747	1.48608
33354	-1243.471	-1455.693	212.2218	0.931463	10.02518	1.206373	0.836994	0.163006	1.433105
33360	-1243.314	-1455.259	211.9443	0.8776016	5.569831	0.9681754	0.742888	0.257112	2.41305
33366	-1245.213	-1456.788	211.5746	0.6326997	9.681681	0.9941618	0.835201	0.164799	2.260252
33372	-1244.149	-1455.664	211.5157	0.7071601	7.332079	1.421769	0.756509	0.243491	2.284173
33378	-1239.774	-1450.736	210.9619	0.6398069	7.604632	1.673611	0.743961	0.256039	2.527571
33384	-1242.7	-1454.074	211.3736	0.6759251	6.818583	1.673611	0.785002	0.214998	2.348336
33390	-1253.51	-1465.077	211.5667	0.944324	7.580861	0.9303738	0.770362	0.229638	2.348336
33396	-1241.83	-1453.41	211.5797	0.7333515	7.580861	0.888339	0.808082	0.191918	2.501432
33402	-1237.211	-1448.206	210.9948	0.6556301	7.260902	1.169469	0.786484	0.213516	2.77972
33408	-1241.835	-1452.995	211.1596	0.6827749	8.560836	1.510425	0.725598	0.274402	2.33466
33414	-1231.992	-1444.059	212.0672	0.8891595	6.65693	1.510425	0.699118	0.300882	1.850877
33420	-1245.025	-1456.208	211.1829	0.736753	6.65693	1.249697	0.777334	0.222666	2.651185
33426	-1242.478	-1453.625	211.147	0.749802	7.645907	1.434751	0.700046	0.299954	2.444723
33432	-1245.362	-1456.66	211.2978	0.8465402	8.063848	1.162708	0.76243	0.23757	2.378797
33438	-1248.069	-1459.167	211.0984	0.7542053	6.596607	1.1174	0.705441	0.294559	2.771968
33444	-1259.006	-1471.251	212.2444	1.019575	8.977019	1.031637	0.826804	0.173196	1.599238
33450	-1236.526	-1446.939	210.4138	0.7270057	5.156608	1.61395	0.690137	0.309863	3.175916
33456	-1249.458	-1460.603	211.1443	0.6846182	6.061427	1.469992	0.702933	0.297067	2.683838
33462	-1243.629	-1454.892	211.2629	0.7422512	5.329478	1.006071	0.769221	0.230779	2.930886
33468	-1247.982	-1458.525	210.5434	0.7103503	7.455016	2.068693	0.785985	0.214015	2.610125
33474	-1256.573	-1468.504	211.9311	0.8606919	5.39389	2.126885	0.725008	0.274992	1.903343
33480	-1253.397	-1463.794	210.3965	0.855519	5.333655	2.126817	0.725008	0.274992	2.890025
33486	-1248.406	-1459.488	211.0812	0.8138013	6.388362	2.126817	0.752717	0.247283	2.331068
33492	-1244.887	-1455.805	210.9184	0.7413596	6.388362	1.470773	0.638581	0.361419	2.740253
33498	-1246.107	-1456.705	210.5979	0.7928592	6.223569	1.753786	0.731157	0.268843	2.807524
33504	-1245.306	-1456.196	210.8895	0.7970041	6.223569	1.342645	0.692037	0.307963	2.807524
33510	-1238.605	-1449.661	211.0553	0.7259107	6.223569	1.342645	0.711128	0.288872	2.74981
33516	-1253.992	-1464.745	210.7527	0.7371022	5.766861	1.249582	0.763964	0.236036	3.038885
33522	-1239.617	-1449.687	210.0702	0.756221	4.196005	1.943587	0.657248	0.342752	3.404292
33528	-1237.747	-1447.944	210.197	0.6530099	3.278464	1.943587	0.752681	0.247319	3.581727
33534	-1240.229	-1449.392	209.1633	0.6415513	3.41211	2.836524	0.717903	0.282097	3.890242
33540	-1244.586	-1454.864	210.2775	0.8003254	6.817761	0.958509	0.762824	0.237176	3.299486
33546	-1249.92	-1461.508	211.5879	0.7947277	6.636119	0.958509	0.771033	0.228967	2.535261
33552	-1248.953	-1460.527	211.5744	0.8502473	6.686985	1.457042	0.667842	0.332158	2.225318
33558	-1242.337	-1453.056	210.7184	0.8502473	6.686985	1.149844	0.690846	0.309154	2.914195
33564	-1249.401	-1460.193	210.7924	0.8864614	6.634053	1.149844	0.715407	0.284593	2.85458
33570	-1239.39	-1450.656	211.2664	0.9153971	5.865657	1.555884	0.823287	0.176713	2.455319
33576	-1234.568	-1445.985	211.4168	0.8060048	5.854407	1.314961	0.659565	0.340435	2.545923
33582	-1246.239	-1457.744	211.5049	0.8473041	7.644973	1.617994	0.77945	0.22055	2.06666
33588	-1244.032	-1455.632	211.5997	0.9593849	7.781603	1.520276	0.801152	0.198848	1.957328
33594	-1247.574	-1459.093	211.5189	0.912376	7.781603	1.264882	0.793336	0.206664	2.172934
33600	-1239.252	-1450.551	211.2993	0.7755979	10.32492	1.195367	0.737341	0.262659	2.158615
33606	-1232.896	-1443.493	210.5971	0.7572544	8.79715	1.195367	0.737341	0.262659	2.768491
33612	-1234.433	-1445.344	210.9117	0.7451018	8.274911	0.9932214	0.765043	0.234957	2.756805
33618	-1233.814	-1445.717	211.9031	0.8779816	7.900305	0.9932214	0.740521	0.259479	2.091921
33624	-1228.941	-1439.65	210.7089	0.8022335	6.050207	1.3135	0.736071	0.263929	2.952685
33630	-1241.815	-1452.609	210.7941	0.6545063	5.981921	1.3135	0.739375	0.260625	3.000154
33636	-1245.377	-1455.847	210.4703	0.6545063	5.231675	1.448386	0.755481	0.244519	3.244188
33642	-1245.877	-1457.127	211.2498	0.8068639	5.231675	1.048007	0.681198	0.318802	2.890818
33648	-1238.371	-1449.385	211.0145	0.755383	4.642308	1.299259	0.78172	0.21828	3.029664
33654	-1241.551	-1451.993	210.4423	0.7340763	4.592184	1.582657	0.753774	0.246226	3.26354
33660	-1237.86	-1448.491	210.6306	0.7109336	5.430491	1.582657	0.806841	0.193159	3.025576
33666	-1237.812	-1448.641	210.8287	0.6960956	5.901692	1.195888	0.770247	0.229753	3.025576
33672	-1255.008	-1466.041	211.0327	0.817121	4.750653	1.435538	0.714962	0.285038	2.89766
33678	-1251.509	-1462.782	211.2735	0.8569439	4.169989	1.819373	0.714962	0.285038	2.674025
33684	-1231.952	-1443.371	211.419	0.9155518	5.828425	1.819373	0.768056	0.231944	2.251895
33690	-1237.746	-1448.807	211.0603	0.8496717	6.16566	1.819373	0.768056	0.231944	2.469588
33696	-1232.963	-1445.643	212.6795	1.209073	6.275416	0.8537211	0.768056	0.231944	1.671366
33702	-1239.126	-1451.424	212.2986	1.185902	6.834678	1.191087	0.688802	0.311198	1.631847
33708	-1238.564	-1450.611	212.0476	1.240603	6.08185	1.191087	0.700589	0.299411	1.888579
33714	-1245.599	-1457.339	211.7401	1.091323	6.08185	1.64542	0.707795	0.292205	1.960543
33720	-1248.215	-1459.975	211.7602	0.9858583	6.555898	1.321726	0.762857	0.237143	2.103845
33726	-1255.873	-1467.301	211.4282	1.10662	6.555898	1.048872	0.721318	0.278682	2.394501
33732	-1257.262	-1468.419	211.1572	0.8718617	6.440175	1.130602	0.744256	0.255744	2.6781
33738	-1248.834	-1460.301	211.4666	0.715244	6.440175	1.342295	0.789156	0.210844	2.471214
33744	-1243.538	-1455.115	211.577	0.7354587	5.816346	2.083758	0.796273	0.203727	2.165809
33750	-1242.411	-1453.749	211.3382	0.8139963	5.816346	1.523699	0.796273	0.203727	2.496002
33756	-1249.785	-1460.66	210.8759	0.7222509	5.599646	1.445239	0.796273	0.203727	2.905225
33762	-1247.883	-1458.788	210.9053	0.7001475	5.599646	1.358532	0.796273	0.203727	2.94128
33768	-1244	-1455.168	211.1678	0.9390009	7.402187	1.468632	0.773052	0.226948	2.326559
33774	-1239.697	-1451.542	211.8449	1.099321	6.028371	1.712848	0.747093	0.252907	1.862059
33780	-1235.666	-1447.127	211.4608	1.088952	5.670162	0.9382873	0.773527	0.226473	2.586572
33786	-1247.655	-1458.412	210.7568	0.7849274	5.670162	0.9610661	0.742358	0.257642	3.182385
33792	-1238.938	-1450.496	211.5586	0.7597753	6.263815	1.152247	0.742358	0.257642	2.51191
33798	-1241.874	-1453.317	211.4432	0.774809	7.023017	1.152247	0.744713	0.255287	2.469259
33804	-1251.464	-1462.655	211.1909	0.7476368	6.824343	1.152247	0.710817	0.289183	2.669232
33810	-1253.023	-1463.397	210.3741	0.6458765	6.331871	1.341836	0.750794	0.249206	3.192817
33816	-1251.527	-1462.631	211.104	0.9361426	5.61259	1.394077	0.731754	0.268246	2.657634
33822	-1250.11	-1461.798	211.6885	0.7206796	6.994453	0.8547507	0.757826	0.242174	2.539848
33828	-1243.543	-1453.722	210.1792	0.6822412	7.736861	1.470003	0.74473	0.25527	3.050923
33834	-1242.55	-1453.282	210.7316	0.5249039	5.892143	1.470003	0.74473	0.25527	3.055357
33840	-1268.855	-1480.78	211.9242	1.091408	5.90226	1.506277	0.739382	0.260618	1.931958
33846	-1257.795	-1469.51	211.7147	0.8991936	5.68971	1.535183	0.787172	0.212828	2.217717
33852	-1254.469	-1466.622	212.1534	1.090137	4.11824	1.535183	0.782441	0.217559	2.101216
33858	-1242.643	-1454.622	211.9792	1.076065	4.898323	1.233971	0.710934	0.289066	2.221934
33864	-1256.521	-1467.253	210.7321	0.9069338	4.898323	2.557761	0.722796	0.277204	2.589828
33870	-1246.757	-1457.856	211.0993	0.9721413	5.977836	1.861221	0.772598	0.227402	2.379616
33876	-1243.694	-1455.435	211.7413	1.009623	5.76584	1.861221	0.78507	0.21493	1.971971
33882	-1256.355	-1467.035	210.6807	0.7975942	4.904331	1.38301	0.73532	0.26468	3.118179
33888	-1249.911	-1460.579	210.6682	0.7295865	6.556212	1.38301	0.74459	0.25541	2.916956
33894	-1261.097	-1471.402	210.305	0.6813154	4.723252	1.249604	0.704398	0.295602	3.502649
33900	-1263.444	-1474.413	210.9688	0.7048856	4.096014	1.249604	0.704398	0.295602	3.213551
33906	-1254.115	-1465.177	211.0627	0.6521806	4.551169	1.716188	0.720482	0.279518	2.895027
33912	-1256.702	-1467.758	211.056	0.7427282	6.307087	1.477741	0.776167	0.223833	2.663306
33918	-1254.615	-1464.805	210.1894	0.7333733	7.38059	1.477741	0.720803	0.279197	3.053264
33924	-1249.721	-1460.324	210.6032	0.6792342	5.864931	1.843772	0.669277	0.330723	2.8906
33930	-1249.343	-1460.012	210.6692	0.7079365	5.864931	1.47144	0.714608	0.285392	2.986436
33936	-1237.357	-1448.411	211.0534	0.8214961	4.970477	1.911493	0.744914	0.255086	2.647131
33942	-1237.719	-1448.168	210.4494	0.599594	4.960036	1.911493	0.74175	0.25825	3.148214
33948	-1245.2	-1455.647	210.4466	0.5182939	5.570372	1.911493	0.664939	0.335061	3.100585
33954	-1256.396	-1466.846	210.45	0.7056816	4.96008	1.217203	0.753936	0.246064	3.379879
33960	-1246.049	-1456.744	210.6945	0.6954906	6.195601	1.579402	0.777748	0.222252	2.883576
33966	-1248.946	-1460.268	211.3227	0.889979	7.189104	1.340475	0.718988	0.281012	2.349963
33972	-1248.943	-1460.173	211.2301	0.7873135	6.039295	1.340475	0.710044	0.289956	2.632612
33978	-1245.99	-1456.729	210.7386	0.7386556	5.703467	1.317219	0.718475	0.281525	3.022336
33984	-1259.561	-1471.769	212.2082	1.093198	6.153934	1.214731	0.798548	0.201452	1.853889
33990	-1263.783	-1475.914	212.1311	1.179994	6.153934	0.8300005	0.793312	0.206688	2.102582
33996	-1259.42	-1471.423	212.0031	1.114224	6.153934	1.74588	0.777157	0.222843	1.705952
34002	-1252.509	-1464.058	211.5489	0.7809069	8.908103	0.9124642	0.727997	0.272003	2.319011
34008	-1239.877	-1451.105	211.228	0.7318984	9.376831	1.21529	0.797539	0.202461	2.319011
34014	-1245.008	-1456.72	211.7119	1.034517	5.840434	1.74588	0.67466	0.32534	2.011674
34020	-1239.883	-1452.009	212.1258	1.061066	8.347188	1.256617	0.755355	0.244645	1.58866
34026	-1235.895	-1448.531	212.636	1.052978	6.042183	1.256617	0.759636	0.240364	1.573585
34032	-1245.17	-1456.644	211.4737	0.8822168	6.159172	1.535127	0.78167	0.21833	2.30977
34038	-1234.76	-1446.897	212.1372	0.8781048	5.441126	1.535127	0.723436	0.276564	1.996335
34044	-1236.295	-1447.764	211.4694	0.7943787	7.741058	1.319991	0.828709	0.171291	2.256896
34050	-1237.223	-1448.557	211.3339	0.7047828	6.082744	1.983878	0.803971	0.196029	2.337303
34056	-1244.638	-1455.193	210.555	0.70919	6.082744	1.695714	0.744844	0.255156	2.927546
34062	-1242.899	-1453.745	210.8456	0.8930123	4.55166	1.702696	0.645097	0.354903	2.885995
34068	-1256.712	-1466.636	209.9247	0.7199833	5.226457	1.721903	0.627245	0.372755	3.414128
34074	-1243.287	-1453.693	210.4059	0.5813801	5.422648	1.373837	0.74859	0.25141	3.329167
34080	-1240.532	-1451.564	211.0317	0.4661714	5.422648	1.655157	0.705394	0.294606	2.902593
34086	-1255.868	-1465.812	209.9448	0.6229495	6.229893	1.848917	0.705394	0.294606	3.263216
34092	-1255.493	-1465.997	210.5045	0.6503581	8.143739	1.392996	0.803793	0.196207	2.862819
34098	-1256.673	-1467.292	210.6181	0.736364	7.134033	1.392996	0.763855	0.236145	2.862819
34104	-1257.832	-1468.917	211.0846	0.6323707	7.476102	1.622071	0.773632	0.226368	2.493562
34110	-1259.437	-1469.799	210.3619	0.647236	4.218415	1.609789	0.642505	0.357495	3.419174
34116	-1253.069	-1462.232	209.1625	0.4298818	4.156693	1.538806	0.714046	0.285954	4.274244
34122	-1241.394	-1452.488	211.0943	0.6278853	7.125652	1.246047	0.796482	0.203518	2.712421
34128	-1234.427	-1445.482	211.0553	0.6326098	5.787981	1.742031	0.663529	0.336471	2.694825
34134	-1240.016	-1450.171	210.1542	0.7234524	4.117741	1.742031	0.699985	0.300015	3.46309
34140	-1249.831	-1461.035	211.2031	0.6031043	4.117741	1.483458	0.701746	0.298254	3.020271
34146	-1244.041	-1454.384	210.343	0.465831	4.601875	1.539301	0.748447	0.251553	3.495647
34152	-1247.18	-1456.768	209.5882	0.591104	5.412091	1.886323	0.669475	0.330525	3.595669
34158	-1240.077	-1450.863	210.786	0.6670358	5.013832	1.886323	0.745832	0.254168	2.906381
34164	-1240.563	-1450.862	210.298	0.4573732	6.464503	1.324477	0.745832	0.254168	3.339351
34170	-1248.613	-1459.082	210.4692	0.7580603	6.084838	1.324477	0.745832	0.254168	3.112394
34176	-1249.586	-1460.485	210.899	0.7136006	6.084838	1.287233	0.721096	0.278904	2.899478
34182	-1241.609	-1452.423	210.8143	0.6439369	6.76149	1.287233	0.702509	0.297491	2.899478
34188	-1244.887	-1455.906	211.0193	0.7220375	4.499907	1.688884	0.702509	0.297491	2.899478
34194	-1232.372	-1443.005	210.6323	0.701336	6.706691	1.311008	0.667078	0.332922	2.970037
34200	-1230.742	-1442.075	211.3329	0.8129343	6.506023	1.311008	0.728334	0.271666	2.500205
34206	-1227.03	-1438.045	211.0159	0.7527194	6.506023	0.9917776	0.728334	0.271666	2.908574
34212	-1229.658	-1439.95	210.2912	0.7898839	6.199444	1.566349	0.715125	0.284875	3.074214
34218	-1238.467	-1450.079	211.6122	0.7966961	6.805202	1.871159	0.752705	0.247295	2.03468
34224	-1237.677	-1449.211	211.5347	0.9338571	6.805202	1.279416	0.752705	0.247295	2.270538
34230	-1242.305	-1454.118	211.813	0.7678799	6.265618	1.330728	0.816991	0.183009	2.249392
34236	-1252.723	-1463.936	211.2132	0.7498835	6.265618	1.306967	0.77863	0.22137	2.649871
34242	-1239.486	-1449.941	210.4555	0.7127076	6.589132	1.524703	0.734509	0.265491	2.98655
34248	-1247.144	-1457.595	210.4505	0.4571519	5.580341	1.227932	0.724286	0.275714	3.422095
34254	-1237.623	-1448.639	211.0159	0.8463156	4.8479	1.227932	0.724286	0.275714	2.973995
34260	-1255.685	-1467.609	211.9246	0.8530241	4.691008	1.595398	0.774857	0.225143	2.260025
34266	-1251.567	-1463.201	211.6334	0.9290629	6.444068	1.595398	0.681498	0.318502	2.105893
34272	-1255.117	-1467.295	212.1787	0.9290629	7.880839	0.6338064	0.813343	0.186657	2.157504
34278	-1251.961	-1463.608	211.6473	0.9302401	7.293647	1.355127	0.733273	0.266727	2.093059
34284	-1238.762	-1450.251	211.4895	0.8144045	5.659737	1.355127	0.69574	0.30426	2.505619
34290	-1240.068	-1451.27	211.2012	0.8846806	6.70169	1.977456	0.715164	0.284836	2.218631
34296	-1248.036	-1459.26	211.2238	0.9474256	4.938605	1.977456	0.747041	0.252959	2.44373
34302	-1251.667	-1462.961	211.2935	0.8532835	6.568587	1.565944	0.757859	0.242141	2.368906
34308	-1255.163	-1466.59	211.4272	0.745164	6.374906	1.236817	0.757859	0.242141	2.540804
34314	-1255.768	-1467.21	211.4416	0.766244	5.618048	1.379858	0.722271	0.277729	2.55988
34320	-1260.259	-1470.552	210.2923	0.6096859	5.618048	1.219769	0.7718	0.2282	3.42389
34326	-1234.849	-1445.239	210.3907	0.5975999	6.010215	1.638067	0.766492	0.233508	3.126571
34332	-1237.364	-1448.805	211.4414	0.8196422	6.453915	0.9943217	0.766492	0.233508	2.613476
34338	-1229.416	-1440.209	210.7927	0.6170026	6.237876	1.273344	0.733128	0.266872	3.006843
34344	-1238.301	-1449.967	211.6665	0.8582512	4.822278	1.366715	0.765341	0.234659	2.503296
34350	-1231.029	-1441.918	210.8891	0.6467524	4.822278	1.366715	0.826498	0.173502	3.105497
34356	-1237.421	-1447.802	210.3813	0.8077992	4.822278	1.702392	0.668887	0.331113	3.167348
34362	-1236.193	-1446.248	210.055	0.750591	4.822278	1.702392	0.684328	0.315672	3.393629
34368	-1235.471	-1445.648	210.1764	0.8110494	4.390155	1.637822	0.684328	0.315672	3.388604
34374	-1248.968	-1459.593	210.6251	0.7619899	5.804658	1.073622	0.838421	0.161579	3.188167
34380	-1238.772	-1449.493	210.7214	0.7041785	5.410775	1.653066	0.730865	0.269135	2.948958
34386	-1256.33	-1466.97	210.6396	0.8465181	5.410775	2.243085	0.738735	0.261265	2.69626
34392	-1249.272	-1460.307	211.0346	0.8103367	5.347553	2.243085	0.695843	0.304157	2.484274
34398	-1247.653	-1459.181	211.5277	0.9260603	4.773463	1.743452	0.697187	0.302813	2.387154
34404	-1247.077	-1458.942	211.8653	0.9165753	4.508576	1.393315	0.708008	0.291992	2.387154
34410	-1240.459	-1451.644	211.1853	0.8521514	5.793343	1.180608	0.727683	0.272317	2.73973
34416	-1243.578	-1454.338	210.7604	0.5738706	4.740432	1.180608	0.754739	0.245261	3.33081
34422	-1245.9	-1456.863	210.9629	0.782222	5.32643	1.393315	0.769369	0.230631	2.883494
34428	-1248.046	-1458.43	210.3832	0.5896872	4.735118	1.43498	0.774147	0.225853	3.421741
34434	-1237.364	-1448.376	211.0126	0.6401487	3.852428	1.972292	0.703766	0.296234	2.972315
34440	-1232.427	-1442.954	210.5264	0.7075483	4.462721	2.056733	0.703766	0.296234	3.074262
34446	-1240.807	-1450.515	209.7084	0.7845976	3.925455	1.634431	0.728656	0.271344	3.765554
34452	-1256.651	-1467.188	210.5375	0.6485163	5.858565	1.832508	0.765056	0.234944	2.953994
34458	-1248.8	-1459.84	211.04	0.6645708	5.485386	1.832508	0.744071	0.255929	2.696232
34464	-1245.638	-1457.022	211.3845	0.8295132	4.054118	1.693771	0.731728	0.268272	2.696232
34470	-1252.367	-1463.939	211.5716	0.7263658	6.68117	1.140917	0.818183	0.181817	2.47188
34476	-1245.075	-1456.731	211.656	0.849721	6.68117	1.140917	0.819816	0.180184	2.340762
34482	-1244.858	-1456.03	211.1723	0.6887667	6.68117	1.701445	0.780836	0.219164	2.474451
34488	-1248.432	-1459.537	211.1047	0.6397327	7.227246	1.701445	0.66997	0.33003	2.474451
34494	-1246.032	-1457.369	211.3373	0.8990411	6.703271	1.478767	0.749171	0.250829	2.333207
34500	-1248.947	-1460.746	211.799	0.7137723	6.785817	0.6721902	0.781299	0.218701	2.642024
34506	-1239.621	-1451.74	212.1191	0.8958093	6.522672	1.213984	0.756846	0.243154	1.99048
34512	-1250.444	-1461.294	210.8497	0.7026119	8.604282	1.667112	0.715159	0.284841	2.443522
34518	-1253.019	-1463.792	210.7738	0.8455598	7.070809	1.87538	0.678949	0.321051	2.503399
34524	-1232.057	-1443.476	211.4189	0.4584561	7.609748	1.102486	0.738788	0.261212	2.634667
34530	-1235.532	-1446.271	210.7391	0.75141	6.997062	1.115723	0.701814	0.298186	2.93954
34536	-1239.632	-1451.033	211.4012	0.6672494	7.312911	1.115723	0.716261	0.283739	2.545708
34542	-1241.59	-1452.846	211.2563	0.5938011	6.547027	1.663879	0.683906	0.316094	2.51576
34548	-1235.933	-1447.761	211.828	0.7195234	8.002992	1.235883	0.763568	0.236432	2.085164
34554	-1228.939	-1439.976	211.0368	0.7678881	6.897917	1.081588	0.789213	0.210787	2.781277
34560	-1232.309	-1443.44	211.1305	0.5132405	7.566499	1.081588	0.771165	0.228835	2.795079
34566	-1235.186	-1445.792	210.6067	0.5848345	5.326552	1.081588	0.675757	0.324243	3.37156
34572	-1231.779	-1442.485	210.7059	0.4880269	5.258772	1.517196	0.768406	0.231594	3.168751
34578	-1241.592	-1451.848	210.256	0.7327953	5.788178	1.517196	0.73799	0.26201	3.20923
34584	-1263.531	-1473.702	210.1713	0.9383699	5.132589	1.381862	0.659786	0.340214	3.29923
34590	-1254.483	-1465.798	211.3147	0.9452301	5.630313	1.381862	0.698253	0.301747	2.524552
34596	-1243.146	-1454.257	211.1109	0.8364988	4.385102	2.221512	0.723132	0.276868	2.599905
34602	-1235.66	-1445.986	210.326	0.6869988	4.765305	1.629303	0.60683	0.39317	3.310505
34608	-1223.289	-1434.386	211.0965	0.7819269	5.015817	1.609425	0.703493	0.296507	2.757491
34614	-1235.575	-1446.262	210.6861	0.7452007	4.769119	1.609425	0.716409	0.283591	3.069941
34620	-1239.48	-1450.416	210.9368	0.7930162	6.024647	1.768468	0.714829	0.285171	2.622839
34626	-1242.558	-1453.629	211.0714	0.6361125	6.351436	1.35723	0.738941	0.261059	2.76955
34632	-1239.67	-1450.166	210.4955	0.5277461	6.351436	1.027488	0.73566	0.26434	3.352128
34638	-1237.306	-1447.969	210.6627	0.4740792	6.351436	1.372442	0.724766	0.275234	3.106328
34644	-1240.488	-1451.152	210.664	0.5078143	6.79878	1.163653	0.768463	0.231537	3.12987
34650	-1236.946	-1448.416	211.4702	0.7944452	4.26778	1.229443	0.642527	0.357473	2.836288
34656	-1233.16	-1444.044	210.8837	0.630032	4.875893	1.693666	0.7129	0.2871	2.9677
34662	-1232.368	-1442.874	210.5063	0.5638645	4.875893	1.337975	0.77354	0.22646	3.385195
34668	-1238.479	-1449.526	211.0466	0.6571695	4.851782	0.9731969	0.801852	0.198148	3.209627
34674	-1230.022	-1440.932	210.9103	0.5998946	4.371968	1.563481	0.691403	0.308597	3.113726
34680	-1234.928	-1444.691	209.7633	0.5354805	4.371968	1.857603	0.707761	0.292239	3.709262
34686	-1237.679	-1447.762	210.083	0.6126657	3.469239	1.738436	0.713321	0.286679	3.702914
34692	-1235.546	-1445.122	209.5764	0.4036082	3.883415	1.738436	0.689872	0.310128	4.028133
34698	-1232.681	-1442.78	210.0982	0.6162789	4.371282	1.43313	0.688261	0.311739	3.637293
34704	-1243.525	-1453.617	210.0921	0.4147334	5.594199	1.43313	0.718013	0.281987	3.55743
34710	-1234.93	-1445.791	210.8613	0.7078005	5.53	1.045164	0.738638	0.261362	3.137557
34716	-1235.196	-1446.471	211.2747	0.6873715	5.135729	1.293597	0.698934	0.301066	2.83156
34722	-1235.756	-1447.289	211.5327	0.786389	3.935316	1.293597	0.732766	0.267234	2.837155
34728	-1231.778	-1443.149	211.3708	0.8343662	4.281139	1.293597	0.732766	0.267234	2.837155
34734	-1227.529	-1438.189	210.6604	0.6267383	4.384052	1.422156	0.732766	0.267234	3.305331
34740	-1234.569	-1445.158	210.5893	0.6991797	4.726699	1.451646	0.702255	0.297745	3.230057
34746	-1229.112	-1440.294	211.1821	0.81663	4.726699	1.060558	0.749634	0.250366	3.004069
34752	-1236.349	-1446.02	209.6709	0.6293557	4.726699	0.9890109	0.67545	0.32455	4.03609
34758	-1230.492	-1440.441	209.949	0.5412557	5.633044	0.9897555	0.740661	0.259339	3.784923
34764	-1243.135	-1454.369	211.234	0.7573301	4.195827	1.683962	0.675666	0.324334	2.807866
34770	-1235.375	-1445.302	209.9266	0.6381851	4.326912	2.385061	0.629713	0.370287	3.390119
34776	-1241.858	-1452.783	210.9247	0.7343697	4.553972	1.62538	0.739175	0.260825	2.965132
34782	-1235.652	-1446.498	210.846	0.8405426	4.464117	1.62538	0.746865	0.253135	2.965132
34788	-1238.576	-1449.357	210.7811	0.605946	6.399123	1.62538	0.810293	0.189707	2.837339
34794	-1249.51	-1460.885	211.3749	0.6843543	3.803595	1.626253	0.681278	0.318722	2.870699
34800	-1249.332	-1460.155	210.8228	0.657028	5.115836	1.788183	0.709905	0.290095	2.910263
34806	-1245.17	-1456.39	211.2203	0.8482429	3.774631	1.788183	0.718177	0.281823	2.805965
34812	-1250.285	-1460.937	210.652	0.6380758	3.774631	1.788183	0.675883	0.324117	3.272007
34818	-1239.646	-1450.693	211.0468	0.7980375	4.014832	1.622381	0.658628	0.341372	2.957977
34824	-1233.064	-1443.404	210.3401	0.7128136	3.719672	1.540307	0.66618	0.33382	3.521085
34830	-1238.844	-1449.836	210.9917	0.7810897	3.579443	1.931047	0.694839	0.305161	2.973617
34836	-1241.182	-1452.18	210.9978	0.7612855	3.579443	1.931047	0.699594	0.300406	2.981869
34842	-1241.354	-1452.358	211.0035	0.9787741	3.961423	1.40432	0.705862	0.294138	2.981869
34848	-1234.92	-1446.098	211.1781	0.7836416	3.961423	1.431142	0.737064	0.262936	2.981869
34854	-1240.278	-1451.164	210.8861	0.8326121	3.048995	2.805518	0.662172	0.337828	2.858953
34860	-1246.24	-1457.226	210.9862	0.7569296	4.243507	1.142677	0.700637	0.299363	3.199304
34866	-1252.321	-1462.702	210.3813	0.8291427	3.938803	2.027121	0.572344	0.427656	3.199304
34872	-1253.467	-1464.407	210.94	0.9511088	3.664101	1.393715	0.70276	0.29724	3.103671
34878	-1247.254	-1457.751	210.497	0.6033979	3.858372	1.961614	0.735907	0.264093	3.303454
34884	-1243.085	-1454.248	211.1627	0.7886165	3.963922	1.802898	0.766269	0.233731	2.831672
34890	-1234.132	-1445.835	211.7032	0.7630348	4.498555	1.318086	0.710749	0.289251	2.623527
34896	-1251.959	-1462.952	210.9934	0.787961	6.035106	1.318086	0.808564	0.191436	2.789005
34902	-1247.988	-1459.228	211.2399	0.8611347	6.113158	1.448991	0.759907	0.240093	2.517474
34908	-1245.187	-1456.322	211.1347	0.7537504	6.13901	1.276936	0.764018	0.235982	2.72916
34914	-1262.221	-1474.989	212.7673	1.451231	5.587966	1.614046	0.81123	0.18877	1.004343
34920	-1261.821	-1471.994	210.1725	0.4251596	5.870108	1.271337	0.710848	0.289152	3.539255
34926	-1264.682	-1475.299	210.6163	0.8014609	5.45053	1.226285	0.658358	0.341642	3.141815
34932	-1245.783	-1457.425	211.6422	0.8841374	7.521713	1.170392	0.830714	0.169286	2.197355
34938	-1250.182	-1462.457	212.2745	1.107871	8.391515	1.193096	0.848228	0.151772	1.477974
34944	-1257.47	-1470.25	212.7799	1.211357	5.770362	1.317721	0.738919	0.261081	1.356091
34950	-1249.893	-1460.462	210.5684	0.5872049	4.006772	1.441878	0.597441	0.402559	3.445472
34956	-1249.268	-1459.15	209.8823	0.722193	5.87896	1.441878	0.717646	0.282354	3.454968
34962	-1252.566	-1463.204	210.6379	0.6923799	5.060403	1.441878	0.67886	0.32114	3.15315
34968	-1259.451	-1469.806	210.3551	0.6486602	6.029383	1.296607	0.767605	0.232395	3.266269
34974	-1233.469	-1444.501	211.032	0.8333122	7.091068	1.113138	0.731683	0.268317	2.701138
34980	-1240.875	-1451.162	210.2868	0.6481941	8.67825	1.027367	0.76541	0.23459	3.127273
34986	-1239.395	-1450.621	211.2261	0.6684247	10.81427	0.8338257	0.798823	0.201177	2.456724
34992	-1226.456	-1437.515	211.0594	0.8034352	10.81427	0.8338257	0.798823	0.201177	2.476596
34998	-1240.429	-1451.245	210.816	0.583049	9.14575	1.357882	0.76489	0.23511	2.621121
35004	-1240.006	-1451.017	211.0109	0.7967241	9.229964	1.529725	0.804736	0.195264	2.273544
35010	-1235.793	-1446.82	211.0278	0.8707108	8.688842	1.343216	0.801416	0.198584	2.365611
35016	-1244.462	-1456.181	211.719	0.7469156	8.688842	1.343216	0.780909	0.219091	1.997234
35022	-1226.516	-1437.268	210.7517	0.7856234	9.381823	0.9093247	0.798099	0.201901	2.764605
35028	-1229.247	-1440.378	211.1307	0.8258186	9.381823	0.814595	0.827328	0.172672	2.571765
35034	-1231.652	-1442.937	211.285	0.8291771	10.02767	0.9423396	0.814736	0.185264	2.3185
35040	-1232.005	-1443.188	211.1827	0.766123	8.910609	1.116285	0.775464	0.224536	2.432039
35046	-1225.374	-1436.14	210.7655	0.6815438	7.008534	1.142846	0.740592	0.259408	2.949349
35052	-1227.24	-1438.366	211.1251	0.9250747	5.578978	0.8090467	0.750372	0.249628	2.992405
35058	-1236.246	-1446.7	210.4545	0.935771	5.578978	1.036364	0.728718	0.271282	3.241169
35064	-1237.702	-1448.597	210.8958	0.7688283	6.164303	1.036364	0.775299	0.224701	2.992084
35070	-1243.353	-1453.934	210.5804	0.7282916	5.009214	2.221284	0.628978	0.371022	2.877888
35076	-1246.711	-1456.347	209.6365	0.5537487	5.318505	2.520068	0.767172	0.232828	3.401829
35082	-1241.021	-1451.088	210.0669	0.5969113	3.849058	2.462923	0.585426	0.414574	3.401829
35088	-1246.66	-1456.307	209.6468	0.6376008	3.849058	1.769073	0.523539	0.476461	3.849178
35094	-1249.046	-1461.125	212.0792	1.093061	5.812381	1.03064	0.689511	0.310489	2.108625
35100	-1235.173	-1445.258	210.0854	0.6069264	5.237799	1.718274	0.684095	0.315905	3.385788
35106	-1237.807	-1448.234	210.4264	0.811959	4.602433	1.177032	0.66815	0.33185	3.412964
35112	-1265.151	-1476.672	211.5205	0.9448711	4.858206	2.171963	0.731022	0.268978	2.200172
35118	-1261.76	-1473.935	212.1756	1.057458	4.366412	1.216312	0.779556	0.220444	2.219564
35124	-1251.369	-1463.816	212.4475	1.019636	4.366412	1.349768	0.745121	0.254879	1.993531
35130	-1255.552	-1467.296	211.7441	0.9427437	4.366412	1.387572	0.758919	0.241081	2.477412
35136	-1256.15	-1466.419	210.2687	0.6595642	4.345814	1.387572	0.758919	0.241081	3.538127
35142	-1239.718	-1450.668	210.9498	0.6050245	6.022939	1.292244	0.747353	0.252647	2.940836
35148	-1242.807	-1453.532	210.725	0.2919683	6.022939	1.356498	0.634416	0.365584	3.230811
35154	-1255.297	-1466.695	211.3973	0.7051694	6.606118	1.835349	0.787141	0.212859	2.277271
35160	-1253.899	-1465.641	211.7421	0.7671239	6.606118	1.24228	0.708066	0.291934	2.2925
35166	-1262.272	-1473.592	211.32	0.8731034	6.606118	1.526443	0.769432	0.230568	2.352182
35172	-1253.127	-1463.491	210.3648	0.8528401	6.606118	1.402846	0.655136	0.344864	3.009304
35178	-1259.407	-1470.453	211.0455	0.7936861	9.174744	1.256933	0.754958	0.245042	2.394646
35184	-1243.101	-1453.752	210.6511	0.6757479	6.022939	1.277457	0.70875	0.29125	3.08481
35190	-1241.604	-1452.954	211.3503	0.8499848	9.696755	1.256933	0.775777	0.224223	2.106874
35196	-1232.599	-1444.208	211.6091	0.9073442	7.552322	1.256933	0.772711	0.227289	2.151233
35202	-1231.787	-1443.907	212.1202	1.107015	8.13661	0.9263193	0.787525	0.212475	1.808043
35208	-1246.732	-1458.253	211.521	0.9639805	8.13661	1.14272	0.781072	0.218928	2.163055
35214	-1240.554	-1452.009	211.4555	0.8681001	6.566566	1.14272	0.749502	0.250498	2.470785
35220	-1240.259	-1452.177	211.9188	1.01115	6.12629	1.14272	0.749502	0.250498	2.148432
35226	-1242.469	-1454.457	211.9881	1.019253	7.160508	0.8794233	0.753856	0.246144	2.118979
35232	-1223.222	-1434.028	210.8053	0.9001258	4.34738	1.567547	0.735132	0.264868	2.999878
35238	-1227.503	-1437.421	209.9184	0.6923108	5.576772	2.027135	0.756547	0.243453	3.268926
35244	-1227.378	-1438.267	210.8886	0.7968498	5.973989	1.558712	0.795865	0.204135	2.745015
35250	-1246.273	-1458.318	212.0445	1.034613	4.699094	2.793355	0.768105	0.231895	1.604397
35256	-1247.553	-1459.779	212.2264	1.197063	6.354439	2.168756	0.791771	0.208229	1.245842
35262	-1250.684	-1462.226	211.5413	1.035315	7.604255	0.8741055	0.815546	0.184454	2.342291
35268	-1246.543	-1457.702	211.1595	0.7984513	6.774058	0.8741055	0.779788	0.220212	2.832995
35274	-1251.581	-1462.772	211.1906	0.6740378	7.483767	0.9827686	0.76372	0.23628	2.729258
35280	-1248.605	-1459.356	210.751	0.701393	7.14076	1.605673	0.77181	0.22819	2.706957
35286	-1234.956	-1444.955	209.999	0.6951639	6.161142	1.828922	0.672112	0.327888	3.205422
35292	-1243.056	-1454.698	211.6424	0.8610013	8.37624	1.585103	0.711452	0.288548	1.887915
35298	-1239.788	-1450.756	210.9683	0.4958164	8.605997	1.436627	0.711452	0.288548	2.601292
35304	-1236.126	-1446.313	210.1864	0.5702506	8.605997	1.436627	0.755507	0.244493	3.031522
35310	-1231.831	-1443.315	211.4838	0.9109219	7.763568	1.436627	0.755507	0.244493	2.109805
35316	-1240.308	-1451.953	211.6443	1.033578	8.335809	1.467169	0.746513	0.253487	1.8321
35322	-1273.314	-1484.265	210.9512	0.7750023	4.300152	3.215798	0.671153	0.328847	2.467322
35328	-1255.378	-1467.123	211.7446	0.8229963	5.933252	1.260278	0.782092	0.217908	2.345444
35334	-1240.736	-1451.532	210.7953	0.7186649	6.170335	1.73935	0.747983	0.252017	2.745751
35340	-1244.552	-1456.101	211.5483	0.8653853	6.170335	1.382769	0.733428	0.266572	2.34413
35346	-1251.688	-1463.175	211.4872	0.9422516	6.491522	1.271327	0.751094	0.248906	2.34413
35352	-1250.526	-1461.868	211.342	0.9421487	3.900564	1.060418	0.751094	0.248906	2.990154
35358	-1265.024	-1476.898	211.8738	1.089459	4.401839	1.119102	0.762413	0.237587	2.439401
35364	-1253.274	-1464.941	211.6661	0.8807738	6.504108	0.9765494	0.711649	0.288351	2.439401
35370	-1251.869	-1462.931	211.0617	0.6699134	6.921225	1.846894	0.600365	0.399635	2.464104
35376	-1251.412	-1462.638	211.2257	0.8397453	5.616359	1.800317	0.712427	0.287573	2.464104
35382	-1244.447	-1455.716	211.2693	0.8287601	7.075232	0.7229813	0.8405	0.1595	2.817368
35388	-1236.255	-1447.746	211.4915	0.8266753	8.817023	0.7229813	0.85269	0.14731	2.475809
35394	-1237.783	-1449.918	212.1354	0.9600487	5.282017	1.400726	0.797797	0.202203	2.037828
35400	-1230.828	-1441.909	211.0806	0.7929333	6.371326	1.258204	0.740048	0.259952	2.714674
35406	-1235.724	-1447.439	211.7156	0.9596447	6.371326	1.258204	0.765071	0.234929	2.211296
35412	-1231.861	-1443.269	211.4071	0.9704351	6.371326	1.801121	0.70241	0.29759	2.147863
35418	-1246.477	-1457.217	210.7407	0.8902261	6.371326	1.731111	0.720807	0.279193	2.648589
35424	-1246.916	-1457.622	210.7062	0.7120489	6.399515	1.434685	0.738427	0.261573	2.901954
35430	-1239.014	-1451.087	212.0731	0.7875323	6.412675	1.596068	0.802426	0.197574	1.911806
35436	-1238.338	-1450.12	211.7818	0.8342776	7.479807	1.468423	0.758291	0.241709	1.984707
35442	-1239.006	-1451.264	212.2585	0.9623743	6.346317	1.703417	0.82642	0.17358	1.619806
35448	-1232.248	-1444.025	211.7771	1.086881	6.346317	2.051257	0.798353	0.201647	1.721168
35454	-1242.53	-1453.771	211.2419	0.6499254	9.662948	1.326635	0.770565	0.229435	2.273115
35460	-1246.976	-1458.016	211.0406	0.7572917	9.662948	1.326635	0.773906	0.226094	2.333058
35466	-1250.378	-1462.38	212.0025	1.019647	9.662948	0.8354638	0.731325	0.268675	1.835123
35472	-1243.18	-1455.077	211.8964	1.095949	8.380912	1.343761	0.771991	0.228009	1.672911
35478	-1241.232	-1453.803	212.571	1.098094	5.850399	1.174389	0.771991	0.228009	1.672911
35484	-1253.401	-1465.71	212.3088	1.106102	5.850399	1.174389	0.72781	0.27219	1.850454
35490	-1247.159	-1457.653	210.4939	0.7897263	4.753797	1.590833	0.728474	0.271526	3.168319
35496	-1251.497	-1462.297	210.8003	0.5076139	5.745837	1.518458	0.778561	0.221439	3.02489
35502	-1250.344	-1461.697	211.3535	0.8436834	4.253234	1.272763	0.644391	0.355609	2.857853
35508	-1252.954	-1463.847	210.8936	0.8448117	4.253234	1.272763	0.748654	0.251346	3.133265
35514	-1242.238	-1453.937	211.6991	0.8901621	5.00124	1.430771	0.748654	0.251346	2.3996
35520	-1249.996	-1462.125	212.1284	1.102857	6.48624	1.527329	0.765734	0.234266	1.67705
35526	-1240.307	-1452.363	212.0562	1.051501	6.386673	1.678585	0.755868	0.244132	1.705982
35532	-1249.714	-1461.36	211.6459	0.9355463	4.6615	1.326663	0.772559	0.227441	2.517258
35538	-1241.38	-1452.478	211.0981	0.8596597	4.469746	2.0458	0.715315	0.284685	2.637894
35544	-1243.727	-1454.635	210.9083	0.8596597	5.12154	2.0458	0.687599	0.312401	2.638117
35550	-1244.582	-1455.829	211.2477	0.7702249	5.389197	1.128418	0.810384	0.189616	2.843103
35556	-1251.543	-1462.358	210.8153	0.8060353	5.389197	1.128418	0.706255	0.293745	3.081684
35562	-1239.716	-1451.015	211.2993	0.6643135	7.166316	1.335809	0.73989	0.26011	2.512094
35568	-1237.692	-1448.695	211.0029	0.7705797	7.166316	1.335809	0.78341	0.21659	2.630123
35574	-1241.599	-1452.406	210.8069	0.6030717	7.166316	1.310685	0.728219	0.271781	2.864763
35580	-1253.25	-1463.768	210.5182	0.5604695	6.129881	1.529162	0.792722	0.207278	3.101381
35586	-1254.247	-1465.399	211.152	0.7182657	6.498233	1.184479	0.746804	0.253196	2.737777
35592	-1261.443	-1472.796	211.3536	1.037486	4.689285	2.609645	0.722482	0.277518	2.135221
35598	-1256.378	-1467.97	211.592	1.040325	4.689285	2.609645	0.722482	0.277518	1.975779
35604	-1257.207	-1469.04	211.8331	0.802738	6.391984	1.243527	0.788605	0.211395	2.241624
35610	-1252.398	-1463.806	211.4078	0.7758846	5.836803	1.272883	0.817152	0.182848	2.594418
35616	-1250.738	-1462.2	211.4616	0.7758846	5.836803	1.236914	0.747015	0.252985	2.579831
35622	-1253.321	-1465.002	211.6806	0.7644311	6.678172	0.9827606	0.738385	0.261615	2.474986
35628	-1244.049	-1455.329	211.2803	0.6089058	6.678172	1.281427	0.77899	0.22101	2.650666
35634	-1247.973	-1459.495	211.5217	0.6165472	8.093078	1.281427	0.727084	0.272916	2.314306
35640	-1250.837	-1462.569	211.7311	0.8669198	7.281735	1.06966	0.784507	0.215493	2.242198
35646	-1236.625	-1446.867	210.2419	0.6623788	7.281735	1.06966	0.773256	0.226744	3.279122
35652	-1229.58	-1440.406	210.8258	0.6629923	7.281735	1.06966	0.784437	0.215563	2.930723
35658	-1235.457	-1447.025	211.5684	0.7988311	5.724385	1.06966	0.682403	0.317597	2.609919
35664	-1240.206	-1451.117	210.9114	0.9557427	6.152158	1.789754	0.799549	0.200451	2.510171
35670	-1227.372	-1438.199	210.8269	0.7902255	5.723145	1.863484	0.657545	0.342455	2.70076
35676	-1239.188	-1449.735	210.5475	0.7158281	5.098926	1.863484	0.771416	0.228584	3.014754
35682	-1242.576	-1455.071	212.4956	1.282022	5.004771	1.587814	0.760907	0.239093	1.518833
35688	-1233.989	-1446.709	212.7203	1.212528	5.14696	1.22399	0.730553	0.269447	1.583205
35694	-1238.883	-1451.131	212.2478	1.120236	6.423808	1.22399	0.725172	0.274828	1.758987
35700	-1245.262	-1455.824	210.5613	0.664104	4.835679	1.685536	0.787265	0.212735	3.150188
35706	-1246.754	-1457.658	210.9042	0.8227703	6.057875	1.685536	0.78152	0.21848	2.653328
35712	-1244.79	-1455.58	210.7895	0.6803231	4.563081	1.24993	0.699642	0.300358	3.246726
35718	-1247.934	-1458.649	210.7155	0.6211523	5.466569	1.713672	0.742385	0.257615	2.969181
35724	-1259.449	-1469.634	210.1855	0.7441818	4.274854	1.364401	0.720877	0.279123	3.560976
35730	-1251.94	-1463.542	211.6021	0.8013437	7.40205	0.942309	0.704081	0.295919	2.431076
35736	-1243.324	-1453.754	210.4295	0.6937079	6.498775	1.447518	0.723172	0.276828	3.059846
35742	-1242.08	-1453.951	211.8715	0.6493119	8.253324	0.9452919	0.787536	0.212464	2.249699
35748	-1241.204	-1452.265	211.0611	0.5713972	8.783282	1.449573	0.806472	0.193528	2.470707
35754	-1237.796	-1448.888	211.0921	0.845069	6.341523	1.057582	0.748821	0.251179	2.789924
35760	-1231.127	-1442.566	211.4395	0.907513	6.886437	1.057582	0.766481	0.233519	2.461769
35766	-1237.851	-1448.984	211.1331	0.7532356	8.571146	1.109186	0.828075	0.171925	2.512883
35772	-1234.267	-1444.969	210.7021	0.9422237	5.81455	1.109186	0.752261	0.247739	3.013516
35778	-1235.467	-1446.605	211.1378	0.6168309	6.13385	1.3359	0.753161	0.246839	2.782209
35784	-1236.619	-1447.885	211.2667	0.885723	5.450238	1.3359	0.753939	0.246061	2.642569
35790	-1230.787	-1441.358	210.5703	0.6717609	5.612574	1.3359	0.725282	0.274718	3.167355
35796	-1240.258	-1451.936	211.6784	1.024984	5.245541	1.245621	0.708018	0.291982	2.37889
35802	-1230.199	-1441.495	211.2962	0.895767	5.245541	1.653464	0.708018	0.291982	2.506309
35808	-1226.147	-1437.942	211.7945	0.9252975	5.73668	1.189881	0.730781	0.269219	2.317913
35814	-1240.944	-1452.885	211.9409	0.9018906	4.325132	1.723347	0.775798	0.224202	2.234066
35820	-1234.271	-1445.604	211.3335	0.8688905	4.325132	1.197298	0.760015	0.239985	2.879822
35826	-1241.57	-1452.663	211.0926	0.9077404	4.325132	1.197298	0.666713	0.333287	3.001524
35832	-1244.118	-1455.58	211.4628	0.8577821	4.089687	1.272733	0.708591	0.291409	2.815274
35838	-1247.42	-1457.977	210.5572	0.6589235	4.848623	1.272733	0.740552	0.259448	3.335346
35844	-1243.337	-1454.193	210.8554	0.6903733	5.434261	1.272733	0.736793	0.263207	3.044587
35850	-1249.895	-1460.566	210.6705	0.7287159	4.426792	1.753791	0.747337	0.252663	3.092617
35856	-1248.759	-1459.111	210.3517	0.6204646	5.110089	1.753791	0.760052	0.239948	3.227785
35862	-1249.938	-1461.289	211.3508	0.8954923	5.066547	1.336449	0.719997	0.280003	2.648116
35868	-1247.648	-1458.473	210.8245	0.7294048	5.066547	0.9510697	0.719997	0.280003	3.275845
35874	-1248.86	-1459.66	210.7998	0.7586178	8.784047	1.399639	0.788333	0.211667	2.540766
35880	-1241.359	-1452.68	211.3205	0.7571969	5.601481	1.660784	0.751706	0.248294	2.516221
35886	-1244.475	-1455.218	210.7435	0.8287842	5.671109	1.514575	0.751706	0.248294	2.878751
35892	-1247.335	-1458.494	211.16	0.8713081	5.671109	1.170854	0.723049	0.276951	2.767461
35898	-1246.338	-1457.054	210.7154	0.8658902	6.961686	1.134066	0.751919	0.248081	2.879126
35904	-1234.514	-1445.743	211.2295	0.7929523	6.353276	1.46832	0.751318	0.248682	2.522396
35910	-1242.304	-1453.432	211.1277	0.7260491	7.236468	1.49485	0.76436	0.23564	2.495312
35916	-1246.289	-1457.705	211.4163	0.7328783	7.70015	1.635967	0.746518	0.253482	2.184232
35922	-1249.138	-1460.698	211.56	0.8413853	8.297869	0.8297137	0.79428	0.20572	2.401078
35928	-1254.353	-1466.277	211.924	0.7903783	6.885718	0.8788857	0.79428	0.20572	2.345695
35934	-1257.342	-1469.343	212.0008	0.8598759	5.811094	1.601946	0.768713	0.231287	2.00502
35940	-1254.453	-1465.457	211.0033	0.8955991	6.250548	1.531606	0.749473	0.250527	2.585169
35946	-1253.369	-1464.325	210.9554	0.6992194	6.250548	1.518307	0.755141	0.244859	2.741473
35952	-1246.646	-1457.273	210.6275	0.6360959	6.132458	1.370704	0.755141	0.244859	3.061965
35958	-1257.499	-1468.438	210.9396	0.6966248	7.205841	1.370704	0.787388	0.212612	2.692503
35964	-1248.734	-1460.073	211.3396	0.8394572	6.663823	1.149698	0.740306	0.259694	2.54359
35970	-1253.629	-1464.857	211.2282	0.8064938	4.569755	1.370704	0.6649	0.3351	2.848656
35976	-1254.121	-1465.423	211.3015	0.7258579	5.090405	1.370704	0.718938	0.281062	2.761655
35982	-1261.597	-1473.03	211.4334	0.8503091	5.156181	1.29152	0.718938	0.281062	2.632331
35988	-1255.131	-1465.518	210.3866	0.6890619	5.156181	2.263768	0.737966	0.262034	2.980186
35994	-1255.24	-1465.776	210.5359	0.595326	7.016684	1.206309	0.778668	0.221332	3.103803
36000	-1248.196	-1459.157	210.9609	0.6305796	6.941267	1.206309	0.778668	0.221332	2.836742
36006	-1246.438	-1457.213	210.7749	0.6553216	7.241224	1.000114	0.732683	0.267317	3.011694
36012	-1237.783	-1449.269	211.4854	0.7316436	7.344804	0.9223037	0.737392	0.262608	2.568063
36018	-1234.7	-1445.576	210.8761	0.8859809	6.268479	0.9223037	0.782546	0.217454	2.988501
36024	-1233.715	-1444.742	211.0272	0.7349452	6.268479	0.9223037	0.724719	0.275281	2.988501
36030	-1236.901	-1448.137	211.2363	0.8850102	7.047435	0.8092874	0.747522	0.252478	2.742673
36036	-1244.169	-1455.235	211.066	0.8850102	7.422903	1.468532	0.734291	0.265709	2.422596
36042	-1232.978	-1444.371	211.3926	0.6084562	6.199466	1.468532	0.721032	0.278968	2.557935
36048	-1229.785	-1441.125	211.3399	0.6084562	6.95528	1.586222	0.795426	0.204574	2.431746
36054	-1230.508	-1441.62	211.1127	0.676993	6.441843	1.417093	0.795426	0.204574	2.677954
36060	-1241.628	-1453.062	211.4338	0.9428432	5.256895	1.290042	0.760817	0.239183	2.558608
36066	-1235.496	-1446.581	211.0854	0.7588025	4.903875	1.290042	0.760817	0.239183	2.94382
36072	-1232.796	-1444.264	211.4679	0.7731544	7.725345	1.06907	0.747264	0.252736	2.413254
36078	-1233.299	-1444.642	211.3428	0.8322175	7.725345	1.390785	0.799191	0.200809	2.279757
36084	-1231.378	-1443.538	212.1595	0.9755711	6.616558	0.9801972	0.754289	0.245711	2.041892
36090	-1245.013	-1455.807	210.7942	0.9720242	6.071067	2.323364	0.747585	0.252415	2.392562
36096	-1247.589	-1458.795	211.2059	0.812623	6.340338	1.234704	0.745957	0.254043	2.642163
36102	-1251.875	-1464.464	212.5885	1.13409	6.452269	1.18813	0.814805	0.185195	1.521507
36108	-1238.1	-1450.549	212.4491	1.137063	8.796987	1.029863	0.858335	0.141665	1.381476
36114	-1230.946	-1443.191	212.2455	1.094919	8.024482	0.9968642	0.826306	0.173694	1.692682
36120	-1239.463	-1451.579	212.1161	1.040884	7.44581	0.9968642	0.770279	0.229721	1.898295
36126	-1244.819	-1456.887	212.0681	1.178094	7.683986	1.240556	0.744977	0.255023	1.646623
36132	-1253.26	-1465.84	212.5796	1.149863	7.683986	0.7667245	0.805336	0.194664	1.642946
36138	-1252.724	-1464.933	212.2087	1.260266	7.998446	0.9029236	0.82718	0.17282	1.674275
36144	-1244.543	-1455.979	211.436	0.5305855	6.426155	1.277098	0.799772	0.200228	2.640057
36150	-1234.845	-1445.999	211.154	0.5542211	6.426155	1.404379	0.807834	0.192166	2.736131
36156	-1238.167	-1448.777	210.6103	0.5407487	6.736447	0.8039619	0.821979	0.178021	3.366867
36162	-1251.165	-1461.29	210.1253	0.4888134	6.736447	1.377123	0.825621	0.174379	3.362113
36168	-1247.716	-1458.139	210.4228	0.6045761	5.988595	1.377123	0.717527	0.282473	3.219891
36174	-1249.919	-1461.289	211.3703	0.8302351	8.105542	1.359422	0.80612	0.19388	2.232366
36180	-1245.501	-1457.625	212.1238	0.9107984	5.691304	1.58448	0.74353	0.25647	1.916643
36186	-1247.196	-1458.77	211.5734	1.117537	5.627238	2.563448	0.747094	0.252906	1.775671
36192	-1256.177	-1468.166	211.9889	1.017622	6.826532	1.182648	0.71092	0.28908	1.969427
36198	-1252.19	-1463.846	211.6556	1.010835	6.736062	1.999028	0.792794	0.207206	1.818938
36204	-1248.899	-1460.251	211.3517	0.8850174	6.002454	1.999028	0.794834	0.205166	2.217096
36210	-1261.208	-1473.183	211.9752	0.9725029	3.646979	1.493846	0.631083	0.368917	2.415155
36216	-1249.733	-1461.308	211.575	0.8962293	4.39559	1.493846	0.692242	0.307758	2.556012
36222	-1236.47	-1448.038	211.5684	0.8567343	6.80404	1.121455	0.764928	0.235072	2.386013
36228	-1236.922	-1448.592	211.6706	0.95328	7.202875	1.478569	0.775632	0.224368	2.012121
36234	-1229.429	-1440.92	211.4914	0.7821101	8.539925	0.8869493	0.775632	0.224368	2.413436
36240	-1235.568	-1446.476	210.9077	0.8035005	6.915828	0.6952308	0.780949	0.219051	3.092204
36246	-1242.139	-1453.309	211.1699	0.6686815	8.481292	0.6952308	0.780949	0.219051	2.830269
36252	-1251.243	-1462.391	211.1484	0.7934091	5.906581	1.757701	0.732478	0.267522	2.513287
36258	-1248.52	-1460.134	211.6141	0.7559187	5.699489	1.757701	0.803901	0.196099	2.275117
36264	-1233.078	-1444.675	211.5974	0.9311393	5.699489	1.757701	0.694604	0.305396	2.172822
36270	-1235.143	-1447.008	211.8658	0.9596442	5.746564	1.638424	0.746426	0.253574	2.022371
36276	-1244.55	-1456.074	211.5241	1.008394	4.572251	1.524185	0.710404	0.289596	2.470111
36282	-1252.898	-1464.631	211.733	0.7387687	4.700507	1.51994	0.729541	0.270459	2.486101
36288	-1250.743	-1460.687	209.9441	0.711038	4.700507	1.809186	0.70733	0.29267	3.461884
36294	-1249.626	-1461.796	212.17	1.109764	4.554886	1.826061	0.781304	0.218696	1.853642
36300	-1254.5	-1464.821	210.3206	0.7066898	4.603016	1.809186	0.706162	0.293838	3.260301
36306	-1255.616	-1466.26	210.6447	0.836126	5.070835	0.9948782	0.628694	0.371306	3.29186
36312	-1247.754	-1458.085	210.3314	0.6200642	5.070835	1.2024	0.662114	0.337886	3.488757
36318	-1248.829	-1460.15	211.3208	0.6676554	5.240155	1.2024	0.739953	0.260047	2.845094
36324	-1241.366	-1452.645	211.2795	0.7665376	5.240155	1.2024	0.732393	0.267607	2.810118
36330	-1245.07	-1456.225	211.1551	0.7187978	5.949366	1.451488	0.729138	0.270862	2.681281
36336	-1238.393	-1449.396	211.0022	0.8414188	4.297277	2.317649	0.744018	0.255982	2.649561
36342	-1242.304	-1453.025	210.7208	0.8302222	3.738102	1.394525	0.753807	0.246193	3.289154
36348	-1245.699	-1456.261	210.5628	0.9224581	4.82521	1.105406	0.73714	0.26286	3.267347
36354	-1242.974	-1454.483	211.5091	0.9002447	5.412267	1.152681	0.725103	0.274897	2.586008
36360	-1240.701	-1451.794	211.0927	0.6163393	9.660842	1.313868	0.818769	0.181231	2.396201
36366	-1243.236	-1454.635	211.3985	0.802127	9.660842	0.8680026	0.766483	0.233517	2.3517
36372	-1233.866	-1445.205	211.3392	0.8159468	7.57395	1.311491	0.761778	0.238222	2.3517
36378	-1233.82	-1445.187	211.3673	0.9713615	7.966113	0.6537755	0.805377	0.194623	2.616531
36384	-1231.353	-1443.056	211.703	0.7340117	8.146184	1.095626	0.803102	0.196898	2.221004
36390	-1229.646	-1441.829	212.1828	1.042866	5.543382	1.095626	0.712976	0.287024	2.077418
36396	-1234.88	-1446.267	211.3867	0.8350866	5.543382	1.191063	0.75978	0.24022	2.659731
36402	-1236.247	-1447.501	211.2546	0.8639649	6.418208	1.296215	0.799885	0.200115	2.537187
36408	-1227.849	-1438.797	210.9484	0.7153723	7.323715	1.263667	0.763453	0.236547	2.714005
36414	-1234.265	-1445.317	211.052	0.7493119	7.363419	1.263667	0.751431	0.248569	2.62441
36420	-1240.799	-1452.346	211.547	0.8627353	6.565217	1.263667	0.756006	0.243994	2.350235
36426	-1234.452	-1445.396	210.9441	0.6590695	6.565217	1.821959	0.772625	0.227375	2.602483
36432	-1227.045	-1437.678	210.6321	0.7078469	5.049444	1.668574	0.737166	0.262834	3.052606
36438	-1228.458	-1439.609	211.1512	0.8431294	5.875321	1.377335	0.737259	0.262741	2.653373
36444	-1232.223	-1443.59	211.3669	0.8059774	5.458723	1.541456	0.712157	0.287843	2.531771
36450	-1237.272	-1448.705	211.4331	0.9095618	4.476995	1.027138	0.735138	0.264862	2.861462
36456	-1244.973	-1456.575	211.6018	1.004219	4.476995	1.874753	0.671924	0.328076	2.29371
36462	-1235.529	-1447.304	211.7746	0.9913007	4.476995	1.389408	0.745822	0.254178	2.405228
36468	-1233.542	-1444.876	211.3334	0.78245	4.476995	2.052707	0.666411	0.333589	2.536049
36474	-1242.232	-1452.665	210.4333	0.7937933	5.174174	2.052707	0.666411	0.333589	2.956282
36480	-1242.052	-1453.013	210.9618	0.5957281	5.116528	1.263487	0.733868	0.266132	3.093138
36486	-1249.21	-1460.745	211.535	0.9051235	5.273885	1.410838	0.693273	0.306727	2.456011
36492	-1250.785	-1462.188	211.403	1.037149	5.273885	1.813767	0.674967	0.325033	2.278019
36498	-1253.805	-1465.469	211.6634	1.033094	5.273885	2.040423	0.71165	0.28835	2.021604
36504	-1242.227	-1453.629	211.4022	0.9112022	6.981361	1.456227	0.726608	0.273392	2.256244
36510	-1242.217	-1454.209	211.9919	0.9655338	6.058417	0.9582807	0.726608	0.273392	2.256244
36516	-1232.68	-1444.351	211.6711	0.8841964	6.61664	1.048767	0.789587	0.210413	2.37299
36522	-1247.074	-1458.32	211.2459	0.7975681	5.820636	1.048767	0.789472	0.210528	2.806057
36528	-1249.71	-1460.739	211.0283	0.8463544	5.319778	1.693263	0.69627	0.30373	2.673924
36534	-1250.484	-1462.634	212.1504	1.006248	6.177802	1.37246	0.76997	0.23003	1.860214
36540	-1263.925	-1475.38	211.4559	1.051734	5.383532	2.911625	0.695208	0.304792	1.835919
36546	-1241.542	-1453.32	211.7776	1.034045	5.883216	1.557449	0.77512	0.22488	2.046614
36552	-1246.752	-1458.524	211.7724	1.085941	6.142467	1.557449	0.766271	0.233729	1.973985
36558	-1248.444	-1460.446	212.0011	1.111225	5.928915	1.341415	0.708596	0.291404	1.94739
36564	-1232.492	-1444.65	212.1581	1.040948	7.651664	1.419869	0.779899	0.220101	1.580624
36570	-1229.664	-1441.758	212.0942	1.050382	7.651664	1.419869	0.779899	0.220101	1.620259
36576	-1232.458	-1444.436	211.9785	1.166053	7.651664	1.419869	0.760945	0.239055	1.620259
36582	-1234.675	-1446.188	211.5124	0.8378032	7.09522	1.560087	0.770204	0.229796	2.167819
36588	-1234.795	-1445.134	210.3398	0.6987109	7.074192	1.266413	0.721611	0.278389	3.121295
36594	-1244.558	-1455.008	210.4492	0.6987109	6.967851	2.355693	0.750737	0.249263	2.641734
36600	-1249.907	-1460.741	210.8337	0.8490355	6.967851	1.301942	0.783124	0.216876	2.728482
36606	-1248.995	-1459.433	210.4382	0.6996797	6.523886	1.301942	0.795559	0.204441	3.115941
36612	-1242.661	-1453.436	210.7755	0.562164	7.653196	1.301942	0.795559	0.204441	2.853137
36618	-1244.13	-1454.594	210.4636	0.5421134	7.653196	1.36442	0.715999	0.284001	3.022903
36624	-1253.935	-1465.063	211.1279	0.4815248	6.676993	1.152449	0.769395	0.230605	2.889455
36630	-1258.183	-1468.304	210.1206	0.6275954	9.615352	1.469964	0.816696	0.183304	2.918106
36636	-1259.697	-1471.102	211.4053	0.6823711	9.303969	1.469964	0.719464	0.280536	2.112534
36642	-1265.662	-1476.063	210.4014	0.6327857	7.092398	1.355903	0.705697	0.294303	3.078139
36648	-1255.997	-1466.13	210.1323	0.6490576	6.717198	1.355903	0.719875	0.280125	3.27602
36654	-1245.753	-1456.415	210.662	0.6545394	5.867461	1.428043	0.644049	0.355951	3.041963
36660	-1245.76	-1455.9	210.1402	0.5370931	6.986469	2.047418	0.685984	0.314016	3.027082
36666	-1239.917	-1450.916	210.9988	0.7490322	6.536869	1.485364	0.741158	0.258842	2.65886
36672	-1247.944	-1458.99	211.0459	0.7037347	5.79192	1.485364	0.765591	0.234409	2.76564
36678	-1260.877	-1471.656	210.7787	0.5728873	5.79192	1.406539	0.649844	0.350156	3.042067
36684	-1246.009	-1456.04	210.0308	0.5826075	6.005808	1.261996	0.702969	0.297031	3.515408
36690	-1242.509	-1453.085	210.5765	0.7960641	6.005808	1.66525	0.757435	0.242565	2.885575
36696	-1252.78	-1463.719	210.9391	0.7335932	4.981031	1.564761	0.717341	0.282659	2.907423
36702	-1270.102	-1481.287	211.1847	0.9249998	6.396187	1.200406	0.678352	0.321648	2.596148
36708	-1266.694	-1477.604	210.9092	0.7475074	7.401943	1.569215	0.802286	0.197714	2.56353
36714	-1253.406	-1464.39	210.984	0.6863282	6.046622	1.719283	0.802286	0.197714	2.676011
36720	-1254.061	-1464.816	210.755	0.679151	7.816276	1.106748	0.655055	0.344945	2.87831
36726	-1244.279	-1455.121	210.8422	0.7298853	6.435112	1.106748	0.768154	0.231846	2.969812
36732	-1244.366	-1454.575	210.2089	0.6447912	5.950344	1.223934	0.735003	0.264997	3.401657
36738	-1237.932	-1449.428	211.4963	0.8417131	6.31406	1.145847	0.757657	0.242343	2.495947
36744	-1229.779	-1440.905	211.1264	0.8000339	5.321233	1.606819	0.76334	0.23666	2.67812
36750	-1241.665	-1451.512	209.8467	0.7027209	5.380262	1.367833	0.737925	0.262075	3.594365
36756	-1239.583	-1449.589	210.006	0.6310653	5.613579	1.367833	0.730898	0.269102	3.508113
36762	-1234.645	-1444.7	210.0544	0.582695	5.613579	1.367833	0.81417	0.18583	3.508113
36768	-1240.68	-1451.928	211.2483	0.7134948	5.613579	1.367833	0.778208	0.221792	2.718225
36774	-1240.899	-1451.598	210.6995	0.8983762	5.613579	1.367833	0.722068	0.277932	2.939233
36780	-1241.564	-1453.113	211.5494	0.7313074	7.694167	1.019819	0.754976	0.245024	2.422139
36786	-1253.454	-1464.551	211.097	0.7665694	7.694167	1.019819	0.740629	0.259371	2.681611
36792	-1247.337	-1458.781	211.4442	0.7712835	6.225126	1.219424	0.779932	0.220068	2.544862
36798	-1239.85	-1450.658	210.8077	0.5618895	6.266683	0.9481526	0.743511	0.256489	3.206622
36804	-1232.132	-1443.701	211.5694	0.8143947	6.266683	0.9481526	0.798974	0.201026	2.59339
36810	-1239.566	-1450.237	210.6706	0.6480194	7.496749	0.9481526	0.778772	0.221228	3.079077
36816	-1234.398	-1444.998	210.6	0.8497498	6.117126	1.322885	0.702456	0.297544	2.975476
36822	-1244.803	-1455.731	210.9281	0.808503	6.367321	1.604137	0.702456	0.297544	2.636951
36828	-1230.701	-1441.894	211.1934	0.8211457	6.009822	1.243705	0.742353	0.257647	2.687835
36834	-1239.143	-1449.922	210.7794	0.6122318	6.543138	1.243705	0.782933	0.217067	2.990673
36840	-1247.392	-1458.876	211.4841	0.9689759	6.370117	0.9678724	0.701701	0.298299	2.522787
36846	-1251.514	-1462.839	211.3248	0.8533154	4.53009	1.706591	0.735828	0.264172	2.619876
36852	-1243.941	-1454.76	210.8189	0.7052091	5.797214	1.480998	0.768172	0.231828	2.903675
36858	-1235.756	-1446.93	211.1738	0.853804	5.797214	1.459226	0.74083	0.25917	2.605973
36864	-1254.611	-1466.093	211.4811	0.996039	3.565548	1.648153	0.723306	0.276694	2.658744
36870	-1242.912	-1454.188	211.276	0.922353	4.566102	1.257209	0.726704	0.273296	2.805956
36876	-1241.346	-1451.428	210.0816	0.8258815	4.405143	1.690124	0.726704	0.273296	3.411974
36882	-1261.205	-1471.491	210.2863	1.017469	5.644558	2.550118	0.705375	0.294625	2.675191
36888	-1250.438	-1459.856	209.4178	0.893104	3.506937	2.550118	0.560794	0.439206	3.654372
36894	-1243.16	-1454.406	211.2455	1.013937	3.485122	2.550118	0.623703	0.376297	2.492983
36900	-1252.709	-1463.833	211.1235	0.9331858	4.460683	2.550118	0.625899	0.374101	2.412168
36906	-1250.341	-1462.488	212.1474	0.9510779	3.786797	1.840245	0.766089	0.233911	2.135907
36912	-1253.51	-1465.015	211.5052	0.9297871	3.409641	2.185252	0.60701	0.39299	2.518417
36918	-1247.757	-1459.236	211.4786	1.041985	3.409641	2.185252	0.763586	0.236414	2.464824
36924	-1228.079	-1438.142	210.0628	0.7149804	5.09188	1.048127	0.753365	0.246635	3.668417
36930	-1238.275	-1449.05	210.7748	0.593377	5.913925	1.048127	0.770473	0.229527	3.197897
36936	-1233.703	-1444.594	210.8906	0.7999126	5.508573	1.551554	0.7404	0.2596	2.816092
36942	-1237.441	-1447.77	210.3289	0.6674827	4.431072	1.551554	0.732079	0.267921	3.411316
36948	-1248.352	-1458.971	210.6195	0.8855384	4.404089	1.870863	0.626008	0.373992	2.989072
36954	-1253.266	-1463.796	210.5304	0.6632058	4.847777	1.217962	0.722186	0.277814	3.376029
36960	-1254.517	-1465.297	210.7805	0.6453666	5.492405	1.217962	0.713369	0.286631	3.134796
36966	-1263.836	-1475.078	211.2426	0.8550621	5.853132	1.28923	0.761885	0.238115	2.636746
36972	-1258.081	-1468.165	210.0844	0.7099697	5.303604	1.486414	0.753557	0.246443	3.410567
36978	-1247.987	-1459.006	211.019	0.6860574	4.898941	2.103037	0.767419	0.232581	2.695123
36984	-1246.434	-1457.191	210.7572	0.7706888	5.498586	2.103037	0.800026	0.199974	2.703833
36990	-1253.082	-1465.435	212.3535	1.063621	5.931891	1.412236	0.757445	0.242555	1.698452
36996	-1253.127	-1465.466	212.3393	1.119484	4.995561	1.412236	0.768686	0.231314	1.839952
37002	-1238.963	-1450.815	211.8522	0.9308172	5.294817	1.288415	0.78783	0.21217	2.297105
37008	-1248.445	-1459.793	211.3482	0.8369573	4.459047	1.712094	0.641517	0.358483	2.626658
37014	-1262.95	-1475.536	212.586	1.065741	6.12187	1.732115	0.761972	0.238028	1.318048
37020	-1238.678	-1449.35	210.6715	0.5331066	6.953329	0.7899729	0.764745	0.235255	3.317569
37026	-1249.585	-1459.836	210.2501	0.4682356	7.744234	1.220319	0.789641	0.210359	3.253818
37032	-1248.837	-1460.178	211.3411	1.125179	6.34473	1.442141	0.809218	0.190782	2.255367
37038	-1250.339	-1461.848	211.5086	0.8826783	4.761084	1.442141	0.727317	0.272683	2.561207
37044	-1244.833	-1456.35	211.5176	0.8915523	5.298819	1.616162	0.73093	0.26907	2.376833
37050	-1241.63	-1453.314	211.6846	1.07499	6.26185	1.096925	0.764961	0.235039	2.265132
37056	-1236.817	-1449.231	212.4141	0.9923034	6.105578	0.9396107	0.772154	0.227846	1.967346
37062	-1241.397	-1453.105	211.7077	0.9838295	6.688521	1.268172	0.772154	0.227846	2.148996
37068	-1239.234	-1450.77	211.5363	0.8129909	6.517032	1.237215	0.805983	0.194017	2.409464
37074	-1242.556	-1453.958	211.4028	0.7410218	5.471331	1.09474	0.7704	0.2296	2.772378
37080	-1243.104	-1455.379	212.2746	1.09277	5.102692	0.6492235	0.710291	0.289709	2.384796
37086	-1245.299	-1458.034	212.7353	1.267265	5.102692	0.5986767	0.792611	0.207389	2.019903
37092	-1266.214	-1476.84	210.6265	0.8545735	6.222404	0.9443784	0.720427	0.279573	3.148927
37098	-1258.128	-1469.241	211.1132	0.7493012	7.741257	1.083647	0.721705	0.278295	2.638754
37104	-1239.998	-1451.11	211.1127	0.8953376	4.892585	1.352368	0.708011	0.291989	2.816068
37110	-1244.068	-1455.133	211.0655	0.8043805	6.084498	2.039204	0.720273	0.279727	2.423476
37116	-1243.456	-1455.582	212.1262	0.9473556	5.132827	1.393787	0.700521	0.299479	2.082523
37122	-1273.56	-1484.37	210.81	0.7453933	7.82505	1.024083	0.807802	0.192198	2.851592
37128	-1277.924	-1489.578	211.6531	0.8836541	5.364007	1.310361	0.655207	0.344793	2.430175
37134	-1265.117	-1476.327	211.21	0.7193181	5.474521	0.8816166	0.760371	0.239629	3.031703
37140	-1245.062	-1456.868	211.8059	1.098034	5.277913	1.320561	0.713186	0.286814	2.2054
37146	-1234.384	-1446.401	212.0165	0.9436601	5.277913	1.373876	0.73129	0.26871	2.141211
37152	-1236.956	-1447.452	210.4958	0.7253023	5.277913	2.624378	0.73129	0.26871	2.762706
37158	-1249.093	-1460.24	211.1477	0.8915631	6.118191	1.527844	0.793196	0.206804	2.51891
37164	-1244.076	-1455.336	211.2602	0.789412	6.193422	1.215164	0.749684	0.250316	2.654433
37170	-1237.281	-1448.225	210.9432	0.5376713	6.793248	1.215164	0.767532	0.232468	2.918373
37176	-1231.251	-1442.21	210.9588	0.8242817	5.699803	1.616291	0.745844	0.254156	2.701874
37182	-1234.979	-1446.236	211.2575	0.954222	5.815443	1.039843	0.694517	0.305483	2.70939
37188	-1235.82	-1446.921	211.1014	0.8234495	7.142319	0.8271699	0.800745	0.199255	2.837541
37194	-1245.014	-1456.831	211.8165	0.9451903	6.960976	1.536179	0.760507	0.239493	1.925623
37200	-1255.089	-1466.191	211.1019	0.8099615	6.785471	1.773022	0.802588	0.197412	2.398602
37206	-1255.634	-1466.331	210.6969	0.8369919	5.021481	1.773022	0.696725	0.303275	2.899279
37212	-1247.706	-1459.141	211.4348	0.9141814	6.0221	1.240381	0.753322	0.246678	2.480365
37218	-1243.516	-1453.623	210.1076	0.6841754	5.936331	1.240381	0.675883	0.324117	3.43172
37224	-1235.334	-1446.739	211.4044	0.6678297	5.936331	1.240381	0.761435	0.238565	2.66503
37230	-1244.048	-1455.55	211.5022	0.8314882	5.015065	1.085119	0.712223	0.287777	2.737098
37236	-1245.913	-1456.932	211.0189	0.9083908	4.987299	1.206899	0.73208	0.26792	2.921887
37242	-1250.825	-1461.61	210.7855	0.8493596	4.987299	1.905021	0.576193	0.423807	2.793692
37248	-1245.62	-1455.919	210.2992	0.7431664	5.326832	2.072251	0.766813	0.233187	3.035783
37254	-1245.651	-1456.257	210.6062	0.8759773	5.955391	1.374105	0.767421	0.232579	2.954725
37260	-1243.322	-1454.456	211.1339	0.6766493	6.1149	0.9233433	0.700963	0.299037	2.980418
37266	-1245.073	-1456.062	210.9886	0.6531537	6.860639	0.9233433	0.814828	0.185172	2.980418
37272	-1237.797	-1449.315	211.5178	0.7762002	5.870609	1.640664	0.815369	0.184631	2.346251
37278	-1239.447	-1450.47	211.0223	0.6750794	6.436981	1.384423	0.786135	0.213865	2.750737
37284	-1243.367	-1455.114	211.7468	0.8127475	8.765209	0.8936973	0.734135	0.265865	2.20051
37290	-1247.668	-1459.433	211.7654	0.7068438	6.924259	1.177923	0.799205	0.200795	2.307315
37296	-1234.952	-1446.772	211.8204	0.9150577	5.97279	0.7743041	0.82775	0.17225	2.539251
37302	-1227.537	-1439.397	211.8602	0.9328251	6.592156	0.75058	0.775441	0.224559	2.431282
37308	-1230.096	-1441.606	211.5097	0.8360035	7.831617	1.013229	0.688721	0.311279	2.368262
37314	-1229.449	-1440.887	211.4379	0.7769554	8.290983	1.013229	0.837485	0.162515	2.396193
37320	-1230.236	-1441.957	211.7211	0.9434246	7.371119	1.013229	0.785831	0.214169	2.222818
37326	-1236.846	-1449.263	212.4173	0.9554463	6.616764	0.8478261	0.799121	0.200879	1.978014
37332	-1231.696	-1443.394	211.6983	0.9561044	6.616764	0.8478261	0.838425	0.161575	2.442666
37338	-1248.985	-1460.813	211.8286	1.053489	5.983499	1.221769	0.834769	0.165231	2.156468
37344	-1244.385	-1455.79	211.4046	0.9039227	6.36301	1.97763	0.768419	0.231581	2.123479
37350	-1233.451	-1445.333	211.8819	0.9532154	7.377727	1.483356	0.81678	0.18322	1.842873
37356	-1231.187	-1442.576	211.3894	0.7071059	9.571935	1.184787	0.81678	0.18322	2.227851
37362	-1249.794	-1460.557	210.7629	0.5771852	5.740254	0.898459	0.820995	0.179005	3.330123
37368	-1250.405	-1460.753	210.3476	0.6299009	5.54202	0.8625765	0.661987	0.338013	3.594536
37374	-1243.43	-1454.613	211.1828	0.8527636	7.60818	1.675085	0.693755	0.306245	2.25211
37380	-1248.014	-1460.156	212.142	0.9861148	7.60818	1.222952	0.801692	0.198308	1.75155
37386	-1255.173	-1466.927	211.7538	1.162756	7.065631	1.222952	0.760135	0.239865	1.971967
37392	-1252.518	-1463.939	211.4208	0.8571057	5.929245	1.16657	0.783786	0.216214	2.578695
37398	-1249.618	-1460.987	211.3693	0.846737	4.712141	1.16657	0.749034	0.250966	2.816442
37404	-1243.667	-1455.541	211.8736	0.8583728	5.860323	0.8295353	0.762031	0.237969	2.517951
37410	-1240.437	-1451.444	211.0067	0.7523683	7.367655	0.9977589	0.785911	0.214089	2.798858
37416	-1243.848	-1455.267	211.4192	1.018023	6.760798	1.211869	0.744474	0.255526	2.333289
37422	-1242.03	-1453.87	211.84	1.020418	5.365702	1.211869	0.80254	0.19746	2.276852
37428	-1243.546	-1455.443	211.8968	1.003897	5.365702	1.316888	0.740046	0.259954	2.19424
37434	-1248.212	-1459.577	211.3659	1.001207	5.014629	1.677068	0.744979	0.255021	2.426181
37440	-1252.321	-1463.652	211.3306	0.99922	5.828739	1.870693	0.759618	0.240382	2.234203
37446	-1243.339	-1454.182	210.8425	0.7478107	4.829172	1.260011	0.672601	0.327399	3.123591
37452	-1256.227	-1467.393	211.1666	0.8298624	4.829172	1.36659	0.733755	0.266245	2.827369
37458	-1250.487	-1462.052	211.5653	0.7168312	4.829172	1.470768	0.688166	0.311834	2.603306
37464	-1254.181	-1465.39	211.2086	0.8167169	5.268289	1.470768	0.756848	0.243152	2.686248
37470	-1235.555	-1447.093	211.5376	0.8344828	7.126518	1.143127	0.773965	0.226035	2.363581
37476	-1247.132	-1458.518	211.3862	0.6932291	7.126518	1.143127	0.764478	0.235522	2.547321
37482	-1250.04	-1460.575	210.5354	0.6799648	8.685943	1.176341	0.693438	0.306562	2.875075
37488	-1236.232	-1447.32	211.088	0.6935802	8.685943	1.176341	0.790912	0.209088	2.527514
37494	-1233.291	-1444.784	211.4928	0.8785751	8.685943	1.176341	0.790912	0.209088	2.152313
37500	-1233.731	-1445.842	212.1113	1.007002	4.91681	1.255317	0.725196	0.274804	2.165974
37506	-1231.339	-1443.685	212.3462	1.058995	5.300788	1.526953	0.785479	0.214521	1.759893
37512	-1231.306	-1442.92	211.6133	0.9466882	5.815156	1.526953	0.719136	0.280864	2.236096
37518	-1234.606	-1444.658	210.0522	0.6948773	5.815156	1.526953	0.661968	0.338032	3.343727
37524	-1239.523	-1451.509	211.9854	0.983568	5.63707	1.548614	0.747504	0.252496	1.987086
37530	-1235.613	-1447.272	211.6589	0.8181497	5.818113	1.876506	0.747504	0.252496	2.13816
37536	-1243.84	-1454.894	211.054	1.021174	4.988171	1.676276	0.747504	0.252496	2.613245
37542	-1239.859	-1450.096	210.2369	0.8065632	7.345342	1.332943	0.751726	0.248274	3.052275
37548	-1237.679	-1449.115	211.4352	1.049724	7.579617	1.61517	0.769888	0.230112	1.988463
37554	-1242.889	-1454.919	212.0304	1.0772	6.012997	1.203726	0.761765	0.238235	2.013699
37560	-1233.791	-1445.373	211.5812	0.8835692	6.652376	1.42195	0.791831	0.208169	2.221501
37566	-1243.422	-1455.11	211.6882	0.8840887	6.913237	1.42195	0.766165	0.233835	2.11469
37572	-1232.31	-1443.052	210.7417	0.7385766	6.913237	1.094598	0.755292	0.244708	2.968243
37578	-1239.201	-1450.006	210.8056	0.481676	5.315273	1.272733	0.645866	0.354134	3.217154
37584	-1230.895	-1442.048	211.1529	0.80973	5.366222	1.957247	0.747752	0.252248	2.508554
37590	-1234.653	-1445.545	210.8912	0.5715693	6.85116	1.424885	0.784753	0.215247	2.818679
37596	-1244.135	-1455.188	211.0529	0.9216199	5.304933	1.126094	0.784753	0.215247	2.884277
37602	-1253.514	-1464.136	210.6221	0.5457977	6.65808	1.730616	0.802572	0.197428	2.891869
37608	-1256.7	-1467.129	210.4293	0.5204103	5.247976	1.730616	0.726505	0.273495	3.227751
37614	-1257.248	-1468.476	211.2274	0.8113813	7.363672	1.370165	0.753211	0.246789	2.422348
37620	-1251.259	-1461.32	210.0618	0.5068831	5.292471	1.472495	0.762468	0.237532	3.550114
37626	-1242.117	-1452.098	209.9807	0.6948742	7.945404	1.318717	0.648118	0.351882	3.207535
37632	-1240.554	-1450.911	210.3567	0.7266158	7.47892	1.21633	0.762861	0.237139	3.070335
37638	-1240.095	-1450.273	210.1787	0.7311264	7.84655	1.21633	0.662955	0.337045	3.130554
37644	-1247.256	-1458.425	211.169	0.8670371	6.563135	1.572102	0.75792	0.24208	2.436844
37650	-1246.333	-1456.966	210.6329	0.7242733	8.066343	1.332715	0.768326	0.231674	2.777695
37656	-1248.892	-1459.883	210.9914	0.6672693	8.436126	1.678914	0.743761	0.256239	2.390593
37662	-1246.894	-1458.042	211.1474	0.6065678	5.025593	0.9675839	0.752145	0.247855	3.154024
37668	-1248.259	-1458.479	210.2202	0.7588499	5.025593	1.899149	0.745632	0.254368	3.18333
37674	-1251.102	-1462.125	211.0227	0.8424151	5.023235	1.159331	0.795675	0.204325	2.978463
37680	-1252.571	-1463.232	210.6608	0.775322	6.774008	1.99242	0.681609	0.318391	2.612973
37686	-1257.656	-1469.565	211.9092	0.6169203	7.470248	1.512682	0.838626	0.161374	2.024118
37692	-1249.757	-1461.583	211.8257	0.9980869	5.826481	1.512682	0.783392	0.216608	2.069181
37698	-1247.274	-1458.193	210.9182	0.7355862	5.826481	1.467706	0.679376	0.320624	2.826753
37704	-1250.552	-1461.788	211.2359	0.615637	8.301036	1.467706	0.751626	0.248374	2.378843
37710	-1239.9	-1451.071	211.1714	0.6484409	8.301036	1.142401	0.740192	0.259808	2.565907
37716	-1251.417	-1461.134	209.7166	0.6307532	6.322843	1.142401	0.721284	0.278716	3.686841
37722	-1250.566	-1462.274	211.7082	0.8889969	6.887523	1.427663	0.743873	0.256127	2.099107
37728	-1250.191	-1461.116	210.9243	0.7175763	6.297025	1.659066	0.722441	0.277559	2.682009
37734	-1253.849	-1464.712	210.8633	0.8242713	5.549455	1.664476	0.602392	0.397608	2.763587
37740	-1243.825	-1454.978	211.1529	0.9700817	6.624577	1.036371	0.789884	0.210116	2.649373
37746	-1240.584	-1452.757	212.1726	1.034073	6.624577	1.036371	0.789884	0.210116	1.95573
37752	-1250.015	-1461.906	211.8914	0.8345203	6.797632	1.394231	0.788576	0.211424	2.044062
37758	-1257.881	-1468.838	210.9569	0.684664	7.577249	1.394231	0.802719	0.197281	2.631503
37764	-1248.288	-1459.081	210.7923	0.8077566	6.001011	1.767033	0.732809	0.267191	2.706751
37770	-1262.038	-1471.381	209.3432	0.6822116	7.441928	0.6808278	0.745092	0.254908	4.021193
37776	-1233.026	-1443.707	210.6809	0.7847029	9.728384	0.5813944	0.822371	0.177629	3.022457
37782	-1240.07	-1451.431	211.3613	0.7755291	9.728384	1.074386	0.758609	0.241391	2.250426
37788	-1241.606	-1452.878	211.2723	0.8598094	8.325146	1.074386	0.766648	0.233352	2.407054
37794	-1231.448	-1442.664	211.216	0.7077744	9.039255	1.219996	0.769151	0.230849	2.375616
37800	-1234.105	-1445.121	211.0153	0.5839379	8.389986	1.219996	0.769151	0.230849	2.649948
37806	-1234.277	-1446.027	211.7505	0.8349609	7.907384	1.219996	0.799092	0.200908	2.08117
37812	-1248.31	-1460.246	211.9357	0.8486831	7.083036	1.357043	0.774383	0.225617	1.983977
37818	-1245.55	-1456.431	210.8815	0.7255314	7.545453	0.8945499	0.722428	0.277572	2.934412
37824	-1241.191	-1452.973	211.7823	0.7845718	8.563437	0.7344478	0.761757	0.238243	2.338072
37830	-1239.517	-1450.304	210.7871	0.6721453	8.563437	0.7344478	0.740724	0.259276	3.019858
37836	-1244.859	-1456.734	211.8754	0.9025503	7.171981	1.778601	0.794891	0.205109	1.770915
37842	-1251.772	-1463.917	212.1447	0.9948941	7.372497	1.314052	0.746379	0.253621	1.723211
37848	-1242.332	-1454.339	212.0068	0.9300804	9.087413	1.118403	0.746379	0.253621	1.760163
37854	-1236.857	-1448.869	212.0116	1.065002	7.011198	1.223726	0.793061	0.206939	1.871168
37860	-1228.726	-1441.152	212.4268	1.166789	7.011198	1.223726	0.760503	0.239497	1.503134
37866	-1234.524	-1445.804	211.2805	0.8676367	7.507753	1.917251	0.760503	0.239497	2.091426
37872	-1233.783	-1445.658	211.8742	0.7366335	6.359854	1.241578	0.744586	0.255414	2.263482
37878	-1242.986	-1453.929	210.9429	0.4962368	7.393127	1.347125	0.753597	0.246403	2.800922
37884	-1233.527	-1445.012	211.4851	0.6200758	7.334648	1.347125	0.703118	0.296882	2.395759
37890	-1231.277	-1441.708	210.43	0.6163477	7.121817	1.251458	0.753981	0.246019	3.118148
37896	-1230.817	-1441.052	210.2342	0.7634454	6.293662	1.95579	0.730153	0.269847	2.95933
37902	-1228.257	-1438.817	210.5592	0.8513193	4.586244	1.95579	0.719356	0.280644	2.981393
37908	-1237.749	-1449.557	211.8083	0.9196632	4.485854	1.95579	0.760559	0.239441	2.181777
37914	-1243.462	-1454.974	211.512	0.9429401	4.485854	1.523827	0.776994	0.223006	2.535167
37920	-1233.543	-1444.731	211.1872	0.7677518	5.944956	1.670586	0.689662	0.310338	2.53523
37926	-1227.605	-1438.283	210.6783	0.7619243	6.342805	1.243195	0.771679	0.228321	2.989122
37932	-1237.95	-1448.076	210.1252	0.5285272	6.342805	1.241868	0.74602	0.25398	3.455417
37938	-1230.517	-1440.354	209.8367	0.7168433	6.342805	1.241868	0.74602	0.25398	3.513871
37944	-1231.965	-1442.903	210.9388	0.7683276	6.342805	0.8228356	0.733174	0.266826	3.077087
37950	-1225.444	-1435.618	210.1738	0.6701867	4.98469	1.624316	0.656949	0.343051	3.374969
37956	-1240.238	-1450.31	210.0722	0.7980786	5.644815	0.8959703	0.607679	0.392321	3.620201
37962	-1235.995	-1446.171	210.1754	0.6427157	6.015246	2.325131	0.607679	0.392321	2.983165
37968	-1248.234	-1458.051	209.8173	0.6165848	4.472431	2.985173	0.697847	0.302153	3.276069
37974	-1253.615	-1463.704	210.0884	0.7551891	4.472431	2.985173	0.683016	0.316984	3.032599
37980	-1238.606	-1450.089	211.4829	0.8508967	7.427344	1.301498	0.775444	0.224556	2.261644
37986	-1230.818	-1442.225	211.4076	0.7490337	7.271163	0.8933941	0.786721	0.213279	2.634005
37992	-1234.366	-1445.805	211.4392	0.8881174	9.093486	0.8677194	0.804408	0.195592	2.331389
37998	-1235.655	-1446.906	211.2507	0.8304032	9.093486	0.8677194	0.762491	0.237509	2.486704
38004	-1231.688	-1442.703	211.015	0.8882522	9.093486	0.9684148	0.791819	0.208181	2.530715
38010	-1248.795	-1459.801	211.0056	0.558395	9.093486	1.171991	0.777725	0.222275	2.620958
38016	-1239.45	-1450.822	211.3719	0.6565286	7.155549	1.171991	0.797985	0.202015	2.559212
38022	-1235.547	-1447.202	211.6557	0.9294006	7.155549	1.171991	0.757138	0.242862	2.206756
38028	-1238.025	-1449.86	211.8352	0.774628	7.155549	0.9726163	0.804694	0.195306	2.312624
38034	-1244.642	-1456.054	211.4122	1.076365	8.20056	0.5084782	0.789526	0.210474	2.630562
38040	-1236.983	-1448.391	211.408	0.8910883	5.91414	1.797162	0.72972	0.27028	2.27019
38046	-1246.101	-1457.249	211.1477	0.8172485	5.702023	1.713281	0.708271	0.291729	2.548622
38052	-1244.125	-1455.728	211.6027	1.011431	7.495497	0.9968225	0.768062	0.231938	2.249623
38058	-1242.129	-1453.888	211.7596	0.9225587	7.866505	1.280461	0.70596	0.29404	1.988446
38064	-1233.778	-1444.835	211.0561	0.6805452	7.866505	1.565343	0.770878	0.229122	2.458053
38070	-1242.219	-1453.185	210.9666	0.6805452	7.866505	1.283779	0.683743	0.316257	2.647774
38076	-1232.46	-1443.265	210.8054	0.7329748	6.50029	1.491308	0.733594	0.266406	2.789522
38082	-1257.74	-1469.206	211.4654	0.6724759	6.035838	0.9779807	0.734985	0.265015	2.75927
38088	-1248.614	-1459.397	210.7831	0.8215436	4.987564	1.801354	0.705071	0.294929	2.851259
38094	-1256.212	-1465.998	209.7863	0.7164549	4.987564	1.517649	0.678689	0.321311	3.617706
38100	-1252.028	-1462.475	210.4477	0.8112311	5.712092	1.416826	0.711379	0.288621	3.104595
38106	-1243.366	-1453.989	210.6225	0.6532973	5.712092	1.915678	0.663605	0.336395	2.890794
38112	-1239.974	-1450.832	210.8578	0.8297059	5.712092	1.915678	0.804171	0.195829	2.639489
38118	-1239.85	-1450.901	211.051	0.7969816	5.712092	1.43645	0.705036	0.294964	2.740121
38124	-1244.483	-1454.882	210.3998	0.7195878	7.895594	1.43645	0.793562	0.206438	2.892594
38130	-1245.878	-1457.584	211.7062	0.919863	7.895594	1.340826	0.756272	0.243728	1.989302
38136	-1240.225	-1452.274	212.0487	0.9388052	7.895594	1.317556	0.756272	0.243728	1.755413
38142	-1233.359	-1444.633	211.2742	0.8940211	5.428155	1.191997	0.792347	0.207653	2.710529
38148	-1239.66	-1450.519	210.8584	0.8986017	5.428155	0.8454295	0.727713	0.272287	3.165717
38154	-1238.901	-1448.751	209.8506	0.8153929	6.130633	0.9149079	0.697062	0.302938	3.657734
38160	-1242.572	-1454.14	211.5679	0.9798739	5.613326	1.3158	0.728179	0.271821	2.379539
38166	-1235.39	-1447.044	211.6539	0.9240992	5.339886	1.3158	0.818744	0.181256	2.405386
38172	-1230.028	-1440.895	210.8664	0.759407	5.485189	1.204198	0.738237	0.261763	3.023636
38178	-1230.624	-1442.041	211.4174	0.7424806	5.485189	1.204198	0.783442	0.216558	2.70003
38184	-1225.012	-1436.643	211.6308	0.8808804	6.114581	1.542196	0.761103	0.238897	2.213327
38190	-1229.559	-1440.318	210.7596	0.6332642	5.863456	1.566938	0.760547	0.239453	2.935411
38196	-1224.977	-1435.788	210.8105	0.8039728	5.863456	1.769937	0.738153	0.261847	2.717313
38202	-1236.906	-1448.487	211.5813	0.8029454	4.847248	1.064035	0.74764	0.25236	2.747481
38208	-1242.956	-1453.818	210.8613	0.6386319	6.080709	1.064035	0.737286	0.262714	3.086523
38214	-1237.169	-1448.334	211.1651	0.6908832	5.405757	1.009919	0.745786	0.254214	3.006152
38220	-1236.361	-1447.475	211.1139	0.7318692	5.170954	1.009919	0.787207	0.212793	3.049964
38226	-1235.534	-1446.014	210.4805	0.6006959	7.056687	1.393828	0.706885	0.293115	3.036712
38232	-1229.789	-1440.331	210.5417	0.5497518	5.806304	1.534276	0.757747	0.242253	3.138287
38238	-1224.665	-1435.176	210.5113	0.6486423	5.806304	1.534276	0.65957	0.34043	3.09748
38244	-1232.083	-1442.922	210.8393	0.7199167	4.369202	1.534276	0.695957	0.304043	3.09748
38250	-1239.886	-1450.377	210.4911	0.6080542	6.837879	1.486283	0.796986	0.203014	3.012015
38256	-1233.711	-1445.133	211.4214	0.6539786	7.965085	0.8434779	0.834826	0.165174	2.633629
38262	-1249.711	-1459.299	209.5884	0.6035113	4.9745	1.444193	0.7568	0.2432	3.830811
38268	-1249.345	-1459.681	210.3358	0.7388252	4.9745	1.444193	0.748567	0.251433	3.31753
38274	-1255.601	-1465.738	210.1361	0.4760621	5.824453	1.444193	0.72706	0.27294	3.457342
38280	-1255.449	-1466.14	210.6906	0.5312396	4.707868	1.444193	0.612116	0.387884	3.276009
38286	-1256.303	-1467.844	211.541	0.9261865	4.556327	2.102609	0.681384	0.318616	2.281107
38292	-1243.232	-1454.023	210.7918	0.7231211	5.582667	1.518398	0.774041	0.225959	2.925355
38298	-1242.885	-1453.695	210.8093	0.6296884	5.210155	1.518398	0.682646	0.317354	3.029949
38304	-1233.284	-1442.571	209.2867	0.7337238	5.210155	1.235786	0.745746	0.254254	3.987622
38310	-1242.769	-1453.538	210.7691	0.689521	6.439169	1.721461	0.735551	0.264449	2.748748
38316	-1242.9	-1453.657	210.7577	0.6608384	6.334753	1.188192	0.714012	0.285988	3.03164
38322	-1240.179	-1451.217	211.0381	0.7765773	5.065685	1.267199	0.677612	0.322388	2.945591
38328	-1237.697	-1448.061	210.3648	0.6516101	7.101009	1.308184	0.799279	0.200721	3.110572
38334	-1232.199	-1442.855	210.6556	0.6765017	5.975298	1.060262	0.740804	0.259196	3.203519
38340	-1230.764	-1442.061	211.2966	0.8260439	7.076356	1.060262	0.769597	0.230403	2.574891
38346	-1230.574	-1442.134	211.5603	0.8398701	6.120823	1.180266	0.754297	0.245703	2.466125
38352	-1227.195	-1438.448	211.2527	0.8462196	4.772879	2.358357	0.755393	0.244607	2.386878
38358	-1237.993	-1448.909	210.9158	0.8012805	5.33894	1.973009	0.740105	0.259895	2.659487
38364	-1240.959	-1452.235	211.2766	0.8217188	5.33894	1.973009	0.667647	0.332353	2.422148
38370	-1228.546	-1439.42	210.8738	0.7302854	5.01175	1.980239	0.749596	0.250404	2.780744
38376	-1237.828	-1448.053	210.2248	0.6569882	4.017104	1.980239	0.656061	0.343939	3.393586
38382	-1251.56	-1462.297	210.7371	0.914019	4.313116	1.572657	0.732757	0.267243	3.036729
38388	-1258.342	-1467.659	209.3169	0.7615851	4.313116	1.464719	0.716996	0.283004	4.000113
38394	-1260.222	-1469.622	209.4	0.6324412	4.936995	2.676495	0.714259	0.285741	3.51175
38400	-1249.638	-1459.442	209.804	0.6119767	5.447266	1.67139	0.714259	0.285741	3.533091
38406	-1241.231	-1451.44	210.2091	0.5383056	5.447266	1.20871	0.76865	0.23135	3.545444
38412	-1236.412	-1446.399	209.9867	0.6970117	5.447266	1.532214	0.738729	0.261271	3.433542
38418	-1246.224	-1458.258	212.0347	0.9986853	6.10974	1.118795	0.766305	0.233695	2.097559
38424	-1257.793	-1468.844	211.0514	0.8741092	4.21516	2.622966	0.577825	0.422175	2.521082
38430	-1247.124	-1458.618	211.4944	0.8847877	6.007516	1.312632	0.758841	0.241159	2.425879
38436	-1235.666	-1446.776	211.1096	0.7634337	5.900223	1.571861	0.770836	0.229164	2.635108
38442	-1238.101	-1449.375	211.2741	0.8342165	5.048702	1.571861	0.742861	0.257139	2.62691
38448	-1237.603	-1449.114	211.5104	0.8870101	5.008592	1.380213	0.735086	0.264914	2.543003
38454	-1233.43	-1444.418	210.9886	0.9048471	5.008592	1.421582	0.732261	0.267739	2.832981
38460	-1243.942	-1455.287	211.345	0.7510824	4.690784	1.530908	0.721105	0.278895	2.715577
38466	-1258.982	-1469.132	210.1497	0.6541603	5.79416	1.070264	0.721105	0.278895	3.534191
38472	-1257.845	-1468.814	210.9686	0.7929145	4.989714	1.325582	0.775784	0.224216	2.961515
38478	-1245.903	-1456.907	211.0039	0.8472295	7.038328	1.602305	0.743384	0.256616	2.474678
38484	-1235.575	-1446.732	211.1568	0.7750775	6.156634	0.7987735	0.784681	0.215319	2.985322
38490	-1233.203	-1444.008	210.8045	0.7879467	6.831641	0.7987735	0.764021	0.235979	3.097097
38496	-1241.417	-1452.067	210.6496	0.6658584	7.374393	0.7987735	0.806294	0.193706	3.194066
38502	-1232.754	-1444.078	211.3237	0.5825944	7.499346	1.171546	0.811241	0.188759	2.591623
38508	-1236.869	-1448.279	211.4102	0.7936692	7.499346	1.171546	0.77812	0.22188	2.405579
38514	-1251.652	-1462.548	210.8961	0.5922438	6.901312	1.019851	0.776805	0.223195	3.008019
38520	-1242.018	-1452.29	210.272	0.811761	8.939503	1.019851	0.796722	0.203278	3.015478
38526	-1246.352	-1457.099	210.7473	0.8496775	6.912025	1.065252	0.794217	0.205783	2.914816
38532	-1242.493	-1453.866	211.373	0.7880481	6.912025	1.065252	0.724839	0.275161	2.569777
38538	-1236.083	-1446.959	210.8759	0.8308724	5.351556	1.065252	0.746915	0.253085	3.071848
38544	-1232.45	-1442.959	210.5084	0.7233736	5.351556	1.065252	0.752341	0.247659	3.353162
38550	-1245.948	-1456.487	210.5386	0.7741357	5.462635	1.279917	0.696633	0.303367	3.175464
38556	-1239.778	-1450.324	210.5463	0.5632584	4.67983	1.279917	0.70318	0.29682	3.423329
38562	-1245.306	-1455.188	209.8827	0.7856371	4.269411	1.262513	0.68894	0.31106	3.761359
38568	-1250.834	-1462.015	211.1811	0.6787556	4.269411	1.35727	0.638227	0.361773	3.01662
38574	-1242.348	-1452.384	210.0366	0.738448	4.714593	1.845584	0.699778	0.300222	3.375802
38580	-1234.8	-1444.982	210.1826	0.9244579	5.839668	1.416521	0.738355	0.261645	3.176105
38586	-1221.436	-1431.535	210.0992	0.5502292	5.839668	1.416521	0.750675	0.249325	3.445661
38592	-1251.189	-1461.984	210.7958	0.8753591	5.150313	1.624805	0.714033	0.285967	2.85451
38598	-1253.68	-1464.232	210.552	0.7616406	3.608618	1.624805	0.656033	0.343967	3.357193
38604	-1240.049	-1451.112	211.0625	0.8396513	5.260665	1.624805	0.756134	0.243866	2.69531
38610	-1249.844	-1459.926	210.0824	0.7398025	5.1178	1.719344	0.680909	0.319091	3.32831
38616	-1250.373	-1461.296	210.9231	0.5858356	5.577179	1.590051	0.71726	0.28274	2.898872
38622	-1251.351	-1462.449	211.098	0.7848389	4.193329	2.034376	0.687323	0.312677	2.741543
38628	-1244.685	-1456.026	211.341	0.671325	5.289255	1.362891	0.734835	0.265165	2.741543
38634	-1258.273	-1468.512	210.2385	0.6204481	5.493478	1.353085	0.692464	0.307536	3.40331
38640	-1262.795	-1473.008	210.2131	0.6233851	5.493478	1.427752	0.703406	0.296594	3.382404
38646	-1265.623	-1475.974	210.3509	0.676964	5.493478	1.427752	0.703406	0.296594	3.269744
38652	-1257.981	-1469.12	211.1389	0.7226225	4.615657	1.247347	0.674223	0.325777	3.005432
38658	-1244.391	-1455.986	211.5952	0.8787861	4.830239	1.136401	0.731797	0.268203	2.654088
38664	-1246.243	-1457.378	211.1348	0.9124785	4.830239	1.996833	0.665972	0.334028	2.533504
38670	-1255.834	-1466.735	210.9005	0.7664676	5.932889	0.9516664	0.765286	0.234714	3.074843
38676	-1253.78	-1465.276	211.4963	0.7306891	5.932889	0.9516664	0.684218	0.315782	2.736525
38682	-1252.289	-1462.971	210.6819	0.6606899	5.932889	1.224775	0.770173	0.229827	3.114952
38688	-1248.588	-1459.428	210.8397	0.5527251	6.475812	1.224775	0.759359	0.240641	3.008953
38694	-1247.172	-1458.379	211.2074	0.6156593	7.534829	1.164545	0.759359	0.240641	2.642526
38700	-1251.088	-1460.912	209.8244	0.5306873	5.528681	1.424239	0.739988	0.260012	3.659177
38706	-1247.832	-1457.414	209.5824	0.6800414	5.990328	1.337798	0.691268	0.308732	3.685263
38712	-1244.429	-1455.454	211.0246	0.761472	5.202837	1.337798	0.781058	0.218942	2.905286
38718	-1250.001	-1461.924	211.9232	1.004093	5.107629	1.337798	0.777446	0.222554	2.211191
38724	-1250.706	-1461.756	211.0504	0.7726918	5.71591	1.589073	0.757962	0.242038	2.686486
38730	-1248.501	-1458.66	210.1589	0.7830787	4.857256	1.361904	0.697637	0.302363	3.452241
38736	-1253.504	-1463.524	210.0203	0.7242713	4.764223	1.542058	0.681997	0.318003	3.503962
38742	-1244.554	-1456.879	212.3255	1.141207	4.739023	1.716665	0.770904	0.229096	1.734978
38748	-1249.414	-1460.939	211.5249	1.036357	4.739023	1.716665	0.699117	0.300883	2.33656
38754	-1244.744	-1454.746	210.0011	0.6779467	4.764223	1.278525	0.774781	0.225219	3.660186
38760	-1248.157	-1458.58	210.4228	0.5905128	4.764223	1.278525	0.720982	0.279018	3.465778
38766	-1239.498	-1450.394	210.8969	0.5905128	5.04607	1.937789	0.647096	0.352904	2.861198
38772	-1247.089	-1458.235	211.146	0.6729261	4.552389	1.784473	0.697461	0.302539	2.804714
38778	-1241.42	-1451.737	210.3167	0.8853158	4.099831	1.228544	0.780309	0.219691	3.500434
38784	-1244.001	-1455.388	211.3873	0.8671378	4.443823	1.074472	0.81661	0.18339	2.893424
38790	-1242.104	-1454.445	212.3416	1.204977	5.336259	1.787802	0.800236	0.199764	1.523615
38796	-1248.745	-1461.492	212.7468	1.208805	5.300504	1.563594	0.656514	0.343486	1.33243
38802	-1246.54	-1458.507	211.967	0.993327	5.300504	2.018637	0.826588	0.173412	1.847403
38808	-1238.893	-1450.683	211.7901	0.815755	7.627945	1.771152	0.826588	0.173412	1.82936
38814	-1237.259	-1448.872	211.6129	0.8809874	7.38981	1.771152	0.810801	0.189199	1.938085
38820	-1235.305	-1446.453	211.1482	0.655129	5.570208	1.250404	0.768538	0.231462	2.879767
38826	-1244.14	-1455.836	211.6961	0.7211743	5.570208	1.250404	0.678957	0.321043	2.502549
38832	-1238.948	-1450.267	211.3192	0.8112702	4.896897	1.250404	0.744439	0.255561	2.791652
38838	-1236.58	-1446.797	210.2172	0.9004922	4.859319	2.3979	0.678106	0.321894	2.962944
38844	-1246.53	-1456.726	210.1959	0.7436217	5.572076	2.3979	0.654123	0.345877	2.953883
38850	-1250.286	-1460.902	210.6156	0.847742	3.750837	1.317588	0.634031	0.365969	3.373975
38856	-1246.273	-1456.329	210.0558	0.7730808	5.706829	0.8990182	0.750877	0.249123	3.633211
38862	-1243.131	-1453.689	210.5578	0.6362579	6.582042	1.169013	0.750877	0.249123	3.142187
38868	-1249.688	-1460.949	211.261	0.8706947	5.035751	1.826424	0.749424	0.250576	2.509157
38874	-1242.939	-1453.863	210.9241	0.8158288	5.990417	1.464513	0.668687	0.331313	2.75132
38880	-1247.946	-1458.101	210.1546	0.5738211	6.589521	2.039113	0.753271	0.246729	3.051086
38886	-1238.284	-1449.07	210.7866	0.7330963	6.031716	2.537244	0.753271	0.246729	2.485848
38892	-1231.191	-1442.307	211.1155	0.8750592	5.419801	2.545206	0.702457	0.297543	2.282641
38898	-1228.819	-1440.211	211.3925	0.9297988	5.842681	2.310184	0.767782	0.232218	2.074297
38904	-1241.668	-1453.266	211.5984	0.9436889	5.842681	1.820213	0.772792	0.227208	2.114655
38910	-1243.406	-1454.085	210.6784	0.799901	6.125238	2.092596	0.781414	0.218586	2.642356
38916	-1231.738	-1442.51	210.7723	0.799901	6.125238	1.883256	0.657118	0.342882	2.660564
38922	-1255.929	-1468.429	212.4994	0.8189063	5.740461	1.297857	0.783195	0.216805	1.863242
38928	-1252.073	-1464.6	212.527	0.959127	5.207439	1.297857	0.754657	0.245343	1.843372
38934	-1233.425	-1445.349	211.9236	1.006797	4.824234	1.233237	0.755317	0.244683	2.316049
38940	-1252.01	-1463.709	211.6989	0.8387364	5.112959	1.726383	0.69485	0.30515	2.279754
38946	-1246.258	-1458.016	211.7576	1.056654	5.42892	1.173477	0.678906	0.321094	2.317226
38952	-1248.4	-1460.062	211.6616	1.107891	5.42892	2.128236	0.737294	0.262706	1.911669
38958	-1253.477	-1465.22	211.7432	1.042214	5.756517	1.237555	0.807536	0.192464	2.246347
38964	-1239.545	-1451.455	211.9102	0.9944873	5.756517	1.587728	0.764295	0.235705	1.991416
38970	-1238.761	-1450.27	211.5089	1.06364	5.756517	1.540628	0.764295	0.235705	2.231046
38976	-1249.307	-1460.522	211.2148	0.7211209	5.756517	1.41292	0.751087	0.248913	2.69045
38982	-1247.976	-1459.261	211.2857	0.9147	5.277035	1.302748	0.706471	0.293529	2.657811
38988	-1245.152	-1456.149	210.9974	0.9326124	4.070572	1.302748	0.763292	0.236708	3.039705
38994	-1254.2	-1465.003	210.8028	0.9743445	4.070572	1.302748	0.671278	0.328722	3.130883
39000	-1241.916	-1452.998	211.0822	0.8001448	5.454293	1.92616	0.68178	0.31822	2.555771
39006	-1243.434	-1453.699	210.2644	0.9652334	5.454293	0.9947828	0.68178	0.31822	3.379015
39012	-1230.58	-1441.53	210.9496	0.6547685	4.49654	1.362616	0.650485	0.349515	3.124311
39018	-1232.664	-1443.623	210.9583	0.7559039	4.49654	1.149709	0.718883	0.281117	3.165666
39024	-1232.717	-1443.647	210.93	0.7858694	5.407345	1.284528	0.800846	0.199154	2.940874
39030	-1241.406	-1453.355	211.9489	0.965258	5.144834	1.102394	0.783803	0.216197	2.343087
39036	-1239.63	-1451.401	211.7707	1.128276	5.433587	1.037064	0.794159	0.205841	2.343087
39042	-1233.91	-1445.892	211.9821	1.156056	8.08865	1.184747	0.702189	0.297811	1.702554
39048	-1233.285	-1444.302	211.0169	0.9660002	7.428376	1.115699	0.702129	0.297871	2.584305
39054	-1245.949	-1457.483	211.534	1.054536	5.630199	0.8699081	0.693552	0.306448	2.614512
39060	-1244.083	-1455.422	211.3389	1.009586	5.184482	0.8699081	0.721257	0.278743	2.833343
39066	-1241.638	-1452.848	211.21	0.7886809	4.733009	1.24555	0.721805	0.278195	2.902857
39072	-1247.328	-1458.241	210.9131	0.8326208	4.571614	1.635202	0.784022	0.215978	2.905623
39078	-1243.619	-1454.265	210.646	0.7827789	4.571614	1.210455	0.701585	0.298415	3.289352
39084	-1246.243	-1457.12	210.877	0.6957014	5.676932	1.719175	0.657343	0.342657	2.791497
39090	-1242.163	-1453.7	211.5373	1.072458	6.488347	1.302197	0.767202	0.232798	2.212771
39096	-1239.793	-1451.179	211.3862	0.8016663	8.481781	1.326486	0.798122	0.201878	2.212771
39102	-1232.521	-1443.974	211.453	0.8417013	8.878642	1.326486	0.792948	0.207052	2.097354
39108	-1238.408	-1449.462	211.0534	0.661357	8.878642	1.301941	0.792948	0.207052	2.4814
39114	-1244.817	-1455.759	210.9421	0.881049	8.878642	1.301941	0.770584	0.229416	2.413244
39120	-1260.054	-1471.429	211.375	0.8961226	7.234635	1.278214	0.785477	0.214523	2.339108
39126	-1251.521	-1463.483	211.9625	0.9964015	6.950231	1.313254	0.778305	0.221695	1.909119
39132	-1264.68	-1476.227	211.5474	1.092762	6.530041	1.77605	0.773211	0.226789	1.961081
39138	-1257.812	-1470.116	212.3034	1.038695	6.072993	1.466766	0.777087	0.222913	1.69826
39144	-1249.472	-1461.31	211.8384	1.038695	5.073728	2.064003	0.718709	0.281291	1.928156
39150	-1253.116	-1463.956	210.84	0.7849236	5.972003	1.086073	0.733023	0.266977	3.014938
39156	-1249.341	-1459.58	210.2387	0.7368892	7.200962	1.034464	0.683868	0.316132	3.266906
39162	-1253.635	-1465.4	211.765	1.004566	6.453771	1.704777	0.769176	0.230824	1.916871
39168	-1241.023	-1452.744	211.7212	0.8440886	7.49892	1.035842	0.791221	0.208779	2.255851
39174	-1237.192	-1448.432	211.2398	0.8402018	7.708419	1.847035	0.761941	0.238059	2.138343
39180	-1235.333	-1446.628	211.2956	0.8644034	7.708419	1.042033	0.809881	0.190119	2.482553
39186	-1233.152	-1445.344	212.1921	0.986208	7.023553	1.042033	0.791507	0.208493	1.91277
39192	-1238.697	-1450.353	211.6555	0.8584735	6.71758	1.160917	0.826374	0.173626	2.318941
39198	-1228.629	-1439.455	210.8258	0.5271137	6.790575	1.316339	0.74331	0.25669	2.944772
39204	-1234.396	-1445.48	211.0837	0.6932852	5.012526	1.332893	0.742944	0.257056	2.944772
39210	-1245.963	-1457.706	211.7433	0.7035476	10.56481	0.7581479	0.823903	0.176097	2.185457
39216	-1235.172	-1446.882	211.7096	0.6562821	10.3071	0.7581479	0.823903	0.176097	2.262997
39222	-1233.602	-1445.105	211.5032	0.6037913	10.3071	1.123346	0.815159	0.184841	2.1814
39228	-1244.563	-1456.048	211.4847	0.6661137	9.593599	1.183726	0.734637	0.265363	2.191069
39234	-1241.494	-1452.086	210.5924	0.6631999	7.195074	1.374581	0.805367	0.194633	2.923601
39240	-1241.751	-1452.857	211.1057	0.8829849	5.100112	2.245076	0.731446	0.268554	2.435379
39246	-1245.121	-1456.977	211.8565	0.9122173	5.100112	1.046944	0.742192	0.257808	2.475796
39252	-1249.289	-1461.131	211.8413	0.842361	5.415903	1.046944	0.741634	0.258366	2.475796
39258	-1237.547	-1449.353	211.806	0.8502294	5.415903	1.132549	0.718975	0.281025	2.442641
39264	-1238.393	-1449.633	211.2406	0.6893858	6.467614	1.775837	0.677339	0.322661	2.430566
39270	-1233.308	-1444.736	211.4277	0.8500849	6.467614	1.305826	0.731255	0.268745	2.425524
39276	-1238.184	-1448.542	210.358	0.6584189	5.419516	1.061589	0.743354	0.256646	3.470874
39282	-1234.282	-1444.657	210.3747	0.6501596	5.419516	1.043928	0.755784	0.244216	3.475846
39288	-1243.45	-1453.717	210.2661	0.5539389	6.494706	1.043928	0.64046	0.35954	3.44267
39294	-1232.345	-1441.99	209.6454	0.5545827	5.630313	1.622319	0.732827	0.267173	3.650607
39300	-1231.678	-1442.251	210.5734	0.8104995	4.948239	1.490526	0.736714	0.263286	3.118347
39306	-1225.874	-1436.998	211.1239	0.9798762	4.597734	1.490526	0.736714	0.263286	2.74589
39312	-1239.558	-1451.231	211.6734	0.9798762	4.759004	0.831387	0.737675	0.262325	2.747222
39318	-1231.675	-1442.953	211.2773	0.9160153	6.013827	0.831387	0.737675	0.262325	2.825078
39324	-1246.923	-1458.178	211.2544	0.8609027	8.805821	1.298883	0.771564	0.228436	2.236847
39330	-1238.05	-1449.045	210.9951	0.5916987	8.665799	1.294077	0.720925	0.279075	2.588433
39336	-1233.302	-1444.513	211.2115	0.8454152	9.425115	1.294077	0.807931	0.192069	2.208991
39342	-1237.279	-1448.53	211.251	0.7458072	9.961456	1.14298	0.807931	0.192069	2.275667
39348	-1241.241	-1452.157	210.9166	0.7254371	9.768981	0.874043	0.805692	0.194308	2.68526
39354	-1251.347	-1462.332	210.9846	0.6367101	9.768981	1.264052	0.800761	0.199239	2.466301
39360	-1248.18	-1459.057	210.8772	0.685471	9.816739	1.388027	0.737111	0.262889	2.435441
39366	-1250.402	-1461.693	211.291	0.9362725	6.332933	1.388027	0.752658	0.247342	2.435441
39372	-1239.933	-1451.672	211.7387	0.8365587	5.304294	1.388027	0.767711	0.232289	2.376805
39378	-1248.753	-1459.688	210.9351	0.8830335	6.793555	1.388027	0.736836	0.263164	2.626082
39384	-1250.612	-1462.761	212.1496	1.167874	5.14736	1.380057	0.695615	0.304385	1.924461
39390	-1260.94	-1473.121	212.1804	1.306017	6.184245	2.412968	0.765315	0.234685	1.113697
39396	-1264.93	-1477.156	212.2261	1.431784	6.658179	1.840707	0.753826	0.246174	1.150898
39402	-1262.721	-1475.25	212.5289	1.323756	5.473366	1.840707	0.807356	0.192644	1.227942
39408	-1258.134	-1470.227	212.0932	1.139115	5.941513	1.957902	0.758152	0.241848	1.564519
39414	-1226.705	-1437.538	210.833	0.7698802	7.77275	1.272381	0.763162	0.236838	2.691947
39420	-1239.317	-1449.516	210.1992	0.7628476	6.140761	1.272381	0.645396	0.354604	3.286998
39426	-1243.277	-1454.546	211.2688	0.6866572	5.632293	1.556489	0.754067	0.245933	2.632229
39432	-1242.733	-1454.179	211.4462	0.9086184	5.36786	1.143214	0.677185	0.322815	2.632229
39438	-1246.929	-1458.867	211.9385	0.9215404	4.751489	1.143214	0.795709	0.204291	2.4241
39444	-1251.422	-1463.111	211.6883	0.867891	5.71563	1.863858	0.733807	0.266193	2.108197
39450	-1236.27	-1448.002	211.732	0.9310861	5.71563	1.4207	0.761759	0.238241	2.236577
39456	-1237.491	-1448.807	211.3156	0.82276	5.71563	1.287024	0.76596	0.23404	2.633856
39462	-1250.244	-1462.029	211.7849	0.9424745	5.891419	1.363929	0.76596	0.23404	2.195423
39468	-1243.998	-1455.262	211.2643	0.887645	6.100158	1.696399	0.75781	0.24219	2.377222
39474	-1242.4	-1453.256	210.856	0.6721674	6.101241	1.444889	0.724241	0.275759	2.872905
39480	-1253.423	-1464.688	211.2645	0.750197	9.263809	0.9079874	0.729371	0.270629	2.48268
39486	-1250.161	-1461.012	210.851	0.6422764	9.332295	1.48454	0.699611	0.300389	2.48268
39492	-1237.154	-1448.363	211.2091	0.7284678	8.52544	0.9827863	0.744986	0.255014	2.56223
39498	-1246.617	-1457.987	211.37	0.7676961	8.52544	1.146401	0.795994	0.204006	2.338272
39504	-1251.438	-1463.761	212.3227	1.041613	6.174014	0.7925672	0.772545	0.227455	2.093278
39510	-1248.294	-1459.474	211.1792	0.8511398	4.645091	2.139204	0.806357	0.193643	2.52719
39516	-1247.15	-1458.078	210.928	0.7646069	4.744102	1.072924	0.780465	0.219535	3.176614
39522	-1255.903	-1466.47	210.5675	0.7757123	4.86181	1.336362	0.796398	0.203602	3.227473
39528	-1253.506	-1465.175	211.6689	0.7801359	4.290928	1.341542	0.743231	0.256769	2.66244
39534	-1250.403	-1460.778	210.3751	0.6229225	4.847746	1.907356	0.729747	0.270253	3.198963
39540	-1255.746	-1465.758	210.0113	0.5920877	4.365784	2.088681	0.729747	0.270253	3.453656
39546	-1255.779	-1465.063	209.284	0.7443116	4.902281	1.748008	0.683426	0.316574	3.814163
39552	-1251.396	-1462.463	211.0667	0.7595401	5.271456	1.310015	0.79387	0.20613	2.883436
39558	-1267.622	-1478.493	210.8706	0.6924139	5.919249	1.926227	0.79387	0.20613	2.680617
39564	-1260.608	-1472.013	211.4053	0.6178927	5.919249	1.17113	0.781405	0.218595	2.734576
39570	-1264.84	-1475.42	210.5805	0.7581868	5.380369	1.243454	0.757254	0.242746	3.191035
39576	-1266.678	-1477.245	210.5667	0.7185774	4.961186	1.078389	0.714655	0.285345	3.377095
39582	-1259.741	-1470.29	210.5487	0.7536753	5.207181	1.078389	0.708867	0.291133	3.327084
39588	-1259.34	-1469.617	210.2769	0.7288791	5.207181	1.428716	0.694271	0.305729	3.327084
39594	-1260.513	-1470.832	210.319	0.6867916	5.207181	1.428716	0.618197	0.381803	3.327084
39600	-1270.014	-1480.428	210.4148	0.5813085	4.757813	1.656476	0.781183	0.218817	3.310797
39606	-1260.546	-1470.811	210.2647	0.775644	6.989866	0.940501	0.682426	0.317574	3.310797
39612	-1249.461	-1460.842	211.3816	0.7438521	5.100552	1.346541	0.749467	0.250533	2.711628
39618	-1251.813	-1462.29	210.477	0.8035135	5.061721	1.168357	0.720558	0.279442	3.314918
39624	-1250.564	-1461.249	210.6851	0.5583156	5.833033	1.366456	0.74769	0.25231	3.1192
39630	-1245.952	-1455.956	210.0038	0.5130068	5.833033	1.366456	0.633875	0.366125	3.54674
39636	-1248.962	-1459.229	210.2663	0.6281966	7.258733	1.216245	0.708321	0.291679	3.209319
39642	-1241.744	-1453.197	211.4533	0.708624	5.167984	1.224892	0.772413	0.227587	2.739562
39648	-1254.582	-1464.49	209.9077	0.7610224	6.105914	1.836847	0.777108	0.222892	3.225272
39654	-1252.923	-1464.345	211.4219	0.7703979	5.875633	1.63867	0.775086	0.224914	2.41072
39660	-1243.502	-1454.438	210.9364	0.5635929	6.673993	1.641773	0.768641	0.231359	2.723972
39666	-1246.49	-1457.699	211.2094	0.8199023	4.350842	2.091036	0.779597	0.220403	2.600508
39672	-1243.071	-1453.82	210.7487	0.8484978	5.124522	2.478517	0.70295	0.29705	2.600508
39678	-1252.675	-1463.82	211.1455	0.7548339	5.272614	2.355689	0.758588	0.241412	2.424859
39684	-1240.385	-1451.401	211.0162	0.6715761	5.954274	1.395741	0.766297	0.233703	2.820335
39690	-1267.26	-1477.843	210.5833	0.7946991	3.739198	1.396034	0.687191	0.312809	3.389985
39696	-1243.491	-1453.754	210.2632	0.5704819	4.064232	1.681771	0.724335	0.275665	3.522389
39702	-1252.383	-1463.298	210.9148	0.6907259	4.800418	1.415143	0.694426	0.305574	3.04518
39708	-1245.274	-1455.133	209.8598	0.5746879	4.905034	1.415143	0.743805	0.256195	3.715122
39714	-1244.156	-1454.267	210.1116	0.5704727	5.624321	1.254038	0.733321	0.266679	3.53435
39720	-1235.931	-1447.121	211.1896	0.6806923	5.624321	1.254038	0.779239	0.220761	2.828899
39726	-1236.87	-1447.594	210.7246	0.7899808	6.073821	1.370242	0.73853	0.26147	2.919859
39732	-1232.024	-1442.733	210.7093	0.5267172	5.7975	1.175132	0.73853	0.26147	3.223676
39738	-1244.123	-1454.982	210.8593	0.6549093	8.394074	1.175132	0.772889	0.227111	2.725778
39744	-1239.077	-1450.111	211.0342	0.6896954	8.394074	1.027674	0.718541	0.281459	2.681298
39750	-1249.615	-1460.509	210.8933	0.7223234	4.647094	1.760224	0.687522	0.312478	2.920142
39756	-1249.274	-1460.26	210.9851	0.6690849	4.045627	1.329417	0.656538	0.343462	3.195985
39762	-1243.791	-1453.791	209.9997	0.3922956	4.436477	2.080982	0.703375	0.296625	3.566652
39768	-1240.135	-1450.019	209.8843	0.4821931	4.436477	1.682359	0.686693	0.313307	3.723939
39774	-1240.39	-1451.161	210.7702	0.7534972	4.698036	1.682359	0.662561	0.337439	2.997318
39780	-1233.088	-1443.401	210.3127	0.6513284	4.698036	1.682359	0.663492	0.336508	3.329727
39786	-1235.121	-1446.098	210.9768	0.6028855	5.549322	1.663806	0.699213	0.300787	2.829536
39792	-1249.288	-1460.036	210.7485	0.8190846	4.989138	1.068322	0.711998	0.288002	3.211679
39798	-1241.913	-1452.742	210.8285	0.7891055	4.138852	1.412444	0.799404	0.200596	3.160609
39804	-1246.271	-1456.471	210.1997	0.6159903	4.138852	1.709651	0.766096	0.233904	3.507699
39810	-1241.014	-1452.212	211.1977	0.9118453	4.236695	1.709651	0.755082	0.244918	2.717205
39816	-1245.025	-1456.069	211.0441	0.9847719	4.236695	1.863148	0.689114	0.310886	2.706349
39822	-1238.381	-1450.597	212.2162	1.04181	4.658848	1.427628	0.74774	0.25226	2.032908
39828	-1253.272	-1464.491	211.2198	1.01683	5.302471	1.586187	0.703068	0.296932	2.497907
39834	-1248.71	-1459.667	210.9567	0.7846782	4.375957	1.561672	0.703068	0.296932	2.975419
39840	-1257.508	-1469.638	212.1304	1.011897	4.937313	1.73356	0.714675	0.285325	1.911456
39846	-1235.249	-1446.584	211.3355	0.7970485	4.937313	1.376187	0.735547	0.264453	2.72088
39852	-1237.863	-1449.311	211.4481	0.8392418	5.168958	1.935845	0.758673	0.241327	2.345509
39858	-1224.003	-1435.202	211.1999	0.7165527	5.64392	1.122717	0.767204	0.232796	2.867863
39864	-1234.995	-1446.602	211.6072	0.7519657	5.873018	1.110189	0.737857	0.262143	2.568523
39870	-1243.002	-1454.64	211.6378	0.9010662	6.514734	1.106454	0.737857	0.262143	2.363346
39876	-1248.71	-1460.171	211.461	0.7291584	7.320342	0.8974439	0.737857	0.262143	2.604364
39882	-1248.117	-1460.038	211.9217	0.9845561	5.092655	1.375575	0.820471	0.179529	2.208125
39888	-1257.831	-1468.844	211.0136	0.7509604	4.78982	2.235594	0.819565	0.180435	2.63292
39894	-1256.059	-1467.39	211.3314	0.9487545	5.906284	0.8974439	0.770802	0.229198	2.743196
39900	-1246.005	-1456.984	210.9791	0.7829162	6.348281	0.8974439	0.740805	0.259195	2.993493
39906	-1247.323	-1458.213	210.8909	0.7905083	5.500646	1.606881	0.636854	0.363146	2.799108
39912	-1242.468	-1454.019	211.5512	0.9770357	6.095549	1.200356	0.704456	0.295544	2.378156
39918	-1250.996	-1463.009	212.0127	0.9837002	4.883982	0.9387138	0.747068	0.252932	2.439329
39924	-1249.871	-1461.943	212.0722	0.9837002	6.394405	0.8083138	0.761193	0.238807	2.248324
39930	-1248.699	-1459.461	210.7622	0.7811804	6.040207	1.673046	0.743535	0.256465	2.773622
39936	-1251.896	-1463.162	211.2656	0.8273955	6.040207	1.985798	0.750872	0.249128	2.308464
39942	-1252.281	-1462.69	210.4094	0.5752683	5.03237	1.486861	0.678289	0.321711	3.342154
39948	-1263.623	-1474.804	211.1817	0.7988323	5.03237	1.502144	0.778905	0.221095	2.739097
39954	-1257.214	-1468.457	211.2431	1.110805	4.670893	1.5527	0.710228	0.289772	2.550409
39960	-1248.684	-1460.22	211.5367	0.9512647	4.670893	1.56866	0.672798	0.327202	2.459563
39966	-1259.353	-1470.041	210.6882	0.6462078	4.670893	1.93567	0.682465	0.317535	3.019107
39972	-1267.614	-1479.27	211.6563	1.157161	4.37284	1.847163	0.663172	0.336828	2.192052
39978	-1251.959	-1463.186	211.227	1.002521	5.892929	2.26299	0.663172	0.336828	2.143338
39984	-1240.007	-1450.567	210.5608	0.813235	4.321233	2.562315	0.73434	0.26566	2.856922
39990	-1238.676	-1449.202	210.5253	0.8167172	5.080801	2.562315	0.710557	0.289443	2.739724
39996	-1230.749	-1441.563	210.814	0.6927398	5.080801	1.498195	0.710557	0.289443	3.019417
40002	-1228.495	-1438.535	210.0396	0.6732984	6.455805	1.796809	0.739797	0.260203	3.165904
40008	-1239.951	-1451.13	211.1789	0.6581093	7.238425	1.582652	0.772386	0.227614	2.465934
40014	-1251.061	-1462.823	211.7616	0.9465394	7.167836	1.892671	0.753546	0.246454	1.770289
40020	-1236.869	-1447.928	211.059	0.6498331	7.167836	1.493965	0.733541	0.266459	2.594778
40026	-1241.696	-1452.349	210.6533	0.6515741	7.167836	1.493965	0.699307	0.300693	2.842322
40032	-1249.104	-1460.207	211.103	0.5460879	7.167836	1.123039	0.784714	0.215286	2.817777
40038	-1241.351	-1452.178	210.8268	0.8125479	6.405375	0.7238841	0.756859	0.243141	3.180206
40044	-1246.769	-1458.292	211.5222	0.7334134	6.566737	1.095686	0.742842	0.257158	2.540199
40050	-1240.446	-1451.757	211.3107	0.8947882	4.75359	1.099357	0.752163	0.247837	2.852597
40056	-1256.436	-1468.238	211.802	0.8571802	5.430041	1.011357	0.715585	0.284415	2.510579
40062	-1251.638	-1463.359	211.721	0.8571802	5.933383	1.003622	0.777269	0.222731	2.486555
40068	-1250.056	-1461.962	211.9057	1.053529	4.390331	1.044448	0.711569	0.288431	2.488298
40074	-1245.456	-1456.544	211.0885	0.73698	3.736395	1.606772	0.735963	0.264037	3.033846
40080	-1253.23	-1464.276	211.0456	0.8510259	4.989979	2.193615	0.744969	0.255031	2.529631
40086	-1248.523	-1460.255	211.7323	0.9508261	3.803578	2.409015	0.750144	0.249856	2.194433
40092	-1241.211	-1452.853	211.6423	0.7294851	5.691227	2.038845	0.722085	0.277915	2.16426
40098	-1254.004	-1465.228	211.224	0.8701582	5.691227	2.566104	0.791653	0.208347	2.16426
40104	-1262.325	-1474.137	211.8117	0.9044779	5.328554	1.408453	0.781858	0.218142	2.272803
40110	-1255.821	-1466.417	210.5966	0.7001469	4.337076	1.282145	0.741765	0.258235	3.373839
40116	-1249.639	-1460.361	210.7218	0.658658	5.846092	1.252318	0.706566	0.293434	3.091102
40122	-1241.35	-1452.32	210.9699	0.7449234	5.846092	1.252318	0.816213	0.183787	2.890309
40128	-1244.824	-1456.001	211.1777	0.6000218	5.846092	1.252318	0.739294	0.260706	2.852251
40134	-1228.917	-1440.044	211.1276	0.6501278	5.846092	1.252318	0.738296	0.261704	2.852251
40140	-1236.573	-1447.056	210.4831	0.4919692	7.247552	1.252318	0.731232	0.268768	3.144578
40146	-1246.845	-1456.868	210.0225	0.4848087	6.075876	1.078608	0.728055	0.271945	3.662022
40152	-1244.746	-1455.51	210.7636	0.6234138	6.933455	1.494141	0.720772	0.279228	2.82236
40158	-1240.706	-1450.989	210.2825	0.669238	5.347191	1.646985	0.796875	0.203125	3.244017
40164	-1242.675	-1453.402	210.7267	0.6730473	7.064347	0.9893168	0.782179	0.217821	3.058526
40170	-1251.824	-1463.103	211.2793	0.8428321	6.020006	1.038435	0.713225	0.286775	2.734488
40176	-1249.99	-1460.767	210.776	0.7265005	6.020006	0.9160453	0.702727	0.297273	3.18247
40182	-1244.306	-1455.44	211.1342	0.8429897	5.921499	0.8241563	0.772528	0.227472	2.974249
40188	-1237.951	-1448.229	210.278	0.5818463	5.921499	1.567137	0.719746	0.280254	3.244843
40194	-1246.236	-1456.268	210.0318	0.6541883	7.048306	1.167101	0.758848	0.241152	3.383473
40200	-1243.643	-1453.83	210.1873	0.4965336	7.766874	1.154125	0.708555	0.291445	3.30592
40206	-1242.79	-1451.638	208.8479	0.6993167	5.605102	1.154125	0.669962	0.330038	4.238474
40212	-1248.66	-1458.244	209.5839	0.7670762	5.605102	1.087884	0.718284	0.281716	3.814267
40218	-1247.635	-1457.78	210.1445	0.7257831	5.598191	1.087884	0.697601	0.302399	3.514584
40224	-1248.126	-1459.18	211.0534	0.6602725	6.75927	1.479212	0.776097	0.223903	2.652334
40230	-1244.79	-1455.773	210.9829	0.7419531	6.59541	1.081025	0.810928	0.189072	2.870363
40236	-1245.28	-1455.634	210.3537	0.9218072	6.259723	0.9449886	0.729485	0.270515	3.265155
40242	-1246.375	-1457.666	211.291	0.7027456	8.445307	1.132318	0.802907	0.197093	2.446506
40248	-1249.741	-1460.56	210.8186	0.8825514	6.548672	1.173116	0.767933	0.232067	2.840021
40254	-1254.261	-1465.197	210.9364	0.7699783	4.936893	1.627887	0.737626	0.262374	2.867888
40260	-1251.78	-1462.392	210.6124	0.7347629	5.964938	1.526497	0.678109	0.321891	2.965434
40266	-1251.892	-1463.174	211.2821	0.8123425	4.815449	1.618267	0.678109	0.321891	2.656246
40272	-1250.283	-1462.244	211.9603	0.9657184	6.018535	1.151414	0.737626	0.262374	2.162609
40278	-1251.399	-1463.021	211.6225	0.9367212	5.458444	1.299366	0.74652	0.25348	2.40604
40284	-1245.455	-1457.198	211.7438	0.8835782	6.010595	1.432303	0.731966	0.268034	2.207142
40290	-1260.907	-1472.94	212.0328	0.8970574	7.921046	0.9993358	0.766539	0.233461	1.986674
40296	-1252.776	-1464.984	212.2082	1.029045	6.574311	0.8760767	0.732742	0.267258	2.053431
40302	-1264.951	-1476.784	211.8338	0.9816222	10.67729	0.9683944	0.785562	0.214438	1.769566
40308	-1248.678	-1460.388	211.7102	0.8931699	10.67729	0.8541718	0.769135	0.230865	1.997408
40314	-1260.872	-1471.666	210.7939	0.7900958	9.961923	0.8541718	0.77558	0.22442	2.715562
40320	-1251.836	-1462.846	211.0097	0.8626163	6.82398	1.653389	0.776383	0.223617	2.46808
40326	-1251.094	-1462.108	211.0141	0.6931556	7.279657	1.596439	0.748	0.252	2.535689
40332	-1243.918	-1454.935	211.0171	0.6293047	8.035524	1.398883	0.824991	0.175009	2.57125
40338	-1236.477	-1447.206	210.7283	0.6795651	8.035524	1.310828	0.757223	0.242777	2.761102
40344	-1240.705	-1451.682	210.977	0.6744273	9.048661	0.8616753	0.749361	0.250639	2.761102
40350	-1244.226	-1455.274	211.0479	0.7280867	9.048661	0.7673508	0.83954	0.16046	2.752184
40356	-1243.312	-1454.066	210.7535	0.8406787	9.048661	1.956729	0.763162	0.236838	2.250667
40362	-1241.531	-1452.23	210.6987	0.8365702	9.048661	1.412463	0.681484	0.318516	2.520403
40368	-1234.796	-1445.348	210.5518	0.6054128	9.048661	1.319518	0.662713	0.337287	2.798408
40374	-1224.789	-1435.316	210.5276	0.7585938	9.048661	1.190612	0.717464	0.282536	2.786029
40380	-1230.186	-1440.66	210.4745	0.6429747	9.192245	1.190612	0.694111	0.305889	2.873636
40386	-1229.957	-1441.196	211.2386	0.7594658	9.192245	0.9108242	0.775353	0.224647	2.498754
40392	-1239.902	-1449.985	210.0825	0.6515117	10.17781	0.6940861	0.720797	0.279203	3.321352
40398	-1249.544	-1460.404	210.8596	0.754362	11.45289	0.6940861	0.758565	0.241435	2.67998
40404	-1228.287	-1440.062	211.7753	1.06105	8.281896	1.028973	0.777139	0.222861	1.984201
40410	-1234.217	-1445.424	211.2063	0.8291749	9.526198	1.095177	0.79956	0.20044	2.323783
40416	-1225.629	-1437.372	211.7431	0.9621662	9.526198	1.096033	0.756145	0.243855	1.883466
40422	-1229.534	-1441.043	211.5089	0.855846	7.497046	1.59539	0.718219	0.281781	2.088172
40428	-1235.114	-1447.526	212.4123	1.105068	7.497046	1.082571	0.667666	0.332334	1.579341
40434	-1242.604	-1454.832	212.2281	1.133427	6.014539	1.624997	0.778618	0.221382	1.612963
40440	-1241.704	-1453.088	211.3839	0.9731335	5.947851	1.312895	0.753906	0.246094	2.448789
40446	-1243.825	-1454.884	211.0583	0.7531713	5.947851	1.862884	0.830383	0.169617	2.546667
40452	-1240.175	-1450.255	210.08	0.683026	5.947851	1.918018	0.707878	0.292122	3.162243
40458	-1250.266	-1461.204	210.9376	0.7187671	6.33761	1.74168	0.799762	0.200238	2.633437
40464	-1238.994	-1450.518	211.5244	0.8365447	5.985364	1.295935	0.77528	0.22472	2.449358
40470	-1240.356	-1451.122	210.7666	0.8457142	5.93584	1.387879	0.714773	0.285227	2.872563
40476	-1240.284	-1450.631	210.3471	0.6875131	5.313792	1.387879	0.673532	0.326468	3.311798
40482	-1240.755	-1450.417	209.6618	0.5327374	5.511915	1.268764	0.702847	0.297153	3.82599
40488	-1239.763	-1449.795	210.0318	0.6440044	5.511915	1.205731	0.723306	0.276694	3.578808
40494	-1255.449	-1465.94	210.4913	0.7495963	5.511915	1.585827	0.714758	0.285242	3.071781
40500	-1237.629	-1447.883	210.2541	0.6956958	5.435007	1.710966	0.73595	0.26405	3.206011
40506	-1242.478	-1453.057	210.5784	0.537723	7.024745	1.316303	0.694608	0.305392	3.056712
40512	-1238.21	-1449.909	211.6987	0.8258747	5.692199	1.637818	0.766093	0.233907	2.228352
40518	-1233.479	-1445.138	211.659	0.8484624	5.692199	1.239674	0.794933	0.205067	2.432249
40524	-1240.163	-1451.617	211.4539	0.7230583	6.942772	1.035953	0.708742	0.291258	2.573311
40530	-1251.78	-1462.513	210.7329	0.6594564	4.507375	1.316303	0.682839	0.317161	3.269989
40536	-1255.304	-1465.836	210.5315	0.6708122	5.166076	1.316303	0.704219	0.295781	3.269989
40542	-1257.836	-1468.036	210.1998	0.4701906	5.166076	1.316303	0.64099	0.35901	3.581669
40548	-1254.101	-1463.881	209.7797	0.392784	5.601121	1.45515	0.704494	0.295506	3.740465
40554	-1240.302	-1451.284	210.9821	0.6922974	7.798742	1.384206	0.787502	0.212498	2.589082
40560	-1252.777	-1463.763	210.9856	0.7301875	7.993034	1.384206	0.814378	0.185622	2.540247
40566	-1258.233	-1468.426	210.1926	0.6697165	7.993034	1.384206	0.631272	0.368728	3.060037
40572	-1247.956	-1459.039	211.0828	0.5888718	6.082638	1.384206	0.682954	0.317046	2.816858
40578	-1256.982	-1468.682	211.7004	0.7925219	6.082638	1.383996	0.752261	0.247739	2.306301
40584	-1249.227	-1460.871	211.6441	0.8399588	6.157072	1.136191	0.680367	0.319633	2.432806
40590	-1250.995	-1461.658	210.6629	0.6209416	6.04806	1.354212	0.705574	0.294426	3.069694
40596	-1254.172	-1464.953	210.7813	0.4942585	5.9162	1.696423	0.806278	0.193722	2.944608
40602	-1260.303	-1471.243	210.9398	0.5800081	5.795651	1.284437	0.699334	0.300666	2.999158
40608	-1250.76	-1461.423	210.6637	0.6533637	5.544615	1.284437	0.782907	0.217093	3.158086
40614	-1246.747	-1457.682	210.9348	0.8067798	6.283741	1.284437	0.673711	0.326289	2.794272
40620	-1249.239	-1459.631	210.3925	0.6755125	6.534315	1.349281	0.730179	0.269821	3.133375
40626	-1247.961	-1458.854	210.8926	0.6623207	7.864483	1.236907	0.629215	0.370785	2.728776
40632	-1252.163	-1464.004	211.8407	0.9948382	4.169811	1.14296	0.697162	0.302838	2.55183
40638	-1247.345	-1458.998	211.6529	0.9872204	6.513277	1.14296	0.742836	0.257164	2.2777
40644	-1254.119	-1466.392	212.273	1.108399	5.125066	1.14296	0.759496	0.240504	2.019244
40650	-1236.065	-1448.104	212.0385	1.086243	4.79915	1.14296	0.714338	0.285662	2.247001
40656	-1247.789	-1459.212	211.4229	0.8451846	5.844248	1.770601	0.757694	0.242306	2.311892
40662	-1244.048	-1454.243	210.1955	0.8618454	5.509105	2.035815	0.757694	0.242306	3.01063
40668	-1246.713	-1458.347	211.6339	0.8286845	7.369554	1.80356	0.749102	0.250898	1.94796
40674	-1247.423	-1458.552	211.1292	0.6521547	6.318081	1.620288	0.697116	0.302884	2.609436
40680	-1229.83	-1440.465	210.6351	0.7365368	6.123736	1.135105	0.683688	0.316312	3.117475
40686	-1230.053	-1441.291	211.2386	0.8499828	6.123736	1.419985	0.682528	0.317472	2.537411
40692	-1237.618	-1448.378	210.7601	0.7744873	5.548599	1.545076	0.748638	0.251362	2.907133
40698	-1232.164	-1442.971	210.8068	0.6373716	5.519351	1.270223	0.662362	0.337638	3.093352
40704	-1230.433	-1440.956	210.5234	0.7902475	5.38569	0.9261723	0.709167	0.290833	3.381746
40710	-1245.781	-1456.071	210.2908	0.6701136	7.147067	0.6726548	0.681034	0.318966	3.523038
40716	-1242.626	-1452.407	209.781	0.5134494	7.811199	0.9989978	0.687624	0.312376	3.614363
40722	-1234.69	-1444.308	209.6183	0.5885223	5.314122	1.21968	0.737378	0.262622	3.872696
40728	-1234.872	-1445.307	210.435	0.8518797	5.314122	1.053962	0.660603	0.339397	3.332944
40734	-1234.091	-1444.255	210.1646	0.7644255	6.163989	1.053962	0.714424	0.285576	3.417908
40740	-1241.991	-1452.772	210.7813	0.6223533	6.2905	1.168343	0.706076	0.293924	3.057175
40746	-1238.187	-1449.164	210.9768	0.9924252	6.808876	1.168343	0.771957	0.228043	2.643509
40752	-1228.298	-1439.975	211.6772	0.9655274	6.808876	1.578229	0.767714	0.232286	2.007209
40758	-1237.024	-1447.9	210.8759	0.9085242	7.381462	1.578229	0.784139	0.215861	2.482519
40764	-1249.925	-1461.142	211.2174	0.8023517	7.710227	1.528385	0.716981	0.283019	2.314886
40770	-1255.872	-1467.515	211.6429	1.018295	7.600645	0.8996147	0.777897	0.222103	2.270931
40776	-1251.334	-1463.106	211.7728	0.846745	7.600645	1.251212	0.777022	0.222978	2.080619
40782	-1238.36	-1449.326	210.9665	0.7826499	5.254781	1.80233	0.688509	0.311491	2.71802
40788	-1237.129	-1447.945	210.8165	0.9161875	6.076998	1.5199	0.707435	0.292565	2.71802
40794	-1245.811	-1456.215	210.405	0.8462707	6.528167	1.443726	0.707435	0.292565	2.980868
40800	-1243.271	-1454.143	210.8716	0.8031107	5.908118	1.335766	0.742769	0.257231	2.863844
40806	-1230.702	-1442.291	211.5897	0.9388903	6.169656	0.8181292	0.759104	0.240896	2.60623
40812	-1235.544	-1446.819	211.2748	0.9607931	5.090139	0.8181292	0.719947	0.280053	2.952749
40818	-1227.354	-1439.311	211.9566	1.026823	5.499874	0.8181292	0.753759	0.246241	2.425671
40824	-1241.221	-1453.326	212.1055	1.184611	5.413677	0.8181292	0.758884	0.241116	2.244832
40830	-1241.641	-1453.427	211.7856	0.9733202	7.377261	0.7687276	0.819082	0.180918	2.333
40836	-1245.045	-1456.322	211.2762	0.7986742	7.377261	0.7678419	0.725894	0.274106	2.759452
40842	-1238.831	-1448.846	210.0154	0.6957076	7.377261	1.053895	0.82405	0.17595	3.39016
40848	-1234.082	-1444.139	210.0571	0.7366711	6.310716	1.053895	0.68488	0.31512	3.477024
40854	-1243.588	-1455.07	211.4819	0.9220428	6.310716	0.8759514	0.728967	0.271033	2.622444
40860	-1257.576	-1469.239	211.663	0.8740834	6.429186	1.666992	0.810599	0.189401	2.092411
40866	-1246.523	-1457.817	211.2938	0.9139487	6.333001	1.666992	0.756369	0.243631	2.319654
40872	-1246.099	-1458.209	212.1106	1.167474	5.787127	1.666992	0.751951	0.248049	1.69214
40878	-1237.29	-1448.464	211.1743	1.060781	6.278407	0.8994922	0.711787	0.288213	2.715105
40884	-1231.536	-1442.951	211.415	0.8417275	6.278407	0.8896397	0.823648	0.176352	2.70841
40890	-1243.149	-1453.298	210.1496	0.6884846	6.278407	0.8896397	0.751806	0.248194	3.553515
40896	-1251.846	-1462.06	210.2135	0.7628915	6.508383	0.7232839	0.83886	0.16114	3.556204
40902	-1238.807	-1449.779	210.9721	0.7245994	8.064521	0.7803419	0.786399	0.213601	2.898289
40908	-1237.859	-1448.857	210.9977	0.7770764	7.589654	0.7803419	0.761306	0.238694	2.906608
40914	-1241.583	-1452.946	211.3628	0.9042917	7.932281	0.7803419	0.789111	0.210889	2.564462
40920	-1267.579	-1478.722	211.1435	0.6858452	6.237601	1.781793	0.741934	0.258066	2.524371
40926	-1246.359	-1458.11	211.751	1.009833	5.907835	1.781793	0.766361	0.233639	1.975484
40932	-1256.841	-1467.482	210.641	0.6689986	7.519213	1.61981	0.71616	0.28384	2.740771
40938	-1258.779	-1468.566	209.7869	0.6721601	8.138276	1.079129	0.735861	0.264139	3.436733
40944	-1252.743	-1463.941	211.1974	0.6621274	5.922478	1.062841	0.728273	0.271727	2.894241
40950	-1250.822	-1462.018	211.196	0.7848344	4.485912	1.542963	0.749182	0.250818	2.818256
40956	-1253.522	-1464.695	211.1736	0.8343832	4.571532	1.57763	0.718426	0.281574	2.770813
40962	-1248.916	-1460.221	211.3052	0.8692945	5.898776	1.480619	0.759601	0.240399	2.489105
40968	-1245.812	-1457.214	211.4021	0.9715642	5.898776	1.58137	0.751245	0.248755	2.317378
40974	-1235.912	-1447.248	211.3359	0.8747307	6.972628	1.58137	0.688356	0.311644	2.264961
40980	-1232.412	-1444.51	212.0985	1.024266	5.502046	1.553475	0.711679	0.288321	1.904576
40986	-1265.38	-1477.16	211.7801	1.113657	6.619544	1.680485	0.711679	0.288321	1.817729
40992	-1254.188	-1465.895	211.7075	1.194581	5.138641	2.194674	0.748448	0.251552	1.849397
40998	-1247.352	-1459.174	211.8224	1.143178	6.676967	1.30084	0.700074	0.299926	1.951492
41004	-1235.687	-1447.31	211.6234	0.7313436	5.171029	1.489795	0.784172	0.215828	2.489632
41010	-1229.527	-1440.372	210.845	0.7255159	5.171029	1.489795	0.787853	0.212147	2.96999
41016	-1239.855	-1451.009	211.1543	0.8296134	4.717989	1.309588	0.783565	0.216435	2.882314
41022	-1239.244	-1450.646	211.402	0.7760014	5.314363	1.309588	0.767892	0.232108	2.66204
41028	-1243.747	-1455.48	211.7332	0.8819796	6.315508	0.9985985	0.828413	0.171587	2.409523
41034	-1246.996	-1456.727	209.7308	0.6878855	4.036485	1.449494	0.722973	0.277027	3.863274
41040	-1240.119	-1450.738	210.6188	0.8357998	6.315508	1.78217	0.794958	0.205042	2.744395
41046	-1230.925	-1442.629	211.7048	0.8025686	6.315508	1.763194	0.785738	0.214262	2.087228
41052	-1247.504	-1457.725	210.2214	0.5063403	5.729973	1.484668	0.762634	0.237366	3.385731
41058	-1255.838	-1466.452	210.6137	0.6388029	5.729973	1.422986	0.799419	0.200581	3.102917
41064	-1250.94	-1461.117	210.1776	0.6736195	5.608999	1.915007	0.703948	0.296052	3.161026
41070	-1248.438	-1459.082	210.6436	0.7575757	4.960922	2.121605	0.670809	0.329191	2.863335
41076	-1240.118	-1450.984	210.8663	0.9348328	4.770394	2.121605	0.634934	0.365066	2.652422
41082	-1246.534	-1458.108	211.5743	0.7238291	7.282882	0.9387121	0.791193	0.208807	2.5147
41088	-1248.958	-1460.402	211.4444	0.7077162	7.282882	1.184428	0.830969	0.169031	2.458621
41094	-1242.921	-1453.896	210.9753	0.711459	4.770394	1.806293	0.634577	0.365423	2.837248
41100	-1241.181	-1450.78	209.5994	0.6513363	4.770394	1.638073	0.644547	0.355453	3.750251
41106	-1243.575	-1454.308	210.7325	0.5824028	4.770394	1.638073	0.714624	0.285376	3.127366
41112	-1248.864	-1460.182	211.318	0.7116788	6.267021	1.638073	0.768939	0.231061	2.454417
41118	-1256.95	-1466.816	209.8662	0.6467599	6.304951	1.876538	0.741803	0.258197	3.275116
41124	-1234.204	-1445.451	211.2469	0.5849636	6.064232	1.256738	0.722388	0.277612	2.784888
41130	-1229.372	-1440.248	210.876	0.6929791	5.213169	1.256738	0.798708	0.201292	3.073941
41136	-1235.168	-1446.089	210.9201	0.7550191	6.13352	1.588643	0.690156	0.309844	2.714984
41142	-1243.691	-1454.955	211.2644	1.002324	6.13352	2.545521	0.694572	0.305428	1.985933
41148	-1243.589	-1455.591	212.0016	0.7911756	4.264155	1.350832	0.740835	0.259165	2.449416
41154	-1242.203	-1453.155	210.952	0.7226014	4.712859	1.350832	0.761328	0.238672	3.049252
41160	-1240.478	-1451.131	210.6526	0.7718768	4.712859	1.350832	0.761032	0.238968	3.198174
41166	-1233.807	-1445.219	211.4128	0.8073828	6.488244	1.10057	0.768085	0.231915	2.570386
41172	-1247.066	-1457.941	210.875	0.7928594	6.582795	1.11464	0.780266	0.219734	2.887562
41178	-1240.701	-1452.449	211.7476	0.8934629	5.605057	1.11464	0.779384	0.220616	2.43174
41184	-1243.653	-1454.173	210.5191	0.705547	5.639233	1.317293	0.811888	0.188112	3.182566
41190	-1249.636	-1459.677	210.0402	0.7171463	5.940961	1.670001	0.675122	0.324878	3.260517
41196	-1250.7	-1461.078	210.3784	0.6762339	5.940961	0.9164666	0.647535	0.352465	3.457113
41202	-1251.56	-1462.27	210.7098	0.7927178	8.977531	1.203065	0.718039	0.281961	2.654333
41208	-1234.154	-1445.33	211.1762	0.7765935	7.390418	1.334996	0.746607	0.253393	2.490487
41214	-1237.463	-1449.175	211.7123	0.75043	5.241312	1.499509	0.758992	0.241008	2.40534
41220	-1241.87	-1453.228	211.3586	1.065396	7.261543	1.499509	0.695178	0.304822	2.125753
41226	-1229.331	-1440.053	210.7218	0.8939083	7.261543	0.9304457	0.705424	0.294576	2.940691
41232	-1233.844	-1445.306	211.4627	0.7586673	7.261543	1.59016	0.774678	0.225322	2.215109
41238	-1239.876	-1450.963	211.0871	0.9674618	9.138773	1.005419	0.802953	0.197047	2.407602
41244	-1234.268	-1445.865	211.597	0.894055	9.138773	1.033008	0.729632	0.270368	2.109725
41250	-1257.937	-1468.716	210.7785	0.6298213	5.763895	1.324856	0.838847	0.161153	3.050851
41256	-1246.61	-1457.987	211.377	0.75208	5.763895	1.324856	0.775222	0.224778	2.613035
41262	-1241.553	-1452.313	210.7594	0.6473653	10.4165	1.061605	0.71304	0.28696	2.649181
41268	-1237.546	-1448.309	210.7628	0.6630674	10.50376	1.138864	0.813775	0.186225	2.584758
41274	-1238.699	-1449.426	210.727	0.8141381	7.696955	1.601217	0.736069	0.263931	2.584758
41280	-1244.342	-1455.059	210.7171	0.7681963	8.30755	1.596636	0.813918	0.186082	2.549409
41286	-1247.507	-1458.944	211.4368	0.7386001	7.918266	0.8836887	0.813918	0.186082	2.549409
41292	-1273.355	-1484.301	210.9458	0.7496591	6.337944	1.124061	0.764202	0.235798	2.899243
41298	-1262.043	-1472.044	210.001	0.6960884	6.337944	1.124061	0.771093	0.228907	3.491352
41304	-1262.438	-1473.027	210.5891	0.9013316	5.323208	1.003676	0.726257	0.273743	3.24051
41310	-1254.25	-1465.306	211.0555	0.8613807	5.280104	1.270027	0.709377	0.290623	2.847084
41316	-1251.331	-1461.673	210.3413	0.8888642	5.166224	1.696612	0.663954	0.336046	3.087707
41322	-1244.67	-1456.063	211.3927	0.9803713	5.166224	1.696612	0.772041	0.227959	2.387733
41328	-1238.275	-1449.041	210.766	0.7543511	5.166224	1.696612	0.771217	0.228783	2.913593
41334	-1232.303	-1444.102	211.799	0.8715051	5.206961	1.100837	0.771217	0.228783	2.487015
41340	-1245.742	-1456.752	211.0094	0.677592	5.682571	0.9429333	0.762366	0.237634	3.105356
41346	-1249.257	-1460.49	211.2328	0.8775644	5.682571	0.9429333	0.794933	0.205067	2.850914
41352	-1237.063	-1448.335	211.2716	0.8387647	5.682571	0.9429333	0.686629	0.313371	2.850914
41358	-1234.212	-1444.955	210.7435	0.6727493	6.401367	0.9429333	0.801512	0.198488	3.163738
41364	-1254.556	-1465.376	210.8202	0.8348384	6.401367	0.734081	0.835333	0.164667	3.163738
41370	-1246.947	-1458.803	211.8562	0.9948593	8.215176	1.176527	0.731075	0.268925	1.890151
41376	-1241.24	-1453.333	212.0928	1.152765	5.829664	1.176527	0.816254	0.183746	1.967354
41382	-1238.147	-1449.862	211.7156	1.079961	5.829664	0.8788921	0.736399	0.263601	2.448101
41388	-1242.83	-1454.726	211.8957	1.045887	5.831591	1.614945	0.736399	0.263601	1.941435
41394	-1240.904	-1451.184	210.2793	0.7553765	5.563116	1.298591	0.754493	0.245507	3.315341
41400	-1240.395	-1451.084	210.6889	0.9434608	4.651097	1.031368	0.698187	0.301813	3.252218
41406	-1230.868	-1441.031	210.163	0.7509497	4.908223	2.128478	0.698187	0.301813	3.162094
41412	-1233.904	-1445.143	211.2392	0.9028027	5.319624	2.241322	0.676444	0.323556	2.301745
41418	-1224.575	-1436.035	211.4605	1.002791	5.624021	2.14945	0.720958	0.279042	2.074555
41424	-1238.311	-1450.778	212.4669	1.179923	5.624021	0.8336631	0.716361	0.283639	1.96336
41430	-1253.475	-1464.411	210.936	0.5535765	5.387431	1.394135	0.778861	0.221139	3.027148
41436	-1239.816	-1450.298	210.4826	0.6340246	4.917969	1.394135	0.658821	0.341179	3.324774
41442	-1241.907	-1451.845	209.9385	0.8821611	4.66097	1.85394	0.741821	0.258179	3.355271
41448	-1234.63	-1445.456	210.8264	0.7689016	4.069153	1.736372	0.76147	0.23853	3.050785
41454	-1236.876	-1447.338	210.4617	0.7102787	5.230134	1.736372	0.76147	0.23853	3.096364
41460	-1235.503	-1446.363	210.8598	0.6633163	4.759218	1.934511	0.73255	0.26745	2.890315
41466	-1244.239	-1454.471	210.2323	0.7769379	4.52171	1.934511	0.744685	0.255315	3.239732
41472	-1242.993	-1454.192	211.1989	0.8459017	7.166754	1.620708	0.750142	0.249858	2.327245
41478	-1248.648	-1460.546	211.8979	0.9323574	8.610917	0.980643	0.750142	0.249858	1.980578
41484	-1245.183	-1455.232	210.0499	0.6496487	4.788646	1.414354	0.73282	0.26718	3.581257
41490	-1250.214	-1461.391	211.1771	0.992758	4.788646	1.714954	0.66171	0.33829	2.573956
41496	-1240.284	-1450.314	210.0303	0.5702372	4.788646	2.109511	0.66171	0.33829	3.373728
41502	-1250.739	-1462.162	211.423	0.7323721	7.922297	1.208554	0.801466	0.198534	2.363329
41508	-1256.665	-1467.388	210.7231	0.5894231	7.922297	1.108809	0.775254	0.224746	2.938232
41514	-1249.522	-1460.3	210.7781	0.6368762	6.879222	1.536126	0.764611	0.235389	2.79387
41520	-1243.891	-1454.44	210.549	0.706046	4.473854	1.40202	0.710333	0.289667	3.316938
41526	-1234.74	-1445.433	210.6933	0.7840432	4.480772	1.619897	0.736474	0.263526	3.089601
41532	-1243.38	-1454.176	210.7969	0.6515458	7.137427	1.43766	0.744036	0.255964	2.784456
41538	-1243.913	-1454.559	210.6454	0.7020364	7.506423	1.048893	0.801343	0.198657	3.000259
41544	-1241.309	-1450.939	209.6298	0.5748473	6.407451	0.9892081	0.769887	0.230113	3.84222
41550	-1237.189	-1447.172	209.983	0.7145465	4.334195	2.130502	0.679708	0.320292	3.390588
41556	-1252.81	-1461.745	208.9348	0.7323366	3.917017	2.327551	0.632276	0.367724	4.004436
41562	-1234.566	-1445.234	210.6683	0.6507335	7.960092	1.058538	0.810337	0.189663	2.958467
41568	-1235.939	-1447.007	211.0685	0.7363002	7.960092	1.472454	0.818432	0.181568	2.446407
41574	-1237.731	-1448.304	210.5727	0.8676513	5.284407	2.407155	0.667955	0.332045	2.692494
41580	-1244.916	-1456.477	211.5613	0.9407577	9.720755	1.354551	0.773466	0.226534	1.84883
41586	-1237.944	-1449.18	211.2364	0.8296118	7.313841	1.354551	0.799825	0.200175	2.419405
41592	-1238.669	-1448.685	210.0157	0.791283	4.143011	2.204922	0.70108	0.29892	3.338315
41598	-1232.42	-1443.261	210.8408	0.7773966	4.792114	1.799671	0.69932	0.30068	2.877491
41604	-1236.509	-1446.347	209.8388	0.7908011	4.782133	1.873241	0.671313	0.328687	3.439382
41610	-1253.249	-1464.399	211.1499	0.7162144	4.612627	1.873241	0.803236	0.196764	2.730758
41616	-1249.598	-1460.047	210.4492	0.7335045	5.485492	1.873241	0.712575	0.287425	2.997421
41622	-1238.328	-1448.608	210.2803	0.7788824	4.815609	1.32971	0.67445	0.32555	3.405672
41628	-1238.492	-1449.491	210.9984	0.6351728	6.253917	2.051866	0.723461	0.276539	2.541815
41634	-1256.182	-1467.044	210.8621	0.7588141	5.321848	2.051866	0.764753	0.235247	2.693091
41640	-1262.688	-1473.131	210.4429	0.6724819	6.230682	1.016177	0.731814	0.268186	3.320933
41646	-1249.407	-1459.99	210.5829	0.7619066	6.230682	1.488052	0.731814	0.268186	2.945736
41652	-1258.689	-1469.785	211.0959	0.7384931	4.345257	1.300482	0.771252	0.228748	3.044878
41658	-1252.416	-1463.888	211.4717	0.7866635	5.87762	1.337062	0.746441	0.253559	2.509128
41664	-1252.187	-1463.87	211.683	0.7013416	4.602366	1.084332	0.692665	0.307335	2.779659
41670	-1232.54	-1442.886	210.346	0.7529382	4.602366	1.768937	0.770512	0.229488	3.233318
41676	-1225.533	-1435.822	210.2885	0.9260803	4.602366	1.617233	0.774086	0.225914	3.224917
41682	-1228.114	-1437.469	209.3558	0.5877559	4.13162	1.617233	0.673043	0.326957	4.047853
41688	-1233.353	-1443.225	209.8722	0.5877559	4.0069	1.617233	0.694489	0.305511	3.775526
41694	-1236.672	-1448.138	211.4657	0.8302655	4.0069	1.572861	0.753155	0.246845	2.706679
41700	-1242.47	-1452.155	209.6847	0.5678156	4.0069	1.572861	0.697178	0.302822	3.912628
41706	-1239.421	-1449.49	210.0684	0.6641715	4.0069	2.018554	0.704156	0.295844	3.469793
41712	-1252.849	-1462.528	209.6793	0.8087186	4.713631	2.2718	0.679655	0.320345	3.400585
41718	-1258.731	-1469.354	210.6231	0.8087186	5.0692	2.2718	0.738309	0.261691	2.776541
41724	-1245.631	-1456.478	210.8471	0.8146464	3.940952	1.323191	0.61959	0.38041	3.215363
41730	-1239.341	-1449.487	210.1464	0.5876782	5.410816	1.323191	0.726559	0.273441	3.502969
41736	-1250.737	-1461.006	210.2695	0.5466938	5.120002	1.986291	0.726537	0.273463	3.23328
41742	-1248.157	-1458.713	210.5565	0.595227	4.663152	1.930675	0.698956	0.301044	3.131366
41748	-1238.33	-1450.172	211.8423	0.8173528	4.663152	1.199101	0.786452	0.213548	2.534871
41754	-1252.734	-1464.079	211.3442	0.6189495	3.986535	1.614481	0.675167	0.324833	2.89566
41760	-1244.684	-1455.998	211.3141	0.6755181	4.452656	1.614481	0.675167	0.324833	2.788419
41766	-1248.559	-1458.692	210.1323	0.7274685	5.599977	1.742163	0.808117	0.191883	3.221896
41772	-1248.509	-1458.796	210.2869	0.6761335	10.53252	0.9631813	0.758852	0.241148	2.967824
41778	-1257.278	-1467.801	210.5228	0.7509291	10.53252	1.045322	0.753365	0.246635	2.729724
41784	-1247.894	-1459.016	211.1225	0.7728507	4.690565	1.662636	0.743979	0.256021	2.781943
41790	-1253.315	-1464.205	210.8899	0.7405175	9.114357	0.9638215	0.734562	0.265438	2.700135
41796	-1257.097	-1467.759	210.6616	0.7652923	9.114357	1.177558	0.734562	0.265438	2.700135
41802	-1246.627	-1457.216	210.5885	0.6511241	13.12965	0.9311273	0.776814	0.223186	2.602441
41808	-1244.291	-1455.229	210.9379	0.8110299	9.759477	0.8992589	0.75616	0.24384	2.603263
41814	-1254.899	-1465.683	210.7836	0.7217152	4.227079	2.0366	0.642244	0.357756	2.963034
41820	-1247.837	-1458.655	210.8183	0.7388897	4.634943	2.0366	0.723953	0.276047	2.855439
41826	-1242.021	-1452.989	210.9683	0.7353952	6.489837	2.0366	0.753424	0.246576	2.469709
41832	-1256.811	-1467.4	210.5886	0.6737158	6.2641	2.0366	0.788947	0.211053	2.774431
41838	-1252.366	-1464.62	212.2544	0.8232174	6.144049	1.345238	0.794585	0.205415	1.933892
41844	-1244.522	-1455.226	210.7046	0.898587	7.44205	1.164359	0.732637	0.267363	2.788792
41850	-1249.508	-1459.648	210.1394	0.8521849	8.697041	1.164359	0.732637	0.267363	3.015055
41856	-1238.199	-1449.134	210.9352	0.8027781	8.697041	1.164359	0.670236	0.329764	2.560095
41862	-1240.032	-1451.324	211.2919	0.8992759	6.694914	1.099958	0.718091	0.281909	2.560095
41868	-1245.165	-1455.427	210.2617	0.7051372	6.694914	1.100175	0.566025	0.433975	3.298918
41874	-1243.554	-1454.82	211.2665	0.8263161	8.080752	1.155557	0.772904	0.227096	2.413355
41880	-1241.702	-1453.703	212.0008	1.080394	6.3379	1.533795	0.771341	0.228659	1.802881
41886	-1238.619	-1449.912	211.293	0.8436466	7.354858	1.678845	0.772671	0.227329	2.218148
41892	-1250.093	-1462.324	212.2303	1.011327	6.252783	1.378587	0.781781	0.218219	1.786244
41898	-1246.475	-1458.407	211.9326	0.9331267	6.577002	1.508959	0.812404	0.187596	1.92533
41904	-1249.141	-1461.201	212.0609	0.9172402	6.938452	0.9928367	0.815081	0.184919	2.090691
41910	-1247.292	-1458.498	211.206	0.8282167	6.043082	1.150933	0.724318	0.275682	2.720554
41916	-1241.271	-1452.566	211.2952	0.702204	6.1982	1.150933	0.761594	0.238406	2.720554
41922	-1244.208	-1455.268	211.06	0.6929502	6.1982	1.150933	0.742028	0.257972	2.869429
41928	-1250.75	-1461.15	210.3995	0.5826385	5.673627	2.094568	0.68693	0.31307	3.010382
41934	-1232.111	-1443	210.8893	0.5711334	5.673627	1.109555	0.73098	0.26902	3.144153
41940	-1237.794	-1448.765	210.9703	0.9367398	5.42195	2.09249	0.665799	0.334201	2.485027
41946	-1253.437	-1464.943	211.5057	0.8509424	6.473353	1.5093	0.794084	0.205916	2.274853
41952	-1236.775	-1447.404	210.6287	0.6290447	5.772953	1.786122	0.718674	0.281326	2.941295
41958	-1240.355	-1450.797	210.4425	0.8103581	5.566882	1.644419	0.772968	0.227032	3.031829
41964	-1249.027	-1460.311	211.2847	0.8314058	5.798213	1.894905	0.712746	0.287254	2.366098
41970	-1235.157	-1445.668	210.5112	0.815209	5.446437	1.704481	0.674898	0.325102	2.982178
41976	-1235.425	-1446.322	210.8975	0.721911	5.446437	2.032322	0.684941	0.315059	2.680746
41982	-1235.354	-1445.446	210.0918	0.6519915	4.600184	1.873002	0.673676	0.326324	3.404082
41988	-1241.623	-1451.196	209.5729	0.5843045	4.600184	1.873002	0.649125	0.350875	3.745116
41994	-1248.058	-1458.087	210.0294	0.6362379	4.600184	1.873002	0.739101	0.260899	3.449804
42000	-1240.569	-1450.741	210.1716	0.3801136	6.108875	1.450049	0.753062	0.246938	3.449804
42006	-1242.076	-1451.952	209.8765	0.6012647	5.871824	1.345758	0.735031	0.264969	3.573422
42012	-1228.87	-1438.852	209.9815	0.7113451	5.677292	1.149055	0.70273	0.29727	3.573422
42018	-1235.836	-1446.735	210.8988	0.7681186	4.958473	1.149055	0.750261	0.249739	3.113456
42024	-1236.136	-1447.107	210.9702	0.6901406	4.958473	1.149055	0.759121	0.240879	3.117333
42030	-1237.469	-1447.603	210.1343	0.4915994	4.613518	1.762672	0.782357	0.217643	3.511449
42036	-1228.603	-1438.84	210.2372	0.5714242	5.035948	1.647716	0.697132	0.302868	3.37785
42042	-1234.738	-1444.312	209.5744	0.6383669	5.035948	1.767572	0.719576	0.280424	3.678626
42048	-1244.672	-1454.845	210.1729	0.7235228	5.093575	1.704673	0.719576	0.280424	3.294247
42054	-1253.562	-1464.306	210.7445	0.7161387	4.593454	1.381996	0.741403	0.258597	3.183198
42060	-1261.942	-1472.074	210.1326	0.5729628	4.717449	2.001571	0.711899	0.288101	3.360672
42066	-1261.124	-1471.42	210.2963	0.675489	4.598433	1.806986	0.724735	0.275265	3.294703
42072	-1243.22	-1453.789	210.5692	0.5526709	5.479032	1.766438	0.75032	0.24968	3.075236
42078	-1239.305	-1449.542	210.2371	0.6862518	5.479032	1.642535	0.737728	0.262272	3.242129
42084	-1247.013	-1458.938	211.9247	0.8363727	6.200073	1.070415	0.803696	0.196304	2.289454
42090	-1247.956	-1459.276	211.3202	0.8030385	4.174347	2.068131	0.747422	0.252578	2.585349
42096	-1252.162	-1463.435	211.273	0.9796078	4.174347	2.052289	0.694825	0.305175	2.510561
42102	-1240.163	-1450.236	210.0731	0.663998	6.001933	1.424503	0.728101	0.271899	3.367503
42108	-1247.25	-1458.236	210.9859	0.7159582	7.64506	1.519111	0.728101	0.271899	2.527539
42114	-1259.075	-1469.878	210.8034	0.7512488	4.879999	2.070587	0.655258	0.344742	2.801596
42120	-1266.245	-1476.874	210.6289	0.7456562	5.715292	1.242108	0.726201	0.273799	3.119132
42126	-1255.943	-1466.669	210.7269	0.5687231	5.016012	1.838034	0.804298	0.195702	3.018707
42132	-1246.596	-1457.495	210.8991	0.7468575	3.988227	1.838034	0.650444	0.349556	2.99763
42138	-1245.551	-1456.574	211.0226	0.8554644	3.988227	2.078785	0.717481	0.282519	2.770259
42144	-1238.068	-1449.271	211.203	0.6594441	6.518373	1.640807	0.77699	0.22301	2.521882
42150	-1241.302	-1452.38	211.0782	0.7916914	5.184153	1.640807	0.749609	0.250391	2.72104
42156	-1240.337	-1450.096	209.7592	0.7660971	4.545916	3.58786	0.793516	0.206484	3.066957
42162	-1235.047	-1446.183	211.1362	0.622612	6.634784	1.533859	0.750526	0.249474	2.61672
42168	-1245.185	-1456.268	211.0827	0.7282888	4.779109	1.514654	0.718347	0.281653	2.880518
42174	-1231.188	-1442.515	211.3272	0.6891549	5.501036	1.779512	0.709591	0.290409	2.521661
42180	-1256.148	-1466.023	209.8755	0.5424261	5.609408	1.828524	0.766796	0.233204	3.447769
42186	-1240.839	-1450.782	209.9423	0.6931856	5.609408	1.828524	0.751361	0.248639	3.320134
42192	-1244.656	-1455.492	210.8361	0.6235927	7.575925	1.127865	0.790281	0.209719	2.879606
42198	-1253.365	-1463.955	210.5898	0.742086	7.575925	2.058877	0.72244	0.27756	2.550167
42204	-1257.718	-1469.104	211.3866	0.6740244	7.410006	1.035759	0.782726	0.217274	2.585338
42210	-1238.958	-1449.365	210.4068	0.5892978	5.588507	1.440129	0.749265	0.250735	3.26849
42216	-1234.104	-1444.79	210.6863	0.4283938	6.163296	1.440129	0.774487	0.225513	3.114436
42222	-1236.323	-1446.474	210.1511	0.4531171	5.135831	1.17848	0.760227	0.239773	3.692243
42228	-1234.742	-1444.523	209.7802	0.6589389	4.848507	1.681622	0.70881	0.29119	3.611064
42234	-1233.63	-1444.195	210.5647	0.6067485	3.947984	1.445196	0.697658	0.302342	3.446344
42240	-1222.984	-1433.305	210.3213	0.8168985	4.54127	2.044824	0.638247	0.361753	3.121101
42246	-1229.855	-1439.947	210.0921	0.5758095	4.54127	2.044824	0.702511	0.297489	3.398905
42252	-1235.195	-1445.3	210.1053	0.5299225	4.54127	1.921825	0.702511	0.297489	3.460578
42258	-1238.365	-1448.369	210.0037	0.5738238	5.597551	1.561715	0.743288	0.256712	3.460578
42264	-1246.919	-1457.289	210.3698	0.6053242	6.38645	1.082871	0.764075	0.235925	3.344388
42270	-1232.969	-1443.774	210.8055	0.6720894	5.927732	1.151736	0.686572	0.313428	3.073432
42276	-1242.505	-1453.383	210.8785	0.9001082	5.927732	1.501477	0.80546	0.19454	2.720235
42282	-1232.009	-1443.582	211.5729	0.9684831	6.622314	1.457309	0.670929	0.329071	2.158796
42288	-1239.3	-1451.373	212.0729	0.7718339	4.999454	1.123597	0.735071	0.264929	2.40024
42294	-1238.584	-1449.213	210.6292	0.6315286	5.314236	2.466743	0.756765	0.243235	2.779188
42300	-1244.835	-1455.924	211.0889	0.6314148	6.781968	1.183321	0.735071	0.264929	2.791544
42306	-1246.249	-1455.638	209.3888	0.6125286	6.048827	1.183321	0.767244	0.232756	3.902237
42312	-1245.666	-1456.453	210.7869	0.7914941	5.387316	1.704942	0.73506	0.26494	2.839192
42318	-1238.354	-1449.003	210.6489	0.6243382	6.076221	1.704942	0.718618	0.281382	2.919301
42324	-1233.206	-1444.162	210.9563	0.6849575	6.665274	1.116324	0.743182	0.256818	2.891646
42330	-1244.347	-1454.489	210.1421	0.7114719	5.177707	1.246936	0.702161	0.297839	3.506444
42336	-1246.449	-1457.042	210.593	0.5847391	5.177707	1.352113	0.730471	0.269529	3.265655
42342	-1244.204	-1454.412	210.2083	0.8149057	5.177707	2.030694	0.743616	0.256384	3.085505
42348	-1244.404	-1454.535	210.1309	0.6917276	5.177707	2.030694	0.69477	0.30523	3.204734
42354	-1242.103	-1453.132	211.0287	0.5372206	5.95066	2.045272	0.765998	0.234002	2.630837
42360	-1238.824	-1450.181	211.3573	0.7003618	5.95066	1.988738	0.752235	0.247765	2.343654
42366	-1228.601	-1439.565	210.9642	0.6417636	5.95066	1.740324	0.775241	0.224759	2.721289
42372	-1235.553	-1446.755	211.2022	0.7426915	4.25122	1.740324	0.781591	0.218409	2.802598
42378	-1230.364	-1442.24	211.876	0.791019	4.25122	1.533013	0.730346	0.269654	2.444314
42384	-1240.307	-1451.833	211.5256	0.9417963	4.105025	1.533013	0.728458	0.271542	2.598481
42390	-1241.899	-1452.952	211.053	0.8037573	7.352954	1.692574	0.747678	0.252322	2.391236
42396	-1235.695	-1446.852	211.1578	0.7527588	6.08321	1.143606	0.747678	0.252322	2.79424
42402	-1244.465	-1457.017	212.5514	1.172955	5.393606	1.152888	0.702203	0.297797	1.729784
42408	-1241.031	-1453.408	212.3761	1.172955	5.112233	1.152888	0.687505	0.312495	1.903107
42414	-1248.291	-1461.307	213.0159	1.363297	5.11526	1.172648	0.688109	0.311891	1.280738
42420	-1243.873	-1454.7	210.8265	0.8752026	5.178908	1.161189	0.736345	0.263655	3.049656
42426	-1244.403	-1456.221	211.8178	0.9374778	5.920995	1.161189	0.705268	0.294732	2.282408
42432	-1235.877	-1447.556	211.6794	0.8351994	5.826511	1.274472	0.699774	0.300226	2.388176
42438	-1246.791	-1458.936	212.1447	1.052589	5.826511	1.274472	0.695589	0.304411	1.943888
42444	-1239.823	-1450.978	211.1548	0.7718634	6.744799	1.233572	0.69546	0.30454	2.643368
42450	-1240.882	-1452.176	211.2942	0.6791351	6.331096	1.216864	0.673269	0.326731	2.680727
42456	-1248.206	-1459.411	211.2052	0.7681323	6.331096	1.216864	0.744622	0.255378	2.680727
42462	-1247.692	-1458.65	210.9577	0.7337554	4.980436	1.522171	0.773787	0.226213	2.914686
42468	-1255.544	-1466.532	210.9879	0.7045845	5.040272	1.745542	0.673223	0.326777	2.810783
42474	-1255.225	-1465.041	209.8164	0.6266527	4.572932	1.847356	0.634098	0.365902	3.593602
42480	-1233.804	-1445.358	211.5543	0.8030934	5.932223	1.439041	0.704647	0.295353	2.388507
42486	-1232.086	-1443.685	211.599	0.8781967	5.932223	1.439041	0.714797	0.285203	2.31244
42492	-1259.268	-1468.937	209.6696	0.7862538	3.771311	2.688737	0.625592	0.374408	3.475982
42498	-1253.992	-1463.986	209.9941	0.6754091	5.233601	2.393082	0.625468	0.374532	3.169912
42504	-1244.869	-1456.739	211.8697	0.859479	6.710501	1.439041	0.753224	0.246776	2.0317
42510	-1242.661	-1454.319	211.6582	0.8249672	7.225298	1.321907	0.730313	0.269687	2.181203
42516	-1243.863	-1455.172	211.3081	0.8317291	7.80423	1.321907	0.730313	0.269687	2.327329
42522	-1247.111	-1458.466	211.3548	0.3844717	8.658554	1.130138	0.808479	0.191521	2.582665
42528	-1247.844	-1459.175	211.3306	0.684872	5.867877	1.831871	0.756698	0.243302	2.443419
42534	-1249.165	-1460.082	210.9167	0.6302637	5.208329	2.195942	0.700888	0.299112	2.707738
42540	-1238.774	-1449.303	210.5293	0.6717672	5.971408	2.195942	0.727776	0.272224	2.799635
42546	-1236.425	-1447.381	210.9562	0.6961488	5.401341	2.195942	0.688172	0.311828	2.61108
42552	-1261.335	-1472.407	211.0717	0.8857764	7.522902	1.18584	0.617827	0.382173	2.549076
42558	-1253.078	-1463.975	210.897	0.876274	6.107491	0.8611093	0.673882	0.326118	3.044444
42564	-1241.887	-1453.73	211.843	0.9429282	5.113103	0.7310195	0.709955	0.290045	2.678266
42570	-1249.162	-1460.167	211.0046	0.8093697	5.827662	1.531251	0.726314	0.273686	2.700321
42576	-1248.257	-1459.549	211.292	1.03421	7.245492	1.531251	0.698945	0.301055	2.176562
42582	-1238.863	-1450.146	211.2823	0.927215	6.813862	1.531251	0.758665	0.241335	2.3104
42588	-1241.696	-1452.321	210.6257	0.7900251	5.6292	1.927598	0.793279	0.206721	2.814303
42594	-1250.94	-1463.174	212.234	1.029818	5.557265	1.006415	0.644014	0.355986	2.106443
42600	-1247.986	-1459.634	211.6478	0.7558221	5.142074	1.105118	0.791199	0.208801	2.66115
42606	-1245.098	-1456.261	211.1635	0.981077	6.271304	1.146513	0.664403	0.335597	2.621966
42612	-1244.758	-1456.394	211.6358	0.6466534	5.6292	0.8449368	0.818401	0.181599	2.819392
42618	-1244.371	-1455.873	211.5022	0.7588366	6.315297	1.416515	0.680665	0.319335	2.402812
42624	-1237.487	-1448.241	210.7548	0.8974037	5.956272	1.969758	0.814613	0.185387	2.603993
42630	-1237.896	-1448.852	210.956	0.827273	7.485806	1.969758	0.722949	0.277051	2.310007
42636	-1241.181	-1452.111	210.9297	0.7809277	4.946782	1.987113	0.711594	0.288406	2.724325
42642	-1243.195	-1454.341	211.1459	0.8173268	7.192659	1.252021	0.723202	0.276798	2.551924
42648	-1250.67	-1460.887	210.2172	0.5144205	7.192659	1.435041	0.723202	0.276798	3.209087
42654	-1247.39	-1457.203	209.8122	0.5510151	5.277189	1.435041	0.639944	0.360056	3.688062
42660	-1249.411	-1459.374	209.9636	0.6364947	5.550219	1.435041	0.75444	0.24556	3.508799
42666	-1253.517	-1463.498	209.9816	0.6487902	4.184417	2.757205	0.654919	0.345081	3.27298
42672	-1261.391	-1472.318	210.9275	0.9038238	4.654321	2.591458	0.669765	0.330235	2.504379
42678	-1243.756	-1454.778	211.0222	0.8542881	4.654321	1.290382	0.669765	0.330235	2.967943
42684	-1234.722	-1445.999	211.2769	0.9884922	3.574125	2.169553	0.711743	0.288257	2.590765
42690	-1238.279	-1448.811	210.5313	0.8256399	5.062827	1.173069	0.747946	0.252054	3.267178
42696	-1246.842	-1458.377	211.5354	1.066003	5.155158	1.528085	0.758908	0.241092	2.318988
42702	-1251.28	-1461.963	210.683	0.9121487	5.155158	2.488187	0.812069	0.187931	2.593623
42708	-1255.356	-1465.845	210.4893	1.025564	4.097405	3.258216	0.677221	0.322779	2.629076
42714	-1247.109	-1457.164	210.0543	0.6116743	4.974333	2.199177	0.693152	0.306848	3.274748
42720	-1260.062	-1469.853	209.7916	0.8387677	6.069577	0.9193133	0.763265	0.236735	3.684054
42726	-1239.948	-1450.163	210.2145	0.8687694	6.069577	0.9267867	0.743398	0.256602	3.415809
42732	-1240.5	-1451.098	210.5988	0.8101085	5.823533	0.9267867	0.739759	0.260241	3.259514
42738	-1243.613	-1454.553	210.9401	0.6954829	5.823533	1.280905	0.761084	0.238916	2.927102
42744	-1255.489	-1465.542	210.0531	0.652782	5.593144	1.411364	0.737828	0.262172	3.4512
42750	-1244.697	-1455.036	210.3396	0.7459944	6.546441	1.118323	0.681371	0.318629	3.238403
42756	-1237.421	-1448.144	210.7231	0.7386392	6.546441	1.199191	0.809038	0.190962	2.971088
42762	-1244.524	-1454.48	209.9565	0.5535414	4.71072	1.435467	0.73898	0.26102	3.694961
42768	-1248.443	-1458.566	210.1234	0.5781138	5.730886	1.493208	0.619297	0.380703	3.397275
42774	-1242.886	-1454.655	211.769	0.9122922	6.546441	1.218821	0.724624	0.275376	2.20333
42780	-1234.528	-1445.349	210.8212	0.8405038	5.187828	1.417045	0.684126	0.315874	2.945317
42786	-1234.296	-1445.178	210.8829	0.7112142	5.187828	1.55289	0.731724	0.268276	2.925417
42792	-1231.171	-1441.875	210.7035	0.8468108	4.316742	1.821322	0.725209	0.274791	2.996937
42798	-1236.949	-1447.535	210.5867	0.8241666	4.559763	1.003779	0.732651	0.267349	3.414694
42804	-1237.878	-1449.153	211.2745	0.7573786	4.559763	1.003779	0.663893	0.336107	3.047264
42810	-1239.783	-1451.671	211.888	1.001446	4.610733	1.747635	0.613507	0.386493	2.136547
42816	-1241.53	-1453.25	211.7204	1.05323	5.115668	1.636428	0.703136	0.296864	2.166022
42822	-1243.673	-1454.519	210.8452	0.8311475	4.902977	1.332913	0.769531	0.230469	3.023803
42828	-1232.932	-1443.966	211.0342	0.8527189	4.902977	1.113664	0.745691	0.254309	3.010642
42834	-1239.338	-1450.411	211.0726	0.7532956	5.833996	0.9955023	0.714342	0.285658	2.967348
42840	-1240.841	-1451.753	210.9118	0.7305244	6.216184	1.40091	0.735815	0.264185	2.807555
42846	-1242.317	-1453.178	210.8608	0.8409675	4.556263	1.954262	0.705231	0.294769	2.811379
42852	-1242.418	-1452.278	209.8594	0.6176569	4.700808	1.74923	0.65135	0.34865	3.588054
42858	-1237.891	-1449.002	211.111	0.7702644	4.700808	1.563917	0.652279	0.347721	2.83038
42864	-1231.165	-1441.533	210.368	0.6856243	4.792006	1.455721	0.753988	0.246012	3.355471
42870	-1252.827	-1463.288	210.4606	0.5779465	5.722051	1.306708	0.72908	0.27092	3.285395
42876	-1251.458	-1462.618	211.1598	0.8512698	7.000305	1.207231	0.756576	0.243424	2.571095
42882	-1237.502	-1448.806	211.3038	0.7822657	7.152242	1.591914	0.739184	0.260816	2.315658
42888	-1241.701	-1453.27	211.5698	0.9096296	4.925062	1.591914	0.829215	0.170785	2.408205
42894	-1251.403	-1462.8	211.3969	0.7493097	7.156891	1.223251	0.791877	0.208123	2.457531
42900	-1234.05	-1446.092	212.0418	0.8834571	5.118538	1.479953	0.733236	0.266764	2.139402
42906	-1232.461	-1442.8	210.3388	0.6928298	5.153372	1.479953	0.714063	0.285937	3.297818
42912	-1230.804	-1442.429	211.6244	0.7736052	6.186987	1.064247	0.808621	0.191379	2.524274
42918	-1239.999	-1451.496	211.4971	0.9373127	6.186987	1.064247	0.816644	0.183356	2.501546
42924	-1239.315	-1450.988	211.6729	0.8243911	6.186987	1.064247	0.821226	0.178774	2.462184
42930	-1237.415	-1449.171	211.7558	0.9734906	5.712437	1.3572	0.724979	0.275021	2.226377
42936	-1235.598	-1445.046	209.4476	0.6287492	5.712437	1.340073	0.724979	0.275021	3.831022
42942	-1231.364	-1441.356	209.9924	0.5431178	5.245674	1.340073	0.755214	0.244786	3.636048
42948	-1236.462	-1446.158	209.6965	0.535786	7.664847	1.053407	0.715063	0.284937	3.636048
42954	-1241.468	-1451.937	210.4696	0.5825318	7.664847	1.065778	0.721661	0.278339	3.148135
42960	-1242.26	-1452.382	210.1223	0.7339565	7.664847	1.286849	0.784038	0.215962	3.148135
42966	-1240.753	-1450.962	210.2095	0.6378945	7.664847	1.10377	0.730109	0.269891	3.248319
42972	-1230.292	-1441.268	210.9758	0.9128232	4.948597	0.8611996	0.700718	0.299282	3.154527
42978	-1245.747	-1457.286	211.5391	0.7115395	4.024859	1.048331	0.704117	0.295883	2.991926
42984	-1233.486	-1444.603	211.1177	0.5941583	4.971084	1.571439	0.772082	0.227918	2.88258
42990	-1234.951	-1446.781	211.8304	0.828929	5.516179	1.151162	0.79351	0.20649	2.413662
42996	-1245.129	-1455.796	210.6673	0.6830747	5.516179	1.974154	0.688138	0.311862	2.85467
43002	-1247.264	-1458.324	211.0601	0.8369164	5.859396	1.253295	0.747869	0.252131	2.77724
43008	-1251.816	-1463.173	211.3564	0.709575	4.481726	1.648273	0.711779	0.288221	2.722109
43014	-1245.18	-1457.571	212.3904	1.217111	4.087487	1.896271	0.785562	0.214438	1.698052
43020	-1255.276	-1465.62	210.3444	0.7025573	6.943937	1.231374	0.736289	0.263711	3.150349
43026	-1249.27	-1459.818	210.5485	0.6943981	6.943937	1.222154	0.766395	0.233605	3.038192
43032	-1253.25	-1464.886	211.6361	0.8209906	6.209349	1.5421	0.734752	0.265248	2.234142
43038	-1249.169	-1460.485	211.3159	0.7548016	5.372681	1.557406	0.757987	0.242013	2.602202
43044	-1237.211	-1447.961	210.7505	0.7057508	5.667331	1.487321	0.668856	0.331144	2.961415
43050	-1241.742	-1452.506	210.7641	0.6921098	5.667331	1.487321	0.732261	0.267739	2.961415
43056	-1246.294	-1457.265	210.9715	0.5463794	5.667331	2.061938	0.762972	0.237028	2.697772
43062	-1245.23	-1455.57	210.3401	0.7370219	6.688408	0.6222266	0.731882	0.268118	3.553061
43068	-1237.283	-1447.217	209.9336	0.624027	7.668429	0.8457674	0.671552	0.328448	3.57233
43074	-1230.491	-1441.666	211.1749	0.8984646	6.541757	1.244997	0.754111	0.245889	2.57444
43080	-1246.128	-1456.723	210.5947	0.7370826	5.137869	2.355117	0.684279	0.315721	2.799388
43086	-1242.02	-1452.184	210.164	0.7337352	5.670775	1.756499	0.716098	0.283902	3.183167
43092	-1243.361	-1454.48	211.1185	0.567413	5.670775	2.027148	0.673816	0.326184	2.606016
43098	-1242.416	-1453.163	210.7469	0.5776101	6.474964	1.49635	0.673816	0.326184	2.920359
43104	-1255.996	-1466.414	210.4179	0.6028624	4.505175	1.505401	0.744076	0.255924	3.403224
43110	-1264.684	-1476.173	211.489	0.7591844	6.334932	1.49635	0.735143	0.264857	2.370181
43116	-1256.459	-1468.068	211.6092	0.8461601	5.682999	1.475158	0.74644	0.25356	2.348426
43122	-1254.569	-1466.182	211.613	0.7942477	4.554366	1.486767	0.714763	0.285237	2.568736
43128	-1253.845	-1465.191	211.3468	0.9865692	4.554366	1.486767	0.660085	0.339915	2.614509
43134	-1252.101	-1464.473	212.3717	1.1633	3.949556	1.403046	0.660085	0.339915	2.011096
43140	-1257.043	-1468.517	211.4738	0.9872886	3.949556	1.624149	0.672573	0.327427	2.594754
43146	-1243.673	-1454.907	211.2345	0.7435588	5.991172	0.9544184	0.783124	0.216876	2.877678
43152	-1230.93	-1441.599	210.6686	0.6688844	5.991172	0.9544184	0.751337	0.248663	3.260363
43158	-1239.439	-1450.217	210.7774	0.6636999	4.498051	1.518293	0.770343	0.229657	3.150952
43164	-1238.813	-1449.416	210.6028	0.6996407	5.307497	1.126897	0.683145	0.316855	3.284537
43170	-1234.913	-1445.775	210.8623	0.7819498	4.689683	1.629247	0.774957	0.225043	2.948047
43176	-1235.938	-1447.52	211.5824	0.9026449	4.689683	1.358513	0.694566	0.305434	2.556184
43182	-1243.2	-1455.158	211.9583	0.9769139	4.738734	1.413367	0.748366	0.251634	2.235455
43188	-1249.019	-1460.941	211.9215	0.9887636	4.738734	1.413367	0.656057	0.343943	2.251534
43194	-1266.193	-1476.548	210.355	0.5559538	4.944442	1.503225	0.656057	0.343943	3.392833
43200	-1246.066	-1456.741	210.6743	0.832197	4.757573	1.570068	0.733085	0.266915	3.043545
43206	-1239.545	-1450.157	210.612	0.5863762	4.757573	1.732065	0.707743	0.292257	3.161342
43212	-1249.812	-1460.057	210.2452	0.5753249	5.321305	1.942481	0.71065	0.28935	3.213881
43218	-1258.961	-1468.432	209.4709	0.6143777	4.749778	1.359027	0.71065	0.28935	3.966744
43224	-1248.309	-1458.242	209.9325	0.6008605	4.167299	1.305431	0.643453	0.356547	3.837534
43230	-1253.35	-1463.193	209.8431	0.71935	3.557526	1.446239	0.61529	0.38471	3.878824
43236	-1248.059	-1459.393	211.3345	0.8220634	5.142417	1.493711	0.715887	0.284113	2.615933
43242	-1238.291	-1449.55	211.2588	0.7499167	5.558096	0.9008383	0.72114	0.27886	2.958452
43248	-1243.538	-1453.559	210.0209	0.6948185	5.427642	1.022392	0.789316	0.210684	3.666547
43254	-1249.993	-1461.021	211.0279	0.8011597	4.550898	1.371818	0.789316	0.210684	2.975701
43260	-1229.085	-1439.652	210.5675	0.7808518	4.550898	1.371818	0.747318	0.252682	3.261965
43266	-1237.608	-1448.543	210.9356	0.7461516	5.435767	1.371818	0.717742	0.282258	2.914478
43272	-1229.473	-1439.994	210.5204	0.6284782	4.931232	1.371818	0.701312	0.298688	3.313839
43278	-1237.616	-1448.277	210.6604	0.3675523	6.269765	1.371818	0.695732	0.304268	3.182553
43284	-1230.061	-1441.084	211.0236	0.5021484	5.167698	1.371818	0.695732	0.304268	3.051247
43290	-1246.574	-1457.027	210.4533	0.6439314	4.898675	1.008033	0.65659	0.34341	3.53725
43296	-1242.531	-1453.065	210.5334	0.6740151	4.898675	1.434038	0.697246	0.302754	3.256406
43302	-1245.08	-1455.489	210.4093	0.6166278	6.51506	1.434038	0.697246	0.302754	3.121769
43308	-1248.828	-1459.19	210.362	0.7528144	5.818766	1.434038	0.727168	0.272832	3.166648
43314	-1246.123	-1456.912	210.789	0.7141214	5.818766	1.434038	0.626338	0.373662	2.934423
43320	-1243.293	-1454.529	211.236	0.7186993	5.818766	1.151195	0.710726	0.289274	2.802336
43326	-1243.979	-1454.525	210.5459	0.6339723	5.584036	1.045425	0.729591	0.270409	3.359229
43332	-1247.91	-1458.593	210.6823	0.7944562	4.096551	1.260872	0.781557	0.218443	3.324077
43338	-1254.322	-1464.973	210.6511	0.5929564	4.503253	1.73898	0.704398	0.295602	3.176668
43344	-1233.268	-1444.28	211.0121	0.6380376	5.281541	1.045425	0.699244	0.300756	3.128074
43350	-1225.349	-1436.252	210.9037	0.6092573	5.281541	1.735958	0.73297	0.26703	2.883495
43356	-1230.545	-1441.932	211.3867	0.882379	5.820886	1.852714	0.721589	0.278411	2.281642
43362	-1226.77	-1437.721	210.9507	0.8970697	4.406306	1.881069	0.8105	0.1895	2.777501
43368	-1218.121	-1428.624	210.5028	0.8036043	3.870728	1.881069	0.719682	0.280318	3.208006
43374	-1228.744	-1439.662	210.9186	0.9277574	4.441332	1.933052	0.722634	0.277366	2.752452
43380	-1239.883	-1450.117	210.2337	0.5029141	3.779144	1.838549	0.616494	0.383506	3.576493
43386	-1244.58	-1454.706	210.1261	0.3912925	3.779144	1.69725	0.614552	0.385448	3.756258
43392	-1255.428	-1466.348	210.9197	0.7791581	6.365647	1.136746	0.764762	0.235238	2.886352
43398	-1252.01	-1462.817	210.8075	0.4961347	6.365647	1.170013	0.739752	0.260248	3.105662
43404	-1243.007	-1454.338	211.3313	0.83624	5.118628	1.05396	0.750952	0.249048	2.838855
43410	-1240.492	-1452.276	211.7838	0.8325552	6.058518	1.33275	0.720292	0.279708	2.256983
43416	-1250.162	-1462.145	211.9822	0.9215005	6.127504	1.419909	0.729666	0.270334	2.013872
43422	-1264.948	-1476.344	211.3956	1.002913	5.551646	1.4076	0.660837	0.339163	2.437865
43428	-1267.419	-1478.726	211.3069	0.7547521	6.076365	1.4076	0.701017	0.298983	2.567089
43434	-1248.048	-1459.085	211.0367	0.7145319	5.729177	1.323567	0.65726	0.34274	2.850246
43440	-1263.217	-1474.914	211.6977	0.8279935	5.291153	0.8771218	0.674848	0.325152	2.702742
43446	-1261.489	-1472.109	210.6194	0.7874515	5.384426	1.23984	0.674848	0.325152	3.151762
43452	-1252.81	-1463.973	211.163	0.7434838	4.747463	1.063587	0.772979	0.227021	3.053977
43458	-1252.528	-1463.549	211.0208	0.6548418	6.031679	1.189344	0.772979	0.227021	2.919415
43464	-1246.638	-1457.504	210.8658	0.8706898	7.79093	0.7618617	0.762217	0.237783	2.919415
43470	-1251.141	-1461.931	210.7894	0.7827058	6.682634	0.82186	0.635352	0.364648	3.112593
43476	-1250.097	-1460.408	210.3116	0.9098265	6.682634	0.82186	0.702054	0.297946	3.320214
43482	-1246.944	-1458.272	211.3281	0.7830616	9.139242	0.82186	0.748006	0.251994	2.495617
43488	-1247.621	-1458.79	211.169	0.704837	9.139242	1.046661	0.74615	0.25385	2.495617
43494	-1248.448	-1459.91	211.4615	0.7401203	7.136794	1.089226	0.733259	0.266741	2.500733
43500	-1262.101	-1473.147	211.046	0.6010932	7.136794	1.089226	0.821442	0.178558	2.84198
43506	-1266.412	-1477.62	211.2081	0.7971967	6.745586	1.036186	0.808989	0.191011	2.70539
43512	-1262.637	-1473.748	211.1103	0.6697764	8.00163	1.201368	0.775324	0.224676	2.592874
43518	-1244.2	-1453.988	209.7888	0.7928361	7.110286	0.730138	0.579614	0.420386	3.704227
43524	-1264.146	-1475.723	211.5772	0.7187273	6.03753	1.324535	0.691856	0.308144	2.467605
43530	-1260.34	-1470.003	209.6628	0.595509	8.834769	1.26156	0.701259	0.298741	3.385525
43536	-1249.323	-1460.025	210.7014	0.8889945	8.834769	1.26156	0.713717	0.286283	2.584482
43542	-1243.775	-1453.484	209.7099	0.7311369	6.687972	1.26156	0.713717	0.286283	3.524421
43548	-1247.436	-1458.127	210.6903	0.5957822	6.687972	1.26156	0.717827	0.282173	3.025594
43554	-1243.11	-1453.909	210.7993	0.8191167	6.687972	1.26156	0.773886	0.226114	2.825131
43560	-1233.42	-1443.926	210.5059	0.8475695	6.687972	1.26156	0.730016	0.269984	2.985143
43566	-1234.03	-1444.96	210.9297	0.8955335	6.687972	1.002668	0.743195	0.256805	2.843094
43572	-1233.333	-1444.612	211.2799	0.9756632	6.687972	1.002668	0.682021	0.317979	2.579234
43578	-1252.119	-1463.963	211.8435	1.073731	8.955329	0.6448332	0.770251	0.229749	2.144082
43584	-1243.848	-1455.251	211.4025	0.9036785	12.66984	0.6448332	0.823792	0.176208	2.182318
43590	-1236.076	-1447.061	210.9852	0.8445516	11.82422	0.6448332	0.764203	0.235797	2.555679
43596	-1246.979	-1458.045	211.0659	0.7674531	11.21923	0.7054554	0.759032	0.240968	2.555679
43602	-1243.018	-1454.184	211.1659	0.8639154	7.498353	0.8319407	0.724108	0.275892	2.72583
43608	-1241.368	-1452.277	210.9086	0.8383324	6.19085	1.462273	0.777595	0.222405	2.718805
43614	-1253.171	-1464.178	211.0069	0.6222881	12.55429	0.750647	0.801083	0.198917	2.533925
43620	-1259.054	-1470.283	211.2286	0.8977032	4.748208	2.74723	0.788167	0.211833	2.25403
43626	-1256.397	-1466.797	210.4003	0.6328537	5.33056	1.205646	0.762121	0.237879	3.398024
43632	-1267.644	-1478.924	211.2791	0.7924476	5.33056	1.400991	0.655279	0.344721	2.680213
43638	-1244.025	-1455.138	211.1132	0.8767438	6.048975	1.539	0.655279	0.344721	2.55489
43644	-1249.861	-1461.425	211.5646	0.795538	6.048975	1.317195	0.771655	0.228345	2.429285
43650	-1244.401	-1455.985	211.5843	0.8902862	8.033767	1.317195	0.824633	0.175367	2.084854
43656	-1241.088	-1453.054	211.9654	0.7566467	7.243863	1.18447	0.785117	0.214883	2.098448
43662	-1232.915	-1445.151	212.2358	0.8552613	5.913668	1.18447	0.785117	0.214883	2.051802
43668	-1245.585	-1457.674	212.0891	1.017073	5.918199	1.18447	0.785117	0.214883	2.041086
43674	-1235.119	-1445.225	210.1057	0.6540448	4.518635	1.689003	0.697897	0.302103	3.478365
43680	-1245.1	-1457.069	211.9686	1.152741	4.593161	1.923806	0.704422	0.295578	1.912589
43686	-1243.221	-1454.588	211.3673	0.8680817	4.593161	1.681372	0.755776	0.244224	2.583047
43692	-1239.153	-1450.355	211.2016	0.8300091	4.593161	1.681372	0.774926	0.225074	2.708685
43698	-1239.592	-1450.432	210.8396	0.6581458	6.713554	1.681372	0.787819	0.212181	2.703547
43704	-1256.319	-1466.032	209.7127	0.6500244	4.026056	2.025208	0.69305	0.30695	3.678803
43710	-1244.71	-1454.919	210.2092	0.7163514	4.231002	1.755961	0.736691	0.263309	3.408206
43716	-1242.79	-1454.245	211.4558	0.7220564	4.051252	1.755961	0.694827	0.305173	2.6939
43722	-1248.468	-1459.607	211.1383	0.8153737	3.984239	1.755961	0.669072	0.330928	2.844368
43728	-1238.475	-1449.663	211.1879	0.8539973	4.221531	1.733791	0.734428	0.265572	2.751831
43734	-1240.575	-1451.34	210.7644	0.7996694	5.030986	1.733791	0.734388	0.265612	2.894897
43740	-1245.547	-1456.279	210.7324	0.7451684	5.030986	1.749826	0.744431	0.255569	2.940742
43746	-1244.637	-1456.283	211.6454	1.009776	4.731925	1.924006	0.8025	0.1975	2.193528
43752	-1241.026	-1451.816	210.7901	0.9301203	4.731925	2.019302	0.758645	0.241355	2.744833
43758	-1249.124	-1459.519	210.3947	1.00036	6.015884	1.093813	0.819019	0.180981	3.141489
43764	-1259.971	-1470.798	210.827	0.7468958	8.245618	0.9630461	0.798694	0.201306	2.829269
43770	-1241.053	-1452.356	211.3034	0.9886725	5.180006	1.488203	0.708609	0.291391	2.527989
43776	-1247.629	-1459.744	212.1143	0.8621837	4.806824	1.488203	0.749401	0.250599	2.15939
43782	-1245.111	-1457.123	212.0121	1.234205	4.806824	1.179291	0.712276	0.287724	2.145854
43788	-1237.671	-1448.967	211.2959	0.9211534	5.433513	1.397927	0.712276	0.287724	2.575029
43794	-1247.885	-1459.578	211.6934	1.009888	5.634559	1.987427	0.726255	0.273745	1.974917
43800	-1238.416	-1449.368	210.9525	1.00705	5.602053	1.820147	0.710324	0.289676	2.524765
43806	-1236.857	-1448.309	211.4515	1.00705	5.384783	1.645168	0.736054	0.263946	2.318245
43812	-1241.082	-1451.908	210.8254	0.9035909	4.534442	2.925128	0.706667	0.293333	2.495975
43818	-1251.749	-1462.658	210.9089	0.9189045	5.453165	2.240455	0.706667	0.293333	2.478478
43824	-1260.457	-1471.767	211.3101	0.9110719	3.792529	1.492176	0.707451	0.292549	2.832835
43830	-1263.565	-1474.085	210.52	0.740378	4.984305	1.67206	0.683843	0.316157	3.10957
43836	-1254.812	-1465.047	210.2353	0.7110449	5.776676	1.196326	0.683843	0.316157	3.386408
43842	-1252.115	-1462.292	210.1771	0.7744806	5.776676	1.196326	0.743341	0.256659	3.383334
43848	-1245.701	-1457.174	211.4735	1.048306	7.704691	1.16071	0.770364	0.229636	2.182374
43854	-1246.967	-1458.211	211.2442	0.862353	6.696409	1.16071	0.83944	0.16056	2.578047
43860	-1243.914	-1454.399	210.4847	0.8340905	6.348715	1.077294	0.715644	0.284356	3.149499
43866	-1239.022	-1449.952	210.9302	0.7205041	5.16243	1.871857	0.706368	0.293632	2.766879
43872	-1235.769	-1447.302	211.5332	0.9498166	5.650175	1.172064	0.787708	0.212292	2.49109
43878	-1239.922	-1450.031	210.1085	0.5136686	5.650175	1.261068	0.764441	0.235559	3.561925
43884	-1235.876	-1446.174	210.2971	0.6580867	5.848125	1.207643	0.764441	0.235559	3.365016
43890	-1234.507	-1445.535	211.0275	0.8523916	6.132903	1.722459	0.764441	0.235559	2.532342
43896	-1228.079	-1438.599	210.5195	0.71447	6.132903	1.452134	0.727151	0.272849	3.042154
